audit_kind,item_id,entity_type,name,description,evidence_text,confidence,years,chunk_id,book,chapter,section,pages,source_files,chunk_text_preview,is_valid,type_correct,evidence_support,direction_correct,notes
entity,lichsu_10_s113_001:e12,Concept,chữ Nôm,Chữ Nôm được sáng tạo từ thế kỉ XI - XII và phát triển ở thế kỉ XV.,chữ Nôm (được sáng tạo từ thế kỉ XI ? XII),0.85,[],lichsu_10_s113_001,lichsu_10,Bài,2. Văn học,"[102, 103]","[""data/corpus/lichsu_10/lichsu_10.pdf_102.jpg.txt"", ""data/corpus/lichsu_10/lichsu_10.pdf_103.jpg.txt""]","được đào tạo đã góp phần quan trọng vào việc xây theng dong vự bảo về đất nước, Tuy nhiên, giáo dục Nho học không tạo điều kiện cho sự phát triển kinh tế. B Việc dựng bia Tiến sĩ có tác dụng gì ? 2. Văn học Sự phát triển giáo dục góp phần păn văn học. Ban đầu, văn học mang nặng tư tưởng Phật giáo Từ thời Trần, văn học dân tho tộc ngày càng phát triển, Hàng loạt bài thơ, bài hịch, bài phú nổi tiếng như Nam quốc sơn hà, Hịch tướng sĩ, Bạch Đằng giang phú, v.v.. cùng hàng loạt tập thơ chữ Hán đã ra",,,,,
entity,lichsu_10_s20_bai4_sec4_002:e11,Concept,lưu thông tiền tệ,Hoạt động thương mại phát đạt đã thúc đẩy việc mở rộng lưu thông tiền tệ,mở rộng lưu thông tiền tệ,0.9,[],lichsu_10_s20_bai4_sec4_002,lichsu_10,Bài 4,1. Thiên nhiên và đời sống của con người,"[20, 21, 22]","[""data/corpus/lichsu_10/lichsu_10.pdf_20.jpg.txt"", ""data/corpus/lichsu_10/lichsu_10.pdf_21.jpg.txt"", ""data/corpus/lichsu_10/lichsu_10.pdf_22.jpg.txt""]",", Các quan hệ thương mại được mở rộng. Người Hi Lạp và Rô-ma đem các sản phẩm chi chi của mình như rượu nho, dầu ô liu, đồ mi nghề, đồ dùng kim loại, đồ gồm. nhưng đi bán ở mọi miên ven Địa Trung Hải. Sản phẩm mua về là lúa mì, súc vật, 19 thu lông thú từ vùng Hắc Hải, Ai Cập.., tơ lụa, hương liệu, xa xỉ phẩm từ các nước 19 tho nhi phương Đông, Trong xã hội chiếm nô ở vùng này, nô lệ là thứ hàng hoá quang trọng bậc nhất, Nhiều nơi như Đê-lốt, Pi- êê.. trở thành trung tâm buôn bán nô lệ lớn của t",,,,,
entity,lichsu_11_s55_bai13_sec1_001:e2,Concept,chiến tranh xâm lược,kế hoạch gây chiến tranh xâm lược,kế hoạch gây chiến tranh xâm lược,0.95,[],lichsu_11_s55_bai13_sec1_001,lichsu_11,Bài 13,Bài 13,"[66, 67, 68, 69]","[""data/corpus/lichsu_11/lichsu_11.pdf_66.jpg.txt"", ""data/corpus/lichsu_11/lichsu_11.pdf_67.jpg.txt"", ""data/corpus/lichsu_11/lichsu_11.pdf_68.jpg.txt"", ""data/corpus/lichsu_11/lichsu_11.pdf_69.jpg.txt""]","Đức đã trở thành một trại lính khổng lô, chuẩn bị tiến hành các kế hoạch gây chiến tranh xâm lược. Qua bảng thống kê nêu trên, hãy nhận xét về tình hình kinh tế nước Đức so với một số nước châu Âu Bài 13 (1918 1939) Trong những năm 1918 1939, nước Mĩ đã trải qua những bước thăng trầm dây kịch tính: từ sự phôn vinh của nên kinh tế trong thập niên 20 đến cuộc khủng hoảng và suy thoái nặng nề chưa từng thấy trong lịch sử nước Mĩ những năm 1929 - 1933. Chính sách mới của Tổng thống Ru-dơ-ven đã đưa ",,,,,
entity,lichsu_11_s25_bai7_sec2_001:e9,Concept,chủ nghĩa thực dân,Sự xâm lược thuộc địa của chủ nghĩa tư bản và phong trào đấu tranh của các dân tộc chống chủ nghĩa thực dân,chủ nghĩa thực dân,0.9,[],lichsu_11_s25_bai7_sec2_001,lichsu_11,Bài 7,LỊCH SƯ THẾ GIỚI CẦN ĐAI,"[37, 38, 39, 44, 45]","[""data/corpus/lichsu_11/lichsu_11.pdf_37.jpg.txt"", ""data/corpus/lichsu_11/lichsu_11.pdf_38.jpg.txt"", ""data/corpus/lichsu_11/lichsu_11.pdf_39.jpg.txt"", ""data/corpus/lichsu_11/lichsu_11.pdf_44.jpg.txt"", ""data/corpus/lichsu_11/lichsu_11.pdf_45.jpg.txt""]","hiên thực phê phán, qua các lác phẩm của mình, Tôn-xiôi đã chống lai trất tư xã hội phong kiến Nga hoàng, ca ngợi phẩm chất của người dân Nga trong công cuộc xây dưng và bảo về Tổ quốc. Lê-nin da LỊCH SƯ THẾ GIỚI CẦN ĐAI Phần lịch sử thế giới cận đại, từ Cách mạng Hà Lan đến Cách mạng tháng Mười Nga gồm một số vấn đề cơ bản sau đây Sự thắng lợi của cách mạng tư sản , sự xác lập và phát triển của chủ nghĩa tư bản Sự ra đời và phát triển của phong trào công nhân quốc tế. Sự xâm lược thuộc địa của ",,,,,
entity,lichsu_10_s221_bai39_sec2_002:e11,Concept,học thuyết Mác,"Học thuyết được truyền bá ở nhiều nước tư bản tiên tiến, dẫn đến việc thành lập các đảng công nhân.",truyền bá học thuyết Mác,0.8,[],lichsu_10_s221_bai39_sec2_002,lichsu_10,Bài 39,QUỐC TẾ THỨ HAI,"[194, 195, 197, 198]","[""data/corpus/lichsu_10/lichsu_10.pdf_194.jpg.txt"", ""data/corpus/lichsu_10/lichsu_10.pdf_195.jpg.txt"", ""data/corpus/lichsu_10/lichsu_10.pdf_197.jpg.txt"", ""data/corpus/lichsu_10/lichsu_10.pdf_198.jpg.txt""]","sự lớn manh của công nhân Pháp (1) Theo đạo luật này, các tổ chức công nhân bị giải tán, các toà báo công nhân bị đóng cửa, hàng loạt đảng viên Đảng Công nhân xã hội dân chủ Đức bị bắt bó và tra tấn. Ở Anh, những cuộc bãi công của công nhân đòi tăng lương, thưc hiện ngày làm 8 giờ và đòi cải thiện đời sống liên tục diễn ra, điển hình là nguyen cuộc bãi công của hàng van công nhân khuân vác ở bến tàu Luân Đôn vào cuối thập niên 80 Nét nổi bật của phong trào công nhân Mĩ hồi cuối thế kỉ XIX gắn li",,,,,
entity,lichsu_10_s158_003:e2,Concept,ruộng đất tập trung vào tay giai cấp địa chủ,Tình trạng ruộng đất ngày càng tập trung vào tay giai cấp địa chủ.,ruộng đất ngày càng tập trung vào tay giai cấp điện địa chủ,0.9,[],lichsu_10_s158_003,lichsu_10,Bài,1. Thời kĩ dựng nước đầu tiên,"[133, 134, 135]","[""data/corpus/lichsu_10/lichsu_10.pdf_133.jpg.txt"", ""data/corpus/lichsu_10/lichsu_10.pdf_134.jpg.txt"", ""data/corpus/lichsu_10/lichsu_10.pdf_135.jpg.txt""]","gian phát triên mạnh. Tuy nhiên, từ thế kỉ XVIII, ruộng đất ngày càng tập trung vào tay giai cấp điện địa chủ, trong lúc các chính quyền ở cả hai miền lại thiếu quan tâm đến đời sống chi của nông dân. Cuộc khủng hoảng xã hội diễn ra vào giữa thế kỉ XVIII với những phong trào nông dân rông lớn ở Đàng Ngoài và phong trào Tây Sơn ở Đàng Trong Thi nhà nhà nước phong kiến ở cả hai miền đều sụp đổ trước sự tấn công của phong trào Tây Sơn, đất nước bước đầu thống nhất lại nhưng các vương triều Tây Sơn,",,,,,
entity,lichsu_10_s109_001:e1,Concept,Xã tắc,Xã tắc từ đây vững bền,Xã tắc từ đây vững bền,0.95,[],lichsu_10_s109_001,lichsu_10,Bài,TRONG CÁC THẾ KÍ XV,"[99, 101]","[""data/corpus/lichsu_10/lichsu_10.pdf_101.jpg.txt"", ""data/corpus/lichsu_10/lichsu_10.pdf_99.jpg.txt""]","[..] Xã tắc từ đây vững bền; Giang sơn từ đây đổi mới [...] Một cỗ nhung y chiến thắng, nên công oanh liệt ngàn năm ; Bốn phương biển cả thanh bình, ban chiếu duy tân khắp chốn. (Bình Ngô đại cáo) B TRONG CÁC THẾ KÍ XV Trong các thế kỉ X - XV, cùng với sự nghiệp chính trị 19 quân sự và phát triển kinh tế, nhân dân Việt Nam đã từng bước xây dựng cho mình một nền văn hoá mang đậm bản sắc dân tộc. Những thành tựu văn hoá đạt được, vừa là sản phẩm của sự nghiệp chung nói trên, vừa đặt nền móng vững ",,,,,
entity,lichsu_12_s320_bai27_sec7_001:e2,Concept,chủ nghĩa xã hội,Mục tiêu mà công cuộc đổi mới hướng tới.,đưa đất nước quá độ lên chủ nghĩa xã hội,0.8,[],lichsu_12_s320_bai27_sec7_001,lichsu_12,Bài 27,"NGUYỄN NHÂN THĂNG LỢI, BAI HỌC KINH NGHIỆM","[219, 220]","[""data/corpus/lichsu_12/lichsu_12.pdf_219.jpg.txt"", ""data/corpus/lichsu_12/lichsu_12.pdf_220.jpg.txt""]","- Công cuộc đổi mới đã và đang giành được thắng lơi, Tháng lợi đó đã từng bước đưa đất nước quá độ lên chủ nghĩa xã hội, khắng đốn đối mới của Đảng là đúng, bước đi của công cuốc đổi mới la phù hợp NGUYỄN NHÂN THĂNG LỢI, BAI HỌC KINH NGHIỆM Lịch sử đấu tranh và xây dưng đất nước của nhân dân ta từ sau Chiến tranh thế người giới thứ nhất đến nay trải qua nhiều thời kì, nhiều bước thăng trầm. Từ khi Nguyễn Ái Quốc đến với chủ nghĩa Mác - Lênin năm 1920 và Đảng Cộng sản Việt Nam ra đời năm 1930, cu",,,,,
entity,lichsu_10_s76_bai15_sec5_001:e11,Concept,nghề thủ công mới,"Một số nghề thủ công mới xuất hiện như làm giấy, làm thủy tinh","Một số nghề thủ công mới xuất hiện như làm giấy, làm thuỷ tinh",0.8,[],lichsu_10_s76_bai15_sec5_001,lichsu_10,Bài 15,"2. Những chuyển biển về kinh tế, và xã hội","[80, 81, 82]","[""data/corpus/lichsu_10/lichsu_10.pdf_80.jpg.txt"", ""data/corpus/lichsu_10/lichsu_10.pdf_81.jpg.txt"", ""data/corpus/lichsu_10/lichsu_10.pdf_82.jpg.txt""]","luật pháp hà khắc, thắng tay đần áp các cuộc nổi dậy đấu tranh của nhân dân ta. B Chính quyền đô hộ truyền bá Nho giáo vào nước ta, bắt dân ta thay đối phong tục theo người Hán nhằm mục đích gi?? 2. Những chuyển biển về kinh tế, và xã hội a) Về kinh tế Công cụ bằng sắt ngày càng được sử dụng phổ biến trong sản xuất nông người nghiệp cũng như trong đời sống nhân dân. Công cuộc khai hoang, mở rộng thêm diện tích trồng trọt được đẩy mạnh, Các công trình thuỷ lợi được xây dựng. Nhờ thế, năng suất lú",,,,,
entity,lichsu_12_s154_bai15_sec4_002:e1,Concept,mức lương chưa bằng thời kì trước khủng hoảng,Mức lương của những người có việc làm không bằng thời kì trước khủng hoảng.,mức lương chưa bìng thời kì trước khúng hoàng,0.9,[],lichsu_12_s154_bai15_sec4_002,lichsu_12,Bài 15,2. Tinh hình trong nước,"[98, 99]","[""data/corpus/lichsu_12/lichsu_12.pdf_98.jpg.txt"", ""data/corpus/lichsu_12/lichsu_12.pdf_99.jpg.txt""]","hững người có việc làm được nhận mức lương chưa bìng thời kì trước khúng hoàng Nguyên Nông dân không dù ruông cảy, Ho còn chíu mức địa tô cao và nhiều thủ doan bóc lột khác của địa chủ, cường hào v... Tư sản dân tộc có ít vốn nên chỉ lập được những công ti nhỏ, phải chịu thuế cao, bị tư bản Pháp chèn ép. Nhiều người trong giới tiểu tư sản trí thức thất nghiệp. Công chức nhân được mức lương thấp, Các tâng lớp lao đông khác phải chịu thuế khoa nang nề, gia cả sinh hoạt đát đó. Điều Đòi sống của đa",,,,,
entity,lichsu_10_s32_001:e4,Concept,thời kì chia rẽ khủng hoảng,Thời kì Ấn Độ trải qua sau cái chết của A-sô-ca,một thời kì chia rẽ khủng hoảng,0.95,[],lichsu_10_s32_001,lichsu_10,Bài,VÀ NÊN VĂN HOÁ ĐA DANG,"[37, 38, 39, 41]","[""data/corpus/lichsu_10/lichsu_10.pdf_37.jpg.txt"", ""data/corpus/lichsu_10/lichsu_10.pdf_38.jpg.txt"", ""data/corpus/lichsu_10/lichsu_10.pdf_39.jpg.txt"", ""data/corpus/lichsu_10/lichsu_10.pdf_41.jpg.txt""]","đất nước A sô ca qua đời cuối thế kỉ III TCN. Ấn Độ bước vào một thời kì chia rẽ khủng hoảng kéo dài mấy thế kỉ cho đến đầu Công nguyên. B Quá trình hình thành và phát triển của nhà nước Ma-ga-đa VÀ NÊN VĂN HOÁ ĐA DANG CỦA ẤN ĐÔ Ấn Độ thời Gúp-ta bắt đầu phát triển trên lưu vực sông Hà Hằng ở phía bắc, làm cơ sở hình thành nền hoáng nhanh niều năng nhiền nhiền hiện viên hoành ninh niều năng nhành niều năng nhà truyền thống Ân Độ - văn hoá Hinđu, Nền văn hoá đó tiếp tục phát triển ở thời Hậu Gúp-",,,,,
entity,lichsu_10_s25_001:e11,Concept,thành tựu văn hoá,Những thành tựu rực rỡ mà nhân dân Trung Quốc đạt được.,nhân dân Trung Quốc đạt được nhiều thành tựu văn hoá tực tỡ,0.95,[],lichsu_10_s25_001,lichsu_10,Bài,TRUNG QUỐC THỜI PHONG KIẾN,"[24, 28]","[""data/corpus/lichsu_10/lichsu_10.pdf_24.jpg.txt"", ""data/corpus/lichsu_10/lichsu_10.pdf_28.jpg.txt""]","(Bê-nê-ven-tô, Nam I-ta-li-a) Trai an, đức đô và cao cả, người chiến thắng Giéc-man và Đa xi a, Đại Tư tế, Hộ dân 18 kì, Tổng chỉ huy 7 trân, Chấp chính 6 kì, Quốc phu, Nguyên thủ anh dũng nhất) TRUNG QUỐC THỜI PHONG KIẾN Ở Trung Quốc vào những thế kỉ cuối trước Công nguyên, do sự phát triển sản xuất, xã hội piai cấp, nên chế độ phong kiến được hình thành sớm. Nhà Tần đã khởi đầu xây dựng bộ máy chính quyền phong kiến. Hoàng đế có quyền tuyệt đối. Thời phong kiến, kinh tế Trung Quốc phát triển, ",,,,,
entity,lichsu_10_s96_001:e4,Concept,"kinh tế tự chủ, toàn diện",Nền kinh tế được nhân dân Việt Nam xây dựng và phát triển từ thế kỉ X đến thế kỉ XV,"xây dựng và phát triển một nền kinh tế tự chủ, toàn diện",0.9,[],lichsu_10_s96_001,lichsu_10,Bài,TRONG CÁC THẾ KỈ X - XV,"[88, 89, 91]","[""data/corpus/lichsu_10/lichsu_10.pdf_88.jpg.txt"", ""data/corpus/lichsu_10/lichsu_10.pdf_89.jpg.txt"", ""data/corpus/lichsu_10/lichsu_10.pdf_91.jpg.txt""]","thắng mở thì chân nho mới có"" Thiếu (Lịch triều hiến chương loai chi) Quý tộc, quan lại được ban phẩm hàm, cấp lương bổng và ruộng đất B Những thay đổi qua cuộc cải cách hành chính thời Lê Thánh Tông TRONG CÁC THẾ KỈ X - XV Với niềm tự hào chân chính và ý thức vươn lên, từ thế kỉ X cho đến thế kỉ XV, nhân dân Việt Nam đã cần cù lao động, xây dựng và phát triển một nền kinh tế tự chủ, toàn diện. Ruộng đất ngày càng, thủ công nghiệp ngày càng phát triển tạo điều kiện cho sự phát triển của thương n",,,,,
entity,lichsu_10_s212_002:e7,Concept,thuyết Mác,"Hệ thống quan điểm triết học, kinh tế, chính trị học và chủ nghĩa xã hội khoa học được hình thành từng bước qua các tác phẩm của Mác và Áng-ghen.",từng bước hình thuyết Mác.,0.95,[],lichsu_10_s212_002,lichsu_10,Bài,1. Buổi đầu hoạt động cách mạng của Ph. ng-ghen thuy,"[188, 189]","[""data/corpus/lichsu_10/lichsu_10.pdf_188.jpg.txt"", ""data/corpus/lichsu_10/lichsu_10.pdf_189.jpg.txt""]","ấp vô sản không chỉ là nạn nhân của chủ nghĩa tư bản mà còn là lực lượng có thể đánh đổ sự thống trị của giai cấp tư sản và tự giải phóng khỏi mọi xiềng xích. Năm 1844, Áng ghen sang Pa-ii và gặp Mác. Cuộc gặp gỡ này đã mở đầu tình bạn và sự cộng tác giữa hai ông. Then Từ năm 1844 đến năm 1847, những tác phẩm của Mác và Áng-ghen cho thấy chiến thi sự chín muồi về những quan điểm triết học, kinh tế ? chính trị học và chủ nghĩa xã hội khoa học, từng bước hình thuyết Mác. B",,,,,
entity,lichsu_11_s6_003:e8,Concept,chính sách thống nhất tiền tệ,chính sách được chính phủ thi hành về kinh tế,chính sách thống nhất tiền tê,0.95,[],lichsu_11_s6_003,lichsu_11,Bài,Bài,"[4, 5, 6]","[""data/corpus/lichsu_11/lichsu_11.pdf_4.jpg.txt"", ""data/corpus/lichsu_11/lichsu_11.pdf_5.jpg.txt"", ""data/corpus/lichsu_11/lichsu_11.pdf_6.jpg.txt""]","ách tiến bộ nhâm đưa Nhật Bản thoát khỏi tình trang một nước phong kiến lạc hậu. Đó là cuộc Duy tân Minh Tri được tiến hành trên tất cả các lĩnh vực : chính tri, kinh tế, quân sự, văn hoá - giáo dục.. Hinh 1 Thiên hoàng Minh Tri (1852 - 1912) Về chính trị - Nhật hoàng tuyên bố thủ tiêu chế độ Mạc phủ, thành lập chính phủ mới, trong đó đại biểu của tầng lớp quý tộc tư sản hoá đóng vai trò quan trong thực hiên quyền bình đẳng giữa các công dân Năm 1889, Hiến pháp mới được ban hành, chế độ quân chủ",,,,,
entity,lichsu_12_s297_bai24_sec7_002:e4,Concept,chính sách đối nội và đối ngoại,Các chính sách được Quốc hội thông qua,chính sách đối nội và đối ngoại của Nhà nước Viết Nam nghi thống nhất,0.95,[],lichsu_12_s297_bai24_sec7_002,lichsu_12,Bài 24,HII - HOÀN THÀNH THỐNG NHẤT ĐẤT NƯỚC VỀ MẶT NHÀ NƯỚC (1975 ? 1976),"[200, 201, 202, 203]","[""data/corpus/lichsu_12/lichsu_12.pdf_200.jpg.txt"", ""data/corpus/lichsu_12/lichsu_12.pdf_201.jpg.txt"", ""data/corpus/lichsu_12/lichsu_12.pdf_202.jpg.txt"", ""data/corpus/lichsu_12/lichsu_12.pdf_203.jpg.txt""]","Hơn 23 tnêu cử tri (chiếm 98,8% tổng số cử in) đi bó phiếu và bầu ra 492 đai biểu Fr Parting Từ ngày 24 - 6 đến ngày 3 - 7 - 1976, Quốc hội khoá VI nước Viết Nam thống nhất họp kì đầu tiên tại Hà Nôi. Quốc hội thông qua chính sách đối nội và đối ngoại của Nhà nước Viết Nam nghi thống nhất, quyết đỉnh tên nước là Cộng hoà xã hội chủ nghĩa Viết Nam (từ ngày 2-1?1976), quyết đình Quốc huy mang dòng chữ Cộng hoà xã hội chủ nghĩa Việt Nam, Quốc kì là là cờ đỏ sao vàng, Quốc ca là bài Tiến quân ca, th",,,,,
entity,lichsu_10_s22_bai4_sec6_001:e12,Concept,Khải hoàn môn,Được Thương viện và dân chúng Rô-ma dâng tặng cho Hoàng đế Xê-da.,Khải hoàn môn,0.8,[],lichsu_10_s22_bai4_sec6_001,lichsu_10,Bài 4,INNO OPTIMO AVG (USTO) GER-,"[20, 21, 22, 24]","[""data/corpus/lichsu_10/lichsu_10.pdf_20.jpg.txt"", ""data/corpus/lichsu_10/lichsu_10.pdf_21.jpg.txt"", ""data/corpus/lichsu_10/lichsu_10.pdf_22.jpg.txt"", ""data/corpus/lichsu_10/lichsu_10.pdf_24.jpg.txt""]","của A-ten là những đồng tiền thuộc loại cổ nhất trên thế giới. Như thế, nền kinh tế của các nhà nước ở vùng Địa Trung Hải phát triển mau lẹ Hi Lạp và Rô ma sớm trở thành các quốc gia giàu mạnh thuy R INNO OPTIMO AVG (USTO) GER- MANICO DACICO PONTIF (ICI) MAX (IMO) TRIB Ba (uniciae) POTEST (atis) XVIII IMP (eratori) VII COS (consuli) VI P (atri) P (atriae) FORTISSIMO PRINCIPI SENATVS P.Q.R. (Thương viện và dân chúng Rô-ma dâng tăng Khải hoàn môn [này] cho Hoàng đế Xê-da, [và] con của Ne-rva thần ",,,,,
entity,lichsu_10_s198_001:e12,Concept,mâu thuẫn giữa các nước đế quốc,Sự xung đột lợi ích giữa các quốc gia đế quốc,mâu thuẫn giữa các nước đế quốc,0.95,[],lichsu_10_s198_001,lichsu_10,Bài,VÀ SƯ BÀNH TRƯỚNG THUỘC ĐIAN,"[170, 171, 172, 174]","[""data/corpus/lichsu_10/lichsu_10.pdf_170.jpg.txt"", ""data/corpus/lichsu_10/lichsu_10.pdf_171.jpg.txt"", ""data/corpus/lichsu_10/lichsu_10.pdf_172.jpg.txt"", ""data/corpus/lichsu_10/lichsu_10.pdf_174.jpg.txt""]","bộ về khoa học kh ki thuật cuối thế kỉ xix ? đầu thế ki XX đã làm thay đối cơn bản bản nền sản xuất và cơ cấu kinh tế tư bản chủ nghĩa, đánh dấu bước tiến mới của chủ nghĩa tư bản ở giai đoạn này. VÀ SƯ BÀNH TRƯỚNG THUỘC ĐIAN Cuối thế kỉ XIX - đầu thế kỉ XX, sự phát triển nhảy vọt của nền kinh tế Đức và kinh tế Mĩ vượt qua Anh, Pháp là những biểu hiện về sự phát triển không đều của chủ nghĩa tư bản. Việc đấy mạnh xâm lược thuộc địa, phân chia lại thị trường thế giới làm cho mâu thuẫn giữa các nư",,,,,
entity,lichsu_12_s148_bai14_sec10_001:e11,Concept,Chương trình hành động của Đảng,"Chủ trương đấu tranh đòi các quyền tự do dân chủ cho nhân dân lao động, thả tù chính trị, bãi bỏ các thứ thuế bất công, củng cố và phát triển các đoàn thể cách mạng của quần chúng.",Chương trình hành đông của Đảng,0.9,[],lichsu_12_s148_bai14_sec10_001,lichsu_12,Bài 14,1. Cuộc đấu tranh phục hồi phong trào cách mạng,"[95, 96, 97]","[""data/corpus/lichsu_12/lichsu_12.pdf_95.jpg.txt"", ""data/corpus/lichsu_12/lichsu_12.pdf_96.jpg.txt"", ""data/corpus/lichsu_12/lichsu_12.pdf_97.jpg.txt""]","công nông và mặt trận dân tốc 19 thống nhất, về tổ chức, lãnh đạo quần chúng đầu tranh. Póoý nghĩa nhu Các chố cuốc lập dươt đầu tiên của Đảng và quân chúng cho Tổng khới nghĩa tháng Tâm sau này L 1. Cuộc đấu tranh phục hồi phong trào cách mạng Cuộc khủng bố của thực dân Pháp đã làm cho lực lương cách mạng bị tổn thất nặng nề Hàng vàn người bị bắt, bị tù đày, Các nhà tò (Hà Nội), Khám Lớn (Sai Gòn), Côn Đảo, Kon Tum, Lao Bào, Sơn La v.v. chính tn, hâu hết Chinh Các uỷ viên Ban Chấp hành Trung ươ",,,,,
entity,lichsu_10_s218_001:e5,Concept,học thuyết Mác,Học thuyết được Quốc tế thứ nhất truyền bá.,truyền bá học 19 thuyết Mác,0.95,[],lichsu_10_s218_001,lichsu_10,Bài,2. Hoạt động của Quốc tế thứ nhất,"[192, 193, 194]","[""data/corpus/lichsu_10/lichsu_10.pdf_192.jpg.txt"", ""data/corpus/lichsu_10/lichsu_10.pdf_193.jpg.txt"", ""data/corpus/lichsu_10/lichsu_10.pdf_194.jpg.txt""]","Hội Liên hiệp lao động quốc tế (thường được gọi là Quốc tế thứ nhất) được thành lập với sự tham gia tích cực của Mác tuyên bố thành lập Quốc tế thứ nhất Quốc tế thứ nhất ra đời trong hoàn cành nào ? 2. Hoạt động của Quốc tế thứ nhất Trong thời gian tồn tại (từ tháng 9 ? 1864 đến tháng 7 ? 1876), Quốc tế thứ nghiệp nhất đã tiến hành 5 đại hội. Hoạt động chủ yếu của Quốc tế nhằm truyền bá học 19 thuyết Mác, chống những tư tưởng lệch lạc trong nội bộ ; đồng thời, thông quan những những nghị quyết c",,,,,
entity,lichsu_12_s188_bai17_sec9_001:e6,Concept,phong trào xoá nạn mù chữ,Phong trào được kêu gọi nhân dân cả nước tham gia,kêu gọi nhân dân cả nước tham gia phong trào xoá nan mù chữ,0.9,[],lichsu_12_s188_bai17_sec9_001,lichsu_12,Bài 17,3. Giải quyết nạn dốt,"[123, 124, 125]","[""data/corpus/lichsu_12/lichsu_12.pdf_123.jpg.txt"", ""data/corpus/lichsu_12/lichsu_12.pdf_124.jpg.txt"", ""data/corpus/lichsu_12/lichsu_12.pdf_125.jpg.txt""]","hoang cho nông dân thiếu ruộng, chia lại ruông đất công theo nguyên tác công bàng, dân chủ Nhờ các biên pháp tích cực trên, sản xuất nông nghiệp nhanh chóng được phục hồi, nạn đói dân dân bị đẩy lùi. 3. Giải quyết nạn dốt Xoá nan mù chữ, nâng cao trình độ văn hoá cho nhân dân là một trong những nhiêm vu cấp bách cần giải quyết Ngày 8 - 9 - 1945, Chủ tịch Hồ Chí Minh kí Sác lênh thành lập Nha Bình dân học vụ ? cơ quan chuyên trách về chống """"giác dốt"" - và kêu gọi nhân dân cả nước tham gia phong ",,,,,
entity,lichsu_11_s58_bai13_sec4_001:e10,Concept,Đạo luật Phục hưng công nghiệp,Một trong các đạo luật quan trọng nhất trong Chính sách mới,Đạo luật Phục hưng công nghiệp là quan trọng nhất,0.9,[],lichsu_11_s58_bai13_sec4_001,lichsu_11,Bài 13,HI NƯỚC MI TRONG NĂM 1929 1939,"[69, 70, 71, 72, 73]","[""data/corpus/lichsu_11/lichsu_11.pdf_69.jpg.txt"", ""data/corpus/lichsu_11/lichsu_11.pdf_70.jpg.txt"", ""data/corpus/lichsu_11/lichsu_11.pdf_71.jpg.txt"", ""data/corpus/lichsu_11/lichsu_11.pdf_72.jpg.txt"", ""data/corpus/lichsu_11/lichsu_11.pdf_73.jpg.txt""]","nghĩa tư do thái quá đã đưa đến sư phát triển không nghiệp đông bô giữa các ngành công nghiệp, giữa công nghiệp với nông nghiệp, và không có kế hoạch dài hạn cho sự cân đối giữa sản xuất và tiêu dùng HI NƯỚC MI TRONG NĂM 1929 1939 1 Cuộc khúng hoảng kinh tế (1933) ở Mi Trong khi giai cấp tư sản Mĩ đang hết lời ca ngơi sự phốn vinh của nền kinh tế thì cuộc khủng hoảng kinh tế chưa từng thấy bất ngờ bùng nổ vào tháng 10 1929 chấm dứt thời kì hoàng kinh tế Mĩ Cuốc khùng hoáng bất đầu trong lĩnh vực",,,,,
entity,lichsu_10_s10_002:e6,Concept,tiếng nói,Trở nên thuần thục hơn do nhu cầu trao đổi.,Tiếng chiến nhiền nói thuần thục hơn do nhu cầu trao đổi với nhau.,0.8,[],lichsu_10_s10_002,lichsu_10,Bài,1. Sự xuất hiện loài người và đời sống bầy người nguyên thuỷ,"[4, 5, 6]","[""data/corpus/lichsu_10/lichsu_10.pdf_4.jpg.txt"", ""data/corpus/lichsu_10/lichsu_10.pdf_5.jpg.txt"", ""data/corpus/lichsu_10/lichsu_10.pdf_6.jpg.txt""]","ng bậc nhất, cải thiên căn bản đời sống của mình Qua lao động, chế tạo công cụ và sử dụng công cụ, bàn tay con người khéo Theo léo dần. Cơ thể cũng do đó biến đổi theo đề có tư thế lao động thích hợp. Tiếng chiến nhiền nói thuần thục hơn do nhu cầu trao đổi với nhau. Con người tự cải biến, hoàn thiện mình từng bước nhờ lao động. Ở một số loài động vật đã hình thành một cách tự nhiên quan hệ hợp đoàn; và người có đôi, có đần và con đầu đàn. Người tối cổ đã có quan hệ hợp quần xã hội: có người ngư",,,,,
entity,lichsu_10_s170_001:e9,Concept,Tân giáo của Can-vanh,tư tưởng tôn giáo phát triển ở Nê-đéc-lan,tư tưởng Tân giáo của Can-vanh phát triển,0.95,[],lichsu_10_s170_001,lichsu_10,Bài,1. Cách mạng Hà Lan,"[142, 143, 144]","[""data/corpus/lichsu_10/lichsu_10.pdf_142.jpg.txt"", ""data/corpus/lichsu_10/lichsu_10.pdf_143.jpg.txt"", ""data/corpus/lichsu_10/lichsu_10.pdf_144.jpg.txt""]","đó, cách mạng tư sản Anh giữa thế kỉ XVII là trận tấn công lớn vào thành trì của chế độ cũ, lật đổ quan hệ sản xuất phong kiến lạc hậu, mở đường cho lực lượng sản xuất tư bản chủ nghĩa phát triển. 1. Cách mạng Hà Lan Trước cách mạng, lãnh thổ thuộc hai nước Bỉ và Hà Lan ngày nay, gọi là Nê-đéc-lan (nghĩa là ""vùng đất thấp"", vì phần lớn đất đai ở đây thấp nhưng hơn mưc nước biển), Cuối thế kỉ XV, Nê đéc lan lê thuộc Áo , đến giữa thế kỉ XVI, lại chịu sự thống trị của Vương triều Tây Ban Nha Từ đầ",,,,,
entity,lichsu_12_s154_bai15_sec4_002:e2,Concept,địa tô cao và nhiều thủ đoạn bóc lột khác,"Nông dân phải chịu địa tô cao và nhiều thủ đoạn bóc lột khác của địa chủ, cường hào.","chíu mức địa tô cao và nhiều thủ doan bóc lột khác của địa chủ, cường hào",0.9,[],lichsu_12_s154_bai15_sec4_002,lichsu_12,Bài 15,2. Tinh hình trong nước,"[98, 99]","[""data/corpus/lichsu_12/lichsu_12.pdf_98.jpg.txt"", ""data/corpus/lichsu_12/lichsu_12.pdf_99.jpg.txt""]","hững người có việc làm được nhận mức lương chưa bìng thời kì trước khúng hoàng Nguyên Nông dân không dù ruông cảy, Ho còn chíu mức địa tô cao và nhiều thủ doan bóc lột khác của địa chủ, cường hào v... Tư sản dân tộc có ít vốn nên chỉ lập được những công ti nhỏ, phải chịu thuế cao, bị tư bản Pháp chèn ép. Nhiều người trong giới tiểu tư sản trí thức thất nghiệp. Công chức nhân được mức lương thấp, Các tâng lớp lao đông khác phải chịu thuế khoa nang nề, gia cả sinh hoạt đát đó. Điều Đòi sống của đa",,,,,
entity,lichsu_12_s60_bai5_sec9_003:e4,Concept,chủ nghĩa xã hội,Hệ thống kinh tế - xã hội mà Cuba hướng tới xây dựng.,xây dưng chủ nghĩa xã Người hói,0.95,[],lichsu_12_s60_bai5_sec9_003,lichsu_12,Bài 5,ĐÔM NGA ANT CHA THO NGAY,"[38, 39, 40, 41]","[""data/corpus/lichsu_12/lichsu_12.pdf_38.jpg.txt"", ""data/corpus/lichsu_12/lichsu_12.pdf_39.jpg.txt"", ""data/corpus/lichsu_12/lichsu_12.pdf_40.jpg.txt"", ""data/corpus/lichsu_12/lichsu_12.pdf_41.jpg.txt""]","ủ (cải cách ruộng đất, quốc hữu hoá các xí nghiệp của tư bản nước ngoài,..), Đến năm 1961, Chính phủ Cuba thi thuyên bó bắt đầu tiên hành cách mang xã hội chủ nghĩa và xây dưng chủ nghĩa xã Người hói. Với sư nô lực của nhân dân và sư giúp đỡ của các nước xã hôi chủ nghia, Cuba nhưng đạt được nhiều thành tựu to lớn - từ một nền nông nghiệp độc canh (mía) và nên cho công nghiệp đơn nhất (khai thác mỏ), Cuba đã xây dựng được một nên công nghiệp với cơ cấu các ngành hợp lí và nền nông nghiệp với sản",,,,,
entity,lichsu_10_s165_003:e4,Concept,chế độ phong kiến,"Giai đoạn phát triển của chế độ phong kiến, nơi một số kẻ trong giai cấp thống trị đi ngược lại lợi ích dân tộc.",trên bước đường phát triển của chế độ phong kiến,0.95,[],lichsu_10_s165_003,lichsu_10,Bài,1. Sự hình thành của truyền thống yêu nước Việt Nam,"[137, 138, 139]","[""data/corpus/lichsu_10/lichsu_10.pdf_137.jpg.txt"", ""data/corpus/lichsu_10/lichsu_10.pdf_138.jpg.txt"", ""data/corpus/lichsu_10/lichsu_10.pdf_139.jpg.txt""]","và trí tuệ, tài năng thông thường và cho mà còn ở sự thế hiện lòng yêu nước, quyết tâm vươn lên, góp phần vào sự nghiệp thuyên giữ nước. Truyền thống yêu nước được tôi luyện và phát huy ngày càng cao. Nhưng, Việt Nam là một nước đa dân tộc Sự nghiệp dựng nước và giữ nước không chỉ tho dinh riêng cho một tộc người, một địa phương hay một nhóm người, một giai các chí chp cấp nào mà là sự nghiệp của tất cả các tộc người sống trên đất Việt Nam Chính vì vậy, truyền thống yêu nước Việt Nam luôn luôn g",,,,,
entity,lichsu_10_s208_002:e3,Concept,xã hội tư bản,xã hội bị các nhà xã hội không tưởng phê phán sâu sắc,phê phán sâu sắc xã hội tư bảng,0.8,[],lichsu_10_s208_002,lichsu_10,Bài,3. Chủ nghĩa xã hội không tưởng,"[183, 184, 185, 186, 187]","[""data/corpus/lichsu_10/lichsu_10.pdf_183.jpg.txt"", ""data/corpus/lichsu_10/lichsu_10.pdf_184.jpg.txt"", ""data/corpus/lichsu_10/lichsu_10.pdf_185.jpg.txt"", ""data/corpus/lichsu_10/lichsu_10.pdf_186.jpg.txt"", ""data/corpus/lichsu_10/lichsu_10.pdf_187.jpg.txt""]","ược người hưởng phúc lơi tập thể Ông cũng chủ trương đi đến chủ nghĩa xã hôi bằng cách tuyên truyền, thuyết phục và 1535), với ""nhan đề U tô pi a (tiếng Hì Lạp có nghĩa là """"Không tồn tại ở đầu cả""""). Ở trên đảo U-tố pi a, mọi"" người người sống với nhau bình đẳng, không có tư hữu, không có giàu nghèo, tất cả cùng lao động và cùng hương hạnh phúc Thi cho Công lao của các nhà xã hội không tưởng là phê phán sâu sắc xã hội tư bảng các có ý thức bảo vệ quyền lợi của giai cấp công nhân, dự đoán về xã ",,,,,
entity,lichsu_12_s46_bai4_sec5_001:e12,Concept,Hiệp ước thân thiện và hợp tác ở Đông Nam Á,"Hiệp ước được ký tại Hội nghị cấp cao lần thứ nhất của ASEAN, xác định những nguyên tắc cơ bản trong quan hệ giữa các nước thành viên.",Hiệp ước thân thiên và hơp tác ở Đông Nam A (goi tát là Hiệp ước Bali),0.95,[],lichsu_12_s46_bai4_sec5_001,lichsu_12,Bài 4,3. Sư ra đời và phát triên của tô chức ASEAN,"[28, 29, 30, 31, 32]","[""data/corpus/lichsu_12/lichsu_12.pdf_28.jpg.txt"", ""data/corpus/lichsu_12/lichsu_12.pdf_29.jpg.txt"", ""data/corpus/lichsu_12/lichsu_12.pdf_30.jpg.txt"", ""data/corpus/lichsu_12/lichsu_12.pdf_31.jpg.txt"", ""data/corpus/lichsu_12/lichsu_12.pdf_32.jpg.txt""]","cách kinh tế và """"mó cửa"", do đó nên kinh tế có sự khới sắc, Tốc độ Hoàn tháng trưởng GDP năm 1995 là 7%, năm 2000 là 6,2%. Tuy nhiên, bình quân thu nhấp đầu người ở Mianma còn thấp (Sơ USD năm 2003) 3. Sư ra đời và phát triên của tô chức ASEAN A Sal ASEAN ra đời trong bối cảnh khu vực và thế giới có nhiều biến chuyển to lớn vào nứa sau những năm 60 của thể ki XX (1) Phần này chỉ đề cập nội dung về lịch sử Lào và Campuchia, còn nội dung về Việt Nam sẽ được đề cập kĩ trong các bài lịch sử Việt Na",,,,,
entity,lichsu_10_s92_002:e8,Concept,Khoa mục là đường thẳng của quan trường,Câu nói của Vua Lê Hiến Tông nhấn mạnh vai trò của khoa mục trong việc tuyển chọn quan lại.,"Khoa mục là đường thẳng của quan trường, đường thắng mở thì chân nho mới có",0.9,[],lichsu_10_s92_002,lichsu_10,Bài,1. Tổ chức bộ máy nhà nước,"[87, 88, 89]","[""data/corpus/lichsu_10/lichsu_10.pdf_87.jpg.txt"", ""data/corpus/lichsu_10/lichsu_10.pdf_88.jpg.txt"", ""data/corpus/lichsu_10/lichsu_10.pdf_89.jpg.txt""]","ự, quân sự, an ninh. Dưới đạo là các phú, huyện, châu người người đứng đầu xã là Xã tân bâu nhang Ở thời Lý, Trần, phần lớn các quan chức cao cấp là quý tộc vương hầu hoặc can con em quan lại cao cấp. Khi giáo dục phát triển, nhà nước bắt đầu đưa những người đỗ đạt vào làm quan, Thời Lê, giáo dục thi cử trở thành nguồn đào tạo và tuyến chọn quan lại chủ yếu nha Và Vua Lê Hiến Tông (1497 - 1504) đã viết ""Nhân tài là nguyên khí của nhà nước, nguyên khí manh thì trị đao mới thình Khoa mục là đường ",,,,,
entity,lichsu_12_s112_bai11_sec3_001:e1,Concept,toàn cầu hoá,"thời cơ lịch sử, cơ hội rất to lớn cho các nước phát triển mạnh mẽ, đồng thời cũng tạo ra những thách thức to lớn","toàn cầu hoá là thời cơ lịch sử, là cơ hội rất to lớn cho các nước phát triển mạnh mẽ, đồng thời cũng tao ra những thách thức to lớn",0.95,[],lichsu_12_s112_bai11_sec3_001,lichsu_12,Bài 11,TU NĂM 1945 ĐẾN NĂM 2000,"[69, 70, 71]","[""data/corpus/lichsu_12/lichsu_12.pdf_69.jpg.txt"", ""data/corpus/lichsu_12/lichsu_12.pdf_70.jpg.txt"", ""data/corpus/lichsu_12/lichsu_12.pdf_71.jpg.txt""]","quốc gia v.v. Như thế, toàn cầu hoá là thời cơ lịch sử, là cơ hội rất to lớn cho các nước phát triển mạnh mẽ, đồng thời cũng tao ra những thách thức to lớn. Viết Nam cũng năm trong xu thế chung đó. TU NĂM 1945 ĐẾN NĂM 2000 Chiên tranh thế giới thứ hai kết thúc đã mở ra một giai đoạn mới của tích sử thế giới hiên đại Trong lịch sử thế giới, hiếm có giai đoan nào như giai đoan nưa sau thế kí XX mà loài người vừa mới trải qua Chí trong vòng nửa thế ki, tỉnh hình thế giới đã thật sôi đông với bao di",,,,,
entity,lichsu_10_s97_001:e8,Concept,thành lập điền trang,"Hoạt động khuyến khích quý tộc, vương hầu mộ dân nghèo đi khai hoang",thành lập điền trang,0.95,[],lichsu_10_s97_001,lichsu_10,Bài,"1. Mở rộng, phát triển nông nghiệp","[91, 92, 93]","[""data/corpus/lichsu_10/lichsu_10.pdf_91.jpg.txt"", ""data/corpus/lichsu_10/lichsu_10.pdf_92.jpg.txt"", ""data/corpus/lichsu_10/lichsu_10.pdf_93.jpg.txt""]","tạo điều kiện cho sự phát triển của thương nghiệp trong nước cũng như giao lưu với thương nhân nước ngoài. Tuy nhiên, do sự chi phối của những quan hệ sản xuất phong kiến, xã hội ngày càng phân hoá. 1. Mở rộng, phát triển nông nghiệp Đầu thế kỉ X, sau khi giành được độc lập, tự chủ, nhân dân cả nước, từ miền xuôi đến miền ngược phấn khởi, ra sức khai phá đất hoang, mở rộng ruộng đồng, phát triển nông nghiệp nhằm nhanh chóng nâng cao đời sống, đưa đất nước ngày càng cường thịnh. Công cuộc khai ho",,,,,
entity,lichsu_12_s91_bai8_sec5_001:e12,Concept,học thuyết Miyadaoa,Học thuyết đối ngoại của Nhật Bản được đưa ra vào tháng 1 năm 1993.,học thuyết Miyadaoa (1 - 1993),0.95,[1993],lichsu_12_s91_bai8_sec5_001,lichsu_12,Bài 8,IV NHẬT BẢN TỪ NĂM 1991 ĐẾN NĂM 2000,"[56, 57]","[""data/corpus/lichsu_12/lichsu_12.pdf_56.jpg.txt"", ""data/corpus/lichsu_12/lichsu_12.pdf_57.jpg.txt""]","học thuyết trên là tăng cường quan hê kinh tế, chính trị, văn hoá, xã hội với các nước Đông Nam Á Và Tổ Chức ASEAN Nhật Bản thiết lập quan hệ ngoại giao với Việt Nam ngày 21 - 9 - 1973 như thể nào ? IV NHẬT BẢN TỪ NĂM 1991 ĐẾN NĂM 2000 Từ đầu thập kỉ 90, kinh tế Nhật Bản lâm vào tình trang suy thoái, nhưng Nhật Bản vấn là một trong ba trung lâm kinh tế - làn của thế gioi Tỉ trong của Nhật Bản trong nền sản xuất của thế giới là 1/10. GDP của Nhật Bản năm 2000 là 4 746 ti USD và bình quân GDP trên",,,,,
entity,lichsu_12_s64_bai6_sec2_001:e6,Concept,kinh tế Mĩ,"Nền kinh tế của Mĩ, chiếm gần 40% tổng sản phẩm kinh tế thế giới",nền kinh tế Mĩ chiếm gần 40% tổng sản phẩm kinh tế thế giới,0.95,[],lichsu_12_s64_bai6_sec2_001,lichsu_12,Bài 6,NƯỚC MĨ TỪ NĂM 1945 ĐẾN NĂM 1973,[42],"[""data/corpus/lichsu_12/lichsu_12.pdf_42.jpg.txt""]","phát triển mới với tiềm lực kinh tế - tài chính và lực lương quân sự to lớn Dưa vào đó, các giới cầm quyền Mi theo đuổi mưu đồ thông trị toàn thế giới và nô dịch các quốc gia ? dân tộc trên hành tinh NƯỚC MĨ TỪ NĂM 1945 ĐẾN NĂM 1973 Về kinh tế, sau Chiến tranh thế giới thứ hai, nền kinh tế Mĩ phát triển mạnh mẽ Trong khoảng nửa sau những năm 40, sản lượng công nghiệp Mi chiếm tới hơn một nửa sản lượng công nghiệp toàn thế giới (năm 1948 là hơn 56%) Năm 1949, sản lương nông nghiệp Mĩ bằng hai lần",,,,,
entity,lichsu_11_s43_bai10_sec10_001:e6,Concept,kế hoạch 5 năm,Kế hoạch dài hạn với mục tiêu cụ thể cho từng thời kì để phát triển kinh tế - xã hội,những kế hoạch dài han với những muc tiêu cu thể cho từng thời kì. Đó là những kế hoạch 5 năm phát triển kinh tế - xã hội,0.9,[],lichsu_11_s43_bai10_sec10_001,lichsu_11,Bài 10,8. Gru di a,"[55, 56, 57, 58]","[""data/corpus/lichsu_11/lichsu_11.pdf_55.jpg.txt"", ""data/corpus/lichsu_11/lichsu_11.pdf_56.jpg.txt"", ""data/corpus/lichsu_11/lichsu_11.pdf_57.jpg.txt"", ""data/corpus/lichsu_11/lichsu_11.pdf_58.jpg.txt""]","xã hôi với nhiêm vu trong tâm là công nghiệp hoá xã hôi chu nghĩa (1) Đến năm 1940, Liên Xô gồm 15 nước công hoa I L is O in c m C Y NHAT B L RAN MÔNG CỔ ÊÊ TIÊN TÁP GA-NI-XTAN RUNG QUỐC 1.E xto-ni-a 8. Gru di a 10 Tuốc mê-ni a 12 Tat-gi-ki-xtan Liên Xô thực hiện nhiệm vụ công nghiệp hoá theo đường lối ưu tiên phát triển công nghiệp nặng - công nghiệp chế tạo máy móc và nông cụ, công nghiệp năng lượng (điện, than, dầu mỏ..), công nghiệp khai khoáng, công nghiệp quốc phòng - Trong 2 năm đầu (1926",,,,,
entity,lichsu_10_s50_001:e4,Concept,quan hệ sản xuất phong kiến,Quan hệ sản xuất dần được thiết lập và củng cố trên lãnh thổ đế quốc Rô-ma cũ.,quan hệ sản xuất phong kiến cũng dần dần được thiết lập và củng cố,0.95,[],lichsu_10_s50_001,lichsu_10,Bài,PHONG KIẾN Ở TÂY ÂU,"[50, 51, 52, 55, 56]","[""data/corpus/lichsu_10/lichsu_10.pdf_50.jpg.txt"", ""data/corpus/lichsu_10/lichsu_10.pdf_51.jpg.txt"", ""data/corpus/lichsu_10/lichsu_10.pdf_52.jpg.txt"", ""data/corpus/lichsu_10/lichsu_10.pdf_55.jpg.txt"", ""data/corpus/lichsu_10/lichsu_10.pdf_56.jpg.txt""]","công trình kiến Thiến thán trúc Hinđu giáo và Phật giáo đã xuất hiện. Nổi tiếng nhất là quần thế kiến trúc Ăng-co Vát và Ăng co Thom. B Thi Sự phát triển của Cam-pu-chia thời Áng-co được biểu hiện PHONG KIẾN Ở TÂY ÂU (Từ thế kỉ V đến thế kỉ xiv) Từ thế kỉ V, trên lãnh thổ của đế quốc Rô-ma rộng lớn trước kia, dần hình thành các quốc gia của người Giéc-man, quan hệ sản xuất phong kiến cũng dần dần được thiết lập và củng cố. Sự xuất hiện của các thành thị trung đại vào thế kỉ XI - XII đã có một va",,,,,
entity,lichsu_12_s212_bai19_sec3_001:e5,Concept,thế chủ động,thế chủ động trên chiến trường chính,giành được thế chủ động trên chiến trường chính,0.95,[],lichsu_12_s212_bai19_sec3_001,lichsu_12,Bài 19,TOÀN QUỐC CHONG THỨC DÂN PHÁP,"[136, 137, 138, 139]","[""data/corpus/lichsu_12/lichsu_12.pdf_136.jpg.txt"", ""data/corpus/lichsu_12/lichsu_12.pdf_137.jpg.txt"", ""data/corpus/lichsu_12/lichsu_12.pdf_138.jpg.txt"", ""data/corpus/lichsu_12/lichsu_12.pdf_139.jpg.txt""]","được khai thông, quân đội ta đã giành được thế chủ động trên chiến trường chính (Bắc Bộ), mở ra bước phát triển mới của cuộc kháng chiến hoàn cảnh Nêu diên biên, két quả và ý nghĩa của chiến dịch TOÀN QUỐC CHONG THỨC DÂN PHÁP (1951 - 1953) Bước sang giai đoan từ năm 1951 đến năm 1953, cuốc chiên tranh xâm lược của thưc dân Pháp, có sự giúp đờ của đế quốc Mĩ được đấy manh , lực lương kháng chiên của ta trương thành về quân dân ta giành nhiều thắng lơi to lớn và toàn diên, tiếp tục giữ vững quyền ",,,,,
entity,lichsu_12_s312_bai26_sec7_002:e11,Concept,vốn đầu tư trực tiếp của nước ngoài,Tổng số vốn đầu tư trực tiếp của nước ngoài đạt khoảng 10 tỉ USD,Tổng số vốn đầu tư trực tiếp của nước ngoài đạt khoảng 10 tỉ USD,0.9,[],lichsu_12_s312_bai26_sec7_002,lichsu_12,Bài 26,Nam A (ASEAN),"[209, 210, 211, 212, 213, 214, 215, 216]","[""data/corpus/lichsu_12/lichsu_12.pdf_209.jpg.txt"", ""data/corpus/lichsu_12/lichsu_12.pdf_210.jpg.txt"", ""data/corpus/lichsu_12/lichsu_12.pdf_211.jpg.txt"", ""data/corpus/lichsu_12/lichsu_12.pdf_212.jpg.txt"", ""data/corpus/lichsu_12/lichsu_12.pdf_213.jpg.txt"", ""data/corpus/lichsu_12/lichsu_12.pdf_214.jpg.txt"", ""data/corpus/lichsu_12/lichsu_12.pdf_215.jpg.txt"", ""data/corpus/lichsu_12/lichsu_12.pdf_216.jpg.txt""]","ao tích luỹ từ nội bộ nền kinh tế b) Chuyển biến tiến bộ và khó khăn, hạn chế của công cuộc đổi mới(1) Trong 5 năm, GDP tăng bình quân hàng năm là 7% , công nghiệp là 13,5% ""Chiến mông nghiệp là 5,7%. Lương thực bình quân đầu người tăng từ 360 kg (1995) lên"" 444 kg (2000), Nông nghiệp phát triển liên tục, góp phần quan trọng vào mức tăng trưởng chung và giữ vững ổn định kinh tế - xã hội. Cơ cấu các ngành kinh tế từng bước chuyển dịch theo hướng công nghiệp hoá, hiện đại hoá. Hoạt đông xuất, nhập",,,,,
entity,lichsu_10_s138_bai24_sec4_001:e11,Concept,Đạo Thiên Chúa,Tôn giáo được truyền bá vào Việt Nam từ thế kỉ XVI đến thế kỉ XVIII,giáo sĩ đạo Thiên Chúa phương Tây theo các thuyền buôn nước ngoài vào Việt Nam truyền đạo. Nhà thờ Thiên Chúa ngoái giáo mọc lên ở nhiều nơi. Đạo Thiên Chúa trở thành một tôn giáo lan truyền trong cả nước,0.95,[],lichsu_10_s138_bai24_sec4_001,lichsu_10,Bài 24,"VỀ TƯ TƯỞNG, TÔN GIÁO","[121, 122]","[""data/corpus/lichsu_10/lichsu_10.pdf_121.jpg.txt"", ""data/corpus/lichsu_10/lichsu_10.pdf_122.jpg.txt""]","các thế kỉ XVI XVIII, sự phát triền của ngoại thương, của kinh tế hàng chiết thoá và giao lưu với thế giới bên ngoài cũng tác động lớn đến đời sống văn hoá của nhân dân ở cả Đàng Ngoài và Đàng Trong VỀ TƯ TƯỞNG, TÔN GIÁO Theng tho nho giáo từng bước suy thoái, tôn tỉ trật tự phong kiến không còn được tôn trọng như trước mặc dù các chính quyền Lê ? Trịnh, Nguyễn tìm mọi cách củng cổ, Phật giáo, Đạo giáo có điều kiện khôi phục vị trí của mình nhưng không 19 thần được như dưới thời Lý, Trần, Chùa q",,,,,
entity,lichsu_12_s108_bai10_sec5_002:e3,Concept,toàn cầu hoá,"Xu thế khách quan, là một thực tế không thể đảo ngược được, có mặt tích cực và mặt tiêu cực.","toàn cầu hoá là xu thế khách quan, là một thực tế không thể đảo ngược được, Nó có mặt tích cực và mặt tiêu cực",0.95,[],lichsu_12_s108_bai10_sec5_002,lichsu_12,Bài 10,VII - XU THẾ TOÀN CẦU HOÁ VÀ ẢNH HƯỚNG CỦA NÓ,"[66, 67, 68, 69, 70]","[""data/corpus/lichsu_12/lichsu_12.pdf_66.jpg.txt"", ""data/corpus/lichsu_12/lichsu_12.pdf_67.jpg.txt"", ""data/corpus/lichsu_12/lichsu_12.pdf_68.jpg.txt"", ""data/corpus/lichsu_12/lichsu_12.pdf_69.jpg.txt"", ""data/corpus/lichsu_12/lichsu_12.pdf_70.jpg.txt""]","ác kinh tế châu Á - Thái Bình Dương (APEC), Diễn đàn hợp tác Á - Âu (ASEM) V.V Các tổ chức này có vai trò ngày càng quan trong trong việc giải quyết những vấn để kinh tế chung của thế giới và khu vực. Là Là Kết quá của quá trình tang tiến manh mễ của lực lương sản xuất, toàn cầu hoá là xu thế khách quan, là một thực tế không thể đảo ngược được, Nó có mặt tích cực và mặt tiêu cực, nhất là đối với các nước đang phát triển Về mặt tích cực, đó là thúc đẩy rất manh, rất nhanh sự phát triển và xã hôi ",,,,,
entity,lichsu_10_s69_001:e5,Concept,quốc gia cổ đại,các quốc gia cổ đại được hình thành trên cơ sở phát triển của nghề nông trồng lúa nước và sử dụng kim loại,đã hình thành các quốc gia cổ đại,0.9,[],lichsu_10_s69_001,lichsu_10,Bài,TRÊN ĐẤT NƯỚC VIÊT NAM,"[71, 72, 74]","[""data/corpus/lichsu_10/lichsu_10.pdf_71.jpg.txt"", ""data/corpus/lichsu_10/lichsu_10.pdf_72.jpg.txt"", ""data/corpus/lichsu_10/lichsu_10.pdf_74.jpg.txt""]","tỉnh thần được nâng cao. Các nhà khảo cổ học thường coi đó là ?cuộc cách mạng đá mới? ở nước ta. Địa bàn cư trú của các thị thi tộc, bộ lạc bấy giờ đã mở rộng ra nhiều địa phương trong cả nước thuy B TRÊN ĐẤT NƯỚC VIÊT NAM Vào cuối thời nguyên thuỷ, các thị tộc, bộ lạc sống trên đất nước ta đã biết sử dụng kim loại để chế tạo các vật dụng, Nghề nông trồng lúa nước trở nên phổ biến. Trên cơ sở đó đã hình thành các quốc gia cổ đại: Văn Lang Âu Lạc, Cham-pa, Phù Nam",,,,,
entity,lichsu_11_s74_bai16_sec5_002:e1,Concept,phong trào đấu tranh chống thực dân,"Phong trào đấu tranh chống thực dân, chống phát xít và chống chiến tranh.","chống thực dân, chống phát xít và chống chiến tranh",0.95,[],lichsu_11_s74_bai16_sec5_002,lichsu_11,Bài 16,VII PHONG TRÀO ĐẦU TRANH CHỐNG THỰP Ở LÀO,"[85, 86, 87]","[""data/corpus/lichsu_11/lichsu_11.pdf_85.jpg.txt"", ""data/corpus/lichsu_11/lichsu_11.pdf_86.jpg.txt"", ""data/corpus/lichsu_11/lichsu_11.pdf_87.jpg.txt""]","g thuộc địa, chống phát xít và chống chiến tranh, Trong điều kiên đó, một số cơ sở cách mang của Đảng Cộng sản Đông Dương đã được xây dựng và củng cố Với cóc thành phố lớn như Viêng Chân, Phnôm Pênh.. Cuộc vân đông dân chủ đã kích Thi thi thích sự phát triển của phong trào dấu tranh dân chủ ở Lào và Cam-pu-chia cho đến khi Chiến tranh thế giới thứ hai bùng nổ Liên minh chiến đấu chống Pháp của nhân dân ba nước Đông Dương được thể hiện ở những sự kiện nào ?",,,,,
entity,lichsu_12_s99_bai9_sec6_001:e1,Concept,xu hướng hoà hoãn Đông - Tây,xu hướng xuất hiện từ đầu những năm 70 của thế kỉ XX với những cuộc gặp gỡ thương lượng Xô - Mĩ,"Từ đầu những năm 70 của thế kỉ XX, xu hướng hoà hoãn Đông - Tây đã xuất hiên với những cuộc gáp gỡ thương lương Xô ? Mi",0.9,[],lichsu_12_s99_bai9_sec6_001,lichsu_12,Bài 9,VÀ THI - XU THẾ HOÀ HOÁN ĐÔNG - TÂY VÀ CHIẾN TRANH LẠNH CHÂM DỨT,"[61, 62, 63, 64]","[""data/corpus/lichsu_12/lichsu_12.pdf_61.jpg.txt"", ""data/corpus/lichsu_12/lichsu_12.pdf_62.jpg.txt"", ""data/corpus/lichsu_12/lichsu_12.pdf_63.jpg.txt"", ""data/corpus/lichsu_12/lichsu_12.pdf_64.jpg.txt""]","như mọi cuộc chiến tranh hoặc xung được đột quân sư ở các khu vực trên thế giới, với những hình thức và mức độ khác nhau đều liên quan tới sự ?đối đầu hai cưc Xô - Mi. chính sách đối ngoại của Mĩ 2 VÀ THI - XU THẾ HOÀ HOÁN ĐÔNG - TÂY VÀ CHIẾN TRANH LẠNH CHÂM DỨT Từ đầu những năm 70 của thế kỉ XX, xu hướng hoà hoãn Đông - Tây đã xuất hiên với những cuộc gáp gỡ thương lương Xô ? Mi, mặc dù còn những diễn biển phức tap. Trên cơ sở những thoa thuân Xô ? Mi, ngày 9 - 11 - 1972, hai nước Công hoà Dân ",,,,,
entity,lichsu_10_s195_003:e5,Concept,xe ô tô,Phương tiện được đưa vào sử dụng nhờ phát minh ra động cơ đốt trong.,xe ô tô được đưa vào sử dụng nhờ phát minh ra động cơ đốt trong,0.95,[],lichsu_10_s195_003,lichsu_10,Bài,ĐÊ QUỐC CHỦ NGHĨA,"[167, 168, 169, 170, 171, 172]","[""data/corpus/lichsu_10/lichsu_10.pdf_167.jpg.txt"", ""data/corpus/lichsu_10/lichsu_10.pdf_168.jpg.txt"", ""data/corpus/lichsu_10/lichsu_10.pdf_169.jpg.txt"", ""data/corpus/lichsu_10/lichsu_10.pdf_170.jpg.txt"", ""data/corpus/lichsu_10/lichsu_10.pdf_171.jpg.txt"", ""data/corpus/lichsu_10/lichsu_10.pdf_172.jpg.txt""]","ệu mới cho giao thông vận tải. Công nghiệp hoá học ra đời phục vụ ngành nhuộm, phân bón và thuốc nổ. Việc phát minh ra máy điên tín (giữa thế kỉ XIX) giúp cho liên lạc ngày càng The trong xa và nhanh. Cuối thế kỉ XIX, xe ô tô được đưa vào sử dụng nhờ phát minh ra động cơ đốt trong Tháng 12 - 1903, với chuyến bay thử của hai anh em người Mĩ (trên chuyến bay do họ chế tạo nhờ sức mạnh của một động cơ chạy bằng xăng), ngành hàng không đã ra đời. Nông nghiệp cũng có bước thi tiến đáng kể nhờ sử dụng",,,,,
entity,lichsu_10_s63_001:e6,Concept,Người tối cổ,đã tiến hoá thành Người tinh khôn,Người tối cổ đã tiến hoá thành Người tinh khôn,0.95,[],lichsu_10_s63_001,lichsu_10,Bài,VIỆT NAM THỜI NGUYÊN THUÝ,"[68, 70]","[""data/corpus/lichsu_10/lichsu_10.pdf_68.jpg.txt"", ""data/corpus/lichsu_10/lichsu_10.pdf_70.jpg.txt""]","trên các lĩnh vực tôn giáo, tư tưởng, văn hoá, nghệ thuật... Thế kỉ XV - XVI là giai đoạn hậu kì trung đại, giai đoạn suy vong của chế độ phong kiến và chuẩn bị cho sự ra đời của chủ nghĩa tư bản. VIỆT NAM THỜI NGUYÊN THUÝ Cách ngày nay 30 - 40 vạn năm, do có điều kiện tự nhiên, khí hậu thuận lợi cho sự sinh trưởng củ và động vật nên trên đất nước ta sớm có con người sinh sống. Trải Nha qua hàng chục vạn năm, Người tối cổ đã tiến hoá thành Người tinh khôn, xã hội nguyên thuý ở Việt Nam chuyển th",,,,,
entity,lichsu_10_s50_002:e3,Concept,nông nô,"Nô lệ và nông dân biến thành nông nô, phụ thuộc vào các lãnh chúa.","nô lệ và nông dân và thì biến thành nông nô, phụ thuộc vào các lãnh chúa",0.95,[],lichsu_10_s50_002,lichsu_10,Bài,PHONG KIẾN Ở TÂY ÂU,"[50, 51, 52, 55, 56]","[""data/corpus/lichsu_10/lichsu_10.pdf_50.jpg.txt"", ""data/corpus/lichsu_10/lichsu_10.pdf_51.jpg.txt"", ""data/corpus/lichsu_10/lichsu_10.pdf_52.jpg.txt"", ""data/corpus/lichsu_10/lichsu_10.pdf_55.jpg.txt"", ""data/corpus/lichsu_10/lichsu_10.pdf_56.jpg.txt""]","ho các quý tộc và nhà thờ. Tầng lớp quý tộc tăng lữ được hình thành. Thế là cùng với các quý tộc vũ sĩ và quan lại, quý tộc tăng lữ cũng dần trở thành tầng lớp riêng, vừa có đặc quyền vừa rất giàu có. Họ trở thành các lãnh chúa phong kiến, còn nô lệ và nông dân và thì biến thành nông nô, phụ thuộc vào các lãnh chúa, Quan hệ sản xuất phong thiến kiến ở châu Âu đã được hình thành. Quá trình này diễn ra rõ nét và mạnh mẽ nhất ở Vương quốc Phơ-răng Khi tràn vào lãnh thổ Rô-ma, người Giéc-man đã làm ",,,,,
entity,lichsu_10_s229_001:e3,Concept,đế quốc chủ nghĩa,Giai đoạn phát triển của nước Nga cuối thế kỉ XIX - đầu thế kỉ XX.,chuyển sang giai đoạn đế quốc chủ nghĩa,0.8,[],lichsu_10_s229_001,lichsu_10,Bài,1. Tĩnh hình nước Nga trước cách mạng,"[200, 201, 202]","[""data/corpus/lichsu_10/lichsu_10.pdf_200.jpg.txt"", ""data/corpus/lichsu_10/lichsu_10.pdf_201.jpg.txt"", ""data/corpus/lichsu_10/lichsu_10.pdf_202.jpg.txt""]","hôi, đồng thời khắng đinh vị định vai trò của giai cấp công nhân và Đảng tiên phong của lực lương này nhấn mạnh tầm quan trong của cuộc đấu tranh chính trị trong sự nghiệp giải phóng người lao đông B 1. Tĩnh hình nước Nga trước cách mạng Đến cuối thế kỉ XIX ? đầu thế kỉ XX, nước Nga chưa tiến hành cuộc cách người mạng tư sản nhưng đã chuyển sang giai đoạn đế quốc chủ nghĩa. Kinh tế công thuy thương nghiệp phát triển cùng với sự xuất hiện của các công tỉ độc quyền. Nền công nghiệp mở rộng với quy",,,,,
entity,lichsu_11_s72_bai16_sec3_001:e4,Concept,chính sách khai thác và bóc lột thuộc địa,chính sách của thực dân phương Tây tác động đến Đông Nam Á,chính sách khai thác và bóc lột thuộc dia của thực dân phương Tây,0.9,[],lichsu_11_s72_bai16_sec3_001,lichsu_11,Bài 16,TI TÌNH HÌNH CÁC NƯỚC ĐÔNG NAM Á SAU CHIẾN TRANH THỨ NHẤT,"[83, 84, 85]","[""data/corpus/lichsu_11/lichsu_11.pdf_83.jpg.txt"", ""data/corpus/lichsu_11/lichsu_11.pdf_84.jpg.txt"", ""data/corpus/lichsu_11/lichsu_11.pdf_85.jpg.txt""]","hiện phong trào đấu tranh của một lực lượng mới - giai cấp vô sản. Giai cấp vô sản trẻ tuổi bắt đầu bước lên vũ đài chính trị, mở ra triển vọng mới cho phong trào giải phóng dân tộc ở Đông Nam Á. TI TÌNH HÌNH CÁC NƯỚC ĐÔNG NAM Á SAU CHIẾN TRANH THỨ NHẤT 1 Tình hình kến tế, chính trị, xã hội Sau Chiến tranh thế giới thứ nhất, chính sách khai thác và bóc lột thuộc dia của thực dân phương Tây đã tác động mạnh mẽ đến tình hình các nước Đông Nam A Những chuyển biển quan trong về kinh tế, chính trị, x",,,,,
entity,lichsu_10_s70_001:e6,Concept,văn hoá Đông Sơn,Giai đoạn văn hóa có công cụ lao động bằng đồng thau phổ biến và bắt đầu có công cụ bằng sắt,văn hoá Đông Sơn,0.9,[],lichsu_10_s70_001,lichsu_10,Bài,1. Quốc gia Văn Lang ? Au Lạc,"[74, 75, 76]","[""data/corpus/lichsu_10/lichsu_10.pdf_74.jpg.txt"", ""data/corpus/lichsu_10/lichsu_10.pdf_75.jpg.txt"", ""data/corpus/lichsu_10/lichsu_10.pdf_76.jpg.txt""]","sống trên đất nước ta đã biết sử dụng kim loại để chế tạo các vật dụng, Nghề nông trồng lúa nước trở nên phổ biến. Trên cơ sở đó đã hình thành các quốc gia cổ đại: Văn Lang Âu Lạc, Cham-pa, Phù Nam 1. Quốc gia Văn Lang ? Au Lạc Vào thời gian đầu của văn hoá Đông Sơn(?) các công cụ lao động bằng đồng thau trở nên phổ biến và bắt đầu có công cụ bằng sắt, Nhờ vậy, vùng châu thổ sông Hồng, sông Mã, sông Cả được khai phá thành những cánh đồng màu mõ, có nền kinh tế nông nghiệp trồng lúa nước, dùng cà",,,,,
entity,lichsu_10_s101_001:e9,Concept,độc lập dân tộc,nền độc lập được giữ vững,giữ vững nền độc lập dân tộc,0.9,[],lichsu_10_s101_001,lichsu_10,Bài,CHÔNG NGOAI XÂM Ở CÁC,"[94, 95, 96]","[""data/corpus/lichsu_10/lichsu_10.pdf_94.jpg.txt"", ""data/corpus/lichsu_10/lichsu_10.pdf_95.jpg.txt"", ""data/corpus/lichsu_10/lichsu_10.pdf_96.jpg.txt""]","dân. Nhiều cuộc đấu tha tranh của nông dân đã bùng lên, nhất là vào cuối thế kỉ XIV. Nhà Trần suy vong Tề tướng Hồ Quý Ly thực hiện một cuộc cải cách lớn để cứu văn tình thế ? nhà Hồ được thành lập CHÔNG NGOAI XÂM Ở CÁC THẾ KỈ X - XV Trong những thế kỉ xây dựng đất nước, nhân dân ta vẫn phải liên tục tiến hành các cuộc kháng chiến chống ngoại xâm. Với lòng yêu nước nồng nàn, với tinh thần chiến đấu kiên cường, anh dũng, nhân dại Việt đã làm nên biết bao chiến thắng huy hoàng, giữ vững nền độc lậ",,,,,
entity,lichsu_12_s200_bai18_sec6_001:e12,Concept,Kháng chiến nhất định thắng lợi,"Tác phẩm của Tổng Bí thư Trường Chinh, nêu rõ đường lối kháng chiến.",tác phẩm Kháng chiến nhất định thắng lợi (9 ? 1947),0.95,[1947],lichsu_12_s200_bai18_sec6_001,lichsu_12,Bài 18,"12 - 12 - 1946, Ban Thường vu Trung ương Đảng ra Chỉ thì Toàn dân kháng chiến","[130, 131]","[""data/corpus/lichsu_12/lichsu_12.pdf_130.jpg.txt"", ""data/corpus/lichsu_12/lichsu_12.pdf_131.jpg.txt""]","2. Đường lối kháng chiến chống Pủá Đảng Tình thế khẩn cấp dòi hỏi Đảng và Chính phủ ta phải có quyết định kip thời. Ngày 12 - 12 - 1946, Ban Thường vu Trung ương Đảng ra Chỉ thì Toàn dân kháng chiến Đáp lại tối hậu thư của Pháp, trong hai ngày 18 và 19 - 12 - 1946, Hội nghi bất thường Ban Thường vụ Trung ương Đảng Công sản Đông Dương mở rông, họp tai Van Phúc (Hà Đông), đã quyết định phát động cả nước kháng chiến Khoảng 20 giờ ngày 19 - 12 - 1946, công nhân Nhà máy điên Yên Phu (Hà Nôi) phá máy,",,,,,
entity,lichsu_12_s106_bai10_sec3_001:e1,Concept,Chiến tranh lạnh,Chiến tranh lạnh chấm dứt,Chiến tranh lanh chấm dứt,0.95,[],lichsu_12_s106_bai10_sec3_001,lichsu_12,Bài 10,VÀ XU THẾ TOÀN CẦU HOA SAU THẾ KÍ XÍ,"[64, 65, 66]","[""data/corpus/lichsu_12/lichsu_12.pdf_64.jpg.txt"", ""data/corpus/lichsu_12/lichsu_12.pdf_65.jpg.txt"", ""data/corpus/lichsu_12/lichsu_12.pdf_66.jpg.txt""]","trị thế giới và cả trong quan hê quốc tế Ngày nay, các quốc gia - dân lộc vừa có những thời cơ phát triển thuân lợi, vừa phải đối mặt với những thách thức va cùng gay gắt. Chiến tranh lanh chấm dứt VÀ XU THẾ TOÀN CẦU HOA SAU THẾ KÍ XÍ Từ những năm 40 của thế ki XX, trên thế giới đã diễn ra cuốc cách mang khoa hoc ? kĩ thuật đã đưa lai biết bao thành lưu ki diệu và những đổi thay to lớn trong đời sống nhân loại Nền văn minh thế giới có những bước nhảy vọt mới",,,,,
entity,lichsu_10_s175_001:e3,Concept,chủ nghĩa tư bản,hệ thống kinh tế phát triển ở Bắc Mĩ,chủ nghĩa tư bản phát triển ở Bắc Mĩ,0.95,[],lichsu_10_s175_001,lichsu_10,Bài,1. Sự phát triển của chủ nghĩa tư bản ở Bắc Mĩ. Nguyên nhân,"[146, 147]","[""data/corpus/lichsu_10/lichsu_10.pdf_146.jpg.txt"", ""data/corpus/lichsu_10/lichsu_10.pdf_147.jpg.txt""]","một cuộc chiến tranh giải phóng nhằm lật đồ sự thống trị của chính quyền thực dân Anh mở đường cho chủ nghĩa tư bản phát triển ở Bắc Mĩ, dẫn đến sự ra đời của một quốc gia mới - Hợp chúng quốc Mi. 1. Sự phát triển của chủ nghĩa tư bản ở Bắc Mĩ. Nguyên nhân bũng nổ chiến tranh Sau phát kiến của Cri xtốp Cô-lôm bô, nhiều người dân châu Âu di cư sang vùng Bắc Mi. Đến nửa đầu thế kỉ XVIII, người Anh đã lập được 13 thuộc địa dọc theo bờ Đại Tây Dương ở Bắc Mĩ với số dân khoảng 1,3 triều người CCA NA ",,,,,
entity,lichsu_12_s107_bai10_sec4_002:e4,Concept,sinh sản vô tính,Phương pháp tạo ra cừu Đôli.,phương pháp sinh sản vô tính,0.95,[],lichsu_12_s107_bai10_sec4_002,lichsu_12,Bài 10,CUỘC CÁCH MẠNG KHOA HỌC - CÔNG NGHỆ,"[66, 67, 68, 69]","[""data/corpus/lichsu_12/lichsu_12.pdf_66.jpg.txt"", ""data/corpus/lichsu_12/lichsu_12.pdf_67.jpg.txt"", ""data/corpus/lichsu_12/lichsu_12.pdf_68.jpg.txt"", ""data/corpus/lichsu_12/lichsu_12.pdf_69.jpg.txt""]","u kì diêu Trong lĩnh vực khoa hoc cơ bản, loài người đã đạt được những thành tựu hết sức to lớn những bước nhảy vọt chưa từng thấy trong Thịch sử các ngành Toán học, Vật lí học, Hoá học, Sinh học v.v. Dưa vào những phát minh lớn của các ngành khoa học cơ bán, con người đã ưng dung cải tiến kĩ thuật phuc vu sản xuất và cuộc sống cua mình Sư kiên gây chân đông lớn trong dư luan thế giới là tháng 3 - 1997, các nhà khoa học đã tao ra được con cừu Đôli bằng pháp đời bằng phương pháp sinh sản vô tính ",,,,,
entity,lichsu_12_s88_bai8_sec2_002:e2,Concept,thủ tiêu chế độ tập trung kinh tế,"Một trong ba cuộc cải cách lớn của SCAP, giải tán các ""Daibatxu""","thủ tiêu chế độ tập thu nghi trung kinh tế, trước hết là giải lán các ""Daibatxu""",0.95,[],lichsu_12_s88_bai8_sec2_002,lichsu_12,Bài 8,NHẬT BẢN TỪ NĂM 1945 ĐẾN NĂM 1952,"[52, 53]","[""data/corpus/lichsu_12/lichsu_12.pdf_52.jpg.txt"", ""data/corpus/lichsu_12/lichsu_12.pdf_53.jpg.txt""]","ỉ có lực lương phòng về dân sự bảo đảm an ninh, trong nước Về kinh tế, SCAP đã thực hiên ba cuộc cải cách lớn : một là, thủ tiêu chế độ tập thu nghi trung kinh tế, trước hết là giải lán các ""Daibatxu? (lức là các tập đoàn, công ti lung nhi bản lũng đoạn còn mang nhiều tính chất dòng tộc), hai là, cải cách ruộng đất, quy đinh địa chủ chỉ được sở hữu không quá 3 hécta ruộng, số còn lại Chính phủ đem nguy nha bán cho nông dân , ba là, dân chủ hoá lao đông (thông qua việc thực hiên các dao luật về l",,,,,
entity,lichsu_10_s207_001:e2,Concept,giai cấp tư sản,"Một trong hai lực lượng lớn đối lập nhau về quyền lợi trong xã hội tư bản, bao gồm chủ xưởng, chủ nhà máy, chủ hãng buôn, chủ đồn điền.",giai cấp tư sản,0.95,[],lichsu_10_s207_001,lichsu_10,Bài,1. Sự ra đời và tình cảnh của giai cấp vô sản công nghiệp,"[183, 184, 185]","[""data/corpus/lichsu_10/lichsu_10.pdf_183.jpg.txt"", ""data/corpus/lichsu_10/lichsu_10.pdf_184.jpg.txt"", ""data/corpus/lichsu_10/lichsu_10.pdf_185.jpg.txt""]","lớn mạnh cùng với sự hình thi thành và phát triển của chủ nghĩa tư bản. Dối lập về quyền lợi, mâu thuẫn giữa tư sản với công nhân đã nảy sinh, dẫn đến những cuộc đấu tranh giai cấp ngày càng gay gắt 1. Sự ra đời và tình cảnh của giai cấp vô sản công nghiệp Những cuộc đầu tranh đầu tiên Chủ nghĩa tư bản ra đời và phát triển, xã hội ngày càng phân chia thành hai lực lượng lớn, đối lập nhau về mặt quyền lợi : giai cấp tư sản và giai cấp vô sản Giai cấp tư sản hình thành bao gồm những chủ xưởng, chủ",,,,,
entity,lichsu_11_s50_bai12_sec1_001:e2,Concept,trật tự thế giới mới,trật tự thế giới mới được Hội Quốc liên duy trì,trì trật tự thế giới mới,0.8,[],lichsu_11_s50_bai12_sec1_001,lichsu_11,Bài 12,Bài 12,"[59, 60, 64]","[""data/corpus/lichsu_11/lichsu_11.pdf_59.jpg.txt"", ""data/corpus/lichsu_11/lichsu_11.pdf_60.jpg.txt"", ""data/corpus/lichsu_11/lichsu_11.pdf_64.jpg.txt""]","trì trật tự thế giới mới, Hội Quốc liên - một tổ chức chính tri mang tính quốc tế đầu tiên ? được thành lập với sự tham gia của 44 nước thành viên CHÂU ÂU NĂM 1914 CHÂU ÂU NĂM 1923 ĐẠI DAI TA UON UCN Bài 12 (1918 1939) Trong khoảng 10 năm đầu sau chiến tranh (1918 1929), nước Đức đã the khắc phục được tình trạng khủng hoảng về kinh tế và chính trị, bước vào thời kì ổn định ngắn ngủi (1924 - 1929), Trong 10 năm sau đó (1929 1939), cuộc khủng hoảng kinh tế thế giới đã dẫn tới việc những người theo",,,,,
entity,lichsu_10_s64_001:e8,Concept,Người tinh khôn,Loài người đã tiến hóa từ Người tối cổ.,Người tối cổ đã tiến hoá thành Người tinh khôn,0.95,[],lichsu_10_s64_001,lichsu_10,Bài,1. Những dẫu tích Người tối cổ ở Việt Nam,"[70, 71]","[""data/corpus/lichsu_10/lichsu_10.pdf_70.jpg.txt"", ""data/corpus/lichsu_10/lichsu_10.pdf_71.jpg.txt""]","người sinh sống. Trải Nha qua hàng chục vạn năm, Người tối cổ đã tiến hoá thành Người tinh khôn, xã hội nguyên thuý ở Việt Nam chuyển thi tridun qua các giai đoạn hình thành, phát triển và tan rã hai 1. Những dẫu tích Người tối cổ ở Việt Nam Trên đất nước ta, các nhà khảo cổ học đã tìm thấy dấu tích Người tối cổ có nhiền đại cách ngày nay 30 ? 40 vạn năm và nhiều công cụ đá ghè đềo thô sơ của Người tối cổ ở Lạng Sơn, Thanh Hoá, Đồng Nai, Bình Phước v.v Người tối cổ sống thành từng bầy, Họ săn bắ",,,,,
entity,lichsu_10_s183_001:e4,Concept,chính quyền quân chủ,Chính quyền bị lật đổ bởi Cách mạng tư sản Pháp.,chính quyền quân chủ,0.8,[],lichsu_10_s183_001,lichsu_10,Bài,III Ý NGHĨA CỦA CÁCH MẠNG TƯ SẢN PHÁ KỈ XVIII,"[153, 154, 155, 158]","[""data/corpus/lichsu_10/lichsu_10.pdf_153.jpg.txt"", ""data/corpus/lichsu_10/lichsu_10.pdf_154.jpg.txt"", ""data/corpus/lichsu_10/lichsu_10.pdf_155.jpg.txt"", ""data/corpus/lichsu_10/lichsu_10.pdf_158.jpg.txt""]","viên quân tình nguyên. Hưởng ứng lời kêu gọi, hàng vạn ""thi quần chúng tự vũ trang tiến về Parri, hát vang bài ""Mácxâye"" () đầy khí thế "" chiến đấu. Cách mạng Pháp phát triển sang giai đoạn mới. R fl III Ý NGHĨA CỦA CÁCH MẠNG TƯ SẢN PHÁ KỈ XVIII Các háp cách mạng tư sản Pháp cuối thế kỉ XVIII đã lật đổ chế độ phong kiến chuyên các thi chế từng thống trị nước Pháp trong nhiều thế kỉ, hoàn thành các nhiệm vụ của một cuộc cách mạng tư sản : lật đổ chính quyền quân chế, thủ tiêu 19 the moi tàn dư ph",,,,,
entity,lichsu_12_s312_bai26_sec7_002:e4,Concept,công nghiệp tăng bình quân hàng năm,"công nghiệp là 13,5%","công nghiệp là 13,5%",0.85,[],lichsu_12_s312_bai26_sec7_002,lichsu_12,Bài 26,Nam A (ASEAN),"[209, 210, 211, 212, 213, 214, 215, 216]","[""data/corpus/lichsu_12/lichsu_12.pdf_209.jpg.txt"", ""data/corpus/lichsu_12/lichsu_12.pdf_210.jpg.txt"", ""data/corpus/lichsu_12/lichsu_12.pdf_211.jpg.txt"", ""data/corpus/lichsu_12/lichsu_12.pdf_212.jpg.txt"", ""data/corpus/lichsu_12/lichsu_12.pdf_213.jpg.txt"", ""data/corpus/lichsu_12/lichsu_12.pdf_214.jpg.txt"", ""data/corpus/lichsu_12/lichsu_12.pdf_215.jpg.txt"", ""data/corpus/lichsu_12/lichsu_12.pdf_216.jpg.txt""]","ao tích luỹ từ nội bộ nền kinh tế b) Chuyển biến tiến bộ và khó khăn, hạn chế của công cuộc đổi mới(1) Trong 5 năm, GDP tăng bình quân hàng năm là 7% , công nghiệp là 13,5% ""Chiến mông nghiệp là 5,7%. Lương thực bình quân đầu người tăng từ 360 kg (1995) lên"" 444 kg (2000), Nông nghiệp phát triển liên tục, góp phần quan trọng vào mức tăng trưởng chung và giữ vững ổn định kinh tế - xã hội. Cơ cấu các ngành kinh tế từng bước chuyển dịch theo hướng công nghiệp hoá, hiện đại hoá. Hoạt đông xuất, nhập",,,,,
entity,lichsu_10_s178_001:e4,Concept,chế độ phong kiến,Chế độ bị xóa bỏ bởi Cách mạng tư sản Pháp,chế độ phong kiến,0.95,[],lichsu_10_s178_001,lichsu_10,Bài,CUỐI THẾ KỈ XVIII,"[146, 147, 151]","[""data/corpus/lichsu_10/lichsu_10.pdf_146.jpg.txt"", ""data/corpus/lichsu_10/lichsu_10.pdf_147.jpg.txt"", ""data/corpus/lichsu_10/lichsu_10.pdf_151.jpg.txt""]","nước khác và cư dân ở đây không được khai hoang những vùng đất ở miền Tây, Những chính sách đó đã làm tổn hại đến quyền lợi của nhân dân thuộc địa, gây nên sự phản tứcg mạnh mẽ trong lớp nhân dân. B CUỐI THẾ KỈ XVIII Cách mạng tư sản Pháp cuối thế kỉ XVIII là một cuộc cách mạng xã hội sâu rộng. Nó đã xoá bỏ chế độ phong kiến, mở đường cho chủ nghĩa tư bản phát triển ở Pháp, góp phần đẩy mạnh cuộc đấu tranh chống phong kiến ở châu Âu. Quần chúng nhân dân là động lực chủ yếu thúc đầy cách mạng tiế",,,,,
entity,lichsu_12_s230_bai20_sec10_003:e5,Concept,quyền dân tộc cơ bản,"độc lập, chủ quyền, thống nhất và toàn vẹn lãnh thổ","các quyền dân tộc cơ bản là độc Thiếng lập, chủ quyền, thống nhất và toàn ven lãnh thổ",0.9,[],lichsu_12_s230_bai20_sec10_003,lichsu_12,Bài 20,HOÀ BÌNH Ở ĐỒNG DƯƠNG,"[151, 152, 153, 154, 155]","[""data/corpus/lichsu_12/lichsu_12.pdf_151.jpg.txt"", ""data/corpus/lichsu_12/lichsu_12.pdf_152.jpg.txt"", ""data/corpus/lichsu_12/lichsu_12.pdf_153.jpg.txt"", ""data/corpus/lichsu_12/lichsu_12.pdf_154.jpg.txt"", ""data/corpus/lichsu_12/lichsu_12.pdf_155.jpg.txt""]","dinh Gionevơ Chinh Hiệp đinh Giơnevơ năm 1954 về Đông Dương bao gôm các văn bản - Hiệp đinh đình chỉ chiến sự ở Việt Nam, Lào, Campuchia , Bản tuyên bố cuối cùng của Hội nghị và các phụ bản khác v.v. Nôi dung Hiếp đinh Giơnevơ quy đinh - Các nước tham dự Hội nghi cam kết tôn trong các quyền dân tộc cơ bản là độc Thiếng lập, chủ quyền, thống nhất và toàn ven lãnh thổ của ba nước Viết Nam, Lào, Campuchia , cam kết không can thiệp vào công việc nôi bô của ba nước - Các bên tham chiến thưc hiên ngừn",,,,,
entity,lichsu_12_s108_bai10_sec5_002:e7,Concept,GDP thế giới,Tổng sản phẩm quốc nội của thế giới.,GDP thế giới,0.95,[],lichsu_12_s108_bai10_sec5_002,lichsu_12,Bài 10,VII - XU THẾ TOÀN CẦU HOÁ VÀ ẢNH HƯỚNG CỦA NÓ,"[66, 67, 68, 69, 70]","[""data/corpus/lichsu_12/lichsu_12.pdf_66.jpg.txt"", ""data/corpus/lichsu_12/lichsu_12.pdf_67.jpg.txt"", ""data/corpus/lichsu_12/lichsu_12.pdf_68.jpg.txt"", ""data/corpus/lichsu_12/lichsu_12.pdf_69.jpg.txt"", ""data/corpus/lichsu_12/lichsu_12.pdf_70.jpg.txt""]","ác kinh tế châu Á - Thái Bình Dương (APEC), Diễn đàn hợp tác Á - Âu (ASEM) V.V Các tổ chức này có vai trò ngày càng quan trong trong việc giải quyết những vấn để kinh tế chung của thế giới và khu vực. Là Là Kết quá của quá trình tang tiến manh mễ của lực lương sản xuất, toàn cầu hoá là xu thế khách quan, là một thực tế không thể đảo ngược được, Nó có mặt tích cực và mặt tiêu cực, nhất là đối với các nước đang phát triển Về mặt tích cực, đó là thúc đẩy rất manh, rất nhanh sự phát triển và xã hôi ",,,,,
entity,lichsu_11_s51_bai12_sec2_002:e7,Concept,khủng hoảng kinh tế và chính trị sau chiến tranh,Tình trạng mà nước Đức đã vượt qua được,thời kì khúng hoàng kinh lễ và chính trị sau chiến tranh,0.8,[],lichsu_11_s51_bai12_sec2_002,lichsu_11,Bài 12,NHỚC ĐỨC TRONG NĂM 1918 - 1929,"[64, 65]","[""data/corpus/lichsu_11/lichsu_11.pdf_64.jpg.txt"", ""data/corpus/lichsu_11/lichsu_11.pdf_65.jpg.txt""]","g của công nhân Hám buốc tháng 10 - 1923 là âm hưởng cuối cùng của con bão táp cách mạng và ở Đức Tình hình nước Đức trong những năm 1918 - 1923 có những điểm nào nổi bật ? - Hình 32 nói lên điều gì ? 2 Những năm ổn định tạm thời (1929) Các Cuối năm 1923, nước Đức đã vượt qua được thời kì khúng hoàng kinh lễ và chính trị sau chiến tranh, Chính quyền tư sản đã đẩy lùi phong trào cách mạng của quần chúng, từng bước khắc phục tình trang hồn loạn về tài chính, tạo đà cho nền kinh tế khoi phục và phá",,,,,
entity,lichsu_10_s217_001:e6,Concept,đại công nghiệp tư bản chủ nghĩa,Nền công nghiệp phát triển mạnh mẽ giữa thế kỉ XIX.,sự phát triển mạnh mẽ của nền đại công nghiệp tư bản chủ nghĩa,0.95,[],lichsu_10_s217_001,lichsu_10,Bài,1. Hoàn cảnh ra đời,"[188, 189, 192]","[""data/corpus/lichsu_10/lichsu_10.pdf_188.jpg.txt"", ""data/corpus/lichsu_10/lichsu_10.pdf_189.jpg.txt"", ""data/corpus/lichsu_10/lichsu_10.pdf_192.jpg.txt""]","1844 đến năm 1847, những tác phẩm của Mác và Áng-ghen cho thấy chiến thi sự chín muồi về những quan điểm triết học, kinh tế ? chính trị học và chủ nghĩa xã hội khoa học, từng bước hình thuyết Mác. B 1. Hoàn cảnh ra đời Giữa thế kỉ XIX, sự phát triển mạnh mẽ của nền đại công nghiệp tư bản chủ nghĩa làm cho đội ngũ công nhân càng thêm đông đảo và tập trung tới mức độ khá cao, đặc biệt ở những trung tâm công nghiệp. Ach áp bức, bóc lột đối với công nhân cũng tăng thêm, Do đó, những cuộc đấu tranh m",,,,,
entity,lichsu_12_s23_bai2_sec4_002:e4,Concept,các nước xã hội chủ nghĩa,Các nước được Liên Xô giúp đỡ,giúp đờ các nước xã hội chủ nghĩa,0.95,[],lichsu_12_s23_bai2_sec4_002,lichsu_12,Bài 2,THI LIÊN XÔ VÀ CÁC NƯỚC ĐÔNG ÂU TỪ NĂM 1945 ĐẾN GIỮA NHỮNG NĂM 7000,"[10, 11, 12]","[""data/corpus/lichsu_12/lichsu_12.pdf_10.jpg.txt"", ""data/corpus/lichsu_12/lichsu_12.pdf_11.jpg.txt"", ""data/corpus/lichsu_12/lichsu_12.pdf_12.jpg.txt""]","h phục vũ tru của loài người Về xã hội, đất nước Liên Xô cũng có IN nhiều biến đoi. Tỉ lệ công nhân chiếm hơn L 55% số người lao động cả nước. Trình độ học vấn của người dân không ngùng được nâng cao. Về đối ngoại, Liên Xô thực hiên chính sách bảo về hoà bình thế giới, ủng hộ phong trào giải phóng dân tộc và giúp đờ các nước xã hội chủ nghĩa. 2.Các nước Đông Âu a) Sự ra đời các nhà nước dân chủ nhân dân Đông Âu Trong những năm 1944, cùng với cuộc tiến công truy kích qộâ phát xít của Hồng quân Li",,,,,
entity,lichsu_10_s57_001:e7,Concept,thời kì xã hội nguyên thuỷ,một thời kì lớn của lịch sử loài người,thời kì xã hội nguyên thuỷ,0.9,[],lichsu_10_s57_001,lichsu_10,Bài,CỔ ĐẠI VÀ TRUNG ĐẠI,"[60, 61, 62, 66]","[""data/corpus/lichsu_10/lichsu_10.pdf_60.jpg.txt"", ""data/corpus/lichsu_10/lichsu_10.pdf_61.jpg.txt"", ""data/corpus/lichsu_10/lichsu_10.pdf_62.jpg.txt"", ""data/corpus/lichsu_10/lichsu_10.pdf_66.jpg.txt""]","Trong quan hệ phong kiến và sự ra đời của chủ nghĩa tư bản ở châu Âu. Tuy nhiên cùng với những yếu tố tích cực, các cuộc phát kiến địa lí đã nảy sinh quá trình cướp bóc thuộc địa và buôn bán nô lệ. B CỔ ĐẠI VÀ TRUNG ĐẠI Đến đây, chúng ta đã biết ba thời kì lớn của lịch sử loài người : thời kì xã hội nguyên thuỷ, thời kì cổ đại và thời kì phong kiến (còn được gọi là thời trung đại)",,,,,
entity,lichsu_11_s6_001:e3,Concept,cách mạng tư sản,Ý nghĩa của cuộc Duy tân Minh Trị.,có ý nghĩa như một cuộc cách mạng tư sản,0.95,[],lichsu_11_s6_001,lichsu_11,Bài,Bài,"[4, 5, 6]","[""data/corpus/lichsu_11/lichsu_11.pdf_4.jpg.txt"", ""data/corpus/lichsu_11/lichsu_11.pdf_5.jpg.txt"", ""data/corpus/lichsu_11/lichsu_11.pdf_6.jpg.txt""]","Bài NHẬT BẢN Cuộc Duy tân Minh Trị năm 1868 có ý nghĩa như một cuộc cách mạng tư sản, đã đưa Nhật Bản phát triển theo con đường của các nước phương Tây và trở thành một nước đế quốc duy nhất ở châu Á. 1 Nhật Bản từ đầu thế kỉ XIX đến trước năm 1868 Đên giữa thế kỉ XIX, sau hơn 200 năm thống trị, chế độ Mac phủ Tô-ku-ga-oa ở Nhật Bản, đứng đầu là Sôgun (Tướng quân), đã lâm vào tình trang khủng hoảng suy yếu nghiêm trong, Đây là thời kì trong lòng xã hội phong kiến Nhật Bản chứa dưng nhiều mâu thu",,,,,
entity,lichsu_11_s140_bai24_sec6_003:e9,Concept,văn minh tân học,Khái niệm được các sĩ phu yêu nước cổ súy,văn minh tân học,0.9,[],lichsu_11_s140_bai24_sec6_003,lichsu_11,Bài 24,SƠ KẾT LỊCH SỬ VIỆT NAM (1858 1918),"[152, 153, 154, 155, 156]","[""data/corpus/lichsu_11/lichsu_11.pdf_152.jpg.txt"", ""data/corpus/lichsu_11/lichsu_11.pdf_153.jpg.txt"", ""data/corpus/lichsu_11/lichsu_11.pdf_154.jpg.txt"", ""data/corpus/lichsu_11/lichsu_11.pdf_155.jpg.txt"", ""data/corpus/lichsu_11/lichsu_11.pdf_156.jpg.txt""]","XX, ở Viết Nam đã xuất hiên những những thành phần kinh lễ tư bán chủ nghĩa, dù còn non yếu, Thành thị mọc lên. Một số cơ sở công nghiệp ra đòi. Cơ cấu xã hội biến đông, một số tầng lớp mới xuất hiên. Giai cấp công nhân Viết Nam thời kì này văn đang trong giai đoạn tư phát Trong Tư sản và tiểu tư sản thành thị lớn lên cùng với sự này sinh các nhân tổ mới, song văn các thời chưa trở thành giai cấp thực thu, Mặc dù vây, các tâng lớp, đác biết là bông phận sĩ phu đang trên con đường tư sản hoá, đã ",,,,,
entity,lichsu_12_s125_bai12_sec8_002:e5,Concept,tư sản mại bản,"Một bộ phận của giai cấp tư sản Việt Nam, có quyền lợi gần với đế quốc và câu kết chặt chẽ với chúng.",tần mại bản có quyền và loi gần với để quốc nên câu kết chặt chế với chúng,0.9,[],lichsu_12_s125_bai12_sec8_002,lichsu_12,Bài 12,3. Những chuyến biến mới về kinh tế và giai cấp xã hội ở Việt Nam,"[77, 78, 79]","[""data/corpus/lichsu_12/lichsu_12.pdf_77.jpg.txt"", ""data/corpus/lichsu_12/lichsu_12.pdf_78.jpg.txt"", ""data/corpus/lichsu_12/lichsu_12.pdf_79.jpg.txt""]","dân tộc. Trong Giai cấp tư sản ra đời sau Chiến tranh thế giới thứ nhất, Phần đông họ là những người người trung gian làm thầu khoán, cung cấp nguyên vật liêu hay hàng hoá, . cho tư Thi binh bản Pháp. Khi kiếm được số vốn khá, ho đứng ra kinh doanh riêng và trở thành những nhà tư sản (như Bạch Thái Bươi, Nguyên Hữu) Giai cấp tư sản Viết Nam vừa mới ra đời đã bị tư bán Pháp chên ep, kìm hăm nên Thiến số lương ít, thể lực kinh tế yêu, không thể đương đầu với sự canh tranh của tư ban Pháp Dần dần, ",,,,,
entity,lichsu_11_s50_bai12_sec1_001:e9,Concept,chủ nghĩa phát xít,hệ tư tưởng mà những người theo đó đã lên nắm quyền sau cuộc khủng hoảng kinh tế thế giới,những người theo chủ nghĩa phát xít lên năm quyền,0.8,[],lichsu_11_s50_bai12_sec1_001,lichsu_11,Bài 12,Bài 12,"[59, 60, 64]","[""data/corpus/lichsu_11/lichsu_11.pdf_59.jpg.txt"", ""data/corpus/lichsu_11/lichsu_11.pdf_60.jpg.txt"", ""data/corpus/lichsu_11/lichsu_11.pdf_64.jpg.txt""]","trì trật tự thế giới mới, Hội Quốc liên - một tổ chức chính tri mang tính quốc tế đầu tiên ? được thành lập với sự tham gia của 44 nước thành viên CHÂU ÂU NĂM 1914 CHÂU ÂU NĂM 1923 ĐẠI DAI TA UON UCN Bài 12 (1918 1939) Trong khoảng 10 năm đầu sau chiến tranh (1918 1929), nước Đức đã the khắc phục được tình trạng khủng hoảng về kinh tế và chính trị, bước vào thời kì ổn định ngắn ngủi (1924 - 1929), Trong 10 năm sau đó (1929 1939), cuộc khủng hoảng kinh tế thế giới đã dẫn tới việc những người theo",,,,,
entity,lichsu_10_s60_001:e5,Concept,Chế độ phong kiến - trung đại,Chế độ xã hội mà các nước phương Đông chuyển sang sớm,Xã hội phong kiến - trung đại,0.95,[],lichsu_10_s60_001,lichsu_10,Bài,3. Xã hội phong kiến - trung đại,"[66, 67, 68]","[""data/corpus/lichsu_10/lichsu_10.pdf_66.jpg.txt"", ""data/corpus/lichsu_10/lichsu_10.pdf_67.jpg.txt"", ""data/corpus/lichsu_10/lichsu_10.pdf_68.jpg.txt""]","xã hội. nhiều Xã Xã hội chiếm nô phát triển cao và nhanh hơn xã hội cố đại phương Đông, bắt và ngày đầu khoảng gân 1000 năm TCN và châm dứt vào năm 476, đông thời cũng kết nhang thúc thời cổ đại. 3. Xã hội phong kiến - trung đại - Các nước phương Đông chuyển sang chế độ phong kối sớm; từ khoảng những thế kỉ cuối trước Công nguyên. Hình thành trong xã hội hai giai cấp địa chủ và nông dân lĩnh canh, phản ánh quan hệ bóc lột chủ yếu là bóc lột địa tô. Trong điều kiện đó, vua chuyên chế không mất đi",,,,,
entity,lichsu_10_s207_003:e4,Concept,phong trào đấu tranh của công nhân Đức,Phong trào đấu tranh sôi nổi của công nhân Đức sau này,phong trào đấu tranh sôi nổi cha của công nhân Đức sau này,0.95,[],lichsu_10_s207_003,lichsu_10,Bài,1. Sự ra đời và tình cảnh của giai cấp vô sản công nghiệp,"[183, 184, 185]","[""data/corpus/lichsu_10/lichsu_10.pdf_183.jpg.txt"", ""data/corpus/lichsu_10/lichsu_10.pdf_184.jpg.txt"", ""data/corpus/lichsu_10/lichsu_10.pdf_185.jpg.txt""]","Năm 1844, công nhân dệt vùng Sơ-lê din khởi nghĩa, phá huỷ nhà xưởng, Cuộc khởi nghĩa chiến không duy trì được lâu nhưng có tác dụng mở đầu phong trào đấu tranh sôi nổi cha của công nhân Đức sau này. 19 Những cuộc đấu tranh trên của giai cấp công nhân Anh, Pháp, Đức đều thất bại vì thiếu sự lãnh đạo đúng đần và chưa có đường lối chính trị rõ ràng, song đã đánh dấu sự trưởng thành của công nhân, tạo điều kiện quan trọng cho sự ra đời của lí luận khoa học sau này. B Những cuộc đấu tranh của công n",,,,,
entity,lichsu_11_s140_bai24_sec6_003:e2,Concept,phong trào yêu nước tiến bộ,Phong trào yêu nước mang màu sắc dân chủ tư sản ở Việt Nam,"một cuộc vân động yêu nước tiến bô, mang màu sắc dân chủ tư sản ở nước ta hôi đầu thế kỉ XX",0.9,[],lichsu_11_s140_bai24_sec6_003,lichsu_11,Bài 24,SƠ KẾT LỊCH SỬ VIỆT NAM (1858 1918),"[152, 153, 154, 155, 156]","[""data/corpus/lichsu_11/lichsu_11.pdf_152.jpg.txt"", ""data/corpus/lichsu_11/lichsu_11.pdf_153.jpg.txt"", ""data/corpus/lichsu_11/lichsu_11.pdf_154.jpg.txt"", ""data/corpus/lichsu_11/lichsu_11.pdf_155.jpg.txt"", ""data/corpus/lichsu_11/lichsu_11.pdf_156.jpg.txt""]","XX, ở Viết Nam đã xuất hiên những những thành phần kinh lễ tư bán chủ nghĩa, dù còn non yếu, Thành thị mọc lên. Một số cơ sở công nghiệp ra đòi. Cơ cấu xã hội biến đông, một số tầng lớp mới xuất hiên. Giai cấp công nhân Viết Nam thời kì này văn đang trong giai đoạn tư phát Trong Tư sản và tiểu tư sản thành thị lớn lên cùng với sự này sinh các nhân tổ mới, song văn các thời chưa trở thành giai cấp thực thu, Mặc dù vây, các tâng lớp, đác biết là bông phận sĩ phu đang trên con đường tư sản hoá, đã ",,,,,
entity,lichsu_10_s208_001:e1,Concept,chủ nghĩa xã hội không tưởng,"Lý luận khoa học ra đời sau này, xuất hiện đầu thế kỉ XIX, mong muốn xây dựng một chế độ xã hội tốt đẹp hơn không có tư hữu, không có bóc lột.",Chủ nghĩa xã hội không tưởng,0.95,[],lichsu_10_s208_001,lichsu_10,Bài,3. Chủ nghĩa xã hội không tưởng,"[183, 184, 185, 186, 187]","[""data/corpus/lichsu_10/lichsu_10.pdf_183.jpg.txt"", ""data/corpus/lichsu_10/lichsu_10.pdf_184.jpg.txt"", ""data/corpus/lichsu_10/lichsu_10.pdf_185.jpg.txt"", ""data/corpus/lichsu_10/lichsu_10.pdf_186.jpg.txt"", ""data/corpus/lichsu_10/lichsu_10.pdf_187.jpg.txt""]","đánh dấu sự trưởng thành của công nhân, tạo điều kiện quan trọng cho sự ra đời của lí luận khoa học sau này. B Những cuộc đấu tranh của công nhân Anh, Pháp, Đức hồi nửa đầu thế kỉ XIX phản ánh đình ? 3. Chủ nghĩa xã hội không tưởng Nghi thi Đầu thế kỉ XIX, chủ nghĩa tư bản đang trên đà phát triển, một mặt đã sản ""nhà như xuất ra một khối lượng sản phẩm đồ sộ và tốc độ ""đô thị hoá"""" tăng lên rất nhanh, người nhưng mặt khác cũng phơi bày những hạn chế của nó : sự bóc lột tàn nhần của nha và người ",,,,,
entity,lichsu_12_s293_bai24_sec3_001:e3,Concept,khắc phục hậu quả chiến tranh,Nhiệm vụ khắc phục hậu quả chiến tranh,khắc phục hâu quả chiến tranh,0.95,[],lichsu_12_s293_bai24_sec3_001,lichsu_12,Bài 24,"CỦA CUỘC KHÁNG CHIẾN CHÔNG MÌ, CỨU NƯỚC","[197, 199]","[""data/corpus/lichsu_12/lichsu_12.pdf_197.jpg.txt"", ""data/corpus/lichsu_12/lichsu_12.pdf_199.jpg.txt""]","trọng quốc tế to lớn và có tính thời đại sâu sắc"" (1) Đảng Cộng sản Việt Nam, Báo cáo chính trị của Ban Chấp hành Trung ương Đẳng tại Đại hội đai biểu toàn quốc lần thứ IV, NXB Sư thất, H. 5 6 6. CỦA CUỘC KHÁNG CHIẾN CHÔNG MÌ, CỨU NƯỚC NĂM 1975 Sau thắng lơi của cuốc kháng chiên chống Mi, cứu nước năm 1975 nhiêm vụ của cách mạng Việt Nam trong năm đầu là khắc phục hâu quả chiến tranh, khôi phuc và phát triển kinh lê hai miền hoàn thành thống nhất đất nước về mặt nhà nước",,,,,
entity,lichsu_12_s124_bai12_sec7_001:e5,Concept,"chính sách chính trị, văn hoá, giáo dục",Các chính sách được thực dân Pháp thi hành sau chiến tranh.,"Chính sách chính trị, văn hoá, giáo dục của thực dân Pháp",0.9,[],lichsu_12_s124_bai12_sec7_001,lichsu_12,Bài 12,"2. Chính sách chính trị, văn hoá, giáo dục của thực dân Pháp","[76, 77]","[""data/corpus/lichsu_12/lichsu_12.pdf_76.jpg.txt"", ""data/corpus/lichsu_12/lichsu_12.pdf_77.jpg.txt""]","toàn bộ nền kinh tế Đông Dương phát hành tiên giay và cho vay lài Thực dân Pháp còn thi hành các biên pháp tăng thuế, do vậy, ngân sách Đông Dương thu được năm 1930 tăng gấp ba lần so với năm 1912 2. Chính sách chính trị, văn hoá, giáo dục của thực dân Pháp Sau chiến tranh, cùng với việc đẩy manh khai thác thuộc địa, thực dân Pháp tăng cường chính sách cai trị ở Đông Dương, Bộ máy quân sự, cảnh sát, mật thám, nhà tù được tăng cường và hoạt động ráo riết Thực dân Pháp thi hành một vài cải cách ch",,,,,
entity,lichsu_12_s208_bai18_sec14_002:e10,Concept,Chiến tranh du kích,"Hình thức chiến tranh phát triển mạnh ở Bình - Trị Thiên, Liên khu V và Nam Bộ",Chiến tranh du kích phát triển manh,0.95,[],lichsu_12_s208_bai18_sec14_002,lichsu_12,Bài 18,2. Chiến dịch Biên giới thu - đông năm 1950,"[135, 136, 137, 138]","[""data/corpus/lichsu_12/lichsu_12.pdf_135.jpg.txt"", ""data/corpus/lichsu_12/lichsu_12.pdf_136.jpg.txt"", ""data/corpus/lichsu_12/lichsu_12.pdf_137.jpg.txt"", ""data/corpus/lichsu_12/lichsu_12.pdf_138.jpg.txt""]","13 - 10 - 1950, rút khỏi Na Sân Trong khi đó, cuộc hành quân của địch lên Thái Nguyên cũng bị quân ta chận đánh Quân Pháp trở nên hoảng loạn, phải rút chay, Đường số 4 được giải phóng ngày 22 10 1950. Quân ta tấn công Quân địch rút chạy Quân ta chăn đánh, truy kích địch Quân địch tiến đánh HA GIANG Hanh lang Đông Tây của địch 4000 Đường giao thông và số dương CAO BĂNG Biên giới quốc gia Đông Khê t Thất Khê TRUNG QUỐC BẮC KAN C Na Sâm TUYÊN QUANG LẠNG SƠN THÁI NGUYÊN Đình Lập VINH PHÚ THO YÊN SLE",,,,,
entity,lichsu_10_s159_001:e7,Concept,Văn học chữ Nôm,lĩnh vực phát triển mạnh mẽ,Văn học chiến chữ Nôm lại phát triển mạnh mẽ,0.95,[],lichsu_10_s159_001,lichsu_10,Bài,4. Đất nước ở nửa đầu thế kỉ xix,"[133, 134, 135]","[""data/corpus/lichsu_10/lichsu_10.pdf_133.jpg.txt"", ""data/corpus/lichsu_10/lichsu_10.pdf_134.jpg.txt"", ""data/corpus/lichsu_10/lichsu_10.pdf_135.jpg.txt""]","nước phong kiến ở cả hai miền đều sụp đổ trước sự tấn công của phong trào Tây Sơn, đất nước bước đầu thống nhất lại nhưng các vương triều Tây Sơn, được thành lập sau thắng lợi, không đủ sức duy trì. 4. Đất nước ở nửa đầu thế kỉ xix Thừa hưởng những công lao to lớn của phong trào Tây Sơn, nhà Nguyễn đã chi nhu làm chủ được cả nước với một chính quyền quân chủ chuyên chế phong kiến. Nhà nước được củng cổ nhưng lại chủ trương ""đóng cửa? trong hoàn cảnh thế giới đã đổi thay. Một số chính sách kinh t",,,,,
entity,lichsu_11_s43_bai10_sec10_001:e9,Concept,xây dựng chủ nghĩa xã hội,"Công cuộc đạt được nhiều thành tựu to lớn qua hai kế hoạch 5 năm, đưa Liên Xô từ nước nông nghiệp lạc hậu thành cường quốc công nghiệp xã hội chủ nghĩa",công cuộc xây dưng chủ nghĩa xã hội đã đạt được nhiều thành tưu to lớn,0.9,[],lichsu_11_s43_bai10_sec10_001,lichsu_11,Bài 10,8. Gru di a,"[55, 56, 57, 58]","[""data/corpus/lichsu_11/lichsu_11.pdf_55.jpg.txt"", ""data/corpus/lichsu_11/lichsu_11.pdf_56.jpg.txt"", ""data/corpus/lichsu_11/lichsu_11.pdf_57.jpg.txt"", ""data/corpus/lichsu_11/lichsu_11.pdf_58.jpg.txt""]","xã hôi với nhiêm vu trong tâm là công nghiệp hoá xã hôi chu nghĩa (1) Đến năm 1940, Liên Xô gồm 15 nước công hoa I L is O in c m C Y NHAT B L RAN MÔNG CỔ ÊÊ TIÊN TÁP GA-NI-XTAN RUNG QUỐC 1.E xto-ni-a 8. Gru di a 10 Tuốc mê-ni a 12 Tat-gi-ki-xtan Liên Xô thực hiện nhiệm vụ công nghiệp hoá theo đường lối ưu tiên phát triển công nghiệp nặng - công nghiệp chế tạo máy móc và nông cụ, công nghiệp năng lượng (điện, than, dầu mỏ..), công nghiệp khai khoáng, công nghiệp quốc phòng - Trong 2 năm đầu (1926",,,,,
entity,lichsu_11_s25_bai7_sec2_002:e5,Concept,học thuyết chủ nghĩa xã hội khoa học,"Học thuyết ra đời dựa trên phong trào đấu tranh của công nhân, do Các Mác và Phn đrích Ang-ghen sáng lập.","là cơ sở cho sự ra đời của học thuyết chủ nghĩa xã hôi khoa học, mà Các Mác Mác và Phn đrích Ang-ghen là những người sáng lập.",0.9,[],lichsu_11_s25_bai7_sec2_002,lichsu_11,Bài 7,LỊCH SƯ THẾ GIỚI CẦN ĐAI,"[37, 38, 39, 44, 45]","[""data/corpus/lichsu_11/lichsu_11.pdf_37.jpg.txt"", ""data/corpus/lichsu_11/lichsu_11.pdf_38.jpg.txt"", ""data/corpus/lichsu_11/lichsu_11.pdf_39.jpg.txt"", ""data/corpus/lichsu_11/lichsu_11.pdf_44.jpg.txt"", ""data/corpus/lichsu_11/lichsu_11.pdf_45.jpg.txt""]","những mức đô khác nhau đều tao điều kiên cho chủ nghĩa tư ban phát triên Thứ Thứ hai, những năm cuối thế kỉ XIX đầu thế kỉ XX là thời kì phát triển nha nha nhanh chóng và manh mẽ của chủ nghĩa tư ban. Đây là thời kì chủ nghĩa tư ban trong từ giai đoan tư do canh tranh chuyển dần sang giai đoan độc quyền, tức chủ nghĩa để quốc, Chủ nghĩa đế quốc có những đác trưng riêng, song không thay người đối bản chất của chủ nghĩa tư bản mà chỉ làm cho các mâu thuần vốn có và mới nảy sinh thêm trầm trong Thứ",,,,,
entity,lichsu_12_s312_bai26_sec7_003:e9,Concept,"phương hướng, nhiệm vụ, mục tiêu phát triển kinh tế - xã hội 5 năm",Kế hoạch phát triển kinh tế - xã hội trong 5 năm.,"phương hướng, nhiêm vu, mục tiêu phát triển kinh tế - xã hội 5 năm",0.85,[],lichsu_12_s312_bai26_sec7_003,lichsu_12,Bài 26,Nam A (ASEAN),"[209, 210, 211, 212, 213, 214, 215, 216]","[""data/corpus/lichsu_12/lichsu_12.pdf_209.jpg.txt"", ""data/corpus/lichsu_12/lichsu_12.pdf_210.jpg.txt"", ""data/corpus/lichsu_12/lichsu_12.pdf_211.jpg.txt"", ""data/corpus/lichsu_12/lichsu_12.pdf_212.jpg.txt"", ""data/corpus/lichsu_12/lichsu_12.pdf_213.jpg.txt"", ""data/corpus/lichsu_12/lichsu_12.pdf_214.jpg.txt"", ""data/corpus/lichsu_12/lichsu_12.pdf_215.jpg.txt"", ""data/corpus/lichsu_12/lichsu_12.pdf_216.jpg.txt""]","thành phố đầu thực hiện chương trình phổ (khánh thành ngày 21 - 50 0 1 2 1 2 1 2 1 2 1 2 1 2 1 2 1 2 1 2 1 2 1 2 1 2 1 2 1 2 1 2 1 2 1 2 1 2 1 2 1 2 1 2 1 2 1 2 1 2 1 2 1 cấp giáo dục Trung học cơ sở. Trong 5 năm, có khoảng 6,1 triêu người có việc làm, bình quân mỗi năm thu hút 1,2 triêu người Đến năm 2000, nước ta có quan hệ thương mại với hơn 140 nước, quan hê đầu tư với gần 70 nước và vùng lãnh thổ, thu hút được nhiều nguồn vốn đầu tư từ nước ngoài"" Những thành tựu, ưu điểm trong 5 năm 1996 -",,,,,
entity,lichsu_11_s36_bai10_sec3_001:e8,Concept,công nghiệp hoá xã hội chủ nghĩa,Nhiệm vụ trọng tâm trong thời kì xây dựng chủ nghĩa xã hội của Liên Xô,công nghiệp hoá xã hôi chu nghĩa,0.9,[],lichsu_11_s36_bai10_sec3_001,lichsu_11,Bài 10,CHI CÔNG CUỘC XÂY DỤNG CHỦ NGHĨA XÃ HỘI Ở LIÊN XÔ (1941),"[53, 54, 55, 56]","[""data/corpus/lichsu_11/lichsu_11.pdf_53.jpg.txt"", ""data/corpus/lichsu_11/lichsu_11.pdf_54.jpg.txt"", ""data/corpus/lichsu_11/lichsu_11.pdf_55.jpg.txt"", ""data/corpus/lichsu_11/lichsu_11.pdf_56.jpg.txt""]","Xô, giai cấp công nhân quốc tế và các dân tộc bi áp bức trên toàn thế giới Sau khi Lê-nin mất, Xta-lin lên thay, tiếp tục lãnh đạo công cuộc xây dựng và bảo về đất nước Liên Xô trong những năm 1953. CHI CÔNG CUỘC XÂY DỤNG CHỦ NGHĨA XÃ HỘI Ở LIÊN XÔ (1941) 1 Những kế hoạch 5 năm đầu tiên Sau khi hoàn thành công cuộc khôi phục kinh tế, nhân dân Liên Xô bước vào thời kì xây dựng chủ nghĩa xã hôi với nhiêm vu trong tâm là công nghiệp hoá xã hôi chu nghĩa (1) Đến năm 1940, Liên Xô gồm 15 nước công ho",,,,,
entity,lichsu_12_s156_bai15_sec6_003:e4,Concept,"cuộc vận động dân sinh, dân chủ",Phong trào lớn mà báo chí cách mạng trở thành mũi xung kích,"cuộc vận động dân sinh, dân chủ",0.95,[],lichsu_12_s156_bai15_sec6_003,lichsu_12,Bài 15,1. Hội nghị Ban Chấp hành Trung ướng Đảng Cộng Dương,"[98, 99, 100, 101]","[""data/corpus/lichsu_12/lichsu_12.pdf_100.jpg.txt"", ""data/corpus/lichsu_12/lichsu_12.pdf_101.jpg.txt"", ""data/corpus/lichsu_12/lichsu_12.pdf_98.jpg.txt"", ""data/corpus/lichsu_12/lichsu_12.pdf_99.jpg.txt""]","ai, bênh vực quyền lợi của nhân dân lao động Ch cầu tranh trên lĩnh vực báo chí Đảng đã xuất bản nhiều tờ báo công khai ở các thành phố lớn trong nước như Tiền phong, Dân chúng, Lao đông, Tin tức v.v. Báo chí cách mạng trỏ thành mũi xung kích trong những phong trào lớn của cuộc vận động dân sinh, dân chủ thời kì 1936 - 1939 Trong t tư tưởng, Đông đảo các tầng lớp nhân dân được giác ngộ về con đường cách mạng của Đảng",,,,,
entity,lichsu_12_s125_bai12_sec8_001:e8,Concept,giai cấp nông dân,"Một giai cấp xã hội ở Việt Nam, bị đế quốc, phong kiến thống trị tước đoạt ruộng đất và bần cùng hóa.",Giai cấp nông dân,0.9,[],lichsu_12_s125_bai12_sec8_001,lichsu_12,Bài 12,3. Những chuyến biến mới về kinh tế và giai cấp xã hội ở Việt Nam,"[77, 78, 79]","[""data/corpus/lichsu_12/lichsu_12.pdf_77.jpg.txt"", ""data/corpus/lichsu_12/lichsu_12.pdf_78.jpg.txt"", ""data/corpus/lichsu_12/lichsu_12.pdf_79.jpg.txt""]","vào Viết Nam, tao ra sư chuyển biến mới về nội dung, phương pháp tư duy sáng tác Các yếu tổ văn hoá truyền thống, văn hoá mới liến bộ và văn hoa nô dịch cùng tồn tại, đan xen, đấu tranh với nhau. 3. Những chuyến biến mới về kinh tế và giai cấp xã hội ở Việt Nam Và Với cuộc khai thác thuộc địa lân thứ hai, nên kinh lế của tư bán Pháp ở Đông Dương có bước phát triển mới, Trong quá trình đầu tư vốn và mở rộng khai thác 19 thuộc địa, thực dân Pháp có đầu tư kĩ thuật và nhân lực, song rất hạn chế. Cơ",,,,,
entity,lichsu_12_s99_bai9_sec6_002:e10,Concept,cuộc chạy đua vũ trang,Nguyên nhân khiến hai nước Xô - Mĩ suy giảm thế mạnh,cuốc chay đua vũ trang kéo dài hơn bốn thập niên,0.95,[],lichsu_12_s99_bai9_sec6_002,lichsu_12,Bài 9,VÀ THI - XU THẾ HOÀ HOÁN ĐÔNG - TÂY VÀ CHIẾN TRANH LẠNH CHÂM DỨT,"[61, 62, 63, 64]","[""data/corpus/lichsu_12/lichsu_12.pdf_61.jpg.txt"", ""data/corpus/lichsu_12/lichsu_12.pdf_62.jpg.txt"", ""data/corpus/lichsu_12/lichsu_12.pdf_63.jpg.txt"", ""data/corpus/lichsu_12/lichsu_12.pdf_64.jpg.txt""]",". vũ khí tiền công chiến lược Cùng với các sự kiên trên, từ đầu những năm 70, hai siêu cường Xô - Mi đã tiến hành những cuộc gáp cấp cao, nhất là từ khi M. Goócbachốp lên cầm quyền ở Liên Xô năm 1985. Nhiều văn kiên hợp tác về kinh tế và khoa học - kĩ thuật đã được kí kết giữa hai nước, nhưng trong tâm là những thoả thuận về việc thủ tiêu các then lửa tầm trung ở châu Âu, cất giảm vũ khí chiến lược cũng như hạn chế cuộc chay đua vũ trang giữa hai nước. Tháng 12 ? 1989, trong cuộc gắp không chính",,,,,
entity,lichsu_10_s158_002:e6,Concept,quan hệ sản xuất phong kiến,Sự phát triển và thống trị của những quan hệ sản xuất phong kiến đã dẫn đến sự suy thoái của nhà nước quân chủ trung ương tập quyền,Sự phát triển và thống trị của những quan hệ sản xuất phong kiến,0.9,[],lichsu_10_s158_002,lichsu_10,Bài,1. Thời kĩ dựng nước đầu tiên,"[133, 134, 135]","[""data/corpus/lichsu_10/lichsu_10.pdf_133.jpg.txt"", ""data/corpus/lichsu_10/lichsu_10.pdf_134.jpg.txt"", ""data/corpus/lichsu_10/lichsu_10.pdf_135.jpg.txt""]","n xuất. Chinh Công thương nghiệp phát triển đa dạng, Sản phẩm thủ công như tơ lụa, gốm nha và sa, đồ vàng bạc v.v.. có chất lượng cao, mẫu mã đẹp, thương nhân nước ngoài. Mạng lưới chợ làng rộng khắp. Kinh thành Thăng Long trở thành Trong một đô thị phồn thịnh với 36 phố phường - Thuyền buốn Trung Quốc và các nước thiến phía nam thường xuyên qua lại trao đổi buôn bán Thiện Năm 1070, nền giáo dục Đại Việt chính thức ra đời và ngày càng phát triển; vừa đào tạo các bậc ""hiền tài"""" cho đất nước vừa ",,,,,
entity,lichsu_12_s303_bai25_sec5_002:e3,Concept,cơ cấu kinh tế mới,"Mục tiêu cơ bản trong kế hoạch 5 năm, chủ yếu là cơ cấu công - nông nghiệp",bước đầu hình thành cơ cấu kinh tế mới then trong cả nước mà bộ phân chủ yếu là cơ câu công ? nông nghiệp,0.95,[],lichsu_12_s303_bai25_sec5_002,lichsu_12,Bài 25,1. Cách mạng Việt Nam chuyển sang giai đoạn mới,"[203, 204, 205, 206]","[""data/corpus/lichsu_12/lichsu_12.pdf_203.jpg.txt"", ""data/corpus/lichsu_12/lichsu_12.pdf_204.jpg.txt"", ""data/corpus/lichsu_12/lichsu_12.pdf_205.jpg.txt"", ""data/corpus/lichsu_12/lichsu_12.pdf_206.jpg.txt""]","nghĩa, nhâm hai mục liêu cơ bản - xây dưng một bước cơ sở và thá vật chất ? kĩ thuật của chú nghĩa xã hội, bước đầu hình thành cơ cấu kinh tế mới then trong cả nước mà bộ phân chủ yếu là cơ câu công ? nông nghiệp và cải thiên một bước đời sống vật chất và văn hoá của nhân dâng Thực hiên kế hoạch 5 năm, nhân dân ta đạt được những thành tưu quan trong - Các cơ sở nông nghiệp, công nghiệp, giao thông vân tải bị địch đánh phá về co ban đã được khôi phục đầu phát triển Trong nông nghiệp, nhờ tăng cườ",,,,,
entity,lichsu_12_s272_bai22_sec20_003:e5,Concept,cuộc kháng chiến chống Mĩ cứu nước,"Cuộc đấu tranh kiên cường, bất khuất của quân dân ta ở hai miền đất nước",cuộc kháng chiến chống Mĩ. cứu nước,0.9,[],lichsu_12_s272_bai22_sec20_003,lichsu_12,Bài 22,PHOÀ BÌNH Ở VIỆT NAM,"[183, 184, 185, 186, 187]","[""data/corpus/lichsu_12/lichsu_12.pdf_183.jpg.txt"", ""data/corpus/lichsu_12/lichsu_12.pdf_184.jpg.txt"", ""data/corpus/lichsu_12/lichsu_12.pdf_185.jpg.txt"", ""data/corpus/lichsu_12/lichsu_12.pdf_186.jpg.txt"", ""data/corpus/lichsu_12/lichsu_12.pdf_187.jpg.txt""]","n nhân về mát pháp lí quốc tế) là thắng loi của sự kết hợp giữa đấu tranh quân sư, chính trị, ngoại giao, là kết quả cuốc đấu tranh kiên cường, bất khuất của quân dân ta ở hai miền đất nước, mở ra bước ngoặt mới của cuộc kháng chiến chống Mĩ. cứu nước. Với Hiệp đinh Pan, Mi phái công nhân các quyền dân của nhân dân thiết th, ta, rút hết quân về nước. Nêu nguy nội dung cơ bán và ý nghĩa lịch sư của Hiệp đinh",,,,,
entity,lichsu_10_s92_002:e3,Concept,con em quan lại cao cấp,"Đối tượng chiếm phần lớn các quan chức cao cấp thời Lý, Trần.",con em quan lại cao cấp,0.9,[],lichsu_10_s92_002,lichsu_10,Bài,1. Tổ chức bộ máy nhà nước,"[87, 88, 89]","[""data/corpus/lichsu_10/lichsu_10.pdf_87.jpg.txt"", ""data/corpus/lichsu_10/lichsu_10.pdf_88.jpg.txt"", ""data/corpus/lichsu_10/lichsu_10.pdf_89.jpg.txt""]","ự, quân sự, an ninh. Dưới đạo là các phú, huyện, châu người người đứng đầu xã là Xã tân bâu nhang Ở thời Lý, Trần, phần lớn các quan chức cao cấp là quý tộc vương hầu hoặc can con em quan lại cao cấp. Khi giáo dục phát triển, nhà nước bắt đầu đưa những người đỗ đạt vào làm quan, Thời Lê, giáo dục thi cử trở thành nguồn đào tạo và tuyến chọn quan lại chủ yếu nha Và Vua Lê Hiến Tông (1497 - 1504) đã viết ""Nhân tài là nguyên khí của nhà nước, nguyên khí manh thì trị đao mới thình Khoa mục là đường ",,,,,
entity,lichsu_10_s51_001:e7,Concept,lãnh địa phong kiến,Đơn vị chính trị và kinh tế cơ bản trong thời kì phong kiến phân quyền ở Tây Âu.,lãnh địa phong kiến,0.95,[],lichsu_10_s51_001,lichsu_10,Bài,2. Xã hội phong kiến Tây Âu,"[55, 56, 57, 58]","[""data/corpus/lichsu_10/lichsu_10.pdf_55.jpg.txt"", ""data/corpus/lichsu_10/lichsu_10.pdf_56.jpg.txt"", ""data/corpus/lichsu_10/lichsu_10.pdf_57.jpg.txt"", ""data/corpus/lichsu_10/lichsu_10.pdf_58.jpg.txt""]","và mạnh mẽ nhất ở Vương quốc Phơ-răng Khi tràn vào lãnh thổ Rô-ma, người Giéc-man đã làm gì ? Những việc làm đó có tác động như thến o đến quá trình hình thành quan hệ sản xuất phong kiến ở châu Âu ? 2. Xã hội phong kiến Tây Âu Đến giữa thế kỉ IX, phần lớn đất đai đã được các quý tộc và nhà thờ chia nhau nghi chiếm đoạt xong. Những vùng đất đai rộng lớn đó đã nhanh chóng bị họ biến nhành thành khu đất riêng của mình ? gọi là lãnh địa phong kiến. Đây là đơn vị chính trị và kinh tế cơ bản trong th",,,,,
entity,lichsu_10_s113_001:e5,Concept,văn học dân tộc,"Từ thời Trần, văn học dân tộc ngày càng phát triển.",văn học dân tho tộc ngày càng phát triển,0.85,[],lichsu_10_s113_001,lichsu_10,Bài,2. Văn học,"[102, 103]","[""data/corpus/lichsu_10/lichsu_10.pdf_102.jpg.txt"", ""data/corpus/lichsu_10/lichsu_10.pdf_103.jpg.txt""]","được đào tạo đã góp phần quan trọng vào việc xây theng dong vự bảo về đất nước, Tuy nhiên, giáo dục Nho học không tạo điều kiện cho sự phát triển kinh tế. B Việc dựng bia Tiến sĩ có tác dụng gì ? 2. Văn học Sự phát triển giáo dục góp phần păn văn học. Ban đầu, văn học mang nặng tư tưởng Phật giáo Từ thời Trần, văn học dân tho tộc ngày càng phát triển, Hàng loạt bài thơ, bài hịch, bài phú nổi tiếng như Nam quốc sơn hà, Hịch tướng sĩ, Bạch Đằng giang phú, v.v.. cùng hàng loạt tập thơ chữ Hán đã ra",,,,,
entity,lichsu_10_s165_002:e10,Concept,tình yêu Tổ quốc,Cảm xúc được khắc sâu trong lòng người dân Việt Nam.,khác sâu thêm tình yêu Tổ quốc thiết trong lòng người dân Việt Nam,0.9,[],lichsu_10_s165_002,lichsu_10,Bài,1. Sự hình thành của truyền thống yêu nước Việt Nam,"[137, 138, 139]","[""data/corpus/lichsu_10/lichsu_10.pdf_137.jpg.txt"", ""data/corpus/lichsu_10/lichsu_10.pdf_138.jpg.txt"", ""data/corpus/lichsu_10/lichsu_10.pdf_139.jpg.txt""]","ợc lan truyền rộng khắp cùng với việc xây dựng miều thờ các và vị anh hùng chống đô hộ đã thực sự găn kết, khắc sâu lòng yêu nước của người dân Việt để từ đó hình thành truyền thống yêu nước Việt Nam. B Phân tích những biểu hiện của lòng yêu nước Việt Nam qua các cuộc khới nghĩa thời Bắc thuộc. 2, Phát triển và tôi luyên truyền thống yêu nước trong các thế kỉ phong kiến độc lập Thế kỉ X, đất nước trở lại độc lập, tự chủ với lãnh thổ, tiếng nói, phong tục tập quán, tín ngưỡng riêng, cổ truyền. Đó",,,,,
entity,lichsu_10_s171_001:e4,Concept,lực lượng phong kiến cũ,Lực lượng mà Quốc hội đã thỏa hiệp.,lực lượng phong kiến cũ,0.95,[],lichsu_10_s171_001,lichsu_10,Bài,BIỂN MĂNG-SƠ PHÁP,"[142, 143, 144, 145]","[""data/corpus/lichsu_10/lichsu_10.pdf_142.jpg.txt"", ""data/corpus/lichsu_10/lichsu_10.pdf_143.jpg.txt"", ""data/corpus/lichsu_10/lichsu_10.pdf_144.jpg.txt"", ""data/corpus/lichsu_10/lichsu_10.pdf_145.jpg.txt""]","thế giới, diễn ra dưới hình thức chiến tranh giả thời đại của các cuộc cách mạng tư sản và bước đầu suy vong của chế độ phong kiến. B Hấy nều đặc điểm tình hình kinh tế, xã đéc-lan trước cách mạng BIỂN MĂNG-SƠ PHÁP Nhi lư vàng ủng hộ nha vua "" Vũng ủng họ Quốc hội Sau khi Crôm-oen qua đời (1658), nước Anh lâm vào tình trạng không ổn định về chính trị, dẫn đến sự thoả hiệp giữa Quốc hội với lực lượng phong kiến cũ. Tháng 12 8 , 1688 Quốc hội đã tiến hành biến, đưa Vin-hem Ô-ran-giơ (Quốc trưởng H",,,,,
entity,lichsu_10_s59_002:e3,Concept,giai cấp chủ nô,"giai cấp bóc lột, thống trị trong xã hội chiếm nô","Ngày làm thành giai cấp chủ nô và là giai cấp bóc lột, thông trị",0.95,[],lichsu_10_s59_002,lichsu_10,Bài,2. Xã hội cổ đại,"[66, 67]","[""data/corpus/lichsu_10/lichsu_10.pdf_66.jpg.txt"", ""data/corpus/lichsu_10/lichsu_10.pdf_67.jpg.txt""]","tê xuất hiện Thi quốc ra nhang đời và hoạt động nhộn nhịp Nhi nô lệ trở thành người sản xuất chính, Xã hội chiếm nô là một hình thức xã hà nha hội bóc lột chủ yếu những người nô lệ, Chủ các xãng buôn. Ngày làm thành giai cấp chủ nô và là giai cấp bóc lột, thông trị. Tâng lớp những người nhiều the trong bình dân không có vai trò chủ yếu trong sản xuất cũng như trong đời sống xã hội. nhiều Xã Xã hội chiếm nô phát triển cao và nhanh hơn xã hội cố đại phương Đông, bắt và ngày đầu khoảng gân 1000 năm",,,,,
entity,lichsu_12_s114_bai11_sec5_002:e9,Concept,cách mạng kĩ thuật,Tác động to lớn đến xu hướng liên kết kinh tế khu vực của các nước tư bản,dưới tác đông to lớn của cách mạng kĩ thuật,0.95,[],lichsu_12_s114_bai11_sec5_002,lichsu_12,Bài 11,"1. Sau Chiến tranh thế giới thứ hai, một trật tư thế giới mói đã được xác lập. Đó","[71, 72, 73]","[""data/corpus/lichsu_12/lichsu_12.pdf_71.jpg.txt"", ""data/corpus/lichsu_12/lichsu_12.pdf_72.jpg.txt"", ""data/corpus/lichsu_12/lichsu_12.pdf_73.jpg.txt""]",". Hệ thống thuộc địa và chế độ phân biết chủng tốc (Apacthai) kéo dài từ nhiều thế kỉ đã bị sụp đổ hoàn toàn Thắng lợi có ý nghĩa lịch sử đó đã đưa tới sự ra đời của hơn 100 quốc gia độc lập trẻ tuổi. Bản đồ chính tri thế giới có những thay đổi to lớn và sâu sắc, Các quốc ngày gia độc lập ngày càng tích cực tham gia và có vai trò quan trong trong đời sống chiến chính trị thế giới với ý chí chông chủ nghĩa thực dân, vì hoà bình thế giới, đốc triện lập dân tộc và tiến bộ xã hội. Sau khi giành được",,,,,
entity,lichsu_12_s114_bai11_sec5_001:e3,Concept,phe tư bản chủ nghĩa,Một trong hai phe của trật tự thế giới hai cực Ianta.,thế giới bị chia thành hai phe - tư bản chủ nghĩa,0.95,[],lichsu_12_s114_bai11_sec5_001,lichsu_12,Bài 11,"1. Sau Chiến tranh thế giới thứ hai, một trật tư thế giới mói đã được xác lập. Đó","[71, 72, 73]","[""data/corpus/lichsu_12/lichsu_12.pdf_71.jpg.txt"", ""data/corpus/lichsu_12/lichsu_12.pdf_72.jpg.txt"", ""data/corpus/lichsu_12/lichsu_12.pdf_73.jpg.txt""]","sau thế kí XX mà loài người vừa mới trải qua Chí trong vòng nửa thế ki, tỉnh hình thế giới đã thật sôi đông với bao diên biến dồn dập, đem lại nhưng thay đổi to lớn và cả những đảo lôn đầy bất ngờ 1. Sau Chiến tranh thế giới thứ hai, một trật tư thế giới mói đã được xác lập. Đó là trật tự thế giới hai cực lanta với đặc trưng nổi bật là thế giới bị chia thành hai phe - tư bản chủ nghĩa và xã hội chủ nghĩa, do hai siêu cường Mĩ và Liên Xô đứng đầu dỗu mỗi phe. Đặc trưng hai cực ? hai phe đó là nhâ",,,,,
entity,lichsu_12_s242_bai21_sec8_002:e3,Concept,sản lượng lương thực,đạt gần 4 triệu tấn vào cuối năm 1957,sản lượng lương thực đạt gần 4 triệu tấn,0.95,[1957],lichsu_12_s242_bai21_sec8_002,lichsu_12,Bài 21,CẢI TẠO QUAN HỆ SẢN XUẤT (1964),"[157, 158, 159, 160, 161]","[""data/corpus/lichsu_12/lichsu_12.pdf_157.jpg.txt"", ""data/corpus/lichsu_12/lichsu_12.pdf_158.jpg.txt"", ""data/corpus/lichsu_12/lichsu_12.pdf_159.jpg.txt"", ""data/corpus/lichsu_12/lichsu_12.pdf_160.jpg.txt"", ""data/corpus/lichsu_12/lichsu_12.pdf_161.jpg.txt""]","ỷ nông mới được xây dựng, có tác dung mở rông diện tích tưới và tiêu nước. Bắc - Hưng - Hải (1958) Cuối năm 1957, sản lương lương thực đạt gần 4 triệu tấn, tăng hơn 1,5 triêu thi trần so với năm 1939. Nan đói kinh niên ở miền Bắc căn bản được giải quyết Trong công nghiệp, chúng ta đã nhanh chóng khôi phuc và mở rông hầu hết các nhà may, xí nghiệp bị phá hỏng, xây dưng thêm một số nhà máy mới như c co Khi Hà Nội, diêm Thông Nhất, gỗ Cầu Đuống, thuốc lá Thăng Long, cá hộp Hải Phòng, chề Phú Thọ,..",,,,,
entity,lichsu_12_s311_bai26_sec6_003:e6,Concept,"khó khăn, yếu kém","Những vấn đề còn tồn tại trong công cuộc đổi mới, bao gồm mất cân đối kinh tế, lạm phát cao, thiếu việc làm, hiệu quả kinh tế thấp, tham nhũng, mất dân chủ.","công cuốc đổi mới vẫn còn nhiều khó kéá kém Nền kinh tế còn mất cân đối lớn, lạm phát vẫn ở mức cao, lao động thiếu việc làm tăng, hiêu quả kinh tế thấp, chưa có tích luỹ từ nội bộ nền kinh tế Chế độ tiền lương bất hợp lị, đời sống của những người sống chủ yếu bằng tiền lương hoặc trợ cấp xã hội và của một bộ phận nông dân bị giảm sút Sự nghiệp văn hoá có những mặt tiếp tục xuống cấp. Tỉnh trạng tham nhũng, nhận hối lộ, mất dân chủ, bất công xã hội và nhiều hiện tượng tiêu cực khác chưa được khắc phục",0.9,[],lichsu_12_s311_bai26_sec6_003,lichsu_12,Bài 26,VI - QUÁ TRÌNH THỰC HIỆN ĐƯỜNG LỐI ĐỐI MỚI (1986 ? 2000),"[208, 209, 210, 211, 212, 213]","[""data/corpus/lichsu_12/lichsu_12.pdf_208.jpg.txt"", ""data/corpus/lichsu_12/lichsu_12.pdf_209.jpg.txt"", ""data/corpus/lichsu_12/lichsu_12.pdf_210.jpg.txt"", ""data/corpus/lichsu_12/lichsu_12.pdf_211.jpg.txt"", ""data/corpus/lichsu_12/lichsu_12.pdf_212.jpg.txt"", ""data/corpus/lichsu_12/lichsu_12.pdf_213.jpg.txt""]","và sức sáng tạo của quần chúng để phát triển sản xuất và dịch vụ, tạo thêm việc làm cho người lao đông và làng sản phẩm cho xã hội Bộ may Nhà nước các cấp ở trung ương và địa phương được sáp xếp lại. Nội dung và phương thức hoạt động của các tổ chức trong hệ thống chính trị có một số đổi mới theo hướng phát huy dân chủ nội bộ và quyền làm chủ của nhân dân, tăng cường quyền lực của các cơ quan dân cử Những thành tựu, ưu điểm, tiến bộ đạt được chứng lỏ đường lối đối mới của Đảng là đúng, bước đi c",,,,,
entity,lichsu_11_s30_bai7_sec7_002:e5,Concept,Tình trạng hai chính quyền song song tồn tại,"Tình hình chính trị phức tạp ở Nga sau Cách mạng tháng Hai, với sự tồn tại song song của Chính phủ tư sản lâm thời và Xô viết đại biểu công nhân, nông dân và binh lính.","tình trang hai chính quyên sang song song tồn tai - Chính phủ tư sản lâm thời và Xô viết đại biểu công nhân, nông chinh dân và binh lính",0.9,[],lichsu_11_s30_bai7_sec7_002,lichsu_11,Bài 7,CÁCH MANG THÁNG MƯỜI NGA NĂM 1917,"[48, 49, 50]","[""data/corpus/lichsu_11/lichsu_11.pdf_48.jpg.txt"", ""data/corpus/lichsu_11/lichsu_11.pdf_49.jpg.txt"", ""data/corpus/lichsu_11/lichsu_11.pdf_50.jpg.txt""]","ong nước. Chỉ trong vòng 8 ngày, trên phạm vi cả nước, quần chúng nhân dây lật đổ chế độ cũ, bầu ra các xô viết đại biểu công nhân, nông dân và binh lính. Giai cấp tư sản thành lập Chính phủ lâm thời. Nước Nga trở thành nước Cộng hoà Cách mạng dân chú tư sản tháng Hai thăng lơi, Tuy nhiên, một tình hình chính Trong tin phức tạp chưa từng có đã diên ra ở nước Nga, Đó là tình trang hai chính quyên sang song song tồn tai - Chính phủ tư sản lâm thời và Xô viết đại biểu công nhân, nông chinh dân và b",,,,,
entity,lichsu_10_s12_bai2_sec2_001:e4,Concept,tổ chức xã hội loài người,hình thức tổ chức của xã hội loài người,tổ chức xã hội loài người,0.8,[],lichsu_10_s12_bai2_sec2_001,lichsu_10,Bài 2,XÃ HỘI NGUYÊN THUÝ,"[4, 5, 6, 9]","[""data/corpus/lichsu_10/lichsu_10.pdf_4.jpg.txt"", ""data/corpus/lichsu_10/lichsu_10.pdf_5.jpg.txt"", ""data/corpus/lichsu_10/lichsu_10.pdf_6.jpg.txt"", ""data/corpus/lichsu_10/lichsu_10.pdf_9.jpg.txt""]","những hợp quần xã hội đầu tiên ngày là hầy người nguyên thuỷ là Bầy người nguyên thuỷ vẫn còn sống trong tình trạng """"nn lông ở lồ"" ? một chu cuộc sống tự nhiên, bấp bênh, triền miên hàng triệu năm B XÃ HỘI NGUYÊN THUÝ Từ khi Người tinh khôn xuất hiện, thị tộc hình thành chi cũng là bước đầu tiên của tổ chức xã hội loài người.",,,,,
entity,lichsu_10_s124_001:e2,Concept,biến động lớn,"Tình trạng đất nước có nhiều thay đổi, xáo trộn lớn.",đất nước có nhiều biến động lớn,0.95,[],lichsu_10_s124_001,lichsu_10,Bài,1. Tình hình nông nghiệp ở các thế kỉ XVI - XVIII,[111],"[""data/corpus/lichsu_10/lichsu_10.pdf_111.jpg.txt""]","CÁC THẾ KỈ XVI - XVIII Thế kỉ XVI, đất nước có nhiều biến động lớn. Tuy nhiên, trong do nhiều điều kiên khác nhau nên nền kinh tế tiếp tục phát triển với những biểu hiện có ý nghĩa xã hội quan trọng. 1. Tình hình nông nghiệp ở các thế kỉ XVI - XVIII Từ cuối thế kỉ XV đến đầu thế kỉ XVI, ruộng đất ngày càng tập trung vào tay thát tầng lớp địa chủ, quan lại. Nhà nước không quan tâm đến sản xuất như trước Mất mùa, đói kém xảy ra liên miên. Cuộc sống của nông dân trở nên khổ cực; họ đã nổi dậy đấu t",,,,,
entity,lichsu_12_s312_bai26_sec7_002:e12,Concept,phổ cập giáo dục Tiểu học và xoá mù chữ,"Đến hết năm 2000, có 100% tỉnh, thành phố đạt tiêu chuẩn phổ cập giáo dục Tiểu học và xoá mù chữ","Đến hết năm 2000, có 100% tỉnh, thành phố đạt tiêu chuán phổ cập giáo dục Tiểu học và xoá mù chữ",0.9,[2000],lichsu_12_s312_bai26_sec7_002,lichsu_12,Bài 26,Nam A (ASEAN),"[209, 210, 211, 212, 213, 214, 215, 216]","[""data/corpus/lichsu_12/lichsu_12.pdf_209.jpg.txt"", ""data/corpus/lichsu_12/lichsu_12.pdf_210.jpg.txt"", ""data/corpus/lichsu_12/lichsu_12.pdf_211.jpg.txt"", ""data/corpus/lichsu_12/lichsu_12.pdf_212.jpg.txt"", ""data/corpus/lichsu_12/lichsu_12.pdf_213.jpg.txt"", ""data/corpus/lichsu_12/lichsu_12.pdf_214.jpg.txt"", ""data/corpus/lichsu_12/lichsu_12.pdf_215.jpg.txt"", ""data/corpus/lichsu_12/lichsu_12.pdf_216.jpg.txt""]","ao tích luỹ từ nội bộ nền kinh tế b) Chuyển biến tiến bộ và khó khăn, hạn chế của công cuộc đổi mới(1) Trong 5 năm, GDP tăng bình quân hàng năm là 7% , công nghiệp là 13,5% ""Chiến mông nghiệp là 5,7%. Lương thực bình quân đầu người tăng từ 360 kg (1995) lên"" 444 kg (2000), Nông nghiệp phát triển liên tục, góp phần quan trọng vào mức tăng trưởng chung và giữ vững ổn định kinh tế - xã hội. Cơ cấu các ngành kinh tế từng bước chuyển dịch theo hướng công nghiệp hoá, hiện đại hoá. Hoạt đông xuất, nhập",,,,,
entity,lichsu_11_s74_bai16_sec5_002:e6,Concept,phong trào đấu tranh dân chủ,Phong trào đấu tranh dân chủ ở Lào và Cam-pu-chia.,phong trào đấu tranh dân chủ ở Lào và Cam-pu-chia,0.95,[],lichsu_11_s74_bai16_sec5_002,lichsu_11,Bài 16,VII PHONG TRÀO ĐẦU TRANH CHỐNG THỰP Ở LÀO,"[85, 86, 87]","[""data/corpus/lichsu_11/lichsu_11.pdf_85.jpg.txt"", ""data/corpus/lichsu_11/lichsu_11.pdf_86.jpg.txt"", ""data/corpus/lichsu_11/lichsu_11.pdf_87.jpg.txt""]","g thuộc địa, chống phát xít và chống chiến tranh, Trong điều kiên đó, một số cơ sở cách mang của Đảng Cộng sản Đông Dương đã được xây dựng và củng cố Với cóc thành phố lớn như Viêng Chân, Phnôm Pênh.. Cuộc vân đông dân chủ đã kích Thi thi thích sự phát triển của phong trào dấu tranh dân chủ ở Lào và Cam-pu-chia cho đến khi Chiến tranh thế giới thứ hai bùng nổ Liên minh chiến đấu chống Pháp của nhân dân ba nước Đông Dương được thể hiện ở những sự kiện nào ?",,,,,
entity,lichsu_12_s167_bai16_sec9_001:e7,Concept,lá cờ đỏ sao vàng,Lần đầu tiên xuất hiện trong cuộc khởi nghĩa.,lần đầu tiên lá cờ đỏ sao vàng,0.9,[],lichsu_12_s167_bai16_sec9_001,lichsu_12,Bài 16,Vi Nơi quân Pháp bắt và giết hại quân khởi nghĩa,"[104, 105, 106, 107, 108]","[""data/corpus/lichsu_12/lichsu_12.pdf_104.jpg.txt"", ""data/corpus/lichsu_12/lichsu_12.pdf_105.jpg.txt"", ""data/corpus/lichsu_12/lichsu_12.pdf_106.jpg.txt"", ""data/corpus/lichsu_12/lichsu_12.pdf_107.jpg.txt"", ""data/corpus/lichsu_12/lichsu_12.pdf_108.jpg.txt""]","thành lập căn cứ du kích , quyết định đình chỉ khởi nghĩa vũ trang ở Nam Ki vì thời cơ chưa chín muồi Nơi quần chúng và binh lính người Việt N nổi dậy khởi nghĩa Xã thành lập chính quyền cách mạng Vi Nơi quân Pháp bắt và giết hại quân khởi nghĩa Nơi quân Pháp ném bom tàn sát TÂY NINH Dường giao thông SALLY Biên giới quốc gia SU MỖT BIÊN HOÀ CAMPUCHIA VIGGIA ĐỊNH ĐỒNG THÁP SÀI GÒN CHILLING ATTANAN CẦN GIỜ MI THO GRIPPED Phú Quốc LONG XUYÊN GỒ CÔNG BENTRI TRẠCH GIÁ CẦN THƠN CAMAL 3Đ. Côn Sơn hòn K",,,,,
entity,lichsu_10_s169_001:e8,Concept,nền cộng hoà tư sản,Nền cộng hoà tư sản đầu tiên được thiết lập sau cuộc đấu tranh của nhân dân Hà Lan.,thiết lập nền cộng hoà tư sản đầu tiên,0.9,[],lichsu_10_s169_001,lichsu_10,Bài,VÀ CÁCH MANG TƯ SÁN ANH,"[137, 138, 139, 142]","[""data/corpus/lichsu_10/lichsu_10.pdf_137.jpg.txt"", ""data/corpus/lichsu_10/lichsu_10.pdf_138.jpg.txt"", ""data/corpus/lichsu_10/lichsu_10.pdf_139.jpg.txt"", ""data/corpus/lichsu_10/lichsu_10.pdf_142.jpg.txt""]","?thượng sách để giữ nước"" và Nguyễn Trãi: ""Nhớ thưở Lam Sơn đọc võ kinh ; Bấy giờ chí đã ở dân lành? thì người dân lao động cũng hiểu ?Mến người có nhân là dân ; chở thuyền, lật thuyền cũng là dân? B VÀ CÁCH MANG TƯ SÁN ANH Sự phát triển của kinh tế tư bản chủ nghĩa từ thời hậu kì trung đại dẫn đến bước chuyển từ chế độ phong kiến sang chế độ tư bản. Bước chuyển ấy được mở đầu bởi các cuộc cách mạng tư sản. Từ giữa thế kỉ XVI, nhân dân Hà Lan đã đấu tranh lật đổ ách thống trị của Vương triều Tây",,,,,
entity,lichsu_12_s202_bai18_sec8_001:e12,Concept,kháng chiến toàn quốc,Cuộc kháng chiến diễn ra trên toàn quốc,cuộc kháng chiến toàn quốc,0.95,[],lichsu_12_s202_bai18_sec8_001,lichsu_12,Bài 18,VÀ VIỆC CHUẤN BỊ CHO CUỘC KHÁNG CHIẾN LÂU DÀI,"[130, 131, 132, 133]","[""data/corpus/lichsu_12/lichsu_12.pdf_130.jpg.txt"", ""data/corpus/lichsu_12/lichsu_12.pdf_131.jpg.txt"", ""data/corpus/lichsu_12/lichsu_12.pdf_132.jpg.txt"", ""data/corpus/lichsu_12/lichsu_12.pdf_133.jpg.txt""]","Đô là kháng chiến toàn dân, toàn diên, trường kì, tư lực cánh sinh và tranh thủ sự ủng hô của quốc tế. lược bùng nó ngày 19 - 1946 ? Phân tích nội dung cơ bản đường lối kháng thực dân Pháp của Đảng VÀ VIỆC CHUẤN BỊ CHO CUỘC KHÁNG CHIẾN LÂU DÀI 19 1. Cuộc chiến dầu ở các đô thị phía Bắc vĩ tuyên 16 Ở Hà Nội, khoảng 20 giờ ngày 19 - 12 - 1946, cuộc chiến đấu bắt đầu Nhân dân đã khiêng bàn ghế, giường, tủ, kiên hàng, ha cây cối v.v. làm thành những chương người ngai vật hoặc chiến luỹ ngay trên đườ",,,,,
entity,lichsu_10_s10_001:e11,Concept,đồ đá cũ (sơ kì),"Công cụ thô kệch được chế tác bởi Người tối cổ, như rìu đá",công cụ thô kệch này được gọi là đồ đá cũ (sơ kì),0.9,[],lichsu_10_s10_001,lichsu_10,Bài,1. Sự xuất hiện loài người và đời sống bầy người nguyên thuỷ,"[4, 5, 6]","[""data/corpus/lichsu_10/lichsu_10.pdf_4.jpg.txt"", ""data/corpus/lichsu_10/lichsu_10.pdf_5.jpg.txt"", ""data/corpus/lichsu_10/lichsu_10.pdf_6.jpg.txt""]","là Khảo cổ học và Cổ sinh học, đã tìm được nhiều bằng cứ nói lên sự phát triển lâu dài từ động vật cấp thấp lên động vật cấp cao đủnh cao của quá trình thuy này là sự chuyển biến từ vượn thành người. 1. Sự xuất hiện loài người và đời sống bầy người nguyên thuỷ Ở chặng đầu của quá trình hình thành loài người, có một loài vượn cổ, sống 19 khoảng 6 triêu năm trước dây, đã có thế đứng và di bằng hai chân, dùng tay để và chi cầm nắm, ăn hoa quả, củ, lá và cả động vật nhỏ. Xương hoá thạch của chúng Đã",,,,,
entity,lichsu_11_s43_bai10_sec10_001:e1,Concept,công nghiệp hoá xã hội chủ nghĩa,Nhiệm vụ trọng tâm của xã hội Liên Xô,nhiêm vu trong tâm là công nghiệp hoá xã hôi chu nghĩa,0.9,[],lichsu_11_s43_bai10_sec10_001,lichsu_11,Bài 10,8. Gru di a,"[55, 56, 57, 58]","[""data/corpus/lichsu_11/lichsu_11.pdf_55.jpg.txt"", ""data/corpus/lichsu_11/lichsu_11.pdf_56.jpg.txt"", ""data/corpus/lichsu_11/lichsu_11.pdf_57.jpg.txt"", ""data/corpus/lichsu_11/lichsu_11.pdf_58.jpg.txt""]","xã hôi với nhiêm vu trong tâm là công nghiệp hoá xã hôi chu nghĩa (1) Đến năm 1940, Liên Xô gồm 15 nước công hoa I L is O in c m C Y NHAT B L RAN MÔNG CỔ ÊÊ TIÊN TÁP GA-NI-XTAN RUNG QUỐC 1.E xto-ni-a 8. Gru di a 10 Tuốc mê-ni a 12 Tat-gi-ki-xtan Liên Xô thực hiện nhiệm vụ công nghiệp hoá theo đường lối ưu tiên phát triển công nghiệp nặng - công nghiệp chế tạo máy móc và nông cụ, công nghiệp năng lượng (điện, than, dầu mỏ..), công nghiệp khai khoáng, công nghiệp quốc phòng - Trong 2 năm đầu (1926",,,,,
entity,lichsu_12_s293_bai24_sec3_001:e6,Concept,nhiệm vụ của cách mạng Việt Nam,Nhiệm vụ của cách mạng Việt Nam trong những năm đầu sau chiến tranh,nhiêm vụ của cách mạng Việt Nam trong năm đầu,0.95,[],lichsu_12_s293_bai24_sec3_001,lichsu_12,Bài 24,"CỦA CUỘC KHÁNG CHIẾN CHÔNG MÌ, CỨU NƯỚC","[197, 199]","[""data/corpus/lichsu_12/lichsu_12.pdf_197.jpg.txt"", ""data/corpus/lichsu_12/lichsu_12.pdf_199.jpg.txt""]","trọng quốc tế to lớn và có tính thời đại sâu sắc"" (1) Đảng Cộng sản Việt Nam, Báo cáo chính trị của Ban Chấp hành Trung ương Đẳng tại Đại hội đai biểu toàn quốc lần thứ IV, NXB Sư thất, H. 5 6 6. CỦA CUỘC KHÁNG CHIẾN CHÔNG MÌ, CỨU NƯỚC NĂM 1975 Sau thắng lơi của cuốc kháng chiên chống Mi, cứu nước năm 1975 nhiêm vụ của cách mạng Việt Nam trong năm đầu là khắc phục hâu quả chiến tranh, khôi phuc và phát triển kinh lê hai miền hoàn thành thống nhất đất nước về mặt nhà nước",,,,,
entity,lichsu_10_s190_bai33_sec3_001:e6,Concept,công nghiệp hoá,Con đường phát triển mà Luân Đôn là thủ đô đầu tiên của châu Âu tiến lên,công nghiệp hoá,0.95,[],lichsu_10_s190_bai33_sec3_001,lichsu_10,Bài 33,Ở CHÂU ÂU VÀ MĨ GIỮA THẾ KỈ XIX,"[159, 160, 161, 163]","[""data/corpus/lichsu_10/lichsu_10.pdf_159.jpg.txt"", ""data/corpus/lichsu_10/lichsu_10.pdf_160.jpg.txt"", ""data/corpus/lichsu_10/lichsu_10.pdf_161.jpg.txt"", ""data/corpus/lichsu_10/lichsu_10.pdf_163.jpg.txt""]","giữa thế kỉ XIX, nước Anh được mệnh danh là ""công xưởng của thế giới"" luân Đôn trở thành một trung tâm thương mại với 80 vạn dân và là thủ đô đầu tiên của châu Âu tiến lên con đường công nghiệp hoá Ở CHÂU ÂU VÀ MĨ GIỮA THẾ KỈ XIX Trong các thập niên 50 - 60 của thế kỉ XIX, nhiều cuộc cách mạng tư sản diễn ra dưới những hình thức khác nhau ở châu Âu và Bắc Mĩ. Điều này đã khắng định sự toàn thắng của phương thức sản xuất tư bản chủ nghĩa, tạo điều kiện cho chủ nghĩa tư bản phát triển mạnh mẽ.",,,,,
entity,lichsu_12_s301_bai25_sec3_001:e8,Concept,nhiệm vụ kinh tế - xã hội,Các nhiệm vụ nhằm xây dựng đất nước và bảo vệ Tổ quốc,"những nhiêm vụ kinh tế - xã hòi nhằm xây dưng đất nước, đồng thời với đầu tranh bảo vệ Tổ quốc",0.95,[],lichsu_12_s301_bai25_sec3_001,lichsu_12,Bài 25,VÀ ĐẦU TRANH BÁO VỆ TÔ QUỐC (1986),"[201, 202, 203]","[""data/corpus/lichsu_12/lichsu_12.pdf_201.jpg.txt"", ""data/corpus/lichsu_12/lichsu_12.pdf_202.jpg.txt"", ""data/corpus/lichsu_12/lichsu_12.pdf_203.jpg.txt""]","có 94 nước chính thức công nhận và đất quan hê ngoại giao. Ngày 20 - 9 - 1977, nước ta trở thành thành viên thứ 149 của Liên hợp quốc Quốc hội khoá VI, kì họp thứ nhất đã quyết đinh những vấn để gi? VÀ ĐẦU TRANH BÁO VỆ TÔ QUỐC (1986) Cách mang Việt Nam chuyển sang giai đoan cách mang xã hội chủ nghia từ sau thắng lơi của cuộc kháng chiến chun được và thống nhất đất nước về mặt nhà nước Trong 10 năm 1976 đến năm 1986 qua hai kế hoạch nhà nước 5 năm (1976 - 1980 và 1981 - 1985), nhân dân la thực h",,,,,
entity,lichsu_10_s174_001:e8,Event,chiến tranh giải phóng,hình thức của cuộc cách mạng tư sản ở Bắc Mĩ,dưới hình thức một cuộc chiến tranh giải phóng,0.95,[],lichsu_10_s174_001,lichsu_10,Bài,CỦA CÁC THUỐC ĐIA ANH,"[145, 146]","[""data/corpus/lichsu_10/lichsu_10.pdf_145.jpg.txt"", ""data/corpus/lichsu_10/lichsu_10.pdf_146.jpg.txt""]","(1599 ? 1658) phong kiến, mở đường cho chủ nghĩa tư bản phát thiến triển mạnh mẽ hơn. Đây là cuộc cách mạng tư sản có ý nghĩa trọng đại trong thời kì quá độ từ chế độ phong kiến sang chế độ tư bản. S CỦA CÁC THUỐC ĐIA ANH Ở BẮC MĨ Vào nửa sau thế kỉ XVIII, một cuộc biến động xã hội chính trị to lớn đã bùng nổ ở Bắc Mĩ ? đó là cuộc cách mạng tư sản diễn ra dưới hình thức một cuộc chiến tranh giải phóng nhằm lật đồ sự thống trị của chính quyền thực dân Anh mở đường cho chủ nghĩa tư bản phát triển ",,,,,
entity,lichsu_12_s317_bai27_sec4_001:e1,Event,Đại thắng mùa Xuân,Sự kiện đánh dấu một thời kì phát triển của lịch sử dân tộc,Đại thắng mùa Xuân năm 1975,0.95,[1975],lichsu_12_s317_bai27_sec4_001,lichsu_12,Bài 27,CÁC THỜI KÌ PHÁT TRIỂN CỦA LỊCH SỬ DÂN TỘC,"[216, 217, 218]","[""data/corpus/lichsu_12/lichsu_12.pdf_216.jpg.txt"", ""data/corpus/lichsu_12/lichsu_12.pdf_217.jpg.txt"", ""data/corpus/lichsu_12/lichsu_12.pdf_218.jpg.txt""]","đông địa cầu"" năm 1954 kháng chiên chông Mi với Đại thắng mùa Xuân năm 1975 và công cuộc đối mới đất nước từ năm 1986 đến nay: Môi sự kiên là mốc đánh dấu một thời ki phát triển của lịch sử dân tộc. CÁC THỜI KÌ PHÁT TRIỂN CỦA LỊCH SỬ DÂN TỘC Thời ki 1919 1930 (Từ sau Chiến tranh thế giới thứ nhất đến khi Đảng ra đời năm 1930) Cuộc khai thác thuộc địa lần thứ hai (1919 - 1929) của Pháp đã làm chuyển nhiều biên tình hình kinh tế ? xã hội Viết Nam, tao cơ sở xã hội (giai cấp) và điều kiên chính trị",,,,,
entity,lichsu_12_s172_bai16_sec14_003:e1,Event,Hội nghị Quân sự cách mạng Bắc Kì,Hội nghị do Ban Thường vụ Trung ương Đảng triệu tập để đẩy mạnh công tác chuẩn bị khởi nghĩa vũ trang.,"từ ngày 15 đến Ngày 20 1 4 1945, Ban Thường vu Trung ương Đảng triêu tập Hôi nghi Quân sư các thi cách mang Bắc Ki",0.95,[1945],lichsu_12_s172_bai16_sec14_003,lichsu_12,Bài 16,1. Khởi nghĩa từng phần (từ tháng 3 đến giữa tháng 8 ? 1945),"[110, 111, 112, 113, 114]","[""data/corpus/lichsu_12/lichsu_12.pdf_110.jpg.txt"", ""data/corpus/lichsu_12/lichsu_12.pdf_111.jpg.txt"", ""data/corpus/lichsu_12/lichsu_12.pdf_112.jpg.txt"", ""data/corpus/lichsu_12/lichsu_12.pdf_113.jpg.txt"", ""data/corpus/lichsu_12/lichsu_12.pdf_114.jpg.txt""]","ngày Tông khới nghĩa nha Để đẩy manh hơn nữa công tác chuẩn bi khới nghĩa vũ trang, từ ngày 15 đến Ngày 20 1 4 1945, Ban Thường vu Trung ương Đảng triêu tập Hôi nghi Quân sư các thi cách mang Bắc Ki. Hội nghi quyết đình thống nhất các lực lượng vũ trang, phát triển người hơn nữa lực lượng vũ trang và nửa vũ trang, mở trường đào tao cấp tốc cán bộ quân sự và chính tri, tích cực phát triển chiến tranh du kích, xây dưng chiến khu, chuẩn bi cho cuộc tổng khỏi nghĩa khi thời cơ đến Uỷ ban Quân sự các",,,,,
entity,lichsu_11_s97_bai18_sec6_002:e5,Event,Cuộc chiến đấu chống phát xít trong Chiến tranh thế giới thứ hai,Cuộc chiến đấu chống phát xít diễn ra trong Chiến tranh thế giới thứ hai (1939 - 1945).,Cuốc chiến đấu chống phát xít trong Chiến tranh thế giới thứ hai (1939 1945),0.95,"[1939, 1945]",lichsu_11_s97_bai18_sec6_002,lichsu_11,Bài 18,THI NHỮNG NỘI DUNG CHÍNH CỦA LỊCH SỬ THẾ GIỚI HIỆN ĐAI,"[102, 103, 104]","[""data/corpus/lichsu_11/lichsu_11.pdf_102.jpg.txt"", ""data/corpus/lichsu_11/lichsu_11.pdf_103.jpg.txt"", ""data/corpus/lichsu_11/lichsu_11.pdf_104.jpg.txt""]","iều nước, các đảng công sản ra đời và năm vai trò lãnh đạo cách mạng Nhàm thống nhất hành đông và tập hợp lực lượng cách mang Trong Quốc tế Công san thành lập và hoat đông trong những năm 1919 - 1943. Phong trao chiến cách mang thế giới trải qua những bước phát triển chính sau đây: Cao trào cách mang trong những năm 1918 1923, Quốc tế Cộng sản ra đòi Phong trào cách mang những năm khủng hoàng kinh tế (1929 - 1933) Phong trào Mặt trận Nhân dân chống phát xít, chống chiến tranh (1936 - 1939) Cuốc ",,,,,
entity,lichsu_12_s303_bai25_sec5_001:e5,Event,"Kháng chiến chống Mĩ, cứu nước","Cuộc kháng chiến giành thắng lợi, dẫn đến thống nhất đất nước","thắng lợi của cuộc kháng chiến chống Mĩ, cứu nước",0.95,[],lichsu_12_s303_bai25_sec5_001,lichsu_12,Bài 25,1. Cách mạng Việt Nam chuyển sang giai đoạn mới,"[203, 204, 205, 206]","[""data/corpus/lichsu_12/lichsu_12.pdf_203.jpg.txt"", ""data/corpus/lichsu_12/lichsu_12.pdf_204.jpg.txt"", ""data/corpus/lichsu_12/lichsu_12.pdf_205.jpg.txt"", ""data/corpus/lichsu_12/lichsu_12.pdf_206.jpg.txt""]","1976 đến năm 1986 qua hai kế hoạch nhà nước 5 năm (1976 - 1980 và 1981 - 1985), nhân dân la thực hiên những nhiêm vụ kinh tế - xã hòi nhằm xây dưng đất nước, đồng thời với đầu tranh bảo vệ Tổ quốc 1. Cách mạng Việt Nam chuyển sang giai đoạn mới Sau thắng lợi của cuộc kháng chiến chống Mĩ, cứu nước và hoàn thành thống nhất đất nước về mặt nhà nước, nước ta chuyển sang giai đoạn đất nước độc lập thống nhất, đi lên chủ nghĩa xã hội. Điều độc lập và thông nhất là điều kiên tiên quyết để đất nước tiê",,,,,
entity,lichsu_12_s177_bai16_sec19_001:e9,Event,Chiến tranh thế giới thứ hai,Chiến tranh thế giới thứ hai,Chiến tranh thế giới thứ hai,0.95,[],lichsu_12_s177_bai16_sec19_001,lichsu_12,Bài 16,2. Ý nghĩa lịch sử,"[119, 120]","[""data/corpus/lichsu_12/lichsu_12.pdf_119.jpg.txt"", ""data/corpus/lichsu_12/lichsu_12.pdf_120.jpg.txt""]","nhất là chiến tháng phát xít Đức và thu quân phiết Nhật Bản, đã cổ vũ tình thần, cùng cổ niâm dân ta trong sư nghiệp đấu tranh giải phóng dân tộc, tao thời cơ để nhân dân ta đứng lên Tổng khởi nghĩa. 2. Ý nghĩa lịch sử Cách mạng tháng Tám mở ra một bước ngoặt lớn trong lịch sử dân tộc ta. Nó đã nguyên phá tan xiêng xích nô lê của thực dân Pháp hơn 80 năm và ách thống trị của phát xít Nhật gần 5 năm, lật nhào ngai vàng phong kiến ngự tri ngót chục thế kỉ ở nước ta, Chinh trấp nên nước Viết Nam Dâ",,,,,
entity,lichsu_12_s98_bai9_sec5_001:e9,Event,Hiệp định Pari,"Hiệp định được kí kết vào tháng 1 năm 1973, theo đó Mĩ cam kết tôn trọng các quyền dân tộc cơ bản của Việt Nam và rút quân.",Hiệp định Pani được kí kết,0.9,[1973],lichsu_12_s98_bai9_sec5_001,lichsu_12,Bài 9,3. Cuộc chiến tranh xâm lược Việt Nam của đế quốc Mĩ (1954 ? 1975),"[60, 61, 62]","[""data/corpus/lichsu_12/lichsu_12.pdf_60.jpg.txt"", ""data/corpus/lichsu_12/lichsu_12.pdf_61.jpg.txt"", ""data/corpus/lichsu_12/lichsu_12.pdf_62.jpg.txt""]","chiên được kí kết Theo đó, vì tuyến 38 vẫn là ranh giới quân sự giữa hai miền, Cuộc chiến ""tranh Triều Tiên là một ""ssn phẩm"""" của Chiến tranh lanh và là sư đung đầu trực tiếp đầu tiên giữa hai phe 3. Cuộc chiến tranh xâm lược Việt Nam của đế quốc Mĩ (1954 ? 1975) Sau Hiệp dinh Gionevơ năm 1954 về Đông Dương, Mĩ đã nhanh chóng thay thế Pháp, dưng lên chính quyền Ngô Đình Diêm, âm mưu chía cất lâu dài Việt Nam biến miền Nam Việt Nam thành thuộc địa kiểu mới và căn cứ quân sự của Mi Nhưng mưu đồ c",,,,,
entity,lichsu_12_s166_bai16_sec8_002:e2,Event,Khởi nghĩa Bắc Sơn,"Phong trào đấu tranh vũ trang giải phóng dân tộc, mở đầu sau khi có chủ trương chuyển hướng đấu tranh của Đảng","Khỏi nghĩa Bắc Sơn có ý nghĩa lịch sử quan trong, mở dầu phong trào dầu tranh vũ trang giải phóng dân tộc sau khi có chủ trương chuyển hướng đấu tranh của Đảng",0.9,[],lichsu_12_s166_bai16_sec8_002,lichsu_12,Bài 16,VÀ TII PHONG TRAO GIẢI PHONG DÂN TỘC TỪ THÁNG 9 - 1939,"[103, 104, 105, 106]","[""data/corpus/lichsu_12/lichsu_12.pdf_103.jpg.txt"", ""data/corpus/lichsu_12/lichsu_12.pdf_104.jpg.txt"", ""data/corpus/lichsu_12/lichsu_12.pdf_105.jpg.txt"", ""data/corpus/lichsu_12/lichsu_12.pdf_106.jpg.txt""]","g bô địa phương, nhân dân Bắc Sơn đã nối dây chận dánh quân Pháp, chiếm đồn Mỏ Nhài, Chính quyền địch ở Bắc Sơn tan rã Nhân dân làm chủ châu lị và các vùng lân cân. Đội du kích Bắc Sơn được thành lập. Thất Khên TRUNG QUỐC Na Sầm Bình Gia s cr Bắc Sơn Điềm He Mỏ Nhài LANG Vũ Lăng SƠN A Võ Nhai P Khuối Nọi Y THÁI NGUYÊN Quân chúng và binh linh nguy quyền NY nổi dậy khởi nghĩa - Hương tiến đánh của quân Nhật x Nơi thành lập đội du kích Bắc Sơn Quân Pháp đầu hàng Pháp phân công, đần áp quân khởi ngh",,,,,
entity,lichsu_11_s31_bai7_sec8_002:e3,Event,chiến sự chấm dứt,"Sự kiện chiến sự kết thúc, dẫn đến việc Nhà nước Xô viết được bảo vệ và giữ vững.","Cuối năm 1920, chiến sự chấm dứt",0.95,[1920],lichsu_11_s31_bai7_sec8_002,lichsu_11,Bài 7,THI CUỐC ĐẦU TRANH XÂY DỤNG VÀ CHÍNH QUYỀN XÔ VIẾT,"[48, 49, 50, 51, 52]","[""data/corpus/lichsu_11/lichsu_11.pdf_48.jpg.txt"", ""data/corpus/lichsu_11/lichsu_11.pdf_49.jpg.txt"", ""data/corpus/lichsu_11/lichsu_11.pdf_50.jpg.txt"", ""data/corpus/lichsu_11/lichsu_11.pdf_51.jpg.txt"", ""data/corpus/lichsu_11/lichsu_11.pdf_52.jpg.txt""]","thưc Phiện Chinh sách cộng sản thời chiến Nhà nước kiểm soát toàn bộ nền công nghiệp, trưng thu lương thực thừa của nông dân, thi hành chế độ lao động cưỡng bức đối với toàn dân (từ 16 đến 50 tuổi).. nhằm huy động tối đa moi nguồn của cải, nhân lực của đất nước phục vu cho cuộc chiến đấu chống thù trong. giác ngoài. Vừa chiến đấu, vừa xây dựng, Hồng quân và nhân dân Xô viết đã từng bước đẩy lui các cuộc tấn công của lực lương phản cách mang trong và ngoài nước, Cuối năm 1920, chiến sự chấm dứt, ",,,,,
entity,lichsu_10_s221_bai39_sec2_002:e6,Event,Cuộc tổng bãi công của công nhân dệt Si-ca-gô,Cuộc tổng bãi công của gần 40 vạn công nhân dệt Si-ca-gô (Mĩ) đòi thực hiện chế độ ngày lao động 8 giờ.,Cuộc tổng bãi công của gần 40 vạn công nhân dệt Si-ca-gô (Mĩ) ngày 15 1 5 1886 đòi thực hiện chế độ ngày lao động 8 giờ,0.9,[1886],lichsu_10_s221_bai39_sec2_002,lichsu_10,Bài 39,QUỐC TẾ THỨ HAI,"[194, 195, 197, 198]","[""data/corpus/lichsu_10/lichsu_10.pdf_194.jpg.txt"", ""data/corpus/lichsu_10/lichsu_10.pdf_195.jpg.txt"", ""data/corpus/lichsu_10/lichsu_10.pdf_197.jpg.txt"", ""data/corpus/lichsu_10/lichsu_10.pdf_198.jpg.txt""]","sự lớn manh của công nhân Pháp (1) Theo đạo luật này, các tổ chức công nhân bị giải tán, các toà báo công nhân bị đóng cửa, hàng loạt đảng viên Đảng Công nhân xã hội dân chủ Đức bị bắt bó và tra tấn. Ở Anh, những cuộc bãi công của công nhân đòi tăng lương, thưc hiện ngày làm 8 giờ và đòi cải thiện đời sống liên tục diễn ra, điển hình là nguyen cuộc bãi công của hàng van công nhân khuân vác ở bến tàu Luân Đôn vào cuối thập niên 80 Nét nổi bật của phong trào công nhân Mĩ hồi cuối thế kỉ XIX gắn li",,,,,
entity,lichsu_11_s140_bai24_sec6_004:e1,Event,các cuộc đấu tranh của nông dân và bình lính,"Các cuộc đấu tranh của nông dân và binh lính bị mất phương hướng, bị đàn áp đẫm máu và thất bại nhanh chóng.","các cuộc đấu tranh của nông dân và bình lính, bị mất phương hướng, bị đàn áp đắm máu và thất bại nhanh chóng",0.9,[],lichsu_11_s140_bai24_sec6_004,lichsu_11,Bài 24,SƠ KẾT LỊCH SỬ VIỆT NAM (1858 1918),"[152, 153, 154, 155, 156]","[""data/corpus/lichsu_11/lichsu_11.pdf_152.jpg.txt"", ""data/corpus/lichsu_11/lichsu_11.pdf_153.jpg.txt"", ""data/corpus/lichsu_11/lichsu_11.pdf_154.jpg.txt"", ""data/corpus/lichsu_11/lichsu_11.pdf_155.jpg.txt"", ""data/corpus/lichsu_11/lichsu_11.pdf_156.jpg.txt""]","t là các cuộc đấu tranh của nông dân và bình lính, bị mất phương hướng, bị đàn áp đắm máu và thất bại nhanh chóng Chính trong bối cảnh lịch sử đó, Nguyên Tất Thành đã ra đi tìm con đường cứu nước mới. Những hoạt động của Người trong thời kì này là cơ sở quan trong để Người xác dinh con dường cứu nước đúng dân cho cách mang Viêt Nam",,,,,
entity,lichsu_12_s252_bai21_sec18_004:e1,Event,chiến thắng Ấp Bắc,"Chiến thắng quan trọng của Quân giải phóng, sau đó Quân giải phóng nhanh chóng trưởng thành và tiến lên đánh những trận có quy mô lớn.","Sau chiến thắng Ấp Bắc, Quân giải phóng nhanh chóng trưởng thành và tiến lên đánh những trận có quy mô lơn",0.9,[],lichsu_12_s252_bai21_sec18_004,lichsu_12,Bài 21,1. Chiến lược ?Chiến tranh đặc biệt? của Mĩ ở miền Nam,"[165, 166, 167, 168, 169, 170, 171, 172]","[""data/corpus/lichsu_12/lichsu_12.pdf_165.jpg.txt"", ""data/corpus/lichsu_12/lichsu_12.pdf_166.jpg.txt"", ""data/corpus/lichsu_12/lichsu_12.pdf_167.jpg.txt"", ""data/corpus/lichsu_12/lichsu_12.pdf_168.jpg.txt"", ""data/corpus/lichsu_12/lichsu_12.pdf_169.jpg.txt"", ""data/corpus/lichsu_12/lichsu_12.pdf_170.jpg.txt"", ""data/corpus/lichsu_12/lichsu_12.pdf_171.jpg.txt"", ""data/corpus/lichsu_12/lichsu_12.pdf_172.jpg.txt""]","ấp đã được thành lập, ruộng đất của Việt gian bị tịch thu chia cho dân cày nghèo Sau chiến thắng Ấp Bắc, Quân giải phóng nhanh chóng trưởng thành và tiến lên đánh những trận có quy mô lơn Trong đông ? xuân 1964 - 1965, quân dân dịch tiến công dịch ở miền Đông Nam Bộ với trận mở màn đánh vào ấp Bình Giã (Bà Ria, ngày 2 - 12 - 1964) Trong trận này, ta đã loại khỏi vòng chiến đấu trên 1700 tên địch, phá huý hàng chuc một máy bay và xe bọc thép, đánh tháng các chiến thuật ? trực thăng vân"", "" thiết ",,,,,
entity,lichsu_11_s7_bai2_sec1_001:e4,Event,khởi nghĩa Xipay,Một cuộc đấu tranh giành độc lập dân tộc điển hình ở Ấn Độ.,cuộc khởi nghĩa Xipay (1857 1859),0.95,"[1857, 1859]",lichsu_11_s7_bai2_sec1_001,lichsu_11,Bài 2,Bài 2,"[4, 5, 6, 8, 9, 10]","[""data/corpus/lichsu_11/lichsu_11.pdf_10.jpg.txt"", ""data/corpus/lichsu_11/lichsu_11.pdf_4.jpg.txt"", ""data/corpus/lichsu_11/lichsu_11.pdf_5.jpg.txt"", ""data/corpus/lichsu_11/lichsu_11.pdf_6.jpg.txt"", ""data/corpus/lichsu_11/lichsu_11.pdf_8.jpg.txt"", ""data/corpus/lichsu_11/lichsu_11.pdf_9.jpg.txt""]","sự nước ngoài... Về giáo dục - Chính phủ thi hành chính sách giáo dục bất buộc, chú trong nội dung khoa học - kĩ thuật trong chương trình giảng day, cử những học sinh giỏi đi du học ở phương Tây.. Bài2 ÂN ĐỘ Từ giữa thế kỉ XIX, mâu thuẫn giữa đông đảo nhân dân Ấn Độ với thực dân Anh ngày càng trở nên sâu sác, Các cuộc đấu tranh giành độc lập dân tộc diễn ra quyết liệt dưới nhiều hình thức, lôi cuốn đông đảo các tầng lớp nhân dân tham gia. Điển hình là cuộc khởi nghĩa Xipay (1857 1859), phong trà",,,,,
entity,lichsu_12_s120_bai12_sec3_001:e2,Event,cuộc khai thác thuộc địa lần thứ hai,Cuộc khai thác thuộc địa lần thứ hai của thực dân Pháp,cuộc khai thác thuốc địa lần thứ hai của thực dân Pháp,0.95,[],lichsu_12_s120_bai12_sec3_001,lichsu_12,Bài 12,TỪ NĂM 1919 ĐẾN NĂM 1925,"[73, 74, 76]","[""data/corpus/lichsu_12/lichsu_12.pdf_73.jpg.txt"", ""data/corpus/lichsu_12/lichsu_12.pdf_74.jpg.txt"", ""data/corpus/lichsu_12/lichsu_12.pdf_76.jpg.txt""]","thành những điều kiên thuận lợi, những xu thế khách quan để các dân tộc cùng nhau xây dưng một thế giới hoà bình, ổn định, hợp tác phát triển, bảo đảm những quyền cơ bản cóa mỗi dân tốc và con người TỪ NĂM 1919 ĐẾN NĂM 1925 Nhưng thay đổi của tình hình thế giới và tác động của cuộc khai thác thuốc địa lần thứ hai của thực dân Pháp đã tao ra những chuyển biến mới về kinh tế, xã hôi, văn hoá, giáo dục ở Việt Nam Phong trào dân tộc dân chủ ở Việt Nam trong những năm 1919 - 1925 cũng có bước phát tr",,,,,
entity,lichsu_12_s266_bai22_sec14_003:e4,Event,Cuộc Tiến công chiến lược năm 1972,cuộc tiến công chiến lược diễn ra vào năm 1972,Cuốc Tiến công chiến lược năm 1972,0.9,[1972],lichsu_12_s266_bai22_sec14_003,lichsu_12,Bài 22,"2. Chiến đấu chống chiến lược ""Việt Nam hoá chiến tranh?","[180, 181, 182, 183]","[""data/corpus/lichsu_12/lichsu_12.pdf_180.jpg.txt"", ""data/corpus/lichsu_12/lichsu_12.pdf_181.jpg.txt"", ""data/corpus/lichsu_12/lichsu_12.pdf_182.jpg.txt"", ""data/corpus/lichsu_12/lichsu_12.pdf_183.jpg.txt""]","ộng lớn và đông dân Sau đòn mỏ đầu bất ngô của quân ta, quân đội Sài Gòn có sự yểm trợ của Mĩ đã phản công, gây cho ta nhiều thiết hại, Đế quốc Mi tiến hành trở lai cuộc chiến tranh phá hoại miền Bắc. Cuốc Tiến công chiến lược năm 1972 đã giáng đồn năng nề vào chiến lược ""Việt Nam hoá chiến tranh?, buộc Mĩ phải tuyên bố ""Mi hoá"" trở lại chiến tranh ""Nhưng xâm lược (tức thừa nhận sự thất bại của chiến lược ""Viêt Nam hoá chiến tranh""). p",,,,,
entity,lichsu_12_s114_bai11_sec5_001:e12,Event,tan rã Liên bang Xô viết,Sự kiện Liên bang Xô viết tan rã.,và Liên bang Xô viết (1991),0.95,[1991],lichsu_12_s114_bai11_sec5_001,lichsu_12,Bài 11,"1. Sau Chiến tranh thế giới thứ hai, một trật tư thế giới mói đã được xác lập. Đó","[71, 72, 73]","[""data/corpus/lichsu_12/lichsu_12.pdf_71.jpg.txt"", ""data/corpus/lichsu_12/lichsu_12.pdf_72.jpg.txt"", ""data/corpus/lichsu_12/lichsu_12.pdf_73.jpg.txt""]","sau thế kí XX mà loài người vừa mới trải qua Chí trong vòng nửa thế ki, tỉnh hình thế giới đã thật sôi đông với bao diên biến dồn dập, đem lại nhưng thay đổi to lớn và cả những đảo lôn đầy bất ngờ 1. Sau Chiến tranh thế giới thứ hai, một trật tư thế giới mói đã được xác lập. Đó là trật tự thế giới hai cực lanta với đặc trưng nổi bật là thế giới bị chia thành hai phe - tư bản chủ nghĩa và xã hội chủ nghĩa, do hai siêu cường Mĩ và Liên Xô đứng đầu dỗu mỗi phe. Đặc trưng hai cực ? hai phe đó là nhâ",,,,,
entity,lichsu_10_s26_001:e5,Event,Xuân Thu - Chiến Quốc,Cục diện lịch sử với các cuộc chiến tranh giữa các nước nhỏ ở Trung Quốc.,làm thành cục diện Xuân Thư - Chiến Quốc,0.95,[],lichsu_10_s26_001,lichsu_10,Bài,"1. Trung Quốc thời Tần, Hán","[28, 29, 30, 31]","[""data/corpus/lichsu_10/lichsu_10.pdf_28.jpg.txt"", ""data/corpus/lichsu_10/lichsu_10.pdf_29.jpg.txt"", ""data/corpus/lichsu_10/lichsu_10.pdf_30.jpg.txt"", ""data/corpus/lichsu_10/lichsu_10.pdf_31.jpg.txt""]","thành nhưng không phát triển được, Trên cơ sở những điều kiện kinh tế xã hội mới, kế thừa những truyền thống của nền văn hoá cổ, nhân dân Trung Quốc đạt được nhiều thành tựu văn hoá tực tỡ là nhiều 1. Trung Quốc thời Tần, Hán Từ thời cổ đại, trên lưu vực Hoàng Hà và Trường Giang có nhiều quốc gia nhỏ Các người của người Trung Quốc. Giữa các nước này thường xuyên xảy ra các cuộc chiến tranh nhằm xâu xé và thôn tính lẫn nhau, làm thành cục diện Xuân Thư - Chiến Quốc Đến thế kỉ IV TCN, Tần trở thàn",,,,,
entity,lichsu_12_s162_bai16_sec4_001:e1,Event,phong trào dân chủ 1936 - 1939,"Phong trào dân chủ diễn ra từ năm 1936 đến 1939, được coi là cuộc tập dượt chuẩn bị cho Tổng khởi nghĩa tháng Tám.","phong trào dân chủ 1936 ? 1939 như một cuộc tập dượt, chuẩn bị cho Tổng khởi nghĩa tháng Tám sau này",0.95,"[1936, 1939]",lichsu_12_s162_bai16_sec4_001,lichsu_12,Bài 16,NƯỚC VIẾT NAM DÂN CÔNG HOÀ ĐƠI,[102],"[""data/corpus/lichsu_12/lichsu_12.pdf_102.jpg.txt""]","Đảng thấy được những han chế của mình trong công tác mặt trân, vấn đề dân tộc v.v. Có thể nói, phong trào dân chủ 1936 ? 1939 như một cuộc tập dượt, chuẩn bị cho Tổng khởi nghĩa tháng Tám sau này Us NƯỚC VIẾT NAM DÂN CÔNG HOÀ ĐƠI Chiên tranh thế giới thứ hai đã tác đông đên tinh tê, chính trị xã hội nhiều nước Đảng Công Sản Đông Dương đa kip thời chuyển hướng đấu tranh, tích cực chuẩn bị về moi mặt Giữa tháng 8 - 1945 thời cơ đến, Đảng lãnh đạo nhân dân cả nước khởi nghĩa giành chính quyền Nước ",,,,,
entity,lichsu_11_s111_bai20_sec5_004:e11,Event,Hiệp ước năm 1874,Hiệp ước được triều đình Huế kí kết sau chiến thắng Cầu Giấy lần thứ nhất,Hiệp ước năm 1874 (Hiệp ước Giáp Tuất),0.95,[1874],lichsu_11_s111_bai20_sec5_004,lichsu_11,Bài 20,KHÁNG CHIẾN LAN RỘNG RA BẮC KÌ,"[115, 116, 117, 118, 119]","[""data/corpus/lichsu_11/lichsu_11.pdf_115.jpg.txt"", ""data/corpus/lichsu_11/lichsu_11.pdf_116.jpg.txt"", ""data/corpus/lichsu_11/lichsu_11.pdf_117.jpg.txt"", ""data/corpus/lichsu_11/lichsu_11.pdf_118.jpg.txt"", ""data/corpus/lichsu_11/lichsu_11.pdf_119.jpg.txt""]","ục chiến đầu. Các sĩ phu, văn thân yêu nước đã lập Nghĩa hội, bí mật tổ chức chống Paá các tỉnh Hưng Yên, Phủ Lí, Hải Dương, Ninh Bình Nam Đinh. quân Pháp cũng vấp phảng cư quyết liết của quân dân ta. Trận đánh gây được tiếng vang lớn nhất lúc bấy gio là trận phục kích của quân ta tại Cầu Giay ngay 21 12 1873 (1800 1873) Thừa lúc Gác ni ê đem quân xuống định, việc canh phòng Hà Nội sơ hở, quân ta do Hoàng Tà Viêm chỉ huy (có sự phối hợp với đội quân Cờ đen của Lưu Vĩnh Phúc) từ Sơn Tây kéo về Hà",,,,,
entity,lichsu_12_s88_bai8_sec2_002:e10,Event,Hiệp ước an ninh Mĩ - Nhật,"Hiệp ước được kí kết cùng ngày với Hiệp ước hoà bình Xan Phranxiscô, đặt nền tảng mới cho quan hệ giữa hai nước",Hiệp ước an nhinh Mĩ ? Nhật được kí kết,0.95,[],lichsu_12_s88_bai8_sec2_002,lichsu_12,Bài 8,NHẬT BẢN TỪ NĂM 1945 ĐẾN NĂM 1952,"[52, 53]","[""data/corpus/lichsu_12/lichsu_12.pdf_52.jpg.txt"", ""data/corpus/lichsu_12/lichsu_12.pdf_53.jpg.txt""]","ỉ có lực lương phòng về dân sự bảo đảm an ninh, trong nước Về kinh tế, SCAP đã thực hiên ba cuộc cải cách lớn : một là, thủ tiêu chế độ tập thu nghi trung kinh tế, trước hết là giải lán các ""Daibatxu? (lức là các tập đoàn, công ti lung nhi bản lũng đoạn còn mang nhiều tính chất dòng tộc), hai là, cải cách ruộng đất, quy đinh địa chủ chỉ được sở hữu không quá 3 hécta ruộng, số còn lại Chính phủ đem nguy nha bán cho nông dân , ba là, dân chủ hoá lao đông (thông qua việc thực hiên các dao luật về l",,,,,
entity,lichsu_10_s83_001:e2,Event,khởi nghĩa chống ách đô hộ,Cuộc khởi nghĩa đầu tiên của nhân dân Âu Lạc,cuộc khởi nghĩa chống ách đô hộ dầu tiên của nhân dân Âu Lạc the thu bùng nổ.,0.95,[],lichsu_10_s83_001,lichsu_10,Bài,1. Khái quát phong trào đấu tranh từ thế kỉ 1 đến đầu thế kỉ x,"[81, 82, 83, 84, 85, 86]","[""data/corpus/lichsu_10/lichsu_10.pdf_81.jpg.txt"", ""data/corpus/lichsu_10/lichsu_10.pdf_82.jpg.txt"", ""data/corpus/lichsu_10/lichsu_10.pdf_83.jpg.txt"", ""data/corpus/lichsu_10/lichsu_10.pdf_84.jpg.txt"", ""data/corpus/lichsu_10/lichsu_10.pdf_85.jpg.txt"", ""data/corpus/lichsu_10/lichsu_10.pdf_86.jpg.txt""]","trực tiếp tới cấp huyên, tổ chức các đơn vị hành chính chính đến cấp hương, xã, nhưng không khống chế nổi các làng xóm người Việt Làng xóm trở thành nơi xuất phát các cuộc đấu tranh giành độc lập. B 1. Khái quát phong trào đấu tranh từ thế kỉ 1 đến đầu thế kỉ x Năm 40, cuộc khởi nghĩa chống ách đô hộ dầu tiên của nhân dân Âu Lạc the thu bùng nổ. Từ đó cho đến đầu thế kỉ X, nhiều cuộc khởi nghĩa đã liên tiếp nổ ra ở ba quận Giao Chỉ, Cửu Chân và Nhật Nam Từ sau cuộc khởi nghĩa Hai Bà Trưng năm 40",,,,,
entity,lichsu_10_s186_001:e3,Event,Cách mạng tư sản Pháp,Sự kiện mở ra thời đại thắng lợi và củng cố của chủ nghĩa tư bản ở các nước tiên tiến.,Cách mạng tư sản Pháp đã mở ra thời đại mới,0.95,[],lichsu_10_s186_001,lichsu_10,Bài,Bài,"[158, 159]","[""data/corpus/lichsu_10/lichsu_10.pdf_158.jpg.txt"", ""data/corpus/lichsu_10/lichsu_10.pdf_159.jpg.txt""]","nước châu Âu, chế độ phong kiến đã bị lung lay ở khắp châu Âu, Cách mạng tư sản Pháp đã mở ra thời đại mới ? thời đại tháng lợi và chi củng cố của chủ nghĩa tư bản ở các nước tiên tiến thời bấy giờ. Bài Ở CHÂU ÂU Từ cuối thế kỉ XVIII đến giữa thế kỉ XIX, ở các nước châu đu đã có bước phát triển nhảy vọt trong lĩnh vực sốn sản xuất. Đó là cuộc cách mạng nhằm thực hiện cơ khí hoá nền sản xuất thay thế cho lao động thủ công. Về thiệt thực chất, đây là cuộc cách mạng kĩ thuật của chủ nghĩa nha tư bả",,,,,
entity,lichsu_11_s139_bai24_sec5_001:e10,Event,công nhân mỏ bôxít Cao Bàng bỏ trốn,22 công nhân mỏ bôxít Cao Bàng bỏ trốn,"các tháng 6 và 7 1917, 22 công nhân mỏ bôxít Cao Bàng bỏ trồn",0.9,[1917],lichsu_11_s139_bai24_sec5_001,lichsu_11,Bài 24,HI SỰ XUẤT HIỆN KHUYNH HƯỚC MỚI,"[148, 149, 152, 153]","[""data/corpus/lichsu_11/lichsu_11.pdf_148.jpg.txt"", ""data/corpus/lichsu_11/lichsu_11.pdf_149.jpg.txt"", ""data/corpus/lichsu_11/lichsu_11.pdf_152.jpg.txt"", ""data/corpus/lichsu_11/lichsu_11.pdf_153.jpg.txt""]","3 người đều bị giác bắt. Nghĩa bình ở Thừa Thiên, Quảng Ngãi nổi dậy, nhưng thiếu người lãnh đạo nên tan rã nhanh chóng B Việc vua Duy Tân tham gia cuộc vận động khởi nghĩa năm 1916 ở Huế có ý nghĩa HI SỰ XUẤT HIỆN KHUYNH HƯỚC MỚI 1 Phong trào công nhân Trong những năm Chiến tranh thế giới thứ nhất, công nhân đã kết hợp đấu tranh đòi quyền lợi kinh tế với bao động vũ trang Ngày 22 2 - 1916, nữ công nhân nhà máy sàng Kế Bào (Quảng Ninh) nghi viêc 77 ngày chống cúp phạt lương, Cũng trong năm này, ",,,,,
entity,lichsu_12_s317_bai27_sec4_002:e4,Event,phong trào cách mạng của quần chúng,Phong trào cách mạng bùng nổ dưới sự lãnh đạo của Đảng,bùng nổ phong trào cách mang của quần chúng dưới sự lãnh đạo của Đảng trong những năm 1930 - 1931,0.95,"[1930, 1931]",lichsu_12_s317_bai27_sec4_002,lichsu_12,Bài 27,CÁC THỜI KÌ PHÁT TRIỂN CỦA LỊCH SỬ DÂN TỘC,"[216, 217, 218]","[""data/corpus/lichsu_12/lichsu_12.pdf_216.jpg.txt"", ""data/corpus/lichsu_12/lichsu_12.pdf_217.jpg.txt"", ""data/corpus/lichsu_12/lichsu_12.pdf_218.jpg.txt""]","đời đến ngày 2 - 9 - 1945) Tác động của cuộc khủng hoảng kinh tế thế giới (1929 ? 1933) cùng với sự gia thi thang áp bức, bóc lột và cuộc ?khủng bố trắng"" của thực dân Pháp sau khởi nghĩa Yên Bái (9 ? 2 - 1930), đã làm bùng nổ phong trào cách mang của quần chúng dưới sự lãnh đạo của Đảng trong những năm 1930 - 1931, với đỉnh cao Xô viết Nghê - Tỉnh Trong bối cánh lích sử những năm 1936 - 1939, khi chú nghĩa phát xít xuất hiện, đe doa hoà bình thế giới, ở nước ta dây lên phong trào đấu tranh công",,,,,
entity,lichsu_12_s297_bai24_sec7_001:e7,Event,Hội nghị Hiệp thương chính trị thống nhất đất nước,hội nghị được tổ chức tại Sài Gòn để thống nhất đất nước về mặt nhà nước,Hôi nghi Hiệp thương chính tn thông nhất Nhiều đất nước,0.95,[],lichsu_12_s297_bai24_sec7_001,lichsu_12,Bài 24,HII - HOÀN THÀNH THỐNG NHẤT ĐẤT NƯỚC VỀ MẶT NHÀ NƯỚC (1975 ? 1976),"[200, 201, 202, 203]","[""data/corpus/lichsu_12/lichsu_12.pdf_200.jpg.txt"", ""data/corpus/lichsu_12/lichsu_12.pdf_201.jpg.txt"", ""data/corpus/lichsu_12/lichsu_12.pdf_202.jpg.txt"", ""data/corpus/lichsu_12/lichsu_12.pdf_203.jpg.txt""]","ngoài, đều trở lại hoạt động Các hoạt động văn hoá, giáo dục, y tế v.v. được tiến hành khẩn trương từ những ngày đầu mới giải phóng tranh, khôi phục kinh tế, ổn định tình han sau giải phóng năm 1975 HII - HOÀN THÀNH THỐNG NHẤT ĐẤT NƯỚC VỀ MẶT NHÀ NƯỚC (1975 ? 1976) Và Sau đại tháng mùa Xuân 1975, Tố quốc Viết Nam được thống nhất về mặt lãnh thổi thổ, song ở mỗi miền vẫn tồn tai hình thức tổ chức nhà nước khác nhau, Thưc tế đó Thiến trái vối nguyên vong, tỉnh cảm thiêng liêng của nhân dán hai miề",,,,,
entity,lichsu_12_s285_bai23_sec12_003:e3,Event,giải phóng Đà Nẵng,"Quân ta từ ba phía bắc, lây nam tiến thắng vào thành phố Đà Nẵng và giải phóng toàn bộ","Sáng 29 - 3, quân ta từ ba phía bắc, lây nam tiến thắng vào thành phố, đến 3 giờ chiều thì giải phóng toàn bô Đà Năng",0.95,[],lichsu_12_s285_bai23_sec12_003,lichsu_12,Bài 23,2. Cuộc Tổng tiến công và nối dậy Xuân 1975,"[192, 193, 194, 195, 196]","[""data/corpus/lichsu_12/lichsu_12.pdf_192.jpg.txt"", ""data/corpus/lichsu_12/lichsu_12.pdf_193.jpg.txt"", ""data/corpus/lichsu_12/lichsu_12.pdf_194.jpg.txt"", ""data/corpus/lichsu_12/lichsu_12.pdf_195.jpg.txt"", ""data/corpus/lichsu_12/lichsu_12.pdf_196.jpg.txt""]",", thành phố lớn thứ hai ở miền Nam, căn cứ quân sự liên hợp lớn nhất Người của Mĩ và quân đội Sài Gòn, rơi vào thế cô lập. Hơn 10 van dịch bị dôn về đây trở nhiêm hôn loạn, mất hết khá năng chiến đấu. Sáng 29 - 3, quân ta từ ba phía bắc, lây nam tiến thắng vào thành phố, đến 3 giờ chiều thì giải phóng toàn bô Đà Năng ps Từ cuối tháng 3 đến đầu tháng 4, nhân dân các tỉnh còn lại ở ven biển miền Trung, Nam Tây Nguyên và một số tỉnh ở Nam Bộ, có sự hỗ trợ của lực lượng vũ trang đia phương và quân c",,,,,
entity,lichsu_11_s104_bai19_sec5_002:e12,Event,Điều ước Bắc Kinh,điều ước kết thúc cuộc chiến ở Trung Quốc,Điều ước Bắc Kinh 12 10 1860,0.9,[1860],lichsu_11_s104_bai19_sec5_002,lichsu_11,Bài 19,MIÊN ĐÔNG NAM KÌ TỪ NĂM 1859 ĐẾN NĂM 1862,"[106, 107, 109, 110, 111]","[""data/corpus/lichsu_11/lichsu_11.pdf_106.jpg.txt"", ""data/corpus/lichsu_11/lichsu_11.pdf_107.jpg.txt"", ""data/corpus/lichsu_11/lichsu_11.pdf_109.jpg.txt"", ""data/corpus/lichsu_11/lichsu_11.pdf_110.jpg.txt"", ""data/corpus/lichsu_11/lichsu_11.pdf_111.jpg.txt""]","triều đình vân đóng trong phòng tuyến Chí Hoà mới được xây dựng trong tư thể thú hiêm Hinh 50. Quân Pháp đánh chiếm thành Gia Đinh Từ tháng 3 1860, Nguyễn Trị Phương được lệnh từ Đà Năng vào Gia Định. Ông đã huy động hàng van quân và dân bình xây dựng Đại đồng Chí Hoà, vừa đồ sô vừa vững chắc, nhưng vì không chủ động tân công nên gần 1 000 quân Pháp vẫn yên ổn ngay bên cạnh phòng tuyến của quân ta với một lực lương tù 10 000 đến 12 000 người Không bi đông đối phó như quân đôi triều đình, hàng ng",,,,,
entity,lichsu_11_s66_bai15_sec1_001:e3,Event,Phong trào Ngũ tứ,Phong trào mở đầu thời kì cách mạng dân chủ mới ở Trung Quốc,phong trào Ngũ tứ,0.95,[],lichsu_11_s66_bai15_sec1_001,lichsu_11,Bài 15,Bài 15,"[76, 79]","[""data/corpus/lichsu_11/lichsu_11.pdf_76.jpg.txt"", ""data/corpus/lichsu_11/lichsu_11.pdf_79.jpg.txt""]","hâu quá xã hội thi thi hại : nông dân bị phá sản, mất mùa và đói kém, số công nhân thất nghiệp lên tới 3 triệu người. Mâu thuẫn xã hội và cuộc đấu tranh của những người lao động diễn ra quyết liệt. Bài 15 (1918-- 1939) Phong trào cách mạng ở Trung Quốc và Ấn Độ đã vượt qua nhiêu thử thách và đạt được những bước tiến mới trong vòng 20 năm giữa hai cuộc chiến tranh thế giới. Ở Trung Quốc, phong trào Ngũ tứ đã mở đầu thời kì cách mạng dân chủ mới. Ở Ân Độ, Đảng Quốc đại, dứng đầu là Ma-hát-ma Gan-đ",,,,,
entity,lichsu_10_s119_001:e2,Event,chiến tranh Trịnh - Nguyễn,cuộc chiến tranh xảy ra sau chiến tranh Nam - Bắc triều,chiến tranh Trịnh - Nguyễn,0.9,[],lichsu_10_s119_001,lichsu_10,Bài,1. Sự sụp đổ của triều Lê sơ. Nhà Mạc được thành lập,"[106, 107]","[""data/corpus/lichsu_10/lichsu_10.pdf_106.jpg.txt"", ""data/corpus/lichsu_10/lichsu_10.pdf_107.jpg.txt""]","chưa được bao lâu thì xảy ra cuộc chiến tranh Nam ? Bắc triều và tiếp đó là chiến tranh Trịnh - Nguyễn. Hai chính quyền ở Đàng Ngoài và Đàng Trong được hình thành, tại nhang cho đến cuối thế kỉ xviil 1. Sự sụp đổ của triều Lê sơ. Nhà Mạc được thành lập Đầu thế kỉ XVI, triều Lê sơ suy sụp. Sau khi vua Lê Hiến Tông chết, các vua Uy Mục, Tương Dực không còn quan tâm đến việc triều chính, chỉ lo ăn chơi, sa đoạ, Quan lại, địa chủ nhân đó hoành hành, hạch sách nhân dân, chiếm đoạt ruộng đất: Nhân dân",,,,,
entity,lichsu_11_s67_bai15_sec2_001:e1,Event,phong trào Ngũ tứ,"phong trào mở đầu thời kì cách mạng dân chủ mới, bùng nổ ngày 4 - 5 - 1919 nhằm phản đối âm mưu xâu xé Trung Quốc của các nước đế quốc","phong trào Ngũ tứ đã mở đầu thời kì cách mạng dân chủ mới. Phong trào Ngũ tứ bùng nổ ngày 4 - 5 - 1919, nhàm phản đối âm mưu xâu xé Trung Quốc của các nước để quốc",0.95,[1919],lichsu_11_s67_bai15_sec2_001,lichsu_11,Bài 15,PHONG TRÀO CÁCH MẠNG QUỐC (1919 - 1939),"[79, 80]","[""data/corpus/lichsu_11/lichsu_11.pdf_79.jpg.txt"", ""data/corpus/lichsu_11/lichsu_11.pdf_80.jpg.txt""]","phong trào Ngũ tứ đã mở đầu thời kì cách mạng dân chủ mới. Ở Ân Độ, Đảng Quốc đại, dứng đầu là Ma-hát-ma Gan-đi, đã lãnh đạo phong trào giải phóng dân tộc theo đường lối bất bạo động, bất hợp tác. PHONG TRÀO CÁCH MẠNG QUỐC (1919 - 1939) Phong trào Ngũ tứ và sự thành lập Đảng Cộng Sản Trung Quốc Phong trào Ngũ tứ bùng nổ ngày 4 - 5 - 1919, nhàm phản đối âm mưu xâu xé Trung Quốc của các nước để quốc, Mở đầu phong trào là cuộc biểu tình của 3 000 học sinh, sinh viên yêu nước Bắc Kinh tai Quảng trườ",,,,,
entity,lichsu_12_s140_bai14_sec2_001:e10,Event,cuộc đấu tranh để phục hồi tổ chức Đảng và các cơ sở quần chúng,Cuộc đấu tranh do Đảng Cộng sản Việt Nam tiến hành để phục hồi tổ chức sau tổn thất,tiến hành cuộc đấu tranh để phục hồi tổ chức Đảng và các cơ sở quần chúng,0.95,[],lichsu_12_s140_bai14_sec2_001,lichsu_12,Bài 14,PHONG TRÀO CÁCH MANG 1930 - 1935,"[86, 87, 88, 89, 90]","[""data/corpus/lichsu_12/lichsu_12.pdf_86.jpg.txt"", ""data/corpus/lichsu_12/lichsu_12.pdf_87.jpg.txt"", ""data/corpus/lichsu_12/lichsu_12.pdf_88.jpg.txt"", ""data/corpus/lichsu_12/lichsu_12.pdf_89.jpg.txt"", ""data/corpus/lichsu_12/lichsu_12.pdf_90.jpg.txt""]","độc lập của dân tộc, cho tự do của nhân dân(1) Đảng ra đời là sự chuẩn bị tất yếu đầu tiên có tính quyết định cho những bước phát triển nháy vot mới trong lích sứ phát triển của dân tộc Viết Nam I PHONG TRÀO CÁCH MANG 1930 - 1935 Trong những năm 1929 - 1933, kinh tế Việt Nam phải gánh chiu những hâu quả năng nề của cuộc khủng hoảng kinh tế ở nước Pháp. Đời sống của các tầng lớp nhân dân gặp nhiều khó khăn, Trong thời gian này các thưc dân Pháp đàn áp đã man cuốc khới nghia Yên Bai khiên cho tinh",,,,,
entity,lichsu_10_s151_001:e2,Event,khủng hoảng xã hội,Cuộc khủng hoảng xã hội ở nửa sau thế kỉ XVIII,Cuộc khủng hoảng xã hội ở nửa sau thế kỉ XVIII,0.9,[],lichsu_10_s151_001,lichsu_10,Bài,1. Tình hình xã hội sống nhân dân,"[130, 131]","[""data/corpus/lichsu_10/lichsu_10.pdf_130.jpg.txt"", ""data/corpus/lichsu_10/lichsu_10.pdf_131.jpg.txt""]","hoảng cuộc sống của nhân dân ngày càng thêm khổ cực. Mâu thuẫn giai cấp thống trị và nhân dân trở nên gay gắt, gây nên hàng trăm cuộc khởi nghĩa chống phong kiến kéo dài cho đến giữa thế kỉ XIX. 1. Tình hình xã hội sống nhân dân Cuộc khủng hoảng xã hội ở nửa sau thế kỉ XVIII đã khiến nhà nước quân chủ thiến phong kiến thời Nguyễn tăng thêm tính chuyên chế, củng cố quan hệ sản xuất phong kiến. Xã hội chia thành hai giai cấp thống trị bao gồm vua quan và địa chủ, cường hào ; giai cấp bị trị bao gồ",,,,,
entity,lichsu_10_s158_003:e5,Event,phong trào Tây Sơn,"Phong trào diễn ra ở Đàng Trong, dẫn đến sự sụp đổ của nhà nước phong kiến ở cả hai miền.",phong trào Tây Sơn ở Đàng Trong,0.9,[],lichsu_10_s158_003,lichsu_10,Bài,1. Thời kĩ dựng nước đầu tiên,"[133, 134, 135]","[""data/corpus/lichsu_10/lichsu_10.pdf_133.jpg.txt"", ""data/corpus/lichsu_10/lichsu_10.pdf_134.jpg.txt"", ""data/corpus/lichsu_10/lichsu_10.pdf_135.jpg.txt""]","gian phát triên mạnh. Tuy nhiên, từ thế kỉ XVIII, ruộng đất ngày càng tập trung vào tay giai cấp điện địa chủ, trong lúc các chính quyền ở cả hai miền lại thiếu quan tâm đến đời sống chi của nông dân. Cuộc khủng hoảng xã hội diễn ra vào giữa thế kỉ XVIII với những phong trào nông dân rông lớn ở Đàng Ngoài và phong trào Tây Sơn ở Đàng Trong Thi nhà nhà nước phong kiến ở cả hai miền đều sụp đổ trước sự tấn công của phong trào Tây Sơn, đất nước bước đầu thống nhất lại nhưng các vương triều Tây Sơn,",,,,,
entity,lichsu_12_s230_bai20_sec10_003:e11,Event,tổng tuyển cử tự do,sẽ được tổ chức vào tháng 7 - 1956 để thống nhất Việt Nam,tổng tuyển cử tự do trong cả nước sẽ được tổ chức vào tháng 7 - 1956,0.95,[1956],lichsu_12_s230_bai20_sec10_003,lichsu_12,Bài 20,HOÀ BÌNH Ở ĐỒNG DƯƠNG,"[151, 152, 153, 154, 155]","[""data/corpus/lichsu_12/lichsu_12.pdf_151.jpg.txt"", ""data/corpus/lichsu_12/lichsu_12.pdf_152.jpg.txt"", ""data/corpus/lichsu_12/lichsu_12.pdf_153.jpg.txt"", ""data/corpus/lichsu_12/lichsu_12.pdf_154.jpg.txt"", ""data/corpus/lichsu_12/lichsu_12.pdf_155.jpg.txt""]","dinh Gionevơ Chinh Hiệp đinh Giơnevơ năm 1954 về Đông Dương bao gôm các văn bản - Hiệp đinh đình chỉ chiến sự ở Việt Nam, Lào, Campuchia , Bản tuyên bố cuối cùng của Hội nghị và các phụ bản khác v.v. Nôi dung Hiếp đinh Giơnevơ quy đinh - Các nước tham dự Hội nghi cam kết tôn trong các quyền dân tộc cơ bản là độc Thiếng lập, chủ quyền, thống nhất và toàn ven lãnh thổ của ba nước Viết Nam, Lào, Campuchia , cam kết không can thiệp vào công việc nôi bô của ba nước - Các bên tham chiến thưc hiên ngừn",,,,,
entity,lichsu_12_s87_bai8_sec1_001:e4,Event,Chiến tranh thế giới thứ hai,Sự kiện Nhật Bản là nước bại trận,Chiến tranh thế giới thứ hai,0.95,[],lichsu_12_s87_bai8_sec1_001,lichsu_12,Bài 8,Bài 8,"[51, 52]","[""data/corpus/lichsu_12/lichsu_12.pdf_51.jpg.txt"", ""data/corpus/lichsu_12/lichsu_12.pdf_52.jpg.txt""]","tinh, chiếm hơn 1/4 GDP của thế giới Năm 1990, quan hê EU Viết Nam được chính thức thiết lập, mở ra một thời kì phát triển mới trên cơ sở hợp tác toàn diện giữa hai bên triển của Liên minh châu Âu) Bài 8 NHẬT BẢN Là nước bai trận trong Chiến tranh thế giới thứ hai, nhưng từ sau năm 1945, Nhật Bản bước vào một thời ki phát triển mới với những đổi thay căn bản về chính tri - xã hôi cùng những thành tưu như một sư 'thần tháng ki về kinh tế, khoa học ? công nghê Nhật Bản đã vươn lên, trở thành một s",,,,,
entity,lichsu_12_s288_bai23_sec15_001:e5,Event,cách mạng dân tộc dân chủ nhân dân,Cuộc cách mạng nhằm hoàn thành mục tiêu dân tộc dân chủ nhân dân trong cả nước,hoàn thành cuộc cách mang dân tộc dân chủ nhân dân trong cả nước,0.95,[],lichsu_12_s288_bai23_sec15_001,lichsu_12,Bài 23,2. Y nghĩa lịch sử,[197],"[""data/corpus/lichsu_12/lichsu_12.pdf_197.jpg.txt""]","dân chủ trên thế giới, nhất Người là của Liên Xô, Trung Quốc và các nước xã hội chủ nghĩa khác, phong trào nhân dân Mĩ và nhân dân thế giới phản đối cuộc chiến tranh xâm lược Việt Nam của đế quốc Mi 2. Y nghĩa lịch sử Chung Cuốc kháng chiến chông Mi, cứu nước thăng lơi đã kết thúc 21 năm chiên đầu chống Mĩ và 30 năm chiến tranh giải phóng dân tốc, bảo về Tổ quốc từ sau Cách mang tháng Tám năm 1945, chấm dút ách thống trị của chủ nghĩa thực dân ? đế quốc trên đất nước ta, Trên cơ sở đó, hoàn thàn",,,,,
entity,lichsu_10_s133_bai23_sec8_001:e5,Event,Kháng chiến chống Thanh,Sự kiện diễn ra vào năm 1789,Kháng chiến chống Thanh (1789),0.95,[1789],lichsu_10_s133_bai23_sec8_001,lichsu_10,Bài 23,2. Kháng chiến chống Thanh (1789),"[117, 118, 119]","[""data/corpus/lichsu_10/lichsu_10.pdf_117.jpg.txt"", ""data/corpus/lichsu_10/lichsu_10.pdf_118.jpg.txt"", ""data/corpus/lichsu_10/lichsu_10.pdf_119.jpg.txt""]","Huệ đã tố chức trận Rạch Gầm - Xoài Mút đánh tan tành Thi nhu quân xâm lược Nguyễn Ánh theo cánh tàn quân Xiêm chạy thoát. Miền Nam trớ lại yên bình. B - Em biết gì thêm về trận Rạch Gầm - Xoài Mút ? 2. Kháng chiến chống Thanh (1789) Sau khi bị quân Tây Sơn đánh bại, vua Lê Chiêu Thống cùng một số đại thần Thuy thân cận bỏ chạy lên phía bắc, cho người sang Trung Quốc câu cứu nhà Thanh Nhang Nhận Nhận thấy đây là một thời cơ thuận lợi để xâm lược, vua Thanh sai tướng đem 192 199 vạn quân, theo sự",,,,,
entity,lichsu_12_s252_bai21_sec18_002:e9,Event,trận Ấp Bắc,Thắng lợi mở đầu vang dội của quân dân ta trên mặt trận quân sự,trân Ấp Bắc (Mi Tho) ngày 2 - 1 - 1963,0.9,[1963],lichsu_12_s252_bai21_sec18_002,lichsu_12,Bài 21,1. Chiến lược ?Chiến tranh đặc biệt? của Mĩ ở miền Nam,"[165, 166, 167, 168, 169, 170, 171, 172]","[""data/corpus/lichsu_12/lichsu_12.pdf_165.jpg.txt"", ""data/corpus/lichsu_12/lichsu_12.pdf_166.jpg.txt"", ""data/corpus/lichsu_12/lichsu_12.pdf_167.jpg.txt"", ""data/corpus/lichsu_12/lichsu_12.pdf_168.jpg.txt"", ""data/corpus/lichsu_12/lichsu_12.pdf_169.jpg.txt"", ""data/corpus/lichsu_12/lichsu_12.pdf_170.jpg.txt"", ""data/corpus/lichsu_12/lichsu_12.pdf_171.jpg.txt"", ""data/corpus/lichsu_12/lichsu_12.pdf_172.jpg.txt""]","ra khỏi các xã, ấp, tách dân khói cách mang, tiến tới năm dân, thực hiên chương trình đinh"" miền Nam Chúng dự định dồn 10 triệu nông dân vào 16 000 ấp trong tổng số 17 000 ấp toàn miền Nam ""Thinh 66. Chiến thuật ""trực thăng vận"" được sử dụng trong ""Chiến tranh đặc biệt"" Được Mĩ hỗ trơ chiến đấu và chỉ huy bàng hê thống cố vấn, quân đôi Sài Gòn Nha thi tiên tiếp mớ các cuốc hành quân càn quét nhâm tiêu diết lực lương cách mang, tiến hành những hoạt động phá hoại miền Bắc, phong toả biên giới, vùn",,,,,
entity,lichsu_12_s114_bai11_sec5_002:e7,Event,chiến tranh xâm lược Việt Nam,Cuộc chiến mà Mĩ đã thất bại,thất bại trong cuộc chiến tranh xâm lược Việt Nam (1954 - 1975),0.95,"[1954, 1975]",lichsu_12_s114_bai11_sec5_002,lichsu_12,Bài 11,"1. Sau Chiến tranh thế giới thứ hai, một trật tư thế giới mói đã được xác lập. Đó","[71, 72, 73]","[""data/corpus/lichsu_12/lichsu_12.pdf_71.jpg.txt"", ""data/corpus/lichsu_12/lichsu_12.pdf_72.jpg.txt"", ""data/corpus/lichsu_12/lichsu_12.pdf_73.jpg.txt""]",". Hệ thống thuộc địa và chế độ phân biết chủng tốc (Apacthai) kéo dài từ nhiều thế kỉ đã bị sụp đổ hoàn toàn Thắng lợi có ý nghĩa lịch sử đó đã đưa tới sự ra đời của hơn 100 quốc gia độc lập trẻ tuổi. Bản đồ chính tri thế giới có những thay đổi to lớn và sâu sắc, Các quốc ngày gia độc lập ngày càng tích cực tham gia và có vai trò quan trong trong đời sống chiến chính trị thế giới với ý chí chông chủ nghĩa thực dân, vì hoà bình thế giới, đốc triện lập dân tộc và tiến bộ xã hội. Sau khi giành được",,,,,
entity,lichsu_12_s262_bai22_sec10_001:e5,Event,sự kiện Vịnh Bắc Bộ,Sự kiện được Mỹ dựng lên để làm cớ ném bom miền Bắc.,"dựng lên ""sự kiên Vinh Bắc Bộ""",0.95,[],lichsu_12_s262_bai22_sec10_001,lichsu_12,Bài 22,1. Mĩ tiến hành chiến tranh bằng không quân và hả hoại,"[173, 178]","[""data/corpus/lichsu_12/lichsu_12.pdf_173.jpg.txt"", ""data/corpus/lichsu_12/lichsu_12.pdf_178.jpg.txt""]","quân sự mới ""tim diệt"" cố giành lại thế chủ động trên chiến trường, đẩy lực lượng vũ trang của ta trở về phòng ngự, buộc ta phải phân tán nhỏ, hoặc rút về biên giới, làm cho chiến tranh tàn lụi dần 1. Mĩ tiến hành chiến tranh bằng không quân và hả hoại miền Bắc Chu Cuối năm 1964 - đầu năm 1965, đông thời với việc đấy mạnh xâm lược miền Nam, Mĩ mở rộng chiến tranh bằng không quân phá hoại miền Bắc Ngày 5 - 8 1964, sau khi dưng lên ""sự kiên Vinh Bắc Bộ"", Mĩ cho máy Thi may ném bom bản phá một số n",,,,,
entity,lichsu_10_s191_bai33_sec4_001:e10,Event,chiến tranh chống Pháp,một trong ba cuộc chiến tranh do Bì xmác tiến hành để thống nhất đất nước,chống Pháp (1870 - 1871),0.9,"[1870, 1871]",lichsu_10_s191_bai33_sec4_001,lichsu_10,Bài 33,1. Cuộc đấu tranh thống nhất nước Đức,"[163, 164]","[""data/corpus/lichsu_10/lichsu_10.pdf_163.jpg.txt"", ""data/corpus/lichsu_10/lichsu_10.pdf_164.jpg.txt""]","sản diễn ra dưới những hình thức khác nhau ở châu Âu và Bắc Mĩ. Điều này đã khắng định sự toàn thắng của phương thức sản xuất tư bản chủ nghĩa, tạo điều kiện cho chủ nghĩa tư bản phát triển mạnh mẽ. 1. Cuộc đấu tranh thống nhất nước Đức Đến giữa thế kỉ xix, kinh tế tư bản chủ nghĩa ở Đức phát triển nhanh chóng ;ừ một nước nông nghiệp, Đức trở thành nước công nghiệp. Sự phát triển mạnh mẽ của công nghiệp làm cho đội ngũ công nhân tăng nhanh ; riêng ở Béc-lin, chỉ trong 10 năm (1849 ? 1859), số cô",,,,,
entity,lichsu_10_s192_bai33_sec5_002:e10,Event,nội chiến bùng nổ,"xảy ra vào ngày 12-4-1861, còn gọi là Chiến tranh li khai","Ngày 12 - 4 1861 nội chiến bùng nổ. Do vậy, nội chiến Mi còn được gọi là Chiến tranh li khai",0.95,[1861],lichsu_10_s192_bai33_sec5_002,lichsu_10,Bài 33,PHONH MUA CỦA TBY BAN NHA,"[163, 164, 167, 168, 169]","[""data/corpus/lichsu_10/lichsu_10.pdf_163.jpg.txt"", ""data/corpus/lichsu_10/lichsu_10.pdf_164.jpg.txt"", ""data/corpus/lichsu_10/lichsu_10.pdf_167.jpg.txt"", ""data/corpus/lichsu_10/lichsu_10.pdf_168.jpg.txt"", ""data/corpus/lichsu_10/lichsu_10.pdf_169.jpg.txt""]","ại của chế độ nô lệ Thi chi đã cán trở nên kinh tế tư bán chú nghĩa phát triển ở Mi. Bằng việc vắt kiệt sức lao đông của người nô lệ, các chủ nô không chiu chiến tháp dung những tiến bô của khoa hoc ? kĩ thuất nên năng suất thu hoach ngày càng thấp, đất đai trở nên cần cỗi vì không được chăm bón, cải tho tao Các chủ nô miền Nam muốn khai khẩn những vùng đất mới ở miền Tây để lập đồn điền, nơi mà các trại chủ miền Bắc cũng đang 'nhòm nguyên ngó"" để mở rông diên tích chăn nuôi và trồng trot, cung ",,,,,
entity,lichsu_12_s193_bai17_sec14_003:e8,Event,Hiệp định Sơ bộ Việt - Pháp ngày 6,Hiệp định được kí kết trong hoàn cảnh cụ thể,Hiệp định Sơ bộ Việt - Pháp ngày 6 được kí kết trong ngày hoàn cảnh,0.95,[],lichsu_12_s193_bai17_sec14_003,lichsu_12,Bài 17,3. Hoà hoãn với Pháp nhằm đấy quân Trung Hoa Dân quốc ra khỏi,"[125, 126, 127, 128, 129]","[""data/corpus/lichsu_12/lichsu_12.pdf_125.jpg.txt"", ""data/corpus/lichsu_12/lichsu_12.pdf_126.jpg.txt"", ""data/corpus/lichsu_12/lichsu_12.pdf_127.jpg.txt"", ""data/corpus/lichsu_12/lichsu_12.pdf_128.jpg.txt"", ""data/corpus/lichsu_12/lichsu_12.pdf_129.jpg.txt""]","nước Pháp với thi chi tư cách là thương khách của Chính phủ Pháp, đã kí vối Mutê - đại diên của Chính phủ Pháp - bản Tam ước ngày 14 - 9 - 1946, liếp tục nhân nhương Pháp một số quyền lơi về kinh tế ? văn hoá ở Việt Nam Bản Tam ước đã tạo điều kiện cho ta kéo dài thơi gian hoà hoãn để xây dựng, củng cổ lực lương, chuẩn bi bước vào cuộc kháng chiến toàn quốc chống thực dân Pháp không thể tránh khỏi Đảng và Chính phủ cách mang đã thực hiện chủ trương, sách chi lược - Hiệp định Sơ bộ Việt - Pháp ng",,,,,
entity,lichsu_12_s67_bai6_sec5_001:e11,Event,Vụ khủng bố ngày 11 - 9 - 2001,"Sự kiện cho thấy Mĩ dễ bị tổn thương và dẫn đến thay đổi trong chính sách đối nội, đối ngoại của Mĩ",Vu khủng bố ngày 11 - 9 - 2001,0.95,[2001],lichsu_12_s67_bai6_sec5_001,lichsu_12,Bài 6,NHƯ CƯ CƯỜNG THỊ ĐẾN NĂM 2000,"[44, 45, 46]","[""data/corpus/lichsu_12/lichsu_12.pdf_44.jpg.txt"", ""data/corpus/lichsu_12/lichsu_12.pdf_45.jpg.txt"", ""data/corpus/lichsu_12/lichsu_12.pdf_46.jpg.txt""]","cho nhà ngày càng chiếm ưu thế trên thế giới, Trong bối cảnh đó, tháng 12 - 1989, Mi Và Là Và Liên Xô đã chính thức tuyên bó chấm dứt Chiến tranh lanh, mở ra thời kì mới trên trường quốc tế 1973 1991 NHƯ CƯ CƯỜNG THỊ ĐẾN NĂM 2000 Trong suốt thập kỉ 90, tuy có trải qua những đợt suy thoái ngắn, nhưng kinh tế Mĩ vẫn đứng đầu thế giới Năm 2000, GDP của Mĩ là 9 765 fi USD, binh quân GDP đầu người là 34 600 USD Nước Mĩ tạo ra 25% giá trị tổng sản phẩm của toàn thế giới và có vai trò chi phối trong hầ",,,,,
entity,lichsu_12_s128_bai12_sec11_001:e3,Event,đấu tranh chống độc quyền xuất cảng lúa gạo tại Nam Kì,Địa chủ và tư sản Việt Nam đấu tranh chống độc quyền xuất cảng lúa gạo tại Nam Kì của tư bản Pháp.,"Năm 1923, địa chủ và tư sản Viết Nam đấu tranh chống độc quyền cảng Sài Gòn, độc quyền xuất cảng lúa gao tại Nam Kì của tư bản Pháp.",0.9,[1923],lichsu_12_s128_bai12_sec11_001,lichsu_12,Bài 12,"2. Hoạt động của tư sản, tiểu tư sản và công nhân Việt Nam","[79, 80, 81]","[""data/corpus/lichsu_12/lichsu_12.pdf_79.jpg.txt"", ""data/corpus/lichsu_12/lichsu_12.pdf_80.jpg.txt"", ""data/corpus/lichsu_12/lichsu_12.pdf_81.jpg.txt""]","Thái anh dũng hi sinh, song tiếng bom của người thanh niên yêu nước ấy đã nhóm tiếp ngon lửa chiến dấu của nhân dân ta, nhất là trong giới thanh niên Sự kiên đó ""như chim én nhỏ báo hiêu mùa xuân""(1) 2. Hoạt động của tư sản, tiểu tư sản và công nhân Việt Nam Thi Tr Tư sản Viết Nam đã tổ chức cuộc tấy chay tư sản Hoa kiêu, vận đông người Việt Nam ""chí mua hàng của người Viết Nam, ""chấn hưng nôi hoá"", "" bài trừ ngoai hoá"" Năm 1923, địa chủ và tư sản Viết Nam đấu tranh chống độc quyền cảng Sài Gòn,",,,,,
entity,lichsu_11_s10_bai4_sec2_001:e5,Event,chiến tranh xâm lược Miến Điện,3 cuộc chiến tranh xâm lược do thực dân Anh tiến hành ở Miến Điện,đã tiến hành 3 cuộc chiến tranh xâm lược,0.95,[],lichsu_11_s10_bai4_sec2_001,lichsu_11,Bài 4,(THÁI LAN) TÊN QUỐC GIA NGÀY NAY,"[17, 18, 19]","[""data/corpus/lichsu_11/lichsu_11.pdf_17.jpg.txt"", ""data/corpus/lichsu_11/lichsu_11.pdf_18.jpg.txt"", ""data/corpus/lichsu_11/lichsu_11.pdf_19.jpg.txt""]","biên quân đáo này thành thuộc địa của mình TRUNG QUỐC THÁI MIẾN ẤN ĐỘ BINH DƯƠNG LIPPING BLEA ĐỘ IN-DACK DƯƠNG (A) Thuộc Anh PP Thuộc Phap (H) Thuộc Hà Lan (T) Thuộc Tây Ban Nha (B) Thuộc Bô Đào Nha (THÁI LAN) TÊN QUỐC GIA NGÀY NAY Đống Biên giới quốc gia ngày nay Hinh 9. Lắcc đồ Đông Nam Á cuối thế kỉ XIX - đầu thế kỉ XX Ở Miền Điện (nay là Mi-an-ma), từ năm 1824 đến năm 1885, thực dân Anh đã tiến hành 3 cuộc chiến tranh xâm 1885, Anh thôn tính Miên Điện rồi sáp nhập nước này vào thành một tỉnh",,,,,
entity,lichsu_11_s79_bai17_sec2_001:e2,Event,Chiến tranh thế giới thứ hai,"Cuộc chiến tranh kéo dài từ năm 1939 đến 1945, gây ra tổn thất lớn về người và của, bao trùm gần như toàn bộ các châu lục và kết thúc với sự thất bại của phe phát xít.","Chiến tranh thế giới thứ hai (1939 ? 1945) là cuộc chiến tranh gây nên những tổn thất lớn về người và của trong lịch sử nhân loại. Kéo dài trong 6 năm, chiến tranh đã bao trùm gần như toàn bộ các châu lục và diễn ra trên nhiều mặt trận thế giới thứ hai kết thúc với sự thất bại hoàn toàn của phe phát xít",0.95,"[1939, 1945]",lichsu_11_s79_bai17_sec2_001,lichsu_11,Bài 17,CHIẾN TRANH THẾ GIỚI THỨ HAI (1939 - 1945),"[88, 89, 90]","[""data/corpus/lichsu_11/lichsu_11.pdf_88.jpg.txt"", ""data/corpus/lichsu_11/lichsu_11.pdf_89.jpg.txt"", ""data/corpus/lichsu_11/lichsu_11.pdf_90.jpg.txt""]","chế độ quân chủ chuyên chế bằng chế độ quân chủ lập hiên, tạo Hinh 42.Pri-đi Pha-nô-mi-ông điều kiên cho việc tiến hành cách theo (1900 1983) hướng tư sản, mở ra một thời kì phát triển mới của Xiêm. CHIẾN TRANH THẾ GIỚI THỨ HAI (1939 - 1945) Chiến tranh thế giới thứ hai (1939 ? 1945) là cuộc chiến tranh gây nên những tổn thất lớn về người và của trong lịch sử nhân loại. Kéo dài trong 6 năm, chiến tranh đã bao trùm gần như toàn bộ các châu lục và diễn ra trên nhiều mặt trận thế giới thứ hai kết t",,,,,
entity,lichsu_12_s114_bai11_sec5_001:e8,Event,cách mạng Trung Quốc,Thắng lợi của cách mạng ở Trung Quốc.,cách mạng Trung Quốc (1949),0.95,[1949],lichsu_12_s114_bai11_sec5_001,lichsu_12,Bài 11,"1. Sau Chiến tranh thế giới thứ hai, một trật tư thế giới mói đã được xác lập. Đó","[71, 72, 73]","[""data/corpus/lichsu_12/lichsu_12.pdf_71.jpg.txt"", ""data/corpus/lichsu_12/lichsu_12.pdf_72.jpg.txt"", ""data/corpus/lichsu_12/lichsu_12.pdf_73.jpg.txt""]","sau thế kí XX mà loài người vừa mới trải qua Chí trong vòng nửa thế ki, tỉnh hình thế giới đã thật sôi đông với bao diên biến dồn dập, đem lại nhưng thay đổi to lớn và cả những đảo lôn đầy bất ngờ 1. Sau Chiến tranh thế giới thứ hai, một trật tư thế giới mói đã được xác lập. Đó là trật tự thế giới hai cực lanta với đặc trưng nổi bật là thế giới bị chia thành hai phe - tư bản chủ nghĩa và xã hội chủ nghĩa, do hai siêu cường Mĩ và Liên Xô đứng đầu dỗu mỗi phe. Đặc trưng hai cực ? hai phe đó là nhâ",,,,,
entity,lichsu_12_s166_bai16_sec8_001:e3,Event,Hội nghị Ban Chấp hành Trung ương Đảng Cộng sản Đông Dương tháng 11 - 1939,Hội nghị quan trọng của Đảng Cộng sản Đông Dương diễn ra vào tháng 11 năm 1939,Hội nghị Ban Chấp hành Trung ưộng sán Đông Dương tháng 11 - 1939,0.95,[1939],lichsu_12_s166_bai16_sec8_001,lichsu_12,Bài 16,VÀ TII PHONG TRAO GIẢI PHONG DÂN TỘC TỪ THÁNG 9 - 1939,"[103, 104, 105, 106]","[""data/corpus/lichsu_12/lichsu_12.pdf_103.jpg.txt"", ""data/corpus/lichsu_12/lichsu_12.pdf_104.jpg.txt"", ""data/corpus/lichsu_12/lichsu_12.pdf_105.jpg.txt"", ""data/corpus/lichsu_12/lichsu_12.pdf_106.jpg.txt""]","bóc lột của Pháp - Nhật Những biến chuyển của tình hình thế giới và trong nước đòi hỏi Đảng ta phải kip thời nắm bắt và đánh giá chính xác tình hình, để ra đường lối đầu tranh phù hợp như thể nào 2 VÀ TII PHONG TRAO GIẢI PHONG DÂN TỘC TỪ THÁNG 9 - 1939 ĐẾN THÁNG 3 1945 19 1 Hội nghị Ban Chấp hành Trung ưộng sán Đông Dương tháng 11 - 1939 Tháng 11 - 1939, Hội nghi Ban Chấp hành Trung được triêu tập tai Bà Điểm (Hóc Môn, Gia Đình) do Tổng Bí thư Nguyễn Văn Cừ chủ trì Hội nghị xác đình nhiêm vụ, mụ",,,,,
entity,lichsu_12_s40_bai3_sec6_002:e12,Event,quân đội Trung Quốc mở cuộc tiến công biên giới phía Bắc Việt Nam,Sự kiện quân đội Trung Quốc tiến công biên giới phía Bắc Việt Nam,sự kiện quân đội Trung Quốc mở cuộc tiến công biên giới phía Bắc Việt Nam (2 - 1979),0.95,[1979],lichsu_12_s40_bai3_sec6_002,lichsu_12,Bài 3,3. Công cuộc cải cách - mở cứa (từ năm 1978),"[20, 21, 22, 23, 24]","[""data/corpus/lichsu_12/lichsu_12.pdf_20.jpg.txt"", ""data/corpus/lichsu_12/lichsu_12.pdf_21.jpg.txt"", ""data/corpus/lichsu_12/lichsu_12.pdf_22.jpg.txt"", ""data/corpus/lichsu_12/lichsu_12.pdf_23.jpg.txt"", ""data/corpus/lichsu_12/lichsu_12.pdf_24.jpg.txt""]","nguyên tử Chương trình thám hiểm không gian được thực hiên từ năm 1992, Từ tháng 11 - 1999 đến tháng 2003, Trung Quốc đã phóng 4 con tàu ""Thân Chế đô tư đông và ngày 15 10 2003, con tàu ""Thần Châu 5? cùng nhà du hành vũ trụ Dương Lơi Vĩ đã bay vào không gian vũ trụ Sự kiện này đưa Trung Quốc trở thành quốc gia thứ ba trên thế giới (sau Nga, M) có tàu cùng với con người bay vào vũ tru Về đối ngoại, chính sách của Trung Quốc có nhiều thay đổi, vai trò và địa vị quốc tế của nước này ngày càng được ",,,,,
entity,lichsu_11_s43_bai10_sec10_002:e4,Event,Cuộc chiến tranh xâm lược của phát xít Đức,Sự kiện làm gián đoạn công cuộc xây dựng chủ nghĩa xã hội ở Liên Xô,cuộc chiến thanh xâm lược của phát xít Đức,0.95,[],lichsu_11_s43_bai10_sec10_002,lichsu_11,Bài 10,8. Gru di a,"[55, 56, 57, 58]","[""data/corpus/lichsu_11/lichsu_11.pdf_55.jpg.txt"", ""data/corpus/lichsu_11/lichsu_11.pdf_56.jpg.txt"", ""data/corpus/lichsu_11/lichsu_11.pdf_57.jpg.txt"", ""data/corpus/lichsu_11/lichsu_11.pdf_58.jpg.txt""]","ội chủ nghĩa Từ năm 1937, nhân dân Liên Xô tiếp tuc thực hiên kế hoạch 5 năm lần thứ ba, nhưng công cuộc xây dưng chủ nghĩa xã hội tam thời bị gián đoạn bởi cuộc chiến thanh xâm lược của phát xít Đức. Tuy có một số sai lầm, ảnh hưởng đến sự phát triển của dất nước (không thực hiên tốt nguyên tắc tự nguyên trong tập thể hoá nông nghiệp chưa chú trọng đúng mức đến việc nâng cao đời sống nhân dân...), công cuộc xây dưng chi chủ nghĩa xã hội ở Liên Xô trong những năm 1925 - 1941 vẫn dạt được những t",,,,,
entity,lichsu_12_s318_bai27_sec5_001:e12,Event,Điện Biên Phủ,Trận thắng quyết định đưa đến việc kí kết Hiệp định Giơnevơ năm 1954 về Đông Dương,Điện Biên Phủ là trân thắng quyết định đưa đến việc kí kết Hiệp đinh Gionevơ năm 1954 về Đông Dương,0.9,[1954],lichsu_12_s318_bai27_sec5_001,lichsu_12,Bài 27,3. Thời kì 1945 1954,"[217, 218, 219]","[""data/corpus/lichsu_12/lichsu_12.pdf_217.jpg.txt"", ""data/corpus/lichsu_12/lichsu_12.pdf_218.jpg.txt"", ""data/corpus/lichsu_12/lichsu_12.pdf_219.jpg.txt""]","năm 1930. Khởi nghĩa được tiến hành theo hình thái phù hợp, từ khởi nghĩa từng phần phát triển lên tổng khỏi nghĩa, Cuộc Tổng khởi nghĩa tháng loi đã giành được độc lập, chính quyền về tay nhân dân 3. Thời kì 1945 1954 Then (Từ sau thăng lơi Cách mạng tháng Tám năm 1945 đến ngày 21 - 7 - 1954) - Sau khi nước Viết Nam Dân chủ Cộng hoà được thành lập, trong tình hình dất nước gắp muôn vàn khó khân thử thách, nhân dân ta vừa xây dưng chính quyền cách mang, giải quyết nan đói, nan dốt và khó khăn về",,,,,
entity,lichsu_12_s249_bai21_sec15_002:e3,Event,Đại hội đại biểu toàn quốc lần thứ III của Đảng,"Đại hội bầu Ban Chấp hành Trung ương mới của Đảng, bầu Bộ Chính trị","Đại hôi bầu Ban Chấp hành Trung ương mới của Đảng, bầu Bộ Chính tri",0.95,[],lichsu_12_s249_bai21_sec15_002,lichsu_12,Bài 21,1. Đại hội đại biểu toàn quốc lần thứ III của Đảng (9 - 1960),"[162, 163, 164, 165, 166, 167, 168]","[""data/corpus/lichsu_12/lichsu_12.pdf_162.jpg.txt"", ""data/corpus/lichsu_12/lichsu_12.pdf_163.jpg.txt"", ""data/corpus/lichsu_12/lichsu_12.pdf_164.jpg.txt"", ""data/corpus/lichsu_12/lichsu_12.pdf_165.jpg.txt"", ""data/corpus/lichsu_12/lichsu_12.pdf_166.jpg.txt"", ""data/corpus/lichsu_12/lichsu_12.pdf_167.jpg.txt"", ""data/corpus/lichsu_12/lichsu_12.pdf_168.jpg.txt""]","chủ nghĩa. Đại hôi bầu Ban Chấp hành Trung ương mới của Đảng, bầu Bộ Chính tri. Hô Chí Minh đã được bầu lại làm Chủ tịch Đảng, Lê Duân được bầu làm Bí thư thư nhất Ban Chấp hành Trung Đảng Thi Thi 2. Miên Bắc thực hiện kê hoạc 5 năm (1961 1965) Bước vào thực hiên kế hoạch Nhà nước 5 năm lần thứ nhất, miền Bắc chuyển sang giai đoan lấy xây dưng chủ nghĩa xã hôi làm trọng tâm Nhiêm vụ cơ bản của kế hoạch 5 năm là ra sức phát triển công nghiệp và nông nghiệp, tiếp tục cải tao xã nghi thôi chủ nghĩa",,,,,
entity,lichsu_12_s230_bai20_sec10_002:e7,Event,Hiệp định Giơnevơ,"Hiệp định đình chỉ chiến sự ở Việt Nam, Lào, Campuchia, được kí kết vào ngày 21/7/1954.",Viết Nam đã kí Hiệp định Gionevơ ngày 21 7 1954,0.9,[1954],lichsu_12_s230_bai20_sec10_002,lichsu_12,Bài 20,HOÀ BÌNH Ở ĐỒNG DƯƠNG,"[151, 152, 153, 154, 155]","[""data/corpus/lichsu_12/lichsu_12.pdf_151.jpg.txt"", ""data/corpus/lichsu_12/lichsu_12.pdf_152.jpg.txt"", ""data/corpus/lichsu_12/lichsu_12.pdf_153.jpg.txt"", ""data/corpus/lichsu_12/lichsu_12.pdf_154.jpg.txt"", ""data/corpus/lichsu_12/lichsu_12.pdf_155.jpg.txt""]","Gionevo bát đầu thảo luận về vấn đề lập lại hoà bình ở Đông Dương, Phái đoàn Chính phủ ta, Thi Trong do Phó Thủ tướng kiêm Bộ trưởng Ngoại giao Phạm Văn Đông làm Trưởng đoàn, chính thức được mời họp. (1) Hồ Chi Minh, Toàn tấp, tấp 7, Sđd, tr 168 Cuộc đấu tranh trên bàn hội nghị diễn ra gay gắt và phức tap do lập trường thiếu thiêu thiên chí và ngoan cố của Pháp trường của Chính phủ ta là đinh chí chiến sự trên toàn Đông Dương, giải quyết vấn đề quân sự và 19 thi chinh tri cùng lúc cho cá ba nước",,,,,
entity,lichsu_12_s213_bai19_sec4_001:e6,Event,Hiệp định phòng thủ chung Đông Dương,"Hiệp định viện trợ quân sự, kinh tế - tài chính của Mĩ cho Pháp và tay sai",Hiệp định phòng thủ chung Đông Dương,0.95,[],lichsu_12_s213_bai19_sec4_001,lichsu_12,Bài 19,THỰC DÂN PHÁP ĐẦY MẠNH XÂM LƯỢC ĐÔNG DƯƠNG,[139],"[""data/corpus/lichsu_12/lichsu_12.pdf_139.jpg.txt""]","có sự giúp đờ của đế quốc Mĩ được đấy manh , lực lương kháng chiên của ta trương thành về quân dân ta giành nhiều thắng lơi to lớn và toàn diên, tiếp tục giữ vững quyền chủ động trên chiến trường THỰC DÂN PHÁP ĐẦY MẠNH XÂM LƯỢC ĐÔNG DƯƠNG 1 Mĩ can thiệp sâu vào cuộc chiến tranh Từ tháng 5 - 1949, Mi từng bước can thiệp sâu vào cuộc chiến tranh xâm lược Đông Dương, Ngày 23 ? 12 - 1950, Mi kí với Pháp Hiệp đinh phòng thủ chung Đông Dương, Đây là hiệp định viên trợ quân sự, kinh tế ? tài chính của ",,,,,
entity,lichsu_11_s32_bai7_sec9_001:e4,Event,Cách mạng tháng Mười,"Sự kiện đã làm thay đổi hoàn toàn tình hình đất nước và số phận của hàng triệu con người ở Nga, mở ra một kỉ nguyên mới",Cách mang tháng Mười đã làm thay đổi hoàn toàn tình hình đất nước và số phân của hàng triệu con người ở Nga,0.9,[],lichsu_11_s32_bai7_sec9_001,lichsu_11,Bài 7,NHI Y NGHĨA LỊCH SƯ CỦA CÁCH MẠNG MIỚI NGA,"[51, 52]","[""data/corpus/lichsu_11/lichsu_11.pdf_51.jpg.txt"", ""data/corpus/lichsu_11/lichsu_11.pdf_52.jpg.txt""]","dựng, Hồng quân và nhân dân Xô viết đã từng bước đẩy lui các cuộc tấn công của lực lương phản cách mang trong và ngoài nước, Cuối năm 1920, chiến sự chấm dứt, Nhà nước Xô viết được bảo về và giữ vững NHI Y NGHĨA LỊCH SƯ CỦA CÁCH MẠNG MIỚI NGA Cách mang tháng Mười đã làm thay đổi hoàn toàn tình hình đất nước và số phân của hàng triệu con người ở Nga, Một kỉ nguyên mới đã mở ra trong lịch sử nước Nga : giai cấp công nhân, nhân dân lao động và các dân tộc được giải phóng khỏi một một ách áp bức, bó",,,,,
entity,lichsu_12_s226_bai20_sec6_001:e2,Event,Cuộc Tiến công chiến lược Đông - Xuân 1953 - 1954,Cuộc tiến công chiến lược của quân đội Việt Nam trong giai đoạn 1953-1954,Cuộc Tiến công chiến lược Đông - Xuân 1953 - 1954,0.95,"[1953, 1954]",lichsu_12_s226_bai20_sec6_001,lichsu_12,Bài 20,VÀ CHIẾN DỊCH ĐIỆN PHÚ NĂM 1954,"[145, 146, 147, 148, 149, 150, 151]","[""data/corpus/lichsu_12/lichsu_12.pdf_145.jpg.txt"", ""data/corpus/lichsu_12/lichsu_12.pdf_146.jpg.txt"", ""data/corpus/lichsu_12/lichsu_12.pdf_147.jpg.txt"", ""data/corpus/lichsu_12/lichsu_12.pdf_148.jpg.txt"", ""data/corpus/lichsu_12/lichsu_12.pdf_149.jpg.txt"", ""data/corpus/lichsu_12/lichsu_12.pdf_150.jpg.txt"", ""data/corpus/lichsu_12/lichsu_12.pdf_151.jpg.txt""]","được Chính phủ Pháp mà cả những người bạn Mĩ cùng tán thành. Nó cho phép hi vọng đủ mọi điều"" 1) 1953 - 1954 như thế nào 11 Đô Thiên - Đình Kim Khánh, Tiếng Sấm Điện Biên Phú, Nhân dân, H, 1984, 1.61 VÀ CHIẾN DỊCH ĐIỆN PHÚ NĂM 1954 1.Cuộc Tiến công chiến lược Đông - Xuân 1953 - 1954 Cuối tháng 9 ? 1953, Bộ Chính trị Ban Chấp hành Trung họp ở Viết Bắc để bàn về kế hoạch quân sự trong đông - xuân 1953 - 1954 Năm vững nhiệm vu tiêu diệt địch là chính, phương hược của ta trong đông - xuân 1953 ? 195",,,,,
entity,lichsu_11_s105_bai19_sec6_002:e3,Event,Hiệp ước 1862,"Hiệp ước khiến triều đình ra lệnh bãi binh, nhưng Trương Định chống lệnh để tiếp tục kháng chiến.","Sau Hiệp ước 1862, triều đình ha lênh cho Trương Đình phải bãi binh",0.9,[1862],lichsu_11_s105_bai19_sec6_002,lichsu_11,Bài 19,THI CUỘC KHÁNG CHIẾN CỦA NHÁN DÂN NAM KI SAU HIẾP ĐỚC 1862,"[109, 110, 111, 112, 113, 114]","[""data/corpus/lichsu_11/lichsu_11.pdf_109.jpg.txt"", ""data/corpus/lichsu_11/lichsu_11.pdf_110.jpg.txt"", ""data/corpus/lichsu_11/lichsu_11.pdf_111.jpg.txt"", ""data/corpus/lichsu_11/lichsu_11.pdf_112.jpg.txt"", ""data/corpus/lichsu_11/lichsu_11.pdf_113.jpg.txt"", ""data/corpus/lichsu_11/lichsu_11.pdf_114.jpg.txt""]","uân về hoạt động ở Tân Hoà (Gò Công), quyết tâm chiến đấu lâu dai Sau Hiệp ước 1862, triều đình ha lênh cho Trương Đình phải bãi binh, mặt khác điều ông di nhận chức Lãnh binh ở An Giang, rồi Phú Yên. Nhưng được sự ủng hội 19 thi của nhân dân, ông đã chông lênh triều đình, quyết lâm ở lại kháng chiến Phát cao (1) Bỏ đi nơi khác sống, không các với Pháp Nguyên lá cờ ""Bình Tây Đại nguyên soái"", hoạt đông của nghĩa quân đã củng cổ niêm tinh của dân chúng, khiến bọn cướp nước và bán nước phải run so",,,,,
entity,lichsu_12_s30_bai2_sec11_001:e10,Event,cuộc chính biến,cuộc chính biến nhằm lật đổ Goócbachốp nhưng thất bại,một cuộc chính biên nhằm lật đổ Goocbachốp nổ ra nhưng thất bai,0.9,[],lichsu_12_s30_bai2_sec11_001,lichsu_12,Bài 2,THI LIÊN XO VÀ CÁC NƯỚC ĐÔNG ÂU TỪ GIỮA NHƯNG NĂM 700,"[13, 14, 15]","[""data/corpus/lichsu_12/lichsu_12.pdf_13.jpg.txt"", ""data/corpus/lichsu_12/lichsu_12.pdf_14.jpg.txt"", ""data/corpus/lichsu_12/lichsu_12.pdf_15.jpg.txt""]","ninh ở châu Âu và thế giới Sự lớn mạnh của Liên Xô và các nước thành viên đã tao nên thế cân bằng về sức mạnh quân sự giữa các nước xã hội chủ nghĩa và các nước tư bản chủ nghĩa vào đầu những năm 70. THI LIÊN XO VÀ CÁC NƯỚC ĐÔNG ÂU TỪ GIỮA NHƯNG NĂM 700 ĐẾN NĂM 1991 11 Sự khúng hoáng đầu những năm 80, nền kinh tế Liên bộc lộ những dấu hiêu suy thoái Đời sống chính trị có những diễn biến phức tạp, xuất hiên tư tưởng và một số nhóm đối lập chống lại Đảng Cộng sản và Nhà nước Xô viết. Tháng 3 - 198",,,,,
entity,lichsu_12_s198_bai18_sec4_001:e15,Event,Pháp đốt Nhà Thông tin ở phố Tràng Tiền,Pháp đốt Nhà Thông tin ở phố Tràng Tiền,Chúng đốt Nhà Thông tin ở phố Tràng Tiền,0.95,[],lichsu_12_s198_bai18_sec4_001,lichsu_12,Bài 18,KHÁNG CHIẾN TOÀN QUỐC CHỐNG THỰC DÙNG NỔI,[130],"[""data/corpus/lichsu_12/lichsu_12.pdf_130.jpg.txt""]","- 1950), ta đã xây dưng lực lương moi mặt, chuẩn bị cho cuốc chiến đầu lâu dài và bước đầu giành thắng lơi quan trong với chiến thắng Viết Bắc thu ? đông năm 1947 và Biên giới thu ? đông năm 1950 KHÁNG CHIẾN TOÀN QUỐC CHỐNG THỰC DÙNG NỔI 11 Thực dân Pháp bội ước và tiến công nước ta Mặc dù đã kí Hiệp định So bô 6 - 3 - 1946 và Tạm ước 14 - 9 - 1946, thực dân Pháp vẫn đẩy mạnh việc chuẩn bị chiến tranh xâm lược nước ta một lần nữa Ngay sau ngày 6 - 3 - 1946, Pháp mỏ các cuộc tiên công ta ở Nam Bộ",,,,,
entity,lichsu_12_s189_bai17_sec10_001:e3,Event,"phong trào ""Tuần lễ vàng""","Phong trào do Chính phủ phát động, nhân dân hăng hái đóng góp tiền của, vàng, bạc ủng hộ nền độc lập của Tổ quốc.","phong trào ""Tuần lễ vàng"""" do Chính phủ phát động",0.95,[],lichsu_12_s189_bai17_sec10_001,lichsu_12,Bài 17,4. Giải quyết khó kàă chính,"[124, 125]","[""data/corpus/lichsu_12/lichsu_12.pdf_124.jpg.txt"", ""data/corpus/lichsu_12/lichsu_12.pdf_125.jpg.txt""]","thông và đại học sóm được khai giảng nhằm đào tạo những công dân và cán bộ Thung trung thành, có năng lực phung sư Tố quốc Nội dung và phương pháp giáo dục bước đầu được đối mới theo tinh tốc dân chủ 4. Giải quyết khó kàă chính Để khắc phục tình trạng trống rồng về ngân sách, Chính phủ kêu gọi tình thần tư nguyên đóng góp của nhân dân cả nước, Hưởng ứng cuộc vân đông xây dưng Quý độc lập"", phong trào ""Tuần lễ vàng"""" do Chính phủ phát động, nhân dân ta hăng hái đóng góp tiền của, vàng, bạc ủng hộ",,,,,
entity,lichsu_12_s318_bai27_sec5_002:e3,Event,Chiến tranh cục bộ,Chiến lược của Mỹ từ 1965-1968,"1965 - 1968, đánh bai chiến lược ""Chiến tranh cục bô""",0.9,"[1965, 1968]",lichsu_12_s318_bai27_sec5_002,lichsu_12,Bài 27,3. Thời kì 1945 1954,"[217, 218, 219]","[""data/corpus/lichsu_12/lichsu_12.pdf_217.jpg.txt"", ""data/corpus/lichsu_12/lichsu_12.pdf_218.jpg.txt"", ""data/corpus/lichsu_12/lichsu_12.pdf_219.jpg.txt""]","c thực dân mới 1960 1954 - 1954 - 1960, đánh bai chiến tranh đơn phương"" , 1961 - 1965 chiến đánh bại chiến lược ?Chiến tranh đặc biệt"" , 1965 - 1968, đánh bai chiến lược ""Chiến tranh cục bô"""", 1969 ? 1973, đánh bại về cơ bản chiến lược ""Việt Nam hoá chiến tranh"", buốc Mĩ phái rút quân khói miền Nam , 1973 - 1975, đánh bại hoàn thành toàn chiến lược ""Viết Nam hoa chiến tranh"", giải phóng hoàn toàn miền Nam, thống nhất dất nước. - Ở miên Bắc, thực hiện những nhiêm vụ của cách mạng trong thời kì q",,,,,
entity,lichsu_12_s44_bai4_sec3_003:e4,Event,Chiến cuộc kháng chiến chống Mĩ,Cuộc kháng chiến của nhân dân Campuchia sát cánh cùng nhân dân Việt Nam chống Mĩ,Chiến cuộc kháng chiến chống Mi,0.95,[],lichsu_12_s44_bai4_sec3_003,lichsu_12,Bài 4,VIỆT NAM TÊN NƯỚC,"[25, 26, 27, 28]","[""data/corpus/lichsu_12/lichsu_12.pdf_25.jpg.txt"", ""data/corpus/lichsu_12/lichsu_12.pdf_26.jpg.txt"", ""data/corpus/lichsu_12/lichsu_12.pdf_27.jpg.txt"", ""data/corpus/lichsu_12/lichsu_12.pdf_28.jpg.txt""]","18 - 3 - 1970, Chính phủ Xihanúc bị lật đó bởi các thể lực lay sai của Mi Từ đây, nhân dân Campuchia sát cánh cùng nhân dân Vi tào tiến hành Chiến cuộc kháng chiến chống Mi, từng bước giành thăng lơi. Ngày 17 4 1975 thi thủ đô Phnôm Pênh được giải phóng Cuộc kháng chiến chống Mĩ của nhân dân Campuchia kết thúng lơi Ngay sau đó, tập đoàn Khome đỏ do Pôn Pốt cầm đầu đã phản bội cách mang thi hành chính sách diệt chủng, tàn sát hàng triêu người dân vô lôi Nhân dân Campuchia, được sự giúp đô của quâ",,,,,
entity,lichsu_12_s106_bai10_sec3_001:e3,Event,cuộc cách mạng khoa học kĩ thuật,Cuộc cách mạng khoa học kĩ thuật đã đưa lại nhiều thành tựu và đổi thay to lớn trong đời sống nhân loại,cuốc cách mang khoa hoc ? kĩ thuật,0.95,[],lichsu_12_s106_bai10_sec3_001,lichsu_12,Bài 10,VÀ XU THẾ TOÀN CẦU HOA SAU THẾ KÍ XÍ,"[64, 65, 66]","[""data/corpus/lichsu_12/lichsu_12.pdf_64.jpg.txt"", ""data/corpus/lichsu_12/lichsu_12.pdf_65.jpg.txt"", ""data/corpus/lichsu_12/lichsu_12.pdf_66.jpg.txt""]","trị thế giới và cả trong quan hê quốc tế Ngày nay, các quốc gia - dân lộc vừa có những thời cơ phát triển thuân lợi, vừa phải đối mặt với những thách thức va cùng gay gắt. Chiến tranh lanh chấm dứt VÀ XU THẾ TOÀN CẦU HOA SAU THẾ KÍ XÍ Từ những năm 40 của thế ki XX, trên thế giới đã diễn ra cuốc cách mang khoa hoc ? kĩ thuật đã đưa lai biết bao thành lưu ki diệu và những đổi thay to lớn trong đời sống nhân loại Nền văn minh thế giới có những bước nhảy vọt mới",,,,,
entity,lichsu_12_s56_bai5_sec5_001:e4,Event,cuộc bầu cử dân chủ,Cuộc bầu cử dân chủ giữa các chủng tộc ở Nam Phi,Các cuốc bầu cứ dân chủ giữa các chủng tốc ở Nam Phi (4 - 1994),0.95,[1994],lichsu_12_s56_bai5_sec5_001,lichsu_12,Bài 5,XAO TÔMÊ VÀ PRINXIP THENG,"[35, 36, 37]","[""data/corpus/lichsu_12/lichsu_12.pdf_35.jpg.txt"", ""data/corpus/lichsu_12/lichsu_12.pdf_36.jpg.txt"", ""data/corpus/lichsu_12/lichsu_12.pdf_37.jpg.txt""]",T XUĐĂNG PHAXO Gall 1960 1956 GHINÊ 1960 GIBUTL NIGIERIA 11977 19581 XÔMALI ETIOPIA 1960 TRUNG PHI 1974 SP CAMORUN 1960 GHINÊN 1960 STAR UGAINĐA XÍCH ĐAQ4975 01/115000000199 1962 KÊN ANH VINIIGNINE XAO TÔMÊ VÀ PRINXIP THENG 1963 1968 CHDOS 1962 BURUNDI JANDALITICAL CÔNGGÔ EN 1960 1962 1960 TANDANIA Hó T 1964 VĂNGG LI TH CÔMO MALAUY 1975 D 1975 DẦMBIẠT 1964 1964 Q DIMBABUÊ MADAGAXCA NAMIBIA 1980 1960 1990 BỐTXOAN 1975 MÔRIXƠ 1966 I 1968 Các nước châu Phi ROADILEN Các nước khác K LÊ XỐ THÔ NIGIÊ T,,,,,
entity,lichsu_10_s187_002:e9,Event,chế tạo thành công chiếc đầu máy xe lửa đầu tiên,sự kiện Xt-phen-xơn chế tạo đầu máy xe lửa,"Năm 1814, Xt-phen-xơn chế tạo thành công chiếc đầu máy xe lửa đầu tiên",0.95,[1814],lichsu_10_s187_002,lichsu_10,Bài,1. Cách mạng công nghiệp ở Anh,"[159, 160, 161]","[""data/corpus/lichsu_10/lichsu_10.pdf_159.jpg.txt"", ""data/corpus/lichsu_10/lichsu_10.pdf_160.jpg.txt"", ""data/corpus/lichsu_10/lichsu_10.pdf_161.jpg.txt""]","c sử dụng máy hơi nước đã trở thành phổ biến, do vậy tốc độ sản xuất người và năng suất lao động tăng lên rõ iệt. Máy hơi nước đã tạo ra nguồn động lực mới, làm giảm sức lao động cơ bắp của con người. Lao động bằng tay dần được thay thế bằng máy móc, khởi đầu quá trình công nghiệp hoá ở nước Anh. Nhu cầu dùng máy tăng lên đã thức đẩy ngành chế tạo máy ra đời và thi phát triển, đồng thời đòi hỏi số lương và chất lương kim loại nhiều và cao hơn phát minh về phương pháp nấu than cốc năm 1735 là một",,,,,
entity,lichsu_11_s72_bai16_sec3_002:e11,Event,phong trào cách mạng 1930-1931 ở Việt Nam,"Phong trào cách mạng diễn ra ở Việt Nam, đỉnh cao là Xô viết Nghệ Tĩnh.",phong trào cách mang 1930 1931 ở Viết Nam,0.9,"[1930, 1931]",lichsu_11_s72_bai16_sec3_002,lichsu_11,Bài 16,TI TÌNH HÌNH CÁC NƯỚC ĐÔNG NAM Á SAU CHIẾN TRANH THỨ NHẤT,"[83, 84, 85]","[""data/corpus/lichsu_11/lichsu_11.pdf_83.jpg.txt"", ""data/corpus/lichsu_11/lichsu_11.pdf_84.jpg.txt"", ""data/corpus/lichsu_11/lichsu_11.pdf_85.jpg.txt""]","h trị, đòi quyền dùng tiếng mẹ đẻ trong nhà trường Một số chính đảng tư sản được thành lập và có ảnh hội rộng rãi như Đảng Dân tộc ở In đô nê xi a, phong trào Thakin ở Miến Điên, Đại hội toàn Mã Lai.. Đồng thời, từ thập niên 20 giai cấp vô sản trẻ tuổi ở Đông Nam A cũng bát đầu Thi trương thành, Một số đảng công sản được thành lập, đầu tiên là Đảng Công san In đô nê xi a (5 - 1920) tiếp theo, trong năm 1930, các đảng công sản ra đời ở Viết Nam, Mã Lai, Xiêm và Phi-líp-pin Dưới sự lãnh đạo của Đả",,,,,
entity,lichsu_11_s56_bai13_sec2_001:e5,Event,Chiến tranh thế giới thứ nhất,sự kiện lịch sử,Chiến tranh thế giới thứ nhất,0.95,[],lichsu_11_s56_bai13_sec2_001,lichsu_11,Bài 13,NHỚI NƯỚC MĨ TRONG NĂM 1918 1929,"[69, 70]","[""data/corpus/lichsu_11/lichsu_11.pdf_69.jpg.txt"", ""data/corpus/lichsu_11/lichsu_11.pdf_70.jpg.txt""]","nặng nề chưa từng thấy trong lịch sử nước Mĩ những năm 1929 - 1933. Chính sách mới của Tổng thống Ru-dơ-ven đã đưa nước Mĩ thoát ra khỏi khủng hoảng và duy trì được sự phát triển của chủ nghĩa tư bản NHỚI NƯỚC MĨ TRONG NĂM 1918 1929 Tình hình kinh tế Chiến tranh thế giới thứ nhất đã đem lại ""những cơ hội vàng"""" cho nước Mi Với nguyên kinh lễ đại mức tăng trưởng cao trong suối những năm trong và sau chiến tranh Mĩ trở thành nước tư bản giàu mạnh nhất Cùng với lợi thể đó, việc cải tiến kí thuật th",,,,,
entity,lichsu_10_s131_bai23_sec6_001:e12,Event,"phong trào Tây Sơn đánh đổ tập đoàn phong kiến Trịnh, Lê","Sự kiện phong trào Tây Sơn đánh đổ hai tập đoàn phong kiến Trịnh, Lê và làm chủ toàn bộ đất nước","Trong những năm 1786 ? 1788, phong trào Tây Sơn lần lượt đánh đổ hai và nhiện tập đoàn phong kiến Trịnh, Lê và làm chủ toàn bộ đất nước",0.9,"[1786, 1788]",lichsu_10_s131_bai23_sec6_001,lichsu_10,Bài 23,CUỐI THẾ KỈ XVIII,[116],"[""data/corpus/lichsu_10/lichsu_10.pdf_116.jpg.txt""]","rộ, mở đầu từ ấp Tây Sơn (Bình Định) và trong quá trình đấu tranh kiên cường của mình đã làm nên hai sự nghiệp lớn: bước đầu thống nhất nước và đánh bại giặc ngoại xâm, bảo vệ nền độc lập dân tộc. CUỐI THẾ KỈ XVIII Vào giữa thế kỉ XVIII, chế độ phong kiến Đàng Ngoài khủng hoảng sâu sắc Phong trào nông dân bùng lên rầm rộ, kéo dài trong hơn 10 năm và bị đàn áp Chu Cùng trong thời gian này, ở Đàng Trong, chúa Nguyễn xưng vương, thành lập triều đình riêng, Đất nước bị chia thành hai miền. Nhưng rồi",,,,,
entity,lichsu_11_s119_bai21_sec2_001:e8,Event,cuộc đấu tranh tự vệ của nông dân và nhân và dân các dân tộc thiểu số vùng núi,Các cuộc đấu tranh diễn ra bên cạnh phong trào Cần vương,những cuộc đấu tranh tự vệ của nông dân và nhân và dân các dân tộc thiểu số vùng núi,0.95,[],lichsu_11_s119_bai21_sec2_001,lichsu_11,Bài 21,VIET NAM TRONG NHUNG NĂM CUOI THE KI XIX,"[122, 123, 124]","[""data/corpus/lichsu_11/lichsu_11.pdf_122.jpg.txt"", ""data/corpus/lichsu_11/lichsu_11.pdf_123.jpg.txt"", ""data/corpus/lichsu_11/lichsu_11.pdf_124.jpg.txt""]","6 1884 (Hiệp ước Patonốt) gồm 19 điều khoản, căn bản dựa trên Hiệp ước Hácmăng (25 -88 1883), nhưng được sửa chữa một số điều nhâm xoa dịu dư luận và mua chuộc thêm những phần tử phong kiến đầu hàng VIET NAM TRONG NHUNG NĂM CUOI THE KI XIX Sau cuộc phản công quân Pháp tại Kinh thành Huế thất bại, một phong trào khởi nghĩa vũ trang mới dưới danh nghĩa Cần vương (giúp vua cứu nước) đã diễn ra sôi nổi, kéo dài đến năm 1896. Bên canh đó, còn có những cuộc đấu tranh tự vệ của nông dân và nhân và dân ",,,,,
entity,lichsu_10_s83_001:e9,Event,khởi nghĩa Thi Thiến Khúc Thừa Dụ,Cuộc khởi nghĩa diễn ra vào năm 905,khởi nghĩa Thi Thiến Khúc Thừa Dụ năm 905,0.95,[],lichsu_10_s83_001,lichsu_10,Bài,1. Khái quát phong trào đấu tranh từ thế kỉ 1 đến đầu thế kỉ x,"[81, 82, 83, 84, 85, 86]","[""data/corpus/lichsu_10/lichsu_10.pdf_81.jpg.txt"", ""data/corpus/lichsu_10/lichsu_10.pdf_82.jpg.txt"", ""data/corpus/lichsu_10/lichsu_10.pdf_83.jpg.txt"", ""data/corpus/lichsu_10/lichsu_10.pdf_84.jpg.txt"", ""data/corpus/lichsu_10/lichsu_10.pdf_85.jpg.txt"", ""data/corpus/lichsu_10/lichsu_10.pdf_86.jpg.txt""]","trực tiếp tới cấp huyên, tổ chức các đơn vị hành chính chính đến cấp hương, xã, nhưng không khống chế nổi các làng xóm người Việt Làng xóm trở thành nơi xuất phát các cuộc đấu tranh giành độc lập. B 1. Khái quát phong trào đấu tranh từ thế kỉ 1 đến đầu thế kỉ x Năm 40, cuộc khởi nghĩa chống ách đô hộ dầu tiên của nhân dân Âu Lạc the thu bùng nổ. Từ đó cho đến đầu thế kỉ X, nhiều cuộc khởi nghĩa đã liên tiếp nổ ra ở ba quận Giao Chỉ, Cửu Chân và Nhật Nam Từ sau cuộc khởi nghĩa Hai Bà Trưng năm 40",,,,,
entity,lichsu_12_s152_bai15_sec2_001:e1,Event,Đại hội đại biểu lần thứ nhất của Đảng,Đại hội đánh dấu việc Đảng khôi phục được hệ thống tổ chức từ trung ương đến địa phương và các tổ chức quần chúng.,"Đại hội đại biểu lần thứ nhất của Đảng đánh dấu một mốc quan trọng - Đảng đã khôi phục được hê thống tổ chức từ trung ương đến địa phương, cũng như khôi phuc được các tổ chức quân chúng",0.95,[],lichsu_12_s152_bai15_sec2_001,lichsu_12,Bài 15,PHONG TRÀO DÂN CHÚ 1936 - 1939,"[97, 98]","[""data/corpus/lichsu_12/lichsu_12.pdf_97.jpg.txt"", ""data/corpus/lichsu_12/lichsu_12.pdf_98.jpg.txt""]","tế Công sản. Đại hội đại biểu lần thứ nhất của Đảng đánh dấu một mốc quan trọng - Đảng đã khôi phục được hê thống tổ chức từ trung ương đến địa phương, cũng như khôi phuc được các tổ chức quân chúng PHONG TRÀO DÂN CHÚ 1936 - 1939 Vào nửa cuối những năm 30 của thế kí XX trước những biến chuyễn của tinh hình thế giới và trong nước, Đảng Công sản Đông Dương thay đổi chủ trương, chuyển sang hình thức đấu tranh công khai, hợp pháp và nửa hợp pháp, với mục tiêu đòi tự do, dân sinh, dân chủ, cơm áo và ",,,,,
entity,lichsu_12_s129_bai12_sec12_001:e10,Event,Hội nghị Quốc tế Nông dân,Hội nghị mà Nguyễn Ái Quốc đến Liên Xô để dự vào tháng 6-1923.,"Tháng 6 - 1923, Nguyễn Ái Quốc đến Liên Xô để dự Hội nghị Quốc tế Nông dân",0.95,[1923],lichsu_12_s129_bai12_sec12_001,lichsu_12,Bài 12,AIRES DE TOUS PAYS UNISE,"[80, 81, 82]","[""data/corpus/lichsu_12/lichsu_12.pdf_80.jpg.txt"", ""data/corpus/lichsu_12/lichsu_12.pdf_81.jpg.txt"", ""data/corpus/lichsu_12/lichsu_12.pdf_82.jpg.txt""]",Xã hội Pháp. Luân cương của Lênin đã giúp Nguyễn Ai Quốc khắng đình con đường giành đốc lập và CONTERLED LEMANOMATIONALIST pin tư do của nhân dân Misinterstations Việt Nam TERES Ngày 25 - 12 1920 AIRES DE TOUS PAYS UNISE Nguyễn Ái Quốc tham dự Đại hôi đại biểu TARTING 00100000119 toàn quốc lân thứ XVIII của Đảng Xã hội Pháp họp tại thành phố Tua Người đã đứng về phía đa số đại biểu Đại hôi bỏ phiếu tán thành việc gia nhập Quốc tế Công sản và Hình 27. Toàn cảnh Đại hội Tua (Pháp) năm 1920 (1) Trầ,,,,,
entity,lichsu_11_s60_bai14_sec1_001:e6,Event,khủng hoảng kinh tế,tình trạng kinh tế Nhật Bản lâm vào từ năm 1929 đến 1933,cuộc khủng kinh tế (1929 Lan 1933),0.9,"[1929, 1933]",lichsu_11_s60_bai14_sec1_001,lichsu_11,Bài 14,Bài 14,"[70, 71, 72, 73, 74]","[""data/corpus/lichsu_11/lichsu_11.pdf_70.jpg.txt"", ""data/corpus/lichsu_11/lichsu_11.pdf_71.jpg.txt"", ""data/corpus/lichsu_11/lichsu_11.pdf_72.jpg.txt"", ""data/corpus/lichsu_11/lichsu_11.pdf_73.jpg.txt"", ""data/corpus/lichsu_11/lichsu_11.pdf_74.jpg.txt""]","luật để giữ vai trò trung lập trước các cuộc xung đột quân sự bên ngoài nước Mĩ. Chính sách đó đã góp phần khuyến khích chủ nghĩa phát xít tư do hành đông, gây ra cuộc Chiến tranh thế giới thứ hai Bài 14 (1918 1939) Nhật Bản là nước duy nhất ở châu Á được xếp vào hàng ngũ các cường quốc tư bản, Trải qua những năm ổn định ngắn ngủi sau Chiến tranh thế giới thứ nhất, Nhật Bản lâm vào cuộc khủng kinh tế (1929 Lan 1933), Để tìm lối thoát ra khỏi khủng hoảng, giới cầm quyền Nhật Bản tiến hành quân ph",,,,,
entity,lichsu_12_s301_bai25_sec3_001:e3,Event,Cách mạng Việt Nam chuyển sang giai đoạn cách mạng xã hội chủ nghĩa,Sự kiện diễn ra sau thắng lợi của cuộc kháng chiến chống Mĩ và thống nhất đất nước,Cách mang Việt Nam chuyển sang giai đoan cách mang xã hội chủ nghia từ sau thắng lơi của cuộc kháng chiến chun được và thống nhất đất nước về mặt nhà nước,0.95,[],lichsu_12_s301_bai25_sec3_001,lichsu_12,Bài 25,VÀ ĐẦU TRANH BÁO VỆ TÔ QUỐC (1986),"[201, 202, 203]","[""data/corpus/lichsu_12/lichsu_12.pdf_201.jpg.txt"", ""data/corpus/lichsu_12/lichsu_12.pdf_202.jpg.txt"", ""data/corpus/lichsu_12/lichsu_12.pdf_203.jpg.txt""]","có 94 nước chính thức công nhận và đất quan hê ngoại giao. Ngày 20 - 9 - 1977, nước ta trở thành thành viên thứ 149 của Liên hợp quốc Quốc hội khoá VI, kì họp thứ nhất đã quyết đinh những vấn để gi? VÀ ĐẦU TRANH BÁO VỆ TÔ QUỐC (1986) Cách mang Việt Nam chuyển sang giai đoan cách mang xã hội chủ nghia từ sau thắng lơi của cuộc kháng chiến chun được và thống nhất đất nước về mặt nhà nước Trong 10 năm 1976 đến năm 1986 qua hai kế hoạch nhà nước 5 năm (1976 - 1980 và 1981 - 1985), nhân dân la thực h",,,,,
entity,lichsu_11_s51_bai12_sec2_002:e1,Event,cuộc nổi dậy của công nhân Hám buốc,âm hưởng cuối cùng của con bão táp cách mạng,g của công nhân Hám buốc tháng 10 - 1923 là âm hưởng cuối cùng của con bão táp cách mạng,0.9,[1923],lichsu_11_s51_bai12_sec2_002,lichsu_11,Bài 12,NHỚC ĐỨC TRONG NĂM 1918 - 1929,"[64, 65]","[""data/corpus/lichsu_11/lichsu_11.pdf_64.jpg.txt"", ""data/corpus/lichsu_11/lichsu_11.pdf_65.jpg.txt""]","g của công nhân Hám buốc tháng 10 - 1923 là âm hưởng cuối cùng của con bão táp cách mạng và ở Đức Tình hình nước Đức trong những năm 1918 - 1923 có những điểm nào nổi bật ? - Hình 32 nói lên điều gì ? 2 Những năm ổn định tạm thời (1929) Các Cuối năm 1923, nước Đức đã vượt qua được thời kì khúng hoàng kinh lễ và chính trị sau chiến tranh, Chính quyền tư sản đã đẩy lùi phong trào cách mạng của quần chúng, từng bước khắc phục tình trang hồn loạn về tài chính, tạo đà cho nền kinh tế khoi phục và phá",,,,,
entity,lichsu_10_s35_001:e6,Event,Ti-mua Leng tấn công Ấn Độ,Sự kiện Ti-mua Leng tấn công Ấn Độ,bắt đầu tấn công Ân Độ từ năm 1398,0.95,[1398],lichsu_10_s35_001,lichsu_10,Bài,3. Vương triều Mô-gôn,"[42, 43, 44]","[""data/corpus/lichsu_10/lichsu_10.pdf_42.jpg.txt"", ""data/corpus/lichsu_10/lichsu_10.pdf_43.jpg.txt"", ""data/corpus/lichsu_10/lichsu_10.pdf_44.jpg.txt""]","A-rập Hồi giáo tấn công vào lưu vực sông Ấn năm 710, châu Âu năm 732, sau đó lập quốc gia Coóc đô-ba ở Tây Ban Nha Các từ như hoá học (Chimi), rượu (Alcool), đại số (Algebra) v.v. có gốc từ A-rập. 3. Vương triều Mô-gôn Thế kỉ XV, Vương triều Hồi giáo Đê li bất đầu suy yếu, thì cũng là lúc mà một bộ phận dân Trung Á khác do thủ lĩnh ? vua là Ti-mua Leng chỉ huy; cũng theo đạo Hồi nhưng lại tự nhận là dòng dõi Mông Cổ, bắt đầu tấn công Ân Độ từ năm 1398. Tuy thế, phải đến cháu nội của ông là Ba-bu",,,,,
entity,lichsu_10_s133_bai23_sec8_002:e5,Event,chiến thắng Ngọc Hồi - Đống Đa,"Chiến thắng vang dội của quân ta, đánh bại hoàn toàn quân xâm lược.",chiến thắng vang dội Ngọc Hồi - Đống Đa,0.95,[],lichsu_10_s133_bai23_sec8_002,lichsu_10,Bài 23,2. Kháng chiến chống Thanh (1789),"[117, 118, 119]","[""data/corpus/lichsu_10/lichsu_10.pdf_117.jpg.txt"", ""data/corpus/lichsu_10/lichsu_10.pdf_118.jpg.txt"", ""data/corpus/lichsu_10/lichsu_10.pdf_119.jpg.txt""]","uế) cấp báo. Được tin đó, Bắc Bình vương Nguyễn Huệ quyết định làm lễ lên ngôi Hoàng đế, lấy niên hiêu là Quang Trung, chỉ huy quân tiến ra Bắc ; trên đưng lại ở Nghệ An, Thanh Hoá đề tuyển thêm quân. Đúng vào đêm 30 Tết (tức 25 - 1 - 1789), quân ta được lệnh tiến công với khí thế từ lời hiểu dụ của vua Quang Trung Đánh cho để dài tóc Đánh cho để đen răng Đánh cho nó chích luân bất phản Đánh cho nó phiến giáp bất hoàn Đánh cho sứ tri Nam quốc anh hữu chủ si Trong Sau 5 ngày (bắt đầu từ đêm 30 ch",,,,,
entity,lichsu_12_s223_bai20_sec3_001:e4,Event,Tiến công chiến lược Đông - Xuân 1953 1954,Cuộc tiến công chiến lược của quân ta vào Đông - Xuân 1953-1954,mở cuộc Tiến công chiến lược Đông - Xuân 1953 1954,0.95,"[1953, 1954]",lichsu_12_s223_bai20_sec3_001,lichsu_12,Bài 20,CHÔNG THỰC DÂN PHÁP KẾT THÚC (1953),"[144, 145]","[""data/corpus/lichsu_12/lichsu_12.pdf_144.jpg.txt"", ""data/corpus/lichsu_12/lichsu_12.pdf_145.jpg.txt""]","nhiều sinh lực địch, phá huý nhiều tổ chức tề nguy cùng nhiều cơ sở kinh tế của chúng quân ta sau chiến thắng Biên giới thu đ9ng năm 1950 đến trước đông - xuân 1953 - 1954 được thể hiện như thể nào ? CHÔNG THỰC DÂN PHÁP KẾT THÚC (1953) Bước vào đông - xuân 1953 - 1954, Pháp - Mi âm mưu giành một thắng lơi quân sự quyết định nhằm ""kết thức chiến tranh trong danh dư quân ta mở cuộc Tiến công chiến lược Đông - Xuân 1953 1954 với Đinh cao là chiến dịch Điên Biên Phủ Chiến Tiắn Phủ đã buộc thực dân P",,,,,
entity,lichsu_12_s176_bai16_sec18_001:e3,Event,Cách mạng tháng Tám,Cuộc cách mạng do Đảng Cộng sản Đông Dương và Hồ Chí Minh lãnh đạo,"Cách mạng tháng Tám do Đảng Công sản Đông Dương, đứng đầu là Hồ Chí Minh lãnh đạo",0.95,[],lichsu_12_s176_bai16_sec18_001,lichsu_12,Bài 16,CỦA CÁCH MẠNG THÁNG TÁM NĂM 1945,"[118, 119]","[""data/corpus/lichsu_12/lichsu_12.pdf_118.jpg.txt"", ""data/corpus/lichsu_12/lichsu_12.pdf_119.jpg.txt""]","Ngày 2 - 9 - 1945 mãi mãi đi vào lịch sử Việt Nam là một trong những ngày hội lớn nhất, vẻ vang nhất của dân tộc (1) (2) Hồ Chí Minh, Tuyến tập, Tập 1 (1919 - 1945), NXB Chính trị quốc ti: 701,772 CỦA CÁCH MẠNG THÁNG TÁM NĂM 1945 1 Nguyên nhân thăng lợi Nguyên nhân chú quan Dân lộc la vốn có truyền thống yêu nước nông nàn Nhưng tháng trái qua những cuộc đấu tranh kiên cường, bất khuất cho đo. Vì vây Trong Khi Đảng Công sản Đông Dương và Mặt trận Viết Minh phất cao ngon cờ cứu nước thì toàn dân n",,,,,
entity,lichsu_10_s120_001:e7,Event,Chiến tranh Nam - Bắc triều,"cuộc chiến tranh bùng nổ giữa Nam triều và Bắc triều, kéo dài đến cuối thế kỉ XVI","Chiến tranh Nam - Bắc triều biện bùng nổ, kéo dài cho đến cuối thế kỉ XVI",0.9,[],lichsu_10_s120_001,lichsu_10,Bài,2. Đắt nước bị chia cắt,"[106, 107, 108]","[""data/corpus/lichsu_10/lichsu_10.pdf_106.jpg.txt"", ""data/corpus/lichsu_10/lichsu_10.pdf_107.jpg.txt"", ""data/corpus/lichsu_10/lichsu_10.pdf_108.jpg.txt""]","vua Minh cho quân tiến xuống, phao tin xâm chiếm nước ta. Nhà Mạc lúng túng, đã buộc phải dâng số sách cho quân Minh, chịu thần phục để yên mặt Bắc, Vạc không còn được sự tin tưởng của nhân dân. 2. Đắt nước bị chia cắt Không chấp nhận chính quyền của họ Mạc, một số quan lại cũ của nhà Lê, Thuy những đầu là Nguyễn Kim, đã họp quân, , nổi và nghiệp dây ở vùng Thanh Hoá. Một nhà nước mới được thành lập ở đây, sử cũ gọi là nha Nhiều Nam triều để phân biệt với Bắc triều của nhà Mạc. Chiến tranh Nam -",,,,,
entity,lichsu_11_s60_bai14_sec1_001:e5,Event,Chiến tranh thế giới thứ nhất,giai đoạn trước khi Nhật Bản lâm vào khủng hoảng kinh tế,Chiến tranh thế giới thứ nhất,0.9,[],lichsu_11_s60_bai14_sec1_001,lichsu_11,Bài 14,Bài 14,"[70, 71, 72, 73, 74]","[""data/corpus/lichsu_11/lichsu_11.pdf_70.jpg.txt"", ""data/corpus/lichsu_11/lichsu_11.pdf_71.jpg.txt"", ""data/corpus/lichsu_11/lichsu_11.pdf_72.jpg.txt"", ""data/corpus/lichsu_11/lichsu_11.pdf_73.jpg.txt"", ""data/corpus/lichsu_11/lichsu_11.pdf_74.jpg.txt""]","luật để giữ vai trò trung lập trước các cuộc xung đột quân sự bên ngoài nước Mĩ. Chính sách đó đã góp phần khuyến khích chủ nghĩa phát xít tư do hành đông, gây ra cuộc Chiến tranh thế giới thứ hai Bài 14 (1918 1939) Nhật Bản là nước duy nhất ở châu Á được xếp vào hàng ngũ các cường quốc tư bản, Trải qua những năm ổn định ngắn ngủi sau Chiến tranh thế giới thứ nhất, Nhật Bản lâm vào cuộc khủng kinh tế (1929 Lan 1933), Để tìm lối thoát ra khỏi khủng hoảng, giới cầm quyền Nhật Bản tiến hành quân ph",,,,,
entity,lichsu_10_s133_bai23_sec8_001:e2,Event,trận Rạch Gầm - Xoài Mút,Trận đánh tan tành quân xâm lược Nguyễn Ánh và tàn quân Xiêm,trận Rạch Gầm - Xoài Mút,0.95,[],lichsu_10_s133_bai23_sec8_001,lichsu_10,Bài 23,2. Kháng chiến chống Thanh (1789),"[117, 118, 119]","[""data/corpus/lichsu_10/lichsu_10.pdf_117.jpg.txt"", ""data/corpus/lichsu_10/lichsu_10.pdf_118.jpg.txt"", ""data/corpus/lichsu_10/lichsu_10.pdf_119.jpg.txt""]","Huệ đã tố chức trận Rạch Gầm - Xoài Mút đánh tan tành Thi nhu quân xâm lược Nguyễn Ánh theo cánh tàn quân Xiêm chạy thoát. Miền Nam trớ lại yên bình. B - Em biết gì thêm về trận Rạch Gầm - Xoài Mút ? 2. Kháng chiến chống Thanh (1789) Sau khi bị quân Tây Sơn đánh bại, vua Lê Chiêu Thống cùng một số đại thần Thuy thân cận bỏ chạy lên phía bắc, cho người sang Trung Quốc câu cứu nhà Thanh Nhang Nhận Nhận thấy đây là một thời cơ thuận lợi để xâm lược, vua Thanh sai tướng đem 192 199 vạn quân, theo sự",,,,,
entity,lichsu_10_s97_001:e6,Event,lễ cày ruộng,"Nghi lễ được các vua Tiền Lê, Lý thực hiện hàng năm để khuyến khích sản xuất",hằng năm làm lễ cày ruộng để khuyến khích nhân dân sản xuất,0.95,[],lichsu_10_s97_001,lichsu_10,Bài,"1. Mở rộng, phát triển nông nghiệp","[91, 92, 93]","[""data/corpus/lichsu_10/lichsu_10.pdf_91.jpg.txt"", ""data/corpus/lichsu_10/lichsu_10.pdf_92.jpg.txt"", ""data/corpus/lichsu_10/lichsu_10.pdf_93.jpg.txt""]","tạo điều kiện cho sự phát triển của thương nghiệp trong nước cũng như giao lưu với thương nhân nước ngoài. Tuy nhiên, do sự chi phối của những quan hệ sản xuất phong kiến, xã hội ngày càng phân hoá. 1. Mở rộng, phát triển nông nghiệp Đầu thế kỉ X, sau khi giành được độc lập, tự chủ, nhân dân cả nước, từ miền xuôi đến miền ngược phấn khởi, ra sức khai phá đất hoang, mở rộng ruộng đồng, phát triển nông nghiệp nhằm nhanh chóng nâng cao đời sống, đưa đất nước ngày càng cường thịnh. Công cuộc khai ho",,,,,
entity,lichsu_11_s116_bai20_sec10_002:e4,Event,các cuộc hành binh,Các cuộc hành binh của quân Pháp nhằm tiêu diệt các ổ đề kháng,các cuộc hành binh nhâm tiêu diệt các ổ để kháng còn sót lại,0.95,[],lichsu_11_s116_bai20_sec10_002,lichsu_11,Bài 20,"Vi Sao đến năm 1883, thực dân Pháp quyết định tiến đánh Thuận An ?","[122, 123]","[""data/corpus/lichsu_11/lichsu_11.pdf_122.jpg.txt"", ""data/corpus/lichsu_11/lichsu_11.pdf_123.jpg.txt""]","ùa thu năm 1882) liên tiếp tiến công quân Pháp, gây cho chúng nhiều thiết hại Để chấm dứt chiến sự, từ tháng 12 - 1883 quân Pháp tiến hành các cuộc hành binh nhâm tiêu diệt các ổ để kháng còn sót lại. Chúng đưa quân lên chiếm Sơn Tây; Bắc Ninh, Tuyên Quang và tiến hành thương lượng để loại trừ sự can thiệp của triều đình Mãn Thanh bằng bản Quy ước Thiên Tân (11 55 1884) Tiếp đó, Chính phủ Pháp cử Pa tơ nốt sang Viết Nam và kí với triều đình Huế bản Hiệp ước mới vào ngày 6 6 1 884 Bản Hiệp ước 6 ",,,,,
entity,lichsu_12_s296_bai24_sec6_001:e10,Event,thành lập chính quyền cách mạng và đoàn thể quần chúng,việc thành lập chính quyền cách mạng và đoàn thể quần chúng các cấp nhanh chóng được thực hiện ở những vùng mới giải phóng,việc thành lập chính quyền cách mang và đoàn thể quần chúng các cấp nhanh chóng được thực hiên,0.95,[],lichsu_12_s296_bai24_sec6_001,lichsu_12,Bài 24,KINH TẾ - XÃ HỘI Ở HAI MIỀN ĐẤT NƯỚC,"[199, 200, 201]","[""data/corpus/lichsu_12/lichsu_12.pdf_199.jpg.txt"", ""data/corpus/lichsu_12/lichsu_12.pdf_200.jpg.txt"", ""data/corpus/lichsu_12/lichsu_12.pdf_201.jpg.txt""]","cơ bản vẫn mang tính chất của kinh tế nông nghiệp, sản xuất nhỏ và phân tán, phát triển không cân đối, lê thuộc năng nề vào viên trợ từ bên ngoài Như ở hai miền Bắc - Nam có thuận lợi và khó khăn gia KINH TẾ - XÃ HỘI Ở HAI MIỀN ĐẤT NƯỚC Ở miên Bắc, cuộc chiến tranh phá hoại của Mĩ đã chấm dứt sau Hiệp định Pan năm 1973 về Viết Nam, nhưng do bị tàn phá năng nề nên đến giữa năm 1976, mới chinh cần bản hoàn thành nhiêm vụ khắc phục hậu quả chiến tranh, khôi phục kinh tế Tho Trong viếc thực hiên kế ",,,,,
entity,lichsu_12_s100_bai9_sec7_001:e12,Event,cuộc tấn công khủng bố bất ngờ vào nước Mĩ,"Sự kiện khủng bố xảy ra vào ngày 11 tháng 9 năm 2001, làm cả thế giới kinh hoàng.",cuộc tấn công khủng bố bất ngờ vào nước Mĩ ngày 11 ? 9 ? 2001,0.95,[2001],lichsu_12_s100_bai9_sec7_001,lichsu_12,Bài 9,IV THẾ GIỚI SAU CHIẾN TRANH LẠNH,"[62, 63, 64, 65]","[""data/corpus/lichsu_12/lichsu_12.pdf_62.jpg.txt"", ""data/corpus/lichsu_12/lichsu_12.pdf_63.jpg.txt"", ""data/corpus/lichsu_12/lichsu_12.pdf_64.jpg.txt"", ""data/corpus/lichsu_12/lichsu_12.pdf_65.jpg.txt""]","hướng và những điều kiên để giải quyết hoà bình các vụ tranh chấp, xung đột đang diễn ra ở nhiều khu vực trên thế giới như Apganixtan Campuchia, Namibia v.v. nghai phe - tư bản chu nghĩa và xã nghĩa IV THẾ GIỚI SAU CHIẾN TRANH LẠNH Sau nhiều năm trì trệ và khủng hoàng kéo dài, đến những năm 1989 - 1991, chế độ xã hội chủ nghĩa tan rã ở các nước Đông Âu và Liên bang Xô viết Ngày 28 ? 6 ? 1991, Hội đồng tương trợ kinh tế (SEV) tuyên bố giải thể , ngày 1 - 7 - 1991, Tổ chức Hiệp ước Vácsava cũng ng",,,,,
entity,lichsu_11_s63_bai14_sec4_001:e8,Event,sự sụp đổ của thị trường chứng khoán Mĩ,Sự kiện kinh tế ở Mĩ gây ra cuộc đại suy thoái,sự sụp đổ của thị trường chứng khoán Mĩ,0.95,[],lichsu_11_s63_bai14_sec4_001,lichsu_11,Bài 14,QUÂN PHIỆT HOÁ BỘ MÁY NHÀ NƯỚC Ở NHẬT BẮN,"[74, 75, 76]","[""data/corpus/lichsu_11/lichsu_11.pdf_74.jpg.txt"", ""data/corpus/lichsu_11/lichsu_11.pdf_75.jpg.txt"", ""data/corpus/lichsu_11/lichsu_11.pdf_76.jpg.txt""]","thỉnh đệ trình lên Thiên hoàng, Chính phủ Ta-na-ca đã 2 lần đưa quân xâm lược Sơn Đông (Trung Quốc), nhưng đêu bị thất bai B Tình hình Nhật Bản trong những năm 1918 - 1929 có những điểm gi nổi bật ? QUÂN PHIỆT HOÁ BỘ MÁY NHÀ NƯỚC Ở NHẬT BẮN 1 Khủng hoảng kinh tế ở Nhật Bản Năm 1929, sự sụp đổ của thị trương chứng khoán Mĩ dẫn đến cuộc đại suy thoái chi của chủ nghĩa tư bản nói chung, đã làm cho nền kinh tế Nhật Bản giảm sút trầm trọng, Sản xuất công nghiệp đình đốn. Khủng hoảng xảy ra nghiêm tro",,,,,
entity,lichsu_11_s84_bai17_sec7_001:e11,Event,Đức chiếm đóng 3/4 lãnh thổ Pháp,"Theo Hiệp định đình chiến, Đức chiếm đóng 3/4 lãnh thổ Pháp",Đức chiếm đóng 3/4 lãnh thổ Pháp,0.95,[],lichsu_11_s84_bai17_sec7_001,lichsu_11,Bài 17,Ở CHÂU ÂU (TỪ THÁNG 9 1939 ĐẾN THÁNG 6 - 1941),"[92, 93, 94]","[""data/corpus/lichsu_11/lichsu_11.pdf_92.jpg.txt"", ""data/corpus/lichsu_11/lichsu_11.pdf_93.jpg.txt"", ""data/corpus/lichsu_11/lichsu_11.pdf_94.jpg.txt""]","NƯỚC BỊ PHE TRỤC THÔN TÍNH PHE TRỤC XÂM LƯỢC Liên minh của Pháp Phe Trục can thiệp 197120 1 2 đức gây hán Hinh 43. Lược đồ Đức I ta li a gây chiến và bành trương (từ tháng 10 - 1935 đến tháng 8 1939) Ở CHÂU ÂU (TỪ THÁNG 9 1939 ĐẾN THÁNG 6 - 1941) Phát xít Đức tấn công Ba Lan và xâm chiếm châu Âu (từ tháng 9 1939 đến tháng 9 1940) Rang sáng 1 - 9 1939, quân đội Đức tấn công Ba Lan Hai ngày sau, Anh và Pháp buộc phải tuyên chiến với Đức, Chiến tranh thế giới thứ hai bùng nổ Với ưu thế tuyết đối về",,,,,
entity,lichsu_12_s198_bai18_sec4_001:e10,Event,"Pháp khiêu khích, tiến công ta ở Hải Phòng và Lạng Sơn",Quân Pháp khiêu khích và tiến công ở Hải Phòng và Lạng Sơn vào nửa cuối tháng 11 năm 1946,"ha tuần tháng 11 - 1946, quân Pháp khiêu khích, tiến công ta ở Hải Phòng và Lạng Sơn",0.95,[1946],lichsu_12_s198_bai18_sec4_001,lichsu_12,Bài 18,KHÁNG CHIẾN TOÀN QUỐC CHỐNG THỰC DÙNG NỔI,[130],"[""data/corpus/lichsu_12/lichsu_12.pdf_130.jpg.txt""]","- 1950), ta đã xây dưng lực lương moi mặt, chuẩn bị cho cuốc chiến đầu lâu dài và bước đầu giành thắng lơi quan trong với chiến thắng Viết Bắc thu ? đông năm 1947 và Biên giới thu ? đông năm 1950 KHÁNG CHIẾN TOÀN QUỐC CHỐNG THỰC DÙNG NỔI 11 Thực dân Pháp bội ước và tiến công nước ta Mặc dù đã kí Hiệp định So bô 6 - 3 - 1946 và Tạm ước 14 - 9 - 1946, thực dân Pháp vẫn đẩy mạnh việc chuẩn bị chiến tranh xâm lược nước ta một lần nữa Ngay sau ngày 6 - 3 - 1946, Pháp mỏ các cuộc tiên công ta ở Nam Bộ",,,,,
entity,lichsu_12_s316_bai27_sec3_001:e11,Event,Đại thắng mùa Xuân,Sự kiện kết thúc kháng chiến chống Mĩ,Đại thắng mùa Xuân,0.95,[],lichsu_12_s316_bai27_sec3_001,lichsu_12,Bài 27,TỪ NĂM 1919 ĐÊN NĂM 2000,"[213, 214, 215, 216]","[""data/corpus/lichsu_12/lichsu_12.pdf_213.jpg.txt"", ""data/corpus/lichsu_12/lichsu_12.pdf_214.jpg.txt"", ""data/corpus/lichsu_12/lichsu_12.pdf_215.jpg.txt"", ""data/corpus/lichsu_12/lichsu_12.pdf_216.jpg.txt""]","đạo của Đảng, nhân dân ta luôn chủ động nằm bắt thời cơ, tạo ra thế và lực mới, đồng thời luôn tỉnh táo đoán biết và kiên quyết đẩy lùi nguy cơ, đưa sự nghiệp đổi mới tiến lên mạnh mẽ, đúng hướng. I TỪ NĂM 1919 ĐÊN NĂM 2000 Lịch sử Việt Nam từ năm 1919 đến năm 2000 đã diễn ra theo một quá trình liên tục những sự kiện lớn Đảng Công sản Việt Nam ra đời năm 1930, Cách mang tháng Tám với sư thành lập Nhà nước Viết Nam Dân chủ Công hoà năm 1945, kháng chiến chống Pháp với chiến thắng Điện Biên Phủ ""c",,,,,
entity,lichsu_11_s48_bai11_sec2_001:e6,Event,Hội nghị hoà bình ở Oasinhtơn,hội nghị được tổ chức bởi các nước tư bản sau Chiến tranh thế giới thứ nhất,Oa sinh tơn (1921 - 1922),0.95,"[1921, 1922]",lichsu_11_s48_bai11_sec2_001,lichsu_11,Bài 11,GIỮA HAI CUỘC CHIÊN TRANH THẾ GIỚI (1919 - 1939),"[56, 57, 58, 59, 60]","[""data/corpus/lichsu_11/lichsu_11.pdf_56.jpg.txt"", ""data/corpus/lichsu_11/lichsu_11.pdf_57.jpg.txt"", ""data/corpus/lichsu_11/lichsu_11.pdf_58.jpg.txt"", ""data/corpus/lichsu_11/lichsu_11.pdf_59.jpg.txt"", ""data/corpus/lichsu_11/lichsu_11.pdf_60.jpg.txt""]","nghĩa xã hội ở Liên Xô trong những năm 1925 - 1941 vẫn dạt được những thành tựu to lớn, tạo nên những biến đổi về nhiều mặt, có lợi cho nhân dân, xây dựng lực lương vũ trang hùng manh để tổ quốc Lan GIỮA HAI CUỘC CHIÊN TRANH THẾ GIỚI (1919 - 1939) Sau Chiến tranh thế giới thứ nhất, trong sự phát triển chung của các Xã cường quốc, các nước tư bán Mĩ, Anh, Pháp, Đức, Ta Nin Thát Bàn đã trải qua một quá trình phát triển với nhiều biến động to lớn, dẫn tới Chiến tranh thế giới thứ hai Thiết lập trật",,,,,
entity,lichsu_12_s311_bai26_sec6_001:e3,Event,Đại hội VI,"Đại hội đại biểu toàn quốc lần thứ VI của Đảng, diễn ra từ ngày 15 đến ngày 18 tháng 12 năm 1986, mở đầu công cuộc đổi mới.",Đại hội VI (12 - 1986) mở đầu công cuộc đổi mới Đại hôi đại biểu toàn quốc lần thứ VI của Đảng (hop từ ngày 15 đến ngày 18 ? 12 ? 1986),0.9,[1986],lichsu_12_s311_bai26_sec6_001,lichsu_12,Bài 26,VI - QUÁ TRÌNH THỰC HIỆN ĐƯỜNG LỐI ĐỐI MỚI (1986 ? 2000),"[208, 209, 210, 211, 212, 213]","[""data/corpus/lichsu_12/lichsu_12.pdf_208.jpg.txt"", ""data/corpus/lichsu_12/lichsu_12.pdf_209.jpg.txt"", ""data/corpus/lichsu_12/lichsu_12.pdf_210.jpg.txt"", ""data/corpus/lichsu_12/lichsu_12.pdf_211.jpg.txt"", ""data/corpus/lichsu_12/lichsu_12.pdf_212.jpg.txt"", ""data/corpus/lichsu_12/lichsu_12.pdf_213.jpg.txt""]","thuộc về nhân dân , thực hiện chính sách đại đoàn kết dân tộc, chính sách đối ngoại hoà bình, hữu nghi, hợp tác. Việt Nam thực hiện đường lối đổi mới trong hoàn cảnh đất nước và the giới như the nao VI - QUÁ TRÌNH THỰC HIỆN ĐƯỜNG LỐI ĐỐI MỚI (1986 ? 2000) Đường lối đổi mới của Đảng từ năm 1986 đến năm 2000 đã được thực hiên qua 3 kế hoạch Nhà nước 5 năm. 11 Thực hiện kê hoạch 59 năm 1986 - 1990 a) Đại hội VI (12 - 1986) mở đầu công cuộc đổi mới Đại hôi đại biểu toàn quốc lần thứ VI của Đảng (hop",,,,,
entity,lichsu_10_s182_001:e3,Organization,đẳng cấp Tăng lữ,Một đẳng cấp xã hội ở Pháp,đẳng cấp Tăng lữ,0.9,[],lichsu_10_s182_001,lichsu_10,Bài,1. Cách mạng bùng nổ nền quân chủ lập hiến,"[151, 152, 153, 154, 155]","[""data/corpus/lichsu_10/lichsu_10.pdf_151.jpg.txt"", ""data/corpus/lichsu_10/lichsu_10.pdf_152.jpg.txt"", ""data/corpus/lichsu_10/lichsu_10.pdf_153.jpg.txt"", ""data/corpus/lichsu_10/lichsu_10.pdf_154.jpg.txt"", ""data/corpus/lichsu_10/lichsu_10.pdf_155.jpg.txt""]","mâu thuẫn về quyền lợi kinh tế và địa vị chính trị giữa Đẳng cấp thứ ba với đẳng cấp Tăng lữ và Quý tộc, nước Pháp lâm vào cuộc khủng hoảng xã hội sâu sắc, báo hiệu một cuộc cách mạng đang đến gần. 1. Cách mạng bùng nổ nền quân chủ lập hiến Sự khủng hoảng trầm trọng của nền tài chính quốc gia buộc Lu-i XVI phải triệu tập Hội nghị ba đẳng cấp ngày 5 - 5 ? 1789 tại cung điện Véc-xai để đề xuất vấn đề vay tiền và ban hành thêm thuế mới Phản đối ý định ban hành thuế mới của nhà vua, ngày 17-6, đại b",,,,,
entity,lichsu_12_s202_bai18_sec8_001:e4,Organization,Trung đoàn Thủ đô,Tổ chức quân sự được thành lập và tiến đánh những trận quyết liệt,Trung đoàn Thủ đô được thành lập,0.95,[],lichsu_12_s202_bai18_sec8_001,lichsu_12,Bài 18,VÀ VIỆC CHUẤN BỊ CHO CUỘC KHÁNG CHIẾN LÂU DÀI,"[130, 131, 132, 133]","[""data/corpus/lichsu_12/lichsu_12.pdf_130.jpg.txt"", ""data/corpus/lichsu_12/lichsu_12.pdf_131.jpg.txt"", ""data/corpus/lichsu_12/lichsu_12.pdf_132.jpg.txt"", ""data/corpus/lichsu_12/lichsu_12.pdf_133.jpg.txt""]","Đô là kháng chiến toàn dân, toàn diên, trường kì, tư lực cánh sinh và tranh thủ sự ủng hô của quốc tế. lược bùng nó ngày 19 - 1946 ? Phân tích nội dung cơ bản đường lối kháng thực dân Pháp của Đảng VÀ VIỆC CHUẤN BỊ CHO CUỘC KHÁNG CHIẾN LÂU DÀI 19 1. Cuộc chiến dầu ở các đô thị phía Bắc vĩ tuyên 16 Ở Hà Nội, khoảng 20 giờ ngày 19 - 12 - 1946, cuộc chiến đấu bắt đầu Nhân dân đã khiêng bàn ghế, giường, tủ, kiên hàng, ha cây cối v.v. làm thành những chương người ngai vật hoặc chiến luỹ ngay trên đườ",,,,,
entity,lichsu_12_s318_bai27_sec5_001:e5,Organization,nước Viết Nam Dân chủ Cộng hoà,Nhà nước được thành lập sau Cách mạng tháng Tám,nước Viết Nam Dân chủ Cộng hoà được thành lập,0.9,[],lichsu_12_s318_bai27_sec5_001,lichsu_12,Bài 27,3. Thời kì 1945 1954,"[217, 218, 219]","[""data/corpus/lichsu_12/lichsu_12.pdf_217.jpg.txt"", ""data/corpus/lichsu_12/lichsu_12.pdf_218.jpg.txt"", ""data/corpus/lichsu_12/lichsu_12.pdf_219.jpg.txt""]","năm 1930. Khởi nghĩa được tiến hành theo hình thái phù hợp, từ khởi nghĩa từng phần phát triển lên tổng khỏi nghĩa, Cuộc Tổng khởi nghĩa tháng loi đã giành được độc lập, chính quyền về tay nhân dân 3. Thời kì 1945 1954 Then (Từ sau thăng lơi Cách mạng tháng Tám năm 1945 đến ngày 21 - 7 - 1954) - Sau khi nước Viết Nam Dân chủ Cộng hoà được thành lập, trong tình hình dất nước gắp muôn vàn khó khân thử thách, nhân dân ta vừa xây dưng chính quyền cách mang, giải quyết nan đói, nan dốt và khó khăn về",,,,,
entity,lichsu_12_s154_bai15_sec4_002:e11,Organization,Đảng Cộng sản Đông Dương,"Tổ chức lãnh đạo phong trào đấu tranh đòi tự do, cơm áo.",Đảng Công sản Đông Dương,0.9,[],lichsu_12_s154_bai15_sec4_002,lichsu_12,Bài 15,2. Tinh hình trong nước,"[98, 99]","[""data/corpus/lichsu_12/lichsu_12.pdf_98.jpg.txt"", ""data/corpus/lichsu_12/lichsu_12.pdf_99.jpg.txt""]","hững người có việc làm được nhận mức lương chưa bìng thời kì trước khúng hoàng Nguyên Nông dân không dù ruông cảy, Ho còn chíu mức địa tô cao và nhiều thủ doan bóc lột khác của địa chủ, cường hào v... Tư sản dân tộc có ít vốn nên chỉ lập được những công ti nhỏ, phải chịu thuế cao, bị tư bản Pháp chèn ép. Nhiều người trong giới tiểu tư sản trí thức thất nghiệp. Công chức nhân được mức lương thấp, Các tâng lớp lao đông khác phải chịu thuế khoa nang nề, gia cả sinh hoạt đát đó. Điều Đòi sống của đa",,,,,
entity,lichsu_12_s156_bai15_sec6_002:e5,Organization,Quốc hội Pháp,Phái đoàn của tổ chức này không sang Đông Dương,phái đoàn của Quốc hội Pháp không sang,0.95,[],lichsu_12_s156_bai15_sec6_002,lichsu_12,Bài 15,1. Hội nghị Ban Chấp hành Trung ướng Đảng Cộng Dương,"[98, 99, 100, 101]","[""data/corpus/lichsu_12/lichsu_12.pdf_100.jpg.txt"", ""data/corpus/lichsu_12/lichsu_12.pdf_101.jpg.txt"", ""data/corpus/lichsu_12/lichsu_12.pdf_98.jpg.txt"", ""data/corpus/lichsu_12/lichsu_12.pdf_99.jpg.txt""]","triêu tập Đông Dương Đại hội (8 1936) Các uỷ ban hành động được thành lập kháp nơi trong nước, Quần chúng sôi nổi tham gia các cuộc mít tinh, hội họp Trước sư phát triển của phong trào, giữa tháng 9 ? 1936, chính quyền thưc dân thi tra lênh giải tán các uý ban hành đông, cầm các cuốc hôi họp của nhân dân Mặc dù phái đoàn của Quốc hội Pháp không sang, phong trào Đông Dương Đai ngoài hai bi câm hoat đông, song đông đáo quân chúng lao đông đã thức tính, Đảng đã tháng đã thiết tích luỹ được một số k",,,,,
entity,lichsu_12_s99_bai9_sec6_001:e8,Organization,Liên Xô,Một trong hai siêu cường đã thoả thuận về việc hạn chế vũ khí chiến lược và kí Hiệp ước về việc hạn chế hệ thống phòng chống tên lửa (ABM),hai siêu cường Liên Xô,0.9,[],lichsu_12_s99_bai9_sec6_001,lichsu_12,Bài 9,VÀ THI - XU THẾ HOÀ HOÁN ĐÔNG - TÂY VÀ CHIẾN TRANH LẠNH CHÂM DỨT,"[61, 62, 63, 64]","[""data/corpus/lichsu_12/lichsu_12.pdf_61.jpg.txt"", ""data/corpus/lichsu_12/lichsu_12.pdf_62.jpg.txt"", ""data/corpus/lichsu_12/lichsu_12.pdf_63.jpg.txt"", ""data/corpus/lichsu_12/lichsu_12.pdf_64.jpg.txt""]","như mọi cuộc chiến tranh hoặc xung được đột quân sư ở các khu vực trên thế giới, với những hình thức và mức độ khác nhau đều liên quan tới sự ?đối đầu hai cưc Xô - Mi. chính sách đối ngoại của Mĩ 2 VÀ THI - XU THẾ HOÀ HOÁN ĐÔNG - TÂY VÀ CHIẾN TRANH LẠNH CHÂM DỨT Từ đầu những năm 70 của thế kỉ XX, xu hướng hoà hoãn Đông - Tây đã xuất hiên với những cuộc gáp gỡ thương lương Xô ? Mi, mặc dù còn những diễn biển phức tap. Trên cơ sở những thoa thuân Xô ? Mi, ngày 9 - 11 - 1972, hai nước Công hoà Dân ",,,,,
entity,lichsu_11_s67_bai15_sec2_001:e11,Organization,Quốc tế Công sản,tổ chức đã giúp đỡ việc truyền bá chủ nghĩa Mác và sự ra đời của các nhóm cộng sản ở Trung Quốc,Với sự giúp đô của Quốc tế Công sản,0.85,[],lichsu_11_s67_bai15_sec2_001,lichsu_11,Bài 15,PHONG TRÀO CÁCH MẠNG QUỐC (1919 - 1939),"[79, 80]","[""data/corpus/lichsu_11/lichsu_11.pdf_79.jpg.txt"", ""data/corpus/lichsu_11/lichsu_11.pdf_80.jpg.txt""]","phong trào Ngũ tứ đã mở đầu thời kì cách mạng dân chủ mới. Ở Ân Độ, Đảng Quốc đại, dứng đầu là Ma-hát-ma Gan-đi, đã lãnh đạo phong trào giải phóng dân tộc theo đường lối bất bạo động, bất hợp tác. PHONG TRÀO CÁCH MẠNG QUỐC (1919 - 1939) Phong trào Ngũ tứ và sự thành lập Đảng Cộng Sản Trung Quốc Phong trào Ngũ tứ bùng nổ ngày 4 - 5 - 1919, nhàm phản đối âm mưu xâu xé Trung Quốc của các nước để quốc, Mở đầu phong trào là cuộc biểu tình của 3 000 học sinh, sinh viên yêu nước Bắc Kinh tai Quảng trườ",,,,,
entity,lichsu_12_s230_bai20_sec10_004:e5,Organization,Pháp,Quốc gia buộc phải chấm dứt chiến tranh xâm lược và rút quân,Pháp,0.95,[],lichsu_12_s230_bai20_sec10_004,lichsu_12,Bài 20,HOÀ BÌNH Ở ĐỒNG DƯƠNG,"[151, 152, 153, 154, 155]","[""data/corpus/lichsu_12/lichsu_12.pdf_151.jpg.txt"", ""data/corpus/lichsu_12/lichsu_12.pdf_152.jpg.txt"", ""data/corpus/lichsu_12/lichsu_12.pdf_153.jpg.txt"", ""data/corpus/lichsu_12/lichsu_12.pdf_154.jpg.txt"", ""data/corpus/lichsu_12/lichsu_12.pdf_155.jpg.txt""]","tháng lơi của cuộc kháng chiến chống Pháp của nhân dân ta, song chưa trọn ven vì mới giải phóng được miền Bác, Cuộc đầu tranh cách mang vẫn phải tiếp tục nhằm giải phóng miền Nam, thống nhất đất nước. Với Hiệp định Gionevơ năm 1954 về Đông Dương, Pháp buộc phải chấm dứt chiến tranh xâm lược, rút hết quân đội về nước Mĩ thất bại trong âm mưu kéo dài mở rông, quốc tế hoá chiến tranh xâm lược Đông Dương Giơnevơ năm 1954 về Đông Dương",,,,,
entity,lichsu_12_s316_bai27_sec3_001:e5,Organization,Nhà nước Việt Nam Dân chủ Cộng hòa,Nhà nước được thành lập sau Cách mạng tháng Tám,Nhà nước Viết Nam Dân chủ Công hoà,0.95,[],lichsu_12_s316_bai27_sec3_001,lichsu_12,Bài 27,TỪ NĂM 1919 ĐÊN NĂM 2000,"[213, 214, 215, 216]","[""data/corpus/lichsu_12/lichsu_12.pdf_213.jpg.txt"", ""data/corpus/lichsu_12/lichsu_12.pdf_214.jpg.txt"", ""data/corpus/lichsu_12/lichsu_12.pdf_215.jpg.txt"", ""data/corpus/lichsu_12/lichsu_12.pdf_216.jpg.txt""]","đạo của Đảng, nhân dân ta luôn chủ động nằm bắt thời cơ, tạo ra thế và lực mới, đồng thời luôn tỉnh táo đoán biết và kiên quyết đẩy lùi nguy cơ, đưa sự nghiệp đổi mới tiến lên mạnh mẽ, đúng hướng. I TỪ NĂM 1919 ĐÊN NĂM 2000 Lịch sử Việt Nam từ năm 1919 đến năm 2000 đã diễn ra theo một quá trình liên tục những sự kiện lớn Đảng Công sản Việt Nam ra đời năm 1930, Cách mang tháng Tám với sư thành lập Nhà nước Viết Nam Dân chủ Công hoà năm 1945, kháng chiến chống Pháp với chiến thắng Điện Biên Phủ ""c",,,,,
entity,lichsu_12_s249_bai21_sec15_003:e12,Organization,Mĩ,Quốc gia đã chính thức gây ra cuộc chiến tranh phá hoại bằng không quân và hải quân đối với miền Bắc nước ta vào năm 1965.,"1965, Mĩ chính thức gây ra cuộc chiến tranh phá hoại bằng không quân và hải quân đổi với miền Bắc nước ta",0.9,[1965],lichsu_12_s249_bai21_sec15_003,lichsu_12,Bài 21,1. Đại hội đại biểu toàn quốc lần thứ III của Đảng (9 - 1960),"[162, 163, 164, 165, 166, 167, 168]","[""data/corpus/lichsu_12/lichsu_12.pdf_162.jpg.txt"", ""data/corpus/lichsu_12/lichsu_12.pdf_163.jpg.txt"", ""data/corpus/lichsu_12/lichsu_12.pdf_164.jpg.txt"", ""data/corpus/lichsu_12/lichsu_12.pdf_165.jpg.txt"", ""data/corpus/lichsu_12/lichsu_12.pdf_166.jpg.txt"", ""data/corpus/lichsu_12/lichsu_12.pdf_167.jpg.txt"", ""data/corpus/lichsu_12/lichsu_12.pdf_168.jpg.txt""]","hợp tác xã sản xuất nông nghiệp bậc cao. Nông dân áp dung khoa học - ki thuật vào sản xuất Hê thống thuy nông phát triển, nhiều công trình mới được xây dưng, tiêu biểu như công trình Bắc ? Hưng - Hải. Nhiều hợp tác xã đạt và vươt năng suất 5 tấn thóc trên 1 hécla gieo trong Trong Thương nghiệp quốc doanh được Nhà nước ưu tiên phát triển nên đã chiếm linh được thị trường, góp phần vào phát triển kinh tế, củng cố quan hê sản xuất mới, ổn định và cái thiện đòi sống nhân dân Hê thông giao thông đườn",,,,,
entity,lichsu_12_s45_bai4_sec4_001:e6,Organization,ASEAN,Tổ chức khu vực mà một số nước Đông Nam Á là thành viên sáng lập,nhóm năm nước sáng lập ASEAN,0.95,[],lichsu_12_s45_bai4_sec4_001,lichsu_12,Bài 4,2. Quá trình xây dựng và phát triển của các nước Đông Nam Á,"[26, 27, 28, 29, 30]","[""data/corpus/lichsu_12/lichsu_12.pdf_26.jpg.txt"", ""data/corpus/lichsu_12/lichsu_12.pdf_27.jpg.txt"", ""data/corpus/lichsu_12/lichsu_12.pdf_28.jpg.txt"", ""data/corpus/lichsu_12/lichsu_12.pdf_29.jpg.txt"", ""data/corpus/lichsu_12/lichsu_12.pdf_30.jpg.txt""]","vương, Từ đó, đời sông chính tế của nhân dân Campuchia bước sang một thời kì phát triển mới. Tháng 10 ? 2004, Quốc vương Xihanúc thoái vi, Hoàng tử Xihamôni lên kế ngôi trở thành Quốn của Campuchia 2. Quá trình xây dựng và phát triển của các nước Đông Nam Á Các Nước Đông Nam A sau khi giành độc lập đã bước vào thời kì phát triển kinh Mê với những chiên lược phát triển kháu Nham nhóm năm nước sáng lập ASEAN Thoi kì đầu sau khi giành được độc lập, nhóm năm nước sang lập ASEAN (Indônêxia, Malaixia,",,,,,
entity,lichsu_11_s18_bai5_sec7_001:e3,Organization,Đức,Quốc gia tham gia thành lập liên minh tay ba,Đức,0.95,[],lichsu_11_s18_bai5_sec7_001,lichsu_11,Bài 5,"I ta-li-a rời khỏi Liên minh (1915), chống lại Đức","[31, 32]","[""data/corpus/lichsu_11/lichsu_11.pdf_31.jpg.txt"", ""data/corpus/lichsu_11/lichsu_11.pdf_32.jpg.txt""]","chiếm hầu hết lãnh thổ châu Âu, vươn ra các thuộc địa của Anh và Pháp ở châu Phi và châu Á. Năm 1882, Đức cùng Áo Hung và I-ta-li-a thành lập liên minh tay ba, được gọi là phe Liên minh. Sau này, I ta-li-a rời khỏi Liên minh (1915), chống lại Đức Đôi phó với âm mưu của Đức, Anh cũng chuẩn bị kế hoạch chiến tranh Anh, Pháp, Nga tuy có tranh chấp về thuộc địa, nhưng phải nhân nhương lẫn nhau, kí những bản hiệp ước tay đôi : Pháp Nga (1890), Anh Pháp (1904), Anh Nga (1907), hình thành phe Hiệp ước ",,,,,
entity,lichsu_10_s134_bai23_sec9_001:e8,Organization,nhà Thanh,quốc gia mà vua Quang Trung đặt quan hệ hoà hảo,Vua Quang Trung đặt quan hệ hoà hảo với nhà Thanh,0.95,[],lichsu_10_s134_bai23_sec9_001,lichsu_10,Bài 23,THI - VƯƠNG TRIÊU TÂY SƠN,"[117, 118, 119, 120]","[""data/corpus/lichsu_10/lichsu_10.pdf_117.jpg.txt"", ""data/corpus/lichsu_10/lichsu_10.pdf_118.jpg.txt"", ""data/corpus/lichsu_10/lichsu_10.pdf_119.jpg.txt"", ""data/corpus/lichsu_10/lichsu_10.pdf_120.jpg.txt""]","tình trạng khủng hoảng đã ""nghi nói lên công lao to lớn của phong trào Tây Sơn và người ""anh hùng áo vài"""""" Nguyễn Huệ B Phân tích ý nghĩa đoạn trích trong bài hiểu dụ nói trên của vua Quang Trung THI - VƯƠNG TRIÊU TÂY SƠN Sau khi tiêu diệt các lực lượng chúa Nguyễn, năm 1778, thủ linh nghĩa quân Tây Sơn là Nguyễn Nhạc tự xưng Hoàng đế, thành lập vương triều nhưng không làm được gì thêm. Cuộc khởi nghĩa vẫn tiếp tục Cuối năm 1788, trước khi xuất quân lên đường ra Bắc chiến đấu chống quân xâm lượ",,,,,
entity,lichsu_10_s140_bai24_sec6_001:e6,Organization,nhà nước Lê - Trịnh,Cố gắng tiếp tục giáo dục Nho học theo chế độ thời Lê sơ,nhà nước Lê - Trịnh cũng cố gắng tiếp tục giáo dục Nho học theo chế độ thời Lê sơ,0.95,[],lichsu_10_s140_bai24_sec6_001,lichsu_10,Bài 24,1. Giáo dục,"[121, 122, 123]","[""data/corpus/lichsu_10/lichsu_10.pdf_121.jpg.txt"", ""data/corpus/lichsu_10/lichsu_10.pdf_122.jpg.txt"", ""data/corpus/lichsu_10/lichsu_10.pdf_123.jpg.txt""]","người có công với làng với nước, nhất là những người người có công lớn trong sự nghiệp bảo vệ Tố quốc, Bên cạnh chùa chiền, các ngày nhà thờ đạo, những đền thờ, lăng miếu được xây dựng ở nhiền nơi B 1. Giáo dục Nhà Mạc được thành lập, tiếp tục phát triển giáo dục, tổ chức đều đặn các kì 19 thì Hương, thi Hội để tuyển chọn nhân tài. Khi đất nước bi chia cắt, ở Đàng Ngoài, nhà nước Lê ? Trịnh cũng cổ gắng tiếp gụá đục Nho học theo chế độ thời Lê sơ Nhiều khoa thi được tổ chức nhưng số người đi thi",,,,,
entity,lichsu_12_s174_bai16_sec16_001:e9,Organization,Uỷ ban Dân tộc giải phóng Việt Nam,tổ chức tiền thân của Chính phủ lâm thời,Uỷ ban Dân tộc giải phóng Viết Nam,0.95,[],lichsu_12_s174_bai16_sec16_001,lichsu_12,Bài 16,IV? NƯỚC VIỆT NAM DÂN CHỦ CỘNG HOÀ ĐƯỢC THÀNH LẬP 1245),"[115, 116, 117, 118]","[""data/corpus/lichsu_12/lichsu_12.pdf_115.jpg.txt"", ""data/corpus/lichsu_12/lichsu_12.pdf_116.jpg.txt"", ""data/corpus/lichsu_12/lichsu_12.pdf_117.jpg.txt"", ""data/corpus/lichsu_12/lichsu_12.pdf_118.jpg.txt""]","trong vòng nửa tháng, từ ngày 14 đến ngày 28 - 8 1945. Chiều 30 - 8, trong cuộc mít tinh lớn có hàng van quần chúng tham gia, vua Bảo Đại tuyên bô thoái vị Chế độ phong kiến Việt Nam hoàn toàn sụp đổ IV? NƯỚC VIỆT NAM DÂN CHỦ CỘNG HOÀ ĐƯỢC THÀNH LẬP 1245) Ngày 25 - 8 - 1945, Chủ tịch Hồ Chí Minh cùng với Trung ương Đảng và Uỷ ban Dân tộc giải phóng Viết Nam từ Tân Trào về đến Hà Nội. Theo đề nghị của Hồ Chí Minh, Uỷ ban Dân tộc giải phóng Việt Nam cải tổ thành Chính phủ lâm thời nước Viết Nam Dâ",,,,,
entity,lichsu_12_s71_bai7_sec4_001:e10,Organization,Đảng Công sản,Tổ chức ra hoạt động công khai ở Cộng hoà Liên bang Đức năm 1968.,Đảng Công sản,0.95,[1968],lichsu_12_s71_bai7_sec4_001,lichsu_12,Bài 7,1. Các nước Tây Âu đã áp dụng những thành tưu của cuộc cách mạng khoa học,"[47, 48]","[""data/corpus/lichsu_12/lichsu_12.pdf_47.jpg.txt"", ""data/corpus/lichsu_12/lichsu_12.pdf_48.jpg.txt""]","lớn của thế giới Chinh (cùng với Mi và Nhật Ban), Các nước tư ở Tây Au đều có trình độ khoa học - kĩ thuất phát triển đai Sử di nên kinh lễ các nước Tây Au phát triển nhanh là do một số yếu lố sau 1. Các nước Tây Âu đã áp dụng những thành tưu của cuộc cách mạng khoa học kĩ thuật hiện đại để tăng năng suất lao đông, nâng cao chất lượng, ha gia thành sản phẩm , 2. Nhà nước có vai trò rất lớn trong việc quản lí, điều tiết, thúc đẩy nền kinh tế; 3. Các nước Tây Âu đã tân dụng tốt các cơ hôi bên ngoà",,,,,
entity,lichsu_12_s13_bai1_sec3_001:e9,Organization,Liên hợp quốc,Tổ chức ra đời như một công cụ duy trì trật tự thế giới mới,Liên hợp quốc ra đời như một công cu duy tri trật tư thế giới mới,0.95,[],lichsu_12_s13_bai1_sec3_001,lichsu_12,Bài 1,SAU CHIẾN TRANH THẾ GIỚI THỨ HAI (1949),[4],"[""data/corpus/lichsu_12/lichsu_12.pdf_4.jpg.txt""]","SAU CHIẾN TRANH THẾ GIỚI THỨ HAI (1949) Chiến tranh thế giới thứ hai kết thúc đã mở ra một giai đoạn phát triển mới của tinh hình thế giới Một trật tư thế giới mới được hình thành với đặc trưng lớn là thế giới chia thành hai phe ? tư bản chủ nghĩa và xã hòi chủ nghia, do hai siêu cường Mĩ và Liên Xô đứng đầu môi phe Các quốc gia trên thế giới trong những năm đầu sau chiến tranh dần dần bị phân hoá theo đặc trưng đó Liên hợp quốc ra đời như một công cu duy tri trật tư thế giới mới vừa được hinh t",,,,,
entity,lichsu_12_s60_bai5_sec9_001:e2,Organization,Mĩ,"Mĩ tìm cách biến khu vực Mĩ Latinh thành ""sân sau"" của mình và xây dựng các chế độ độc tài thân Mĩ","Mĩ tìm cách biến khu vực Mĩ Latinh thành ""sân sau? của mình và xây dựng các chiến chế độ độc tài thân Mi",0.95,[],lichsu_12_s60_bai5_sec9_001,lichsu_12,Bài 5,ĐÔM NGA ANT CHA THO NGAY,"[38, 39, 40, 41]","[""data/corpus/lichsu_12/lichsu_12.pdf_38.jpg.txt"", ""data/corpus/lichsu_12/lichsu_12.pdf_39.jpg.txt"", ""data/corpus/lichsu_12/lichsu_12.pdf_40.jpg.txt"", ""data/corpus/lichsu_12/lichsu_12.pdf_41.jpg.txt""]","lập từ lay thực dân Tây Ban Nha và Bồ Đào Nha từ đầu thế kỉ XIX, nhưng sau đó lai 1000 BOTTER HOA KI BAHAMA MEHICỔ IZZ CUBA1973 1959 1981 HAMAICA ĐỘMINICANA TRINH VÀ NEVIT SIBELIXE E GOATỀMALY 1962 ĐÔM NGA ANT CHA THO NGAY 1978 ANTIGOA VÀ BÁCBUĐA 1981 EN XANVAĐO D GRÊNAĐA 1974 NICARAGOA1970 RET CÔXTARICALLY TRINIĐÁT VÀ TÔBAGÔ 1962 PANAMA H XXRINAM 1975 CÔLÔMBIA LIT W ÊCUAĐO Z BRA IIN L In PERU BBLIVIAN PARAGOAY Q D L LU VNILL Z C O INJHO URUGOAY Q Các nước Mĩ Latinh Các nước khác CUBA Tên nước 1",,,,,
entity,lichsu_12_s46_bai4_sec5_002:e1,Organization,ASEAN,Tổ chức khu vực Đông Nam Á,ASEAN,0.95,[],lichsu_12_s46_bai4_sec5_002,lichsu_12,Bài 4,3. Sư ra đời và phát triên của tô chức ASEAN,"[28, 29, 30, 31, 32]","[""data/corpus/lichsu_12/lichsu_12.pdf_28.jpg.txt"", ""data/corpus/lichsu_12/lichsu_12.pdf_29.jpg.txt"", ""data/corpus/lichsu_12/lichsu_12.pdf_30.jpg.txt"", ""data/corpus/lichsu_12/lichsu_12.pdf_31.jpg.txt"", ""data/corpus/lichsu_12/lichsu_12.pdf_32.jpg.txt""]","i của nhau , không sử dung vũ lực hoác de doa băng vũ lực đối với nhau, giải quyết các tranh chấp bang biên pháp hoà bình, hợp tác phát triển có hiêu quá trong các lĩnh vực kinh tế, văn hoá và xã hội. Vào thời diễm này, quan hê giữa các nước Đông Dương và ASEAN bước dầu nhưng được cải thiên. Hai nhóm nước đã thiết lập quan hê ngoại giao và bắt đầu có những chuyển viếng thăm lẫn nhau của các nhà lãnh đạo cấp cao Sau thời kì căng thắng giữa hai nhóm nước (từ cuối thấp kỉ 70 đến giữa thập kỉ 80) về",,,,,
entity,lichsu_12_s97_bai9_sec4_002:e6,Organization,Mĩ,"Đại biểu Mĩ ra tuyên bố không chịu sự ràng buộc của Hiệp định Giơnevơ, chuẩn bị cho sự xâm lược sau này.",Đai biểu Mĩ ra tuyên bố không chíu sự ràng buộc của Hiệp đinh nhâm chuẩn bi cho sư xâm lược sau này,0.95,[],lichsu_12_s97_bai9_sec4_002,lichsu_12,Bài 9,THI SỰ ĐÔI ĐẦU ĐÔNG - TÂY VÀ CÁC CUỘC CHIẾN TRANH CỤC BỘ,"[58, 59, 60, 61]","[""data/corpus/lichsu_12/lichsu_12.pdf_58.jpg.txt"", ""data/corpus/lichsu_12/lichsu_12.pdf_59.jpg.txt"", ""data/corpus/lichsu_12/lichsu_12.pdf_60.jpg.txt"", ""data/corpus/lichsu_12/lichsu_12.pdf_61.jpg.txt""]","uyến quân sự tam thời. Hiệp Trong dinh Gionevo 1954 về Đông Dương là một tháng lơi to lớn của nhân dân Viết Nam, Lào và Campuchia, nhưng mật khác cũng phản ánh cuộc đầu tranh gay gát giữa hai phe phe. Đai biểu Mĩ ra tuyên bố không chíu sự ràng buộc của Hiệp đinh nhâm chuẩn bi cho sư xâm lược sau này 22 Cuốc chiến tranh Triều Tiên (1953) Sau Chiến tranh thế giới thứ hai, bán đảo Triều Tiên được công nhân là một Người quốc gia độc lập có chủ quyền, nhưng tam thời để quân đôi Liên Xô chiếm đóng Thi",,,,,
entity,lichsu_12_s304_bai25_sec6_001:e2,Organization,Khmer Đỏ,Tập đoàn ở Campuchia do Pôn Pốt cầm đầu,tập đoàn ?Khome đỏ? ở Campuchia do Pôn Pốt cầm đầu,0.95,[],lichsu_12_s304_bai25_sec6_001,lichsu_12,Bài 25,II - ĐẤU TRANH BẢO VỆ TỔ QUỐC (1975 ? 1979),"[203, 204, 205, 206, 207]","[""data/corpus/lichsu_12/lichsu_12.pdf_203.jpg.txt"", ""data/corpus/lichsu_12/lichsu_12.pdf_204.jpg.txt"", ""data/corpus/lichsu_12/lichsu_12.pdf_205.jpg.txt"", ""data/corpus/lichsu_12/lichsu_12.pdf_206.jpg.txt"", ""data/corpus/lichsu_12/lichsu_12.pdf_207.jpg.txt""]","quan và chủ quan, nhất là sai lầm khuyết điểm trong lãnh đao và quản lí, chậm được khắc phuc và 1981 - 1985), nước ta đã đạt được những thành tưu và ưu điểm động thời có những khán và yếu kém gì ? II - ĐẤU TRANH BẢO VỆ TỔ QUỐC (1975 ? 1979) - Bảo vê biên giới Tây Nam Do có âm mưu từ trước, ngay sau tháng lơi của Các chốn chốn chống Mĩ, cứu nước, tập đoàn ?Khome đỏ? ở Campuchia do Pôn Pốt cầm đầu đã mở những cuộc hành quân khiêu khích, xâm phạm nhiều vùng lãnh thổ nước ta từ Hà Tiên đến Tây Ninh.",,,,,
entity,lichsu_12_s205_bai18_sec11_002:e2,Organization,Pháp,Lực lượng thực dân Pháp xâm lược Việt Nam.,thực dân Pháp xâm lược,0.85,[],lichsu_12_s205_bai18_sec11_002,lichsu_12,Bài 18,1. Chiến dịch Việt Bắc thu - đông năm 1947,"[131, 132, 133, 134, 135]","[""data/corpus/lichsu_12/lichsu_12.pdf_131.jpg.txt"", ""data/corpus/lichsu_12/lichsu_12.pdf_132.jpg.txt"", ""data/corpus/lichsu_12/lichsu_12.pdf_133.jpg.txt"", ""data/corpus/lichsu_12/lichsu_12.pdf_134.jpg.txt"", ""data/corpus/lichsu_12/lichsu_12.pdf_135.jpg.txt""]","ai khỏi vòng chiến đầu hơn 6 000 NHÀ GIANG địch, bắn rơi 16 máy bay CAO BẰNG bán chìm 11 tàu chiến, ca nô TRUNG Chơ Ra Đèo Ngân Bông QUỐC phá huý nhiều phương tiên Sơn Lau Đài Thị Bản Thi chiến tranh. Cơ quan dầu não Thất Khê Chiêm Hoá K ST Bạch Thông kháng chiến được bảo toàn Cho BẮC KAN Dõng Bộ đội chủ lực của ta ngày Khe Lau TUYÊN Chơ Chu Y Chợ Mới LẠNG SƠN càng trưởng thành Đạt Từ Với chiến tháng Việt Bắc ban Hùng HÁI NGUYÊN thu đông năm 1947, cuộc VĨNH kháng chiên toàn quốc chống PHÚ THO QU",,,,,
entity,lichsu_10_s92_001:e5,Organization,nhà Lý,được thành lập năm 1009,nhà Lý,0.95,[1009],lichsu_10_s92_001,lichsu_10,Bài,1. Tổ chức bộ máy nhà nước,"[87, 88, 89]","[""data/corpus/lichsu_10/lichsu_10.pdf_87.jpg.txt"", ""data/corpus/lichsu_10/lichsu_10.pdf_88.jpg.txt"", ""data/corpus/lichsu_10/lichsu_10.pdf_89.jpg.txt""]","toàn thư) Nhà Đình và tiếp sau đó là nhà Tiền Lê đã xây dựng nên một nhà nước quân chủ sơ khai gồm 3 ban: Văn ban, Võ ban và Tăng ban, chia nước thành 10 đạo, tổ chức quân đội theo hướng chính quy. 1. Tổ chức bộ máy nhà nước Đã Đất nước dần dần ổn định. Năm 1009, nhà Lý được thành lập. Năm 1010, vua Là Lý Thái Tổ dời đô từ Hoa Lư về Thăng Long (Hà Nội), mở ra một giai đoạn phát thuy Thi Thiến mới, Năm 1054, vua Lý Thánh Tông quyết định đối tên nước là Đại Việt Nam Từ thế kỉ XI đến thế kỉ XV, trả",,,,,
entity,lichsu_12_s183_bai17_sec4_001:e10,Organization,quân Anh,quân Anh tạo điều kiện cho thực dân Pháp quay trở lại xâm lược,quân Anh,0.95,[],lichsu_12_s183_bai17_sec4_001,lichsu_12,Bài 17,THÌNH HÌNH NƯỚC TA SAU CÁCH MẠNG THÁNG TÁM NĂM 1945,"[121, 122]","[""data/corpus/lichsu_12/lichsu_12.pdf_121.jpg.txt"", ""data/corpus/lichsu_12/lichsu_12.pdf_122.jpg.txt""]","xây dưng chính quyền cách mang, diệt giác đốt, khắc phục khó khăn về tài chính, đầu tranh chống ngoai xâm, nôi phản, bảo về chính quyền là những nhiêm vu cấp bách của Đảng, Chính phủ và nhân dân ta THÌNH HÌNH NƯỚC TA SAU CÁCH MẠNG THÁNG TÁM NĂM 1945 Nước Việt Nam Dân chủ Công hoà vừa ra dòi đã phải đối mặt với muôn vàn khó khăn, thử thách, Quân đội các nước Đồng minh dưới danh nghĩa giái giáp quân Nhật đã lũ lượt kéo vào nước ta. Từ vĩ tuyến 16 trở ra Bắc, gần 20 van quân Trung Hoa Dân quốc kéo ",,,,,
entity,lichsu_12_s173_bai16_sec15_002:e9,Organization,Giải phóng quân,Đơn vị quân sự do Võ Nguyên Giáp chỉ huy,một đơn vị Giái phóng quân,0.9,[],lichsu_12_s173_bai16_sec15_002,lichsu_12,Bài 16,3. Tổng khới nghĩa tháng Tám năm 1945,"[112, 113, 114, 115, 116, 117]","[""data/corpus/lichsu_12/lichsu_12.pdf_112.jpg.txt"", ""data/corpus/lichsu_12/lichsu_12.pdf_113.jpg.txt"", ""data/corpus/lichsu_12/lichsu_12.pdf_114.jpg.txt"", ""data/corpus/lichsu_12/lichsu_12.pdf_115.jpg.txt"", ""data/corpus/lichsu_12/lichsu_12.pdf_116.jpg.txt"", ""data/corpus/lichsu_12/lichsu_12.pdf_117.jpg.txt""]","hành chủ trương Tổng khởi nghĩa của Đảng, thông qua 10 chính sách của Viết Minh, cử ra Uý ban Dân tộc giải phóng Việt Nam do Hồ Chí Minh làm Chu tịch ba bi ninh cuộc tổng khởi nghĩa Đến giữa tháng 8 ? 1945, khí thể cách mạng sục sôi trong cả nước, Từ ngày 14?88 Thi thi một số cấp bộ Đảng và tổ chức Viết Minh, luy chưa nhận được lênh Tông khới nghĩa do thông tin liên lạc khó khân, nhưng cân cứ vào tình hình cụ thể của địa nguyên phương và vận dụng chí thi ""Nhật - Pháp bản nhau và hành động của ch",,,,,
entity,lichsu_12_s172_bai16_sec14_003:e10,Organization,Việt Nam Giải phóng quân,Lực lượng vũ trang được thống nhất từ Việt Nam Cứu quốc quân và Việt Nam Tuyên truyền Giải phóng quân.,Viết Nam Giải phóng quân,0.95,[],lichsu_12_s172_bai16_sec14_003,lichsu_12,Bài 16,1. Khởi nghĩa từng phần (từ tháng 3 đến giữa tháng 8 ? 1945),"[110, 111, 112, 113, 114]","[""data/corpus/lichsu_12/lichsu_12.pdf_110.jpg.txt"", ""data/corpus/lichsu_12/lichsu_12.pdf_111.jpg.txt"", ""data/corpus/lichsu_12/lichsu_12.pdf_112.jpg.txt"", ""data/corpus/lichsu_12/lichsu_12.pdf_113.jpg.txt"", ""data/corpus/lichsu_12/lichsu_12.pdf_114.jpg.txt""]","ngày Tông khới nghĩa nha Để đẩy manh hơn nữa công tác chuẩn bi khới nghĩa vũ trang, từ ngày 15 đến Ngày 20 1 4 1945, Ban Thường vu Trung ương Đảng triêu tập Hôi nghi Quân sư các thi cách mang Bắc Ki. Hội nghi quyết đình thống nhất các lực lượng vũ trang, phát triển người hơn nữa lực lượng vũ trang và nửa vũ trang, mở trường đào tao cấp tốc cán bộ quân sự và chính tri, tích cực phát triển chiến tranh du kích, xây dưng chiến khu, chuẩn bi cho cuộc tổng khỏi nghĩa khi thời cơ đến Uỷ ban Quân sự các",,,,,
entity,lichsu_10_s145_001:e1,Organization,nhà Nguyễn,"Triều đại được thành lập vào năm 1802, sau khi đánh bại Vương triều Tây Sơn.","Năm 1802, nhà Nguyễn được thành lập.",0.95,[1802],lichsu_10_s145_001,lichsu_10,Bài,VĂN HOÁ DƯỚI TRIÊU NGUYÊN,"[123, 125, 126]","[""data/corpus/lichsu_10/lichsu_10.pdf_123.jpg.txt"", ""data/corpus/lichsu_10/lichsu_10.pdf_125.jpg.txt"", ""data/corpus/lichsu_10/lichsu_10.pdf_126.jpg.txt""]","cả ở Đàng Ngoài, Đàng Trong. Nhiều làng có phường tuồng, phường chèo. Bên cạnh đó, phổ biến hàng loạt làn điệu dân ca mang tính địa phương đậm nét như quan họ, hát giặm, hò, vè, lí, si, lượn v.v. VĂN HOÁ DƯỚI TRIÊU NGUYÊN (Nửa đầu thế kỉ XIX) Năm 1802, nhà Nguyễn được thành lập. Trong nửa thế kỉ thống trị, trên một đất nước vừa trải qua nhiều biến động Người lớn, nhà Nguyễn ra sức củng cố quyền thống trị, phục hồi kinh tế, chấn chỉnh văn hoá. Tuy nhiên, trong điều kiện của giai đoạn suy tàn của ",,,,,
entity,lichsu_10_s98_001:e10,Organization,Nhà Trần,Triều đại suy vong trước khi Hồ Quý Ly thực hiện cải cách.,Nhà Trần suy vong,0.95,[],lichsu_10_s98_001,lichsu_10,Bài,X XV ?,"[91, 92, 93, 94, 95]","[""data/corpus/lichsu_10/lichsu_10.pdf_91.jpg.txt"", ""data/corpus/lichsu_10/lichsu_10.pdf_92.jpg.txt"", ""data/corpus/lichsu_10/lichsu_10.pdf_93.jpg.txt"", ""data/corpus/lichsu_10/lichsu_10.pdf_94.jpg.txt"", ""data/corpus/lichsu_10/lichsu_10.pdf_95.jpg.txt""]","dinh thự. Đầu thế kỉ XV, các thợ quan xưởng dưới sự chỉ đạo của Hồ Nguyên Trừng đã chế tạo được súng thần cơ (súng lớn) và đóng được thuyền chiến có lầu tháng Thời Lê sơ, quan xưởng được mở rộng B X XV ? 19 144 4, Tình hình phân hoá xã hội và cuộc đầu tranh của nông dân Sự phát triển kinh tế trong hoàn cảnh của chế độ phong kiến vừa góp phần ngày nâng cao đời sống nhân dân, củng cố nền độc lập dân tộc, vừa đầy nhanh sự thi phân hoá xã hội. Giai cấp địa chủ thống trị ngày càng mở rộng ruộng đất t",,,,,
entity,lichsu_12_s44_bai4_sec3_002:e12,Organization,Đảng Nhân dân Cách mạng Campuchia,Tổ chức lãnh đạo nhân dân Campuchia kháng chiến chống thực dân Pháp từ năm 1951,từ năm 1951 là Đảng Nhân dân Cách mang Campuchia,0.95,[1951],lichsu_12_s44_bai4_sec3_002,lichsu_12,Bài 4,VIỆT NAM TÊN NƯỚC,"[25, 26, 27, 28]","[""data/corpus/lichsu_12/lichsu_12.pdf_25.jpg.txt"", ""data/corpus/lichsu_12/lichsu_12.pdf_26.jpg.txt"", ""data/corpus/lichsu_12/lichsu_12.pdf_27.jpg.txt"", ""data/corpus/lichsu_12/lichsu_12.pdf_28.jpg.txt""]","h đao chinh của Đảng Nhân dân Lào (thành lập ngày 22 - 3 - 1955) ? cuộc đấu tranh chống để quốc Mĩ được triển khai cả trên ba mặt trân - quân sự ? chính trị ? ngoai giao và giành được nhiều thăng lơi. Nhiều Nhân dân Lào đã lân lượt đánh bai các kế hoạch của Mĩ, đến dầu những năm 70 vùng giải phóng được mở rộng đến 4/5 lãnh thổ Do thắng lơi trên, cùng với việc Hiệp dinh Pan về Viết Nam được kí kết (1 - 1973) Các phái ở Lào đã thoả thuận kí Hiệp đinh Viêng Chăn (21 - 2 - 1973), lập lai hoà bình, t",,,,,
entity,lichsu_12_s205_bai18_sec11_001:e4,Organization,Chính phủ Pháp,Tổ chức cử Bôlae làm Cao ủy Pháp ở Đông Dương.,Chính phủ Pháp cử Bôlae,0.95,[],lichsu_12_s205_bai18_sec11_001,lichsu_12,Bài 18,1. Chiến dịch Việt Bắc thu - đông năm 1947,"[131, 132, 133, 134, 135]","[""data/corpus/lichsu_12/lichsu_12.pdf_131.jpg.txt"", ""data/corpus/lichsu_12/lichsu_12.pdf_132.jpg.txt"", ""data/corpus/lichsu_12/lichsu_12.pdf_133.jpg.txt"", ""data/corpus/lichsu_12/lichsu_12.pdf_134.jpg.txt"", ""data/corpus/lichsu_12/lichsu_12.pdf_135.jpg.txt""]","trào bình dân học vu được duy trì và phát triển, Trường phổ thông các cấp vẫn tiếp tuc giảng day và học tập trong hoàn cảnh chiến tranh Cuộc chiến đấu của quân dân ta trong những tháng đầu kháng 1. Chiến dịch Việt Bắc thu - đông năm 1947 19 Tháng 3 ? 1947, Chính phủ Pháp cử Bôlae làm Cao uý Pháp ở Đông Dương, thay Đác giăng lio, thực hiên kế hoạch tiến công căn cứ địa Viết Bắc nhằm nhanh chóng kết thúc chiến tranh. Thực dân Pháp huy đông 12 000 quân và hầu hết máy bay ở Đông Dương mở cuộc tiến c",,,,,
entity,lichsu_11_s138_bai24_sec4_001:e1,Organization,Việt Nam Quang phục hội,"Tổ chức đã tổ chức nhiều cuộc bạo động khi chiến tranh bùng nổ, sau những hoạt động không thành công vào năm 1913. Hội tan rã sau đợt khủng bố lớn của thực dân Pháp và tay sai vào năm 1916.","Việt Nam Quang phục hội gần như nằm im. Khi chiến tranh bùng nổ, do tình hình thay đổi, Hội đã tổ chức nhiều cuộc bạo động",0.95,"[1913, 1916]",lichsu_11_s138_bai24_sec4_001,lichsu_11,Bài 24,THI PHONG TRÀO ĐẦU TRANH VŨ TRANG TRONG CHIẾN TRANH,"[146, 147, 148, 149]","[""data/corpus/lichsu_11/lichsu_11.pdf_146.jpg.txt"", ""data/corpus/lichsu_11/lichsu_11.pdf_147.jpg.txt"", ""data/corpus/lichsu_11/lichsu_11.pdf_148.jpg.txt"", ""data/corpus/lichsu_11/lichsu_11.pdf_149.jpg.txt""]","đến mức mùa màng gần như mất tráng, Giữa năm này; đề vỡ ở hầu hết các sông lớn thuộc Bắc Kì, làm ngập tối 22 000 ha Chính sách khai thác thuộc địa của thực dân Pháp trong chiến tranh đã tác động như THI PHONG TRÀO ĐẦU TRANH VŨ TRANG TRONG CHIẾN TRANH 1 Hoạt động của Việt Nam Quang phục hội Sau những hoạt động không thành công trong năm 1913, Viết Nam Quang phục hội gần như nằm im. Khi chiến tranh bùng nổ, do tình hình thay đổi, Hội đã tổ chức nhiều cuộc bạo động Tháng 9 - 1914, hội viên Đỗ Chân ",,,,,
entity,lichsu_12_s246_bai21_sec12_002:e3,Organization,chính quyền Mĩ - Diệm,Chính quyền bị nhân dân miền Nam đấu tranh đánh đổ,đánh đổ chính quyền Mĩ - Diêm,0.95,[],lichsu_12_s246_bai21_sec12_002,lichsu_12,Bài 21,"1. Đấu tranh chống chế độ Mĩ - Diệm, giữ gìn và phát triển lực lượng","[161, 162, 163, 164, 165]","[""data/corpus/lichsu_12/lichsu_12.pdf_161.jpg.txt"", ""data/corpus/lichsu_12/lichsu_12.pdf_162.jpg.txt"", ""data/corpus/lichsu_12/lichsu_12.pdf_163.jpg.txt"", ""data/corpus/lichsu_12/lichsu_12.pdf_164.jpg.txt"", ""data/corpus/lichsu_12/lichsu_12.pdf_165.jpg.txt""]","m cán bô, đảng viên bị giết hại, hàng chục vạn đồng bào yêu nước bị tù đày, Cuộc đấu tranh của nhân dân ta ở miền Nam dòi hỏi có một biên pháp quyết liệt để đưa cách mạng vượt qua khó khăn, thừ thách. Nơi MTDTGP miền Nam ra đời Nơi có các trân đánh N và nổi dậy đầu tiên My Nơi quân chúng nổi dậy Lưới Ranh giới tỉnh Biên giới quốc gia THÁI LAN z CAMPUCHIA Tháng 1 - 1959, Hội nghị lân thứ 15 Ban Chấp ương Đảng đã quyết định để nhân dân miền Nam sử dung bao lực cách mạng đánh đổ chính quyền Mĩ - Di",,,,,
entity,lichsu_10_s158_001:e11,Organization,Phù Nam,"Quốc gia hình thành ở Nam Bộ, suy sụp vào thế kỉ VI.","quốc gia Phù Nam hình thành, Tuy nhiên, trong lúc Cham-pa phát triển dưới chế độ quân chủ với một nền văn minh độc đáo, mang nặng ảnh hưởng của văn hoá Ấn Độ thì vào thế kỉ VI, quốc gia Phù Nam suy sụp",0.95,[],lichsu_10_s158_001,lichsu_10,Bài,1. Thời kĩ dựng nước đầu tiên,"[133, 134, 135]","[""data/corpus/lichsu_10/lichsu_10.pdf_133.jpg.txt"", ""data/corpus/lichsu_10/lichsu_10.pdf_134.jpg.txt"", ""data/corpus/lichsu_10/lichsu_10.pdf_135.jpg.txt""]","đã trải qua một quá trình và lao động và chiến đấu đầy hi sinh, gian khổ nhưng hết sức kiên cường, anh dũng, sáng tạo để xây dựng đất nước và bảo vệ vững chắc nền độc lập và thống nhất của Tổ quốc. 1. Thời kĩ dựng nước đầu tiên Vào khoảng thế kỉ VII TCN, sau hàng chục vạn năm sinh sống và mở rộng vùng cư trú, các tộc người Việt cổ trên đất Bắc Việt Nam đã hợp nhất lại, dựng nên quốc gia đầu tiên : Văn Lang và sau đó là Âu Lạc. Một nền văn minh lúa nhước hình thành với nhiều thành tựu văn hắc đượ",,,,,
entity,lichsu_11_s72_bai16_sec3_002:e1,Organization,Đảng Dân tộc,Một chính đảng tư sản có ảnh hưởng rộng rãi ở In-đô-nê-xi-a.,Đảng Dân tộc ở In đô nê xi a,0.9,[],lichsu_11_s72_bai16_sec3_002,lichsu_11,Bài 16,TI TÌNH HÌNH CÁC NƯỚC ĐÔNG NAM Á SAU CHIẾN TRANH THỨ NHẤT,"[83, 84, 85]","[""data/corpus/lichsu_11/lichsu_11.pdf_83.jpg.txt"", ""data/corpus/lichsu_11/lichsu_11.pdf_84.jpg.txt"", ""data/corpus/lichsu_11/lichsu_11.pdf_85.jpg.txt""]","h trị, đòi quyền dùng tiếng mẹ đẻ trong nhà trường Một số chính đảng tư sản được thành lập và có ảnh hội rộng rãi như Đảng Dân tộc ở In đô nê xi a, phong trào Thakin ở Miến Điên, Đại hội toàn Mã Lai.. Đồng thời, từ thập niên 20 giai cấp vô sản trẻ tuổi ở Đông Nam A cũng bát đầu Thi trương thành, Một số đảng công sản được thành lập, đầu tiên là Đảng Công san In đô nê xi a (5 - 1920) tiếp theo, trong năm 1930, các đảng công sản ra đời ở Viết Nam, Mã Lai, Xiêm và Phi-líp-pin Dưới sự lãnh đạo của Đả",,,,,
entity,lichsu_11_s18_bai5_sec7_001:e5,Organization,I-ta-li-a,"Quốc gia tham gia thành lập liên minh tay ba, sau đó rời khỏi liên minh",I-ta-li-a,0.95,[],lichsu_11_s18_bai5_sec7_001,lichsu_11,Bài 5,"I ta-li-a rời khỏi Liên minh (1915), chống lại Đức","[31, 32]","[""data/corpus/lichsu_11/lichsu_11.pdf_31.jpg.txt"", ""data/corpus/lichsu_11/lichsu_11.pdf_32.jpg.txt""]","chiếm hầu hết lãnh thổ châu Âu, vươn ra các thuộc địa của Anh và Pháp ở châu Phi và châu Á. Năm 1882, Đức cùng Áo Hung và I-ta-li-a thành lập liên minh tay ba, được gọi là phe Liên minh. Sau này, I ta-li-a rời khỏi Liên minh (1915), chống lại Đức Đôi phó với âm mưu của Đức, Anh cũng chuẩn bị kế hoạch chiến tranh Anh, Pháp, Nga tuy có tranh chấp về thuộc địa, nhưng phải nhân nhương lẫn nhau, kí những bản hiệp ước tay đôi : Pháp Nga (1890), Anh Pháp (1904), Anh Nga (1907), hình thành phe Hiệp ước ",,,,,
entity,lichsu_12_s311_bai26_sec6_005:e10,Organization,Hiệp hội các quốc gia Đông Nam Á,Tổ chức khu vực mà Việt Nam gia nhập,Hiệp hội các quốc gia Đông,0.85,[],lichsu_12_s311_bai26_sec6_005,lichsu_12,Bài 26,VI - QUÁ TRÌNH THỰC HIỆN ĐƯỜNG LỐI ĐỐI MỚI (1986 ? 2000),"[208, 209, 210, 211, 212, 213]","[""data/corpus/lichsu_12/lichsu_12.pdf_208.jpg.txt"", ""data/corpus/lichsu_12/lichsu_12.pdf_209.jpg.txt"", ""data/corpus/lichsu_12/lichsu_12.pdf_210.jpg.txt"", ""data/corpus/lichsu_12/lichsu_12.pdf_211.jpg.txt"", ""data/corpus/lichsu_12/lichsu_12.pdf_212.jpg.txt"", ""data/corpus/lichsu_12/lichsu_12.pdf_213.jpg.txt""]","xuất khẩu lớn như dâu thô, gao, cà phê, hải sản, may mặc, (1) Đảng Công sản Việt Nam, Văn kiên Đai hội đai biểu toàn quốc lần thứn trị quốc gia, H. 1996, tr. 154 - 166. nhiều nhập khẩu trên 21 tỉ USD. Quan hê mậu dịch mở rông với trên 100 nước và tiếp cân với nhiều thị trường mới Vốn đầu tư trực tiếp của nước ngoài trong 5 năm lăng nhanh, bình quân hăng nguyen năm là 50%. Đến cuối năm 1995, tổng số vốn đăng kí cho các dự án đầu tư trực tiếp chi thi của nước ngoài đạt trên 19 6 USD, trong đó có k",,,,,
entity,lichsu_12_s142_bai14_sec4_001:e4,Organization,Đảng ta,tổ chức tiến hành cuộc đấu tranh để phục hồi tổ chức Đảng và các cơ sở quần chúng,Đảng ta,0.9,[],lichsu_12_s142_bai14_sec4_001,lichsu_12,Bài 14,1. Tình hình kinh tế,[90],"[""data/corpus/lichsu_12/lichsu_12.pdf_90.jpg.txt""]","trong cả nước Thực dân Pháp tập trung lực lương đàn áp, phong trào bị tốn thất nghiêm trong Từ năm 1932 đến năm 1935, Đảng ta tiến hành cuộc đấu tranh để phục hồi tổ chức Đảng và các cơ sở quần chúng 1. Tình hình kinh tế Từ năm 1930, kinh tế Việt Nam bước vào thời kì suy thoái, khủng hoảng, bắt đầu từ nông nghiệp. Lúa gao bị sụt giá, ruộng đất bị bỏ hoang, Trong công nghiệp, sản lượng hầu hết các ngành đều suy giảm. Xuất nhập khẩu đình đốn, hàng hoá khan hiếm, giá cả đất đỏ Cuộc khủng hoảng kinh",,,,,
entity,lichsu_12_s88_bai8_sec2_001:e7,Organization,Chính phủ Nhật Bản,Chính phủ được phép tồn tại và hoạt động trong thời kỳ chiếm đóng.,Chính phủ Nhật Bản,0.95,[],lichsu_12_s88_bai8_sec2_001,lichsu_12,Bài 8,NHẬT BẢN TỪ NĂM 1945 ĐẾN NĂM 1952,"[52, 53]","[""data/corpus/lichsu_12/lichsu_12.pdf_52.jpg.txt"", ""data/corpus/lichsu_12/lichsu_12.pdf_53.jpg.txt""]","về chính tri - xã hôi cùng những thành tưu như một sư 'thần tháng ki về kinh tế, khoa học ? công nghê Nhật Bản đã vươn lên, trở thành một siêu cường kinh tê một trung tâm kinh lê ? tài chinh thê giới NHẬT BẢN TỪ NĂM 1945 ĐẾN NĂM 1952 Sự thất bại trong Chiến tranh thế giới thứ hai đã để lại cho Nhật Bản những hậu quả hết sức năng nề. Khoảng 3 triệu người chết và mất tích , 40% tàu bè, 34% máy móc the trong nghiệp bị phá huý, 13 triều người thát nghiêp , tham hoa đói, ret de doa toàn nước Nhật Sau",,,,,
entity,lichsu_10_s200_002:e9,Organization,giai cấp tư sản Anh,lao vào buôn bán lương thực hơn là đầu tư vào sản xuất nông nghiệp,giai cấp tư sản Anh,0.95,[],lichsu_10_s200_002,lichsu_10,Bài,1. Nước Anh,"[174, 175]","[""data/corpus/lichsu_10/lichsu_10.pdf_174.jpg.txt"", ""data/corpus/lichsu_10/lichsu_10.pdf_175.jpg.txt""]","cũng lâm vào tình trạng khủng hoảng trầm trọng. Vào cuối thế kỉ XIX, giá lúa mì nhập từ châu Âu và Mĩ rất rẻ trong khi giá lương và thiết trự thực sản xuất trong nước lại rất cao do chế độ thuế khoá. Vì thế, giai cấp tư sản Anh lao vào buôn bán lương thực hơn là đầu tư vào sản xuất nông nghiệp Trong những năm 60 của thế kỉ XIX, nước Anh tự cấp được 3/4 số lúa mì mỗi năm , từ thập niên 70 trở đi, giảm xuống còn 1/3, nghĩa là lương thực của Anh chỉ tự túc được 4 tháng B",,,,,
entity,lichsu_12_s59_bai5_sec8_001:e12,Organization,thực dân Tây Ban Nha và Bồ Đào Nha,Lực lượng thực dân mà các nước Mĩ Latinh giành độc lập từ đó,từ lay thực dân Tây Ban Nha và Bồ Đào Nha,0.9,[],lichsu_12_s59_bai5_sec8_001,lichsu_12,Bài 5,1. Vài nét về quá trình gảo vệ độc lập,[38],"[""data/corpus/lichsu_12/lichsu_12.pdf_38.jpg.txt""]","LATINH Khu vực Mĩ Latinh gồm 33 nước (trong đó một nước ở Bắc Mĩ là M?hicô cùng toàn bộ các nước ở Trung, Nam châu Mĩ và vùng biển Caribê), diên tích trên 20,5 triêu km? dân số 517 triêu người (2000) 1. Vài nét về quá trình gảo vệ độc lập Khác với châu Á và châu Phi, nhiều nước ở Mĩ Latinh sớm giành được độc lập từ lay thực dân Tây Ban Nha và Bồ Đào Nha từ đầu thế kỉ XIX, nhưng sau đó lai 1000 BOTTER HOA KI BAHAMA MEHICỔ IZZ CUBA1973 1959 1981 HAMAICA ĐỘMINICANA TRINH VÀ NEVIT SIBELIXE E GOATỀMA",,,,,
entity,lichsu_11_s14_bai5_sec3_001:e8,Organization,Liên minh dân tộc các nước công hoà châu Mĩ,"Tổ chức được thành lập vào năm 1889, dưới sự chỉ huy của chính quyền Oa-sinh-tơn.","tổ chức ""Liên minh dân tộc các nước công hoà châu Mi' được thành lập, gọi tất là Liên Mĩ",0.95,[1889],lichsu_11_s14_bai5_sec3_001,lichsu_11,Bài 5,GÙY AN (PHÁP),"[27, 28, 29, 30]","[""data/corpus/lichsu_11/lichsu_11.pdf_27.jpg.txt"", ""data/corpus/lichsu_11/lichsu_11.pdf_28.jpg.txt"", ""data/corpus/lichsu_11/lichsu_11.pdf_29.jpg.txt"", ""data/corpus/lichsu_11/lichsu_11.pdf_30.jpg.txt""]","tinh thần yêu nước, nhưng do trình độ tổ chức thấp, lương lượng chênh lệch, nên bị thực dân phương Tây đàn áp. Cuộc đấu tranh giải phóng dân tộc ở châu Phi vân tiếp tục phát triển trong thể kí XX GÙY AN (PHÁP) CO LÔM BI'A 1819 I LÊ CU-A ĐO THÁI 1830 PỆ-RU BRA-XIN 1822 BINH Kad BÔ-LI-VI-A 1825 E PA-RA-GOAY 1811 DƯƠNG UNOGY s S 1828 C Q BRA XIN Tên nước 1822 và năm giành được độc lập Biên giới quốc gia ngày nay Hinh 13. Lược đồ khu vưc Mĩ Latinh đầu thế kỉ XIX Sau khi giành được độc lập, nhiều nướ",,,,,
entity,lichsu_11_s84_bai17_sec7_002:e4,Organization,Đức,"Một trong ba nước tham gia Hiệp ước Tam cường, thuộc phe phát xít",Đức,0.95,[],lichsu_11_s84_bai17_sec7_002,lichsu_11,Bài 17,Ở CHÂU ÂU (TỪ THÁNG 9 1939 ĐẾN THÁNG 6 - 1941),"[92, 93, 94]","[""data/corpus/lichsu_11/lichsu_11.pdf_92.jpg.txt"", ""data/corpus/lichsu_11/lichsu_11.pdf_93.jpg.txt"", ""data/corpus/lichsu_11/lichsu_11.pdf_94.jpg.txt""]","2 Phe phát xít bành trướng ở Đông và Nam Âu (từ tháng 9 1940 dến tháng 6 1941) Tháng 9 - 1940, nhàm củng cố khối liên minh phát xít, Hiệp ước Tam cường Đức Ita Iia - Nhật Bản được kí kết tại Béc-lin. Hiệp ước quy đình, nếu một trong ba nước bị đối phương tấn công thì hai nước kia phải lập tức trợ giúp nước đó về mọi mặt, công khai về việc phân chia thế giới: Đức, I-ta-li-a ở châu Âu, Nhật Bản ở Viễn Đông Từ tháng 10 - 1940, Hít-le chuyển sang thôn tính các nước Đông và Nam châu Âu, Các nước Ru-m",,,,,
entity,lichsu_12_s96_bai9_sec3_002:e10,Organization,Tổ chức Hiệp ước Bắc Đại Tây Dương (NATO),Liên minh quân sự lớn nhất của các nước tư bản phương Tây do Mĩ cầm đầu nhằm chống Liên Xô và các nước xã hội chủ nghĩa Đông Âu.,Tổ chức Hiệp ước Bắc Đại Tây Dương (NATO),0.95,[1949],lichsu_12_s96_bai9_sec3_002,lichsu_12,Bài 9,TRONG VÀ SAU THƠI KÌ CHIẾN TRANH LẠNH,"[56, 57, 58, 59]","[""data/corpus/lichsu_12/lichsu_12.pdf_56.jpg.txt"", ""data/corpus/lichsu_12/lichsu_12.pdf_57.jpg.txt"", ""data/corpus/lichsu_12/lichsu_12.pdf_58.jpg.txt"", ""data/corpus/lichsu_12/lichsu_12.pdf_59.jpg.txt""]","hội Mĩ ngày 12 - 3 - 1947 Trong đó, Tổng thống Mĩ khẳng định : sự tồn tại của Liên Xô là nguy cơ lớn điều đối với nước Mĩ và đề nghị viên trợ khẩn cấp 400 triệu USD cho hai nước Hi Lap và Thổ Nhì Kì. Hoc thuyết Truman"" nhăm 1 Củng cổ các chính quyền phản đông và đáy Nhi lài phong trào đấu tranh yêu nước ở Hi Lạp và Thổ Nhĩ Ki 2 Biến hai nước Hi Lạp và Thổ Nhĩ Ki thành những căn cứ tiền phương chống Liên Xô và các nước dân chủ nhân dân Đông Au từ phía nam của các nước này Hai Hai là, sự ra đòi củ",,,,,
entity,lichsu_11_s72_bai16_sec3_002:e5,Organization,Đại hội toàn Mã Lai,Một tổ chức hoặc phong trào ở Mã Lai.,Đại hội toàn Mã Lai,0.9,[],lichsu_11_s72_bai16_sec3_002,lichsu_11,Bài 16,TI TÌNH HÌNH CÁC NƯỚC ĐÔNG NAM Á SAU CHIẾN TRANH THỨ NHẤT,"[83, 84, 85]","[""data/corpus/lichsu_11/lichsu_11.pdf_83.jpg.txt"", ""data/corpus/lichsu_11/lichsu_11.pdf_84.jpg.txt"", ""data/corpus/lichsu_11/lichsu_11.pdf_85.jpg.txt""]","h trị, đòi quyền dùng tiếng mẹ đẻ trong nhà trường Một số chính đảng tư sản được thành lập và có ảnh hội rộng rãi như Đảng Dân tộc ở In đô nê xi a, phong trào Thakin ở Miến Điên, Đại hội toàn Mã Lai.. Đồng thời, từ thập niên 20 giai cấp vô sản trẻ tuổi ở Đông Nam A cũng bát đầu Thi trương thành, Một số đảng công sản được thành lập, đầu tiên là Đảng Công san In đô nê xi a (5 - 1920) tiếp theo, trong năm 1930, các đảng công sản ra đời ở Viết Nam, Mã Lai, Xiêm và Phi-líp-pin Dưới sự lãnh đạo của Đả",,,,,
entity,lichsu_10_s118_001:e8,Organization,chính quyền ở Đàng Ngoài,Một trong hai chính quyền được hình thành.,Hai chính quyền ở Đàng Ngoài,0.95,[],lichsu_10_s118_001,lichsu_10,Bài,TRONG CÁC THẾ KỈ XVI - XVIII,"[103, 104, 105, 106]","[""data/corpus/lichsu_10/lichsu_10.pdf_103.jpg.txt"", ""data/corpus/lichsu_10/lichsu_10.pdf_104.jpg.txt"", ""data/corpus/lichsu_10/lichsu_10.pdf_105.jpg.txt"", ""data/corpus/lichsu_10/lichsu_10.pdf_106.jpg.txt""]","lễ hội Ca múa được tổ chức trong các lễ hội, ngày mùa ở khắp các làng bản miền xuôi cũng như miền ngược, Cùng với các điệu ca, điệu múa, còn có các cuộc đua tài như đấu vật, đua thuyền, đá cầu.. B TRONG CÁC THẾ KỈ XVI - XVIII Cuộc khủng hoảng chính trị ở đầu thế kỉ XVI đã làm sụp đổ triều Lê sơ. Nhà Mạc ra đời chưa được bao lâu thì xảy ra cuộc chiến tranh Nam ? Bắc triều và tiếp đó là chiến tranh Trịnh - Nguyễn. Hai chính quyền ở Đàng Ngoài và Đàng Trong được hình thành, tại nhang cho đến cuối t",,,,,
entity,lichsu_12_s84_bai7_sec17_001:e5,Organization,Quốc hội châu Âu,Một trong năm cơ quan chính của EU.,Quốc hôi châu Âu,0.95,[],lichsu_12_s84_bai7_sec17_001,lichsu_12,Bài 7,LIÊN BANG NGA,"[50, 51]","[""data/corpus/lichsu_12/lichsu_12.pdf_50.jpg.txt"", ""data/corpus/lichsu_12/lichsu_12.pdf_51.jpg.txt""]","trị, đối ngoại và an ninh chung Cơ cấu tổ chức của EU gồm năm cơ quan chính là Hội đồng châu Âu, Hôi đồng Bộ trưởng, Uỷ ban châu Âu, Quốc hôi châu Âu, Toà án châu Âu và một số uỷ ban chuyên môn khác. LIÊN BANG NGA BIỂN BẮC ANH HÀ LĂN UCRAINA ĐƯC SVAKIA MÔNĐÔVA AO PHÁP RUMANI BIÊN ĐEN FCB BUNGARE Bo ANBA THỔ NHI KI NHA Đ. Xix Sih Đ.Grep CHAUPHI MANTA H Các nước gia nhập EU đến năm 1995 Các nước gia nhập EU năm 2007",,,,,
entity,lichsu_12_s252_bai21_sec18_001:e7,Organization,Mĩ,Đế quốc Mĩ,để quốc Mi,0.9,[],lichsu_12_s252_bai21_sec18_001,lichsu_12,Bài 21,1. Chiến lược ?Chiến tranh đặc biệt? của Mĩ ở miền Nam,"[165, 166, 167, 168, 169, 170, 171, 172]","[""data/corpus/lichsu_12/lichsu_12.pdf_165.jpg.txt"", ""data/corpus/lichsu_12/lichsu_12.pdf_166.jpg.txt"", ""data/corpus/lichsu_12/lichsu_12.pdf_167.jpg.txt"", ""data/corpus/lichsu_12/lichsu_12.pdf_168.jpg.txt"", ""data/corpus/lichsu_12/lichsu_12.pdf_169.jpg.txt"", ""data/corpus/lichsu_12/lichsu_12.pdf_170.jpg.txt"", ""data/corpus/lichsu_12/lichsu_12.pdf_171.jpg.txt"", ""data/corpus/lichsu_12/lichsu_12.pdf_172.jpg.txt""]","đổi với miền Bắc nước ta, Miền Bắc phải chuyển hướng xây dưng và phát triển kinh tế cho phù hợp với điều kiên chiến tranh D Đại hội dại biểu toàn quốc lần thứ III của Đảng họp trong bối cảnh lịch sử 1. Chiến lược ?Chiến tranh đặc biệt? của Mĩ ở miền Nam Từ cuối năm 1960, hình thức thống trị bằng chính quyền tay sai độc tài Ngô Đình Diêm bị thất bại, để quốc Mi buộc phải chuyển sang thực hiện chiến lược Chiến tranh đặc biệt"" (1961 - 1965) ""Chiến tranh đặc biết"""" là hình thức chiến tranh xâm lược ",,,,,
entity,lichsu_12_s148_bai14_sec10_001:e2,Organization,Đảng Cộng sản Đông Dương,Tổ chức chính trị có các ủy viên Ban Chấp hành Trung ương bị bắt.,Ban Chấp hành Trung ương Đảng Cộng sản Đông Dương,0.9,[],lichsu_12_s148_bai14_sec10_001,lichsu_12,Bài 14,1. Cuộc đấu tranh phục hồi phong trào cách mạng,"[95, 96, 97]","[""data/corpus/lichsu_12/lichsu_12.pdf_95.jpg.txt"", ""data/corpus/lichsu_12/lichsu_12.pdf_96.jpg.txt"", ""data/corpus/lichsu_12/lichsu_12.pdf_97.jpg.txt""]","công nông và mặt trận dân tốc 19 thống nhất, về tổ chức, lãnh đạo quần chúng đầu tranh. Póoý nghĩa nhu Các chố cuốc lập dươt đầu tiên của Đảng và quân chúng cho Tổng khới nghĩa tháng Tâm sau này L 1. Cuộc đấu tranh phục hồi phong trào cách mạng Cuộc khủng bố của thực dân Pháp đã làm cho lực lương cách mạng bị tổn thất nặng nề Hàng vàn người bị bắt, bị tù đày, Các nhà tò (Hà Nội), Khám Lớn (Sai Gòn), Côn Đảo, Kon Tum, Lao Bào, Sơn La v.v. chính tn, hâu hết Chinh Các uỷ viên Ban Chấp hành Trung ươ",,,,,
entity,lichsu_12_s297_bai24_sec7_001:e12,Organization,Quốc hội khoá VI,Quốc hội của nước Việt Nam thống nhất,Quốc hội khoá VI nước Viết Nam thống nhất,0.95,[],lichsu_12_s297_bai24_sec7_001,lichsu_12,Bài 24,HII - HOÀN THÀNH THỐNG NHẤT ĐẤT NƯỚC VỀ MẶT NHÀ NƯỚC (1975 ? 1976),"[200, 201, 202, 203]","[""data/corpus/lichsu_12/lichsu_12.pdf_200.jpg.txt"", ""data/corpus/lichsu_12/lichsu_12.pdf_201.jpg.txt"", ""data/corpus/lichsu_12/lichsu_12.pdf_202.jpg.txt"", ""data/corpus/lichsu_12/lichsu_12.pdf_203.jpg.txt""]","ngoài, đều trở lại hoạt động Các hoạt động văn hoá, giáo dục, y tế v.v. được tiến hành khẩn trương từ những ngày đầu mới giải phóng tranh, khôi phục kinh tế, ổn định tình han sau giải phóng năm 1975 HII - HOÀN THÀNH THỐNG NHẤT ĐẤT NƯỚC VỀ MẶT NHÀ NƯỚC (1975 ? 1976) Và Sau đại tháng mùa Xuân 1975, Tố quốc Viết Nam được thống nhất về mặt lãnh thổi thổ, song ở mỗi miền vẫn tồn tai hình thức tổ chức nhà nước khác nhau, Thưc tế đó Thiến trái vối nguyên vong, tỉnh cảm thiêng liêng của nhân dán hai miề",,,,,
entity,lichsu_10_s89_001:e8,Organization,Nhà Ngô,Triều đại suy vong sau khi Ngô Quyền mất.,Nhà Ngô suy vong,0.95,[],lichsu_10_s89_001,lichsu_10,Bài,BIỆN - BƯỚC ĐẦU XÂY DỰNG NHÀ NƯỚC ĐỘC LẬP Ở THẾ KÍX,[87],"[""data/corpus/lichsu_10/lichsu_10.pdf_87.jpg.txt""]","kỉ X đến thế kỉ XV) Thế kỉ X mở đầu thời đại phong kiến độc lập của dân tộc Việt Nam. Nhà nước quân chủ được thành lập và từng bước phát triển đến đỉnh cao ở thế kỉ XV trên một lãnh thổ thống nhất. BIỆN - BƯỚC ĐẦU XÂY DỰNG NHÀ NƯỚC ĐỘC LẬP Ở THẾ KÍX Sau khi đánh bại cuộc xâm lược của quân Nam 939 Ngô Quyền xưng vương, bắt tay xây dựng chính quyền mới, đóng đô ở Cổ Loa (Đông Anh ""Hà Nội), Năm 944, Ngô Quyền mất, Nhà Ngô suy vong, Toạn 12 sứ quản"" diễn ra, đất nước bị chía cắt. Từ Hoa Lư (Ninh Bộn",,,,,
entity,lichsu_12_s173_bai16_sec15_002:e2,Organization,Việt Minh,Tổ chức chính trị-quân sự của Việt Nam,Việt Minh,0.9,[],lichsu_12_s173_bai16_sec15_002,lichsu_12,Bài 16,3. Tổng khới nghĩa tháng Tám năm 1945,"[112, 113, 114, 115, 116, 117]","[""data/corpus/lichsu_12/lichsu_12.pdf_112.jpg.txt"", ""data/corpus/lichsu_12/lichsu_12.pdf_113.jpg.txt"", ""data/corpus/lichsu_12/lichsu_12.pdf_114.jpg.txt"", ""data/corpus/lichsu_12/lichsu_12.pdf_115.jpg.txt"", ""data/corpus/lichsu_12/lichsu_12.pdf_116.jpg.txt"", ""data/corpus/lichsu_12/lichsu_12.pdf_117.jpg.txt""]","hành chủ trương Tổng khởi nghĩa của Đảng, thông qua 10 chính sách của Viết Minh, cử ra Uý ban Dân tộc giải phóng Việt Nam do Hồ Chí Minh làm Chu tịch ba bi ninh cuộc tổng khởi nghĩa Đến giữa tháng 8 ? 1945, khí thể cách mạng sục sôi trong cả nước, Từ ngày 14?88 Thi thi một số cấp bộ Đảng và tổ chức Viết Minh, luy chưa nhận được lênh Tông khới nghĩa do thông tin liên lạc khó khân, nhưng cân cứ vào tình hình cụ thể của địa nguyên phương và vận dụng chí thi ""Nhật - Pháp bản nhau và hành động của ch",,,,,
entity,lichsu_12_s144_bai14_sec6_002:e11,Organization,Thực dân Pháp,Lực lượng đã đàn áp dã man đoàn biểu tình,Thực dân Pháp đã đàn áp dã man,0.95,[],lichsu_12_s144_bai14_sec6_002,lichsu_12,Bài 14,VÀ THI PHONG TRAO CÁCH MẠNG 1930 - 1931 VỚI ĐÌNH CAO XÔ VIẾT NGHỆ - TINH,"[90, 91, 92, 93, 94]","[""data/corpus/lichsu_12/lichsu_12.pdf_90.jpg.txt"", ""data/corpus/lichsu_12/lichsu_12.pdf_91.jpg.txt"", ""data/corpus/lichsu_12/lichsu_12.pdf_92.jpg.txt"", ""data/corpus/lichsu_12/lichsu_12.pdf_93.jpg.txt"", ""data/corpus/lichsu_12/lichsu_12.pdf_94.jpg.txt""]","n tiếp nổ ra nhiều cuộc đấu tranh của công nhân, nông dân và các tâng lớp lao đông khác trên phạm vi cả nước. Sang tháng 9 - 1930, phong trào đầu tranh dâng cao, nhất là ở hai tỉnh Nghê An và Hà Tỉnh. Những cuộc biểu tình của nông dân (có vũ trang tư về) với hàng nghìn người tham gia kéo đến huyên lị, tỉnh li đòi giảm sưu, giảm thuế, Các cuộc đấu tranh này được công nhân ở Vinh - Bến Thuỷ hưởng ứng THANH HOÁ QUẾ PHONG QUỲ Exing CHAU KÌ SƠN NGHĨA chon Mê VĐ Biển Sơn TƯƠNG DƯƠNG QUY HỢP ĐAN NGHỆ A",,,,,
entity,lichsu_10_s32_001:e6,Organization,nhà nước Ma-ga-đa,Nhà nước có quá trình hình thành và phát triển,nhà nước Ma-ga-đa,0.95,[],lichsu_10_s32_001,lichsu_10,Bài,VÀ NÊN VĂN HOÁ ĐA DANG,"[37, 38, 39, 41]","[""data/corpus/lichsu_10/lichsu_10.pdf_37.jpg.txt"", ""data/corpus/lichsu_10/lichsu_10.pdf_38.jpg.txt"", ""data/corpus/lichsu_10/lichsu_10.pdf_39.jpg.txt"", ""data/corpus/lichsu_10/lichsu_10.pdf_41.jpg.txt""]","đất nước A sô ca qua đời cuối thế kỉ III TCN. Ấn Độ bước vào một thời kì chia rẽ khủng hoảng kéo dài mấy thế kỉ cho đến đầu Công nguyên. B Quá trình hình thành và phát triển của nhà nước Ma-ga-đa VÀ NÊN VĂN HOÁ ĐA DANG CỦA ẤN ĐÔ Ấn Độ thời Gúp-ta bắt đầu phát triển trên lưu vực sông Hà Hằng ở phía bắc, làm cơ sở hình thành nền hoáng nhanh niều năng nhiền nhiền hiện viên hoành ninh niều năng nhành niều năng nhà truyền thống Ân Độ - văn hoá Hinđu, Nền văn hoá đó tiếp tục phát triển ở thời Hậu Gúp-",,,,,
entity,lichsu_10_s134_bai23_sec9_001:e6,Organization,quân xâm lược Thanh,quân đội bị Nguyễn Huệ chiến đấu chống lại,quân xâm lược Thanh,0.95,[],lichsu_10_s134_bai23_sec9_001,lichsu_10,Bài 23,THI - VƯƠNG TRIÊU TÂY SƠN,"[117, 118, 119, 120]","[""data/corpus/lichsu_10/lichsu_10.pdf_117.jpg.txt"", ""data/corpus/lichsu_10/lichsu_10.pdf_118.jpg.txt"", ""data/corpus/lichsu_10/lichsu_10.pdf_119.jpg.txt"", ""data/corpus/lichsu_10/lichsu_10.pdf_120.jpg.txt""]","tình trạng khủng hoảng đã ""nghi nói lên công lao to lớn của phong trào Tây Sơn và người ""anh hùng áo vài"""""" Nguyễn Huệ B Phân tích ý nghĩa đoạn trích trong bài hiểu dụ nói trên của vua Quang Trung THI - VƯƠNG TRIÊU TÂY SƠN Sau khi tiêu diệt các lực lượng chúa Nguyễn, năm 1778, thủ linh nghĩa quân Tây Sơn là Nguyễn Nhạc tự xưng Hoàng đế, thành lập vương triều nhưng không làm được gì thêm. Cuộc khởi nghĩa vẫn tiếp tục Cuối năm 1788, trước khi xuất quân lên đường ra Bắc chiến đấu chống quân xâm lượ",,,,,
entity,lichsu_12_s216_bai19_sec7_001:e10,Organization,Liên minh nhân dân Việt - Miên - Lào,Liên minh được thành lập để tăng cường khối đoàn kết ba nước trong đấu tranh chống thực dân Pháp và can thiệp Mĩ,Liên minh nhân dân Việt - Miên - Lào,0.95,[],lichsu_12_s216_bai19_sec7_001,lichsu_12,Bài 19,HIU HẬU PHƯƠNG KHÁNG CHIẾN MỌI MẶT,"[140, 141, 142, 143]","[""data/corpus/lichsu_12/lichsu_12.pdf_140.jpg.txt"", ""data/corpus/lichsu_12/lichsu_12.pdf_141.jpg.txt"", ""data/corpus/lichsu_12/lichsu_12.pdf_142.jpg.txt"", ""data/corpus/lichsu_12/lichsu_12.pdf_143.jpg.txt""]","biểu lần thứ II đánh dấu bước phát triển mới trong quá trình trướng ""chinh và lãnh đạo cách mạng của Đảng ta, là ?Đại hôi kháng cơi"" I Đại hội đại biểu lần thứ II của Đảng đã có những quyết định gì ? HIU HẬU PHƯƠNG KHÁNG CHIẾN MỌI MẶT Về chính trị, từ ngày 3 đến ngày 7 - 3 ? 1951, Đại hội toàn quốc thống nhất Mặt trận Việt Minh và Hội Liên Việt thành một mặt trận duy nhất, lấy tên là Trong Mặt trân Liên hiệp quốc dân Việt Nam (Mặt trận Liên Việt) do Tôn Đức Thắng làm Chủ tịch, Hồ Chí Minh làm Ch",,,,,
entity,lichsu_11_s61_bai14_sec2_002:e8,Organization,Chính phủ Nhật Bản,Tổ chức đã thi hành một số cải cách chính trị trong những năm đầu thập niên 20,Chính phủ Nhật Bản,0.95,[],lichsu_11_s61_bai14_sec2_002,lichsu_11,Bài 14,NHẬT BẢN TRONG NĂM 1918 1929,"[74, 75]","[""data/corpus/lichsu_11/lichsu_11.pdf_74.jpg.txt"", ""data/corpus/lichsu_11/lichsu_11.pdf_75.jpg.txt""]","ổn định (1929) Khác với các nước tư bản Tây Au và Mĩ, sự ổn định của Nhật Bản chỉ tồn tại Trong một thời gian ngàn, Năm 1926, sản lương công nghiệp mới phục hồi trở lại và vượt mức trước chiến tranh. Nhưng chưa đây một năm sau, mùa xuân năm 1927 chinh cuộc khủng hoàng tài chính lại bùng nổ ở Thủ đô Tô-ki-ô làm 30 ngân hàng phá Thi sản, Nền công nghiệp chủ yếu dựa vào xuất khẩu của Nhật Bản ngày càng gấp khó khăn trong việc canh tranh với Mĩ và các nước Tây Au Từ một nước có sức sản xuất và mức x",,,,,
entity,lichsu_10_s227_001:e12,Organization,Tia lửa,Báo được Lê-nin và các đồng chí xuất bản nhằm truyền bá chủ nghĩa Mác trong phong trào công nhân Nga.,xuất bản báo Tia lửa,0.95,[],lichsu_10_s227_001,lichsu_10,Bài,CÔNG NHÂN NGA,"[200, 201]","[""data/corpus/lichsu_10/lichsu_10.pdf_200.jpg.txt"", ""data/corpus/lichsu_10/lichsu_10.pdf_201.jpg.txt""]","giáng một đòn mạnh mẽ vào chế độ Nga hoàng, có ảnh hưởng đến phong trào đấu tranh đòi dân chủ ở các nước đế quốc và phong trào đấu tranh chống ách áp bức phong kiến, thực dân ở các nước phương Đông CÔNG NHÂN NGA Via-đi-mia I-íích U-Ii-a-nốp, tức Lê nin, sinh ngày 22 - 4 1 7 1 7 1 7 1 7 1 7 1 7 1 2 1 1 1 1 1 1 1 1 1 1 1 1 1 1 1 1 1 1 1 1 1 1 1 1 1 1 1 1 1 1 1 1 1 1 1 1 1 1 trong một gia đình nhà giáo tiến bô Lê-nin giác ngộ cách mang rất sớm và tham gia hoạt đông từ khi còn ở trường trung học Năm",,,,,
entity,lichsu_12_s312_bai26_sec7_001:e6,Organization,Hiệp hội các quốc gia Đông Nam Á (ASEAN),Tổ chức mà Việt Nam chính thức gia nhập vào ngày 28/7/1995.,Hiệp hội các quốc gia Đông Nam A (ASEAN),0.95,[1995],lichsu_12_s312_bai26_sec7_001,lichsu_12,Bài 26,Nam A (ASEAN),"[209, 210, 211, 212, 213, 214, 215, 216]","[""data/corpus/lichsu_12/lichsu_12.pdf_209.jpg.txt"", ""data/corpus/lichsu_12/lichsu_12.pdf_210.jpg.txt"", ""data/corpus/lichsu_12/lichsu_12.pdf_211.jpg.txt"", ""data/corpus/lichsu_12/lichsu_12.pdf_212.jpg.txt"", ""data/corpus/lichsu_12/lichsu_12.pdf_213.jpg.txt"", ""data/corpus/lichsu_12/lichsu_12.pdf_214.jpg.txt"", ""data/corpus/lichsu_12/lichsu_12.pdf_215.jpg.txt"", ""data/corpus/lichsu_12/lichsu_12.pdf_216.jpg.txt""]","hơn 50 nước và vùng lãnh thổ đã đầu tư trực tiếp vào nước ta. Tháng 7 1995. Việt Nam và Mĩ bình thường hoá quan hệ ngoai giao.Ngày 28 7 1995 Việt Nam chính thức gia nhập Hiệp hội các quốc gia Đông Nam A (ASEAN) của Hiệp hội các quốc gia Đông Nam Á (ASEAN) Sau 5 năm thực hiên kế hoạch, bên canh thành tựu và tiến bộ, còn nhiều khó khăn và hạn chế chưa được giai quyết Lực lượng sản xuất còn nhỏ bé, cơ sở vật chất ki thuật lạc hậu , trình đô khoa học và công nghệ chuyển biển châm - hiệu quả sản xuất",,,,,
entity,lichsu_12_s108_bai10_sec5_002:e2,Organization,Diễn đàn hợp tác Á - Âu,Một tổ chức có vai trò quan trọng trong việc giải quyết những vấn đề kinh tế chung của thế giới và khu vực.,Diễn đàn hợp tác Á - Âu (ASEM),0.95,[],lichsu_12_s108_bai10_sec5_002,lichsu_12,Bài 10,VII - XU THẾ TOÀN CẦU HOÁ VÀ ẢNH HƯỚNG CỦA NÓ,"[66, 67, 68, 69, 70]","[""data/corpus/lichsu_12/lichsu_12.pdf_66.jpg.txt"", ""data/corpus/lichsu_12/lichsu_12.pdf_67.jpg.txt"", ""data/corpus/lichsu_12/lichsu_12.pdf_68.jpg.txt"", ""data/corpus/lichsu_12/lichsu_12.pdf_69.jpg.txt"", ""data/corpus/lichsu_12/lichsu_12.pdf_70.jpg.txt""]","ác kinh tế châu Á - Thái Bình Dương (APEC), Diễn đàn hợp tác Á - Âu (ASEM) V.V Các tổ chức này có vai trò ngày càng quan trong trong việc giải quyết những vấn để kinh tế chung của thế giới và khu vực. Là Là Kết quá của quá trình tang tiến manh mễ của lực lương sản xuất, toàn cầu hoá là xu thế khách quan, là một thực tế không thể đảo ngược được, Nó có mặt tích cực và mặt tiêu cực, nhất là đối với các nước đang phát triển Về mặt tích cực, đó là thúc đẩy rất manh, rất nhanh sự phát triển và xã hôi ",,,,,
entity,lichsu_12_s108_bai10_sec5_001:e9,Organization,Quỹ Tiền tệ Quốc tế,"một tổ chức liên kết kinh tế, thương mại, tài chính quốc tế",Quỹ Tiên tê Quốc tế (IMF),0.95,[],lichsu_12_s108_bai10_sec5_001,lichsu_12,Bài 10,VII - XU THẾ TOÀN CẦU HOÁ VÀ ẢNH HƯỚNG CỦA NÓ,"[66, 67, 68, 69, 70]","[""data/corpus/lichsu_12/lichsu_12.pdf_66.jpg.txt"", ""data/corpus/lichsu_12/lichsu_12.pdf_67.jpg.txt"", ""data/corpus/lichsu_12/lichsu_12.pdf_68.jpg.txt"", ""data/corpus/lichsu_12/lichsu_12.pdf_69.jpg.txt"", ""data/corpus/lichsu_12/lichsu_12.pdf_70.jpg.txt""]","v.v. và nhất là chiến việc chế tao những loại vũ khi hiên đai có sức công pha và huy diết khúng khiếp, có thể tiêu diệt nhiều lần sự sống trên hành tinh khoa học - công nghệ trong nưa sau thế ki XX VII - XU THẾ TOÀN CẦU HOÁ VÀ ẢNH HƯỚNG CỦA NÓ Một hê quả quan trong của cách mang khoa học ? công nghê là từ dầu những năm 80 của thế kỉ XX, nhất là từ sau Chiến tranh lạnh, trên thế giới đã diên ra xu thể toàn cầu hoá Xét về bản chất, toàn cầu hoá là quá trình tăng lên manh mẽ những mối liên hê, ngườ",,,,,
entity,lichsu_11_s30_bai7_sec7_001:e11,Organization,Chính phủ lâm thời,Chính phủ được giai cấp tư sản thành lập sau khi chế độ cũ bị lật đổ,Giai cấp tư sản thành lập Chính phủ lâm thời,0.95,[],lichsu_11_s30_bai7_sec7_001,lichsu_11,Bài 7,CÁCH MANG THÁNG MƯỜI NGA NĂM 1917,"[48, 49, 50]","[""data/corpus/lichsu_11/lichsu_11.pdf_48.jpg.txt"", ""data/corpus/lichsu_11/lichsu_11.pdf_49.jpg.txt"", ""data/corpus/lichsu_11/lichsu_11.pdf_50.jpg.txt""]","cách mạng trong nước và các nước đế quốc bên ngoài, nhân dân Xô viết, được sự ủng hô của nhân dân thế giới, đã kiên cường chiến đấu, xây dựng và bảo vệ thành công những thành quả của Cách mạng Mười CÁCH MANG THÁNG MƯỜI NGA NĂM 1917 1 Tình hình nước Nga trước cách mạng Sau Cách mạng 1905 ? 1907, Nga vẫn là một nước quân chủ chuyên chế, đứng đầu là Nga hoàng Ni cô-lai II. Sự tồn tại của chế độ quân chủ và những tàn tích phong kiến không chỉ làm cho đời sống nhân dân Nga ngày càng khó khăn mà còn k",,,,,
entity,lichsu_12_s44_bai4_sec3_002:e1,Organization,Đảng Nhân dân Lào,Đảng lãnh đạo cuộc đấu tranh chống đế quốc Mĩ của nhân dân Lào,Đảng Nhân dân Lào (thành lập ngày 22 - 3 - 1955),0.95,[1955],lichsu_12_s44_bai4_sec3_002,lichsu_12,Bài 4,VIỆT NAM TÊN NƯỚC,"[25, 26, 27, 28]","[""data/corpus/lichsu_12/lichsu_12.pdf_25.jpg.txt"", ""data/corpus/lichsu_12/lichsu_12.pdf_26.jpg.txt"", ""data/corpus/lichsu_12/lichsu_12.pdf_27.jpg.txt"", ""data/corpus/lichsu_12/lichsu_12.pdf_28.jpg.txt""]","h đao chinh của Đảng Nhân dân Lào (thành lập ngày 22 - 3 - 1955) ? cuộc đấu tranh chống để quốc Mĩ được triển khai cả trên ba mặt trân - quân sự ? chính trị ? ngoai giao và giành được nhiều thăng lơi. Nhiều Nhân dân Lào đã lân lượt đánh bai các kế hoạch của Mĩ, đến dầu những năm 70 vùng giải phóng được mở rộng đến 4/5 lãnh thổ Do thắng lơi trên, cùng với việc Hiệp dinh Pan về Viết Nam được kí kết (1 - 1973) Các phái ở Lào đã thoả thuận kí Hiệp đinh Viêng Chăn (21 - 2 - 1973), lập lai hoà bình, t",,,,,
entity,lichsu_10_s97_002:e10,Organization,quan xưởng,"các xưởng thủ công do các triều đại Đinh, Tiền Lê, Lý, Trần, Hồ, Lê sơ thành lập để đúc tiền, vũ khí, đóng thuyền, may mũ áo và xây dựng cung điện",các xưởng thủ công (quan xưởng),0.9,[],lichsu_10_s97_002,lichsu_10,Bài,"1. Mở rộng, phát triển nông nghiệp","[91, 92, 93]","[""data/corpus/lichsu_10/lichsu_10.pdf_91.jpg.txt"", ""data/corpus/lichsu_10/lichsu_10.pdf_92.jpg.txt"", ""data/corpus/lichsu_10/lichsu_10.pdf_93.jpg.txt""]","hiều cây lương thực khác như săn, 19 khoai, đậu, kê và các loại cây ăn quả như cam, quýt, chuối, nùng một số cây công nghiệp như bông, dâu.. Nhiều vườn rau được hình thành xung quanh các khu đông dân. Mùa màng the thiết tươi, nhân dân đủ ăn, đủ mặc, đã khiến các nhà thơ ngợi ca: Đứng mãi nào hay ngày đã tận, Khắp đồng lúa tốt tựa máy xanh. (Bùi Tông Quán, bản dịch) Hoặc nhân dân thời Lê có câu: Đời vua Thái Tổ, Thái Tông, Thóc lúa đầy đồng, trâu chẳng huồn ăn B Nhà nước và nhân dân đại làm gì để",,,,,
entity,lichsu_10_s227_001:e6,Organization,Liên hiệp đấu tranh giải phóng giai cấp công nhân,"Tổ chức chính trị được Lê-nin thống nhất từ các nhóm mácxít ở Xanh Pê-téc-bua, là mầm mống của Đảng mácxít cách mạng.",Liên hiệp đấu tranh giải phóng giai cấp công nhân,0.95,[],lichsu_10_s227_001,lichsu_10,Bài,CÔNG NHÂN NGA,"[200, 201]","[""data/corpus/lichsu_10/lichsu_10.pdf_200.jpg.txt"", ""data/corpus/lichsu_10/lichsu_10.pdf_201.jpg.txt""]","giáng một đòn mạnh mẽ vào chế độ Nga hoàng, có ảnh hưởng đến phong trào đấu tranh đòi dân chủ ở các nước đế quốc và phong trào đấu tranh chống ách áp bức phong kiến, thực dân ở các nước phương Đông CÔNG NHÂN NGA Via-đi-mia I-íích U-Ii-a-nốp, tức Lê nin, sinh ngày 22 - 4 1 7 1 7 1 7 1 7 1 7 1 7 1 2 1 1 1 1 1 1 1 1 1 1 1 1 1 1 1 1 1 1 1 1 1 1 1 1 1 1 1 1 1 1 1 1 1 1 1 1 1 1 trong một gia đình nhà giáo tiến bô Lê-nin giác ngộ cách mang rất sớm và tham gia hoạt đông từ khi còn ở trường trung học Năm",,,,,
entity,lichsu_12_s23_bai2_sec4_002:e11,Organization,Cộng hoà Nhân dân Rumani,Nhà nước dân chủ nhân dân được thành lập ở Đông Âu,Công hoà Nhân dân Rumani (1944),0.95,[1944],lichsu_12_s23_bai2_sec4_002,lichsu_12,Bài 2,THI LIÊN XÔ VÀ CÁC NƯỚC ĐÔNG ÂU TỪ NĂM 1945 ĐẾN GIỮA NHỮNG NĂM 7000,"[10, 11, 12]","[""data/corpus/lichsu_12/lichsu_12.pdf_10.jpg.txt"", ""data/corpus/lichsu_12/lichsu_12.pdf_11.jpg.txt"", ""data/corpus/lichsu_12/lichsu_12.pdf_12.jpg.txt""]","h phục vũ tru của loài người Về xã hội, đất nước Liên Xô cũng có IN nhiều biến đoi. Tỉ lệ công nhân chiếm hơn L 55% số người lao động cả nước. Trình độ học vấn của người dân không ngùng được nâng cao. Về đối ngoại, Liên Xô thực hiên chính sách bảo về hoà bình thế giới, ủng hộ phong trào giải phóng dân tộc và giúp đờ các nước xã hội chủ nghĩa. 2.Các nước Đông Âu a) Sự ra đời các nhà nước dân chủ nhân dân Đông Âu Trong những năm 1944, cùng với cuộc tiến công truy kích qộâ phát xít của Hồng quân Li",,,,,
entity,lichsu_10_s26_001:e7,Organization,Tần,"Một trong các quốc gia nhỏ ở Trung Quốc, sau này thống nhất Trung Quốc.",Tần trở thành nước có tiềm lực về kinh tế và quân sự mạnh,0.95,[],lichsu_10_s26_001,lichsu_10,Bài,"1. Trung Quốc thời Tần, Hán","[28, 29, 30, 31]","[""data/corpus/lichsu_10/lichsu_10.pdf_28.jpg.txt"", ""data/corpus/lichsu_10/lichsu_10.pdf_29.jpg.txt"", ""data/corpus/lichsu_10/lichsu_10.pdf_30.jpg.txt"", ""data/corpus/lichsu_10/lichsu_10.pdf_31.jpg.txt""]","thành nhưng không phát triển được, Trên cơ sở những điều kiện kinh tế xã hội mới, kế thừa những truyền thống của nền văn hoá cổ, nhân dân Trung Quốc đạt được nhiều thành tựu văn hoá tực tỡ là nhiều 1. Trung Quốc thời Tần, Hán Từ thời cổ đại, trên lưu vực Hoàng Hà và Trường Giang có nhiều quốc gia nhỏ Các người của người Trung Quốc. Giữa các nước này thường xuyên xảy ra các cuộc chiến tranh nhằm xâu xé và thôn tính lẫn nhau, làm thành cục diện Xuân Thư - Chiến Quốc Đến thế kỉ IV TCN, Tần trở thàn",,,,,
entity,lichsu_12_s30_bai2_sec11_002:e3,Organization,Cộng đồng các quốc gia độc lập,Tổ chức được thành lập bởi 11 nước cộng hòa trong Liên bang.,Công đồng các quốc gia độc lập (gọi tất là SNG),0.95,[],lichsu_12_s30_bai2_sec11_002,lichsu_12,Bài 2,THI LIÊN XO VÀ CÁC NƯỚC ĐÔNG ÂU TỪ GIỮA NHƯNG NĂM 700,"[13, 14, 15]","[""data/corpus/lichsu_12/lichsu_12.pdf_13.jpg.txt"", ""data/corpus/lichsu_12/lichsu_12.pdf_14.jpg.txt"", ""data/corpus/lichsu_12/lichsu_12.pdf_15.jpg.txt""]","liệt Ngày 21 - 12 - 1991, những người lãnh đạo 11 nước cộng hoà trong Liên bang kí hiệp định thành lập Công đồng các quốc gia độc lập (gọi tất là SNG), Nhà nước Liên bang Xô viết tan rã Ngày 25 - 12? 1991, Goóc a chốp từ chức Tổng thống, lá cờ búa liềm trên nóc điên Kremli bị ha xuống, đánh dấu sự châm dứt chế đô xã hội chủ nghĩa ở Liên Xô sau 74 năm tôn tại Divrangly BẮC BĂNG DƯƠNG BIEN BERINH D Công đông các quốc gia độc lập (SNG) LÃNH THỔ ĐÁNH SỐ Các nước khác TRÊN LƯỢC ĐỒ",,,,,
entity,lichsu_11_s80_bai17_sec3_001:e2,Organization,phe phát xít,Phe bị thất bại hoàn toàn trong Chiến tranh thế giới thứ hai.,phe phát xít,0.9,[],lichsu_11_s80_bai17_sec3_001,lichsu_11,Bài 17,I CON ĐƯỜNG DÂN ĐẾN TRANH,[90],"[""data/corpus/lichsu_11/lichsu_11.pdf_90.jpg.txt""]","chiến tranh đã bao trùm gần như toàn bộ các châu lục và diễn ra trên nhiều mặt trận thế giới thứ hai kết thúc với sự thất bại hoàn toàn của phe phát xít, dẫn đến nổữ căn bản trong tình hình thế giới I CON ĐƯỜNG DÂN ĐẾN TRANH Các nước phát xít dấy mạnh xâm lược (1937) Trong những năm 30 của thế kỉ XX, các nước phát xít Đức, Tta-lia và Nhật Bản đã liên kết với nhau thành liên minh phát xít, còn được goi là Trục Béc lin Rô-ma - Tô-ki ô hay phe Trục. Khối này tăng cường các hoạt đông quân sự và gây ",,,,,
entity,lichsu_12_s230_bai20_sec10_003:e12,Organization,Uỷ ban Quốc tế,"gồm Ấn Độ làm Chủ tịch, cùng hai thành viên là Ba Lan và Canada, có nhiệm vụ kiểm soát và giám sát tổng tuyển cử","Uỷ ban Chi muquốc tế (gôm An Đô làm Chủ tịch, cùng hai thành viên là Ba Lan và Canada)",0.9,[],lichsu_12_s230_bai20_sec10_003,lichsu_12,Bài 20,HOÀ BÌNH Ở ĐỒNG DƯƠNG,"[151, 152, 153, 154, 155]","[""data/corpus/lichsu_12/lichsu_12.pdf_151.jpg.txt"", ""data/corpus/lichsu_12/lichsu_12.pdf_152.jpg.txt"", ""data/corpus/lichsu_12/lichsu_12.pdf_153.jpg.txt"", ""data/corpus/lichsu_12/lichsu_12.pdf_154.jpg.txt"", ""data/corpus/lichsu_12/lichsu_12.pdf_155.jpg.txt""]","dinh Gionevơ Chinh Hiệp đinh Giơnevơ năm 1954 về Đông Dương bao gôm các văn bản - Hiệp đinh đình chỉ chiến sự ở Việt Nam, Lào, Campuchia , Bản tuyên bố cuối cùng của Hội nghị và các phụ bản khác v.v. Nôi dung Hiếp đinh Giơnevơ quy đinh - Các nước tham dự Hội nghi cam kết tôn trong các quyền dân tộc cơ bản là độc Thiếng lập, chủ quyền, thống nhất và toàn ven lãnh thổ của ba nước Viết Nam, Lào, Campuchia , cam kết không can thiệp vào công việc nôi bô của ba nước - Các bên tham chiến thưc hiên ngừn",,,,,
entity,lichsu_12_s312_bai26_sec7_004:e12,Organization,Đảng,Đảng lãnh đạo nhân dân,Dưới sự lãnh đạo của Đảng,0.95,[],lichsu_12_s312_bai26_sec7_004,lichsu_12,Bài 26,Nam A (ASEAN),"[209, 210, 211, 212, 213, 214, 215, 216]","[""data/corpus/lichsu_12/lichsu_12.pdf_209.jpg.txt"", ""data/corpus/lichsu_12/lichsu_12.pdf_210.jpg.txt"", ""data/corpus/lichsu_12/lichsu_12.pdf_211.jpg.txt"", ""data/corpus/lichsu_12/lichsu_12.pdf_212.jpg.txt"", ""data/corpus/lichsu_12/lichsu_12.pdf_213.jpg.txt"", ""data/corpus/lichsu_12/lichsu_12.pdf_214.jpg.txt"", ""data/corpus/lichsu_12/lichsu_12.pdf_215.jpg.txt"", ""data/corpus/lichsu_12/lichsu_12.pdf_216.jpg.txt""]","hiên đai. "" Kê hoach (1) Viết Nam là thành viên thứ 150 của Tổ chức Thương mại thế giới (WTO) từ ngày 7 - 11 - 2006 Việt Nam là Uỷ viên không thường trực Hội đồng Bảo an Liên hợp quốc nhiêm kì 2008 ? 2009 từ ngày 1 - 1 2008 phát triển kinh tế - xã hội 5 năm (2001 - 2005) là rất quan trong đối với việc thực hiện chiến lược 10 năm (2010) Bước vào thực hiên kế hoạch Nhà nước 5 năm đầu tiên của thế kỉ XXI, tỉnh hình trong nước và quốc tế có nhiều thuận lợi và thời co, song cũng có không it khó khăn ",,,,,
entity,lichsu_12_s89_bai8_sec3_002:e5,Organization,Đảng Dân chủ Tự do (LDP),Đảng liên tục cầm quyền ở Nhật Bản từ năm 1955 đến năm 1993,Đảng Dân chủ Tư do (LDP) Liên tuc Thi Thi Trầm quyền ở Nhật Bản,0.95,"[1955, 1993]",lichsu_12_s89_bai8_sec3_002,lichsu_12,Bài 8,NHẬT BÁN TỪ NĂM 1952 ĐẾN NĂM 1973,"[52, 53, 54, 55]","[""data/corpus/lichsu_12/lichsu_12.pdf_52.jpg.txt"", ""data/corpus/lichsu_12/lichsu_12.pdf_53.jpg.txt"", ""data/corpus/lichsu_12/lichsu_12.pdf_54.jpg.txt"", ""data/corpus/lichsu_12/lichsu_12.pdf_55.jpg.txt""]","thuật hiên đại để nâng cao năng suất, chất lương, hạ giá thành sản phẩ phí cho quốc phòng Nghiệp của Nhất Ban thấp (không vượt quá 1% GDP), nên cậ điều kiên tập trung vôn đầu the thu cho kinh tế , 6. Nhật Bản đã tân dung tốt các yếu tổ bên ngoài để phát triển, như nguồn viên trơ của Mĩ, các cuộc chiến tranh ở Triều Tiên (1950 ? 1953) và Việt Nam (1954 - 1975) để làm giàu v.v. Thuy nhiên, nên kinh tế Nhất Bản vân có những han chế và gặp phái nhiều khó khân: 1. Lãnh thổ Nhật Bản không rông, tài ng",,,,,
entity,lichsu_11_s87_bai17_sec10_001:e3,Organization,liên quân Anh - Mĩ,Liên minh quân sự giữa Anh và Mĩ,liên quân Anh - Mĩ,0.95,[],lichsu_11_s87_bai17_sec10_001,lichsu_11,Bài 17,VI VU NGUYỄN SANG THUNG THUNG CHUYẾN CHUYÊN CHUNG THUNG CHUYẾN CHUNG THUNG CHUYẾN CHUNG THUNG CHUYẾN CHUNG CHUYẾN CHUNG CHUYẾN CH,"[94, 95, 97]","[""data/corpus/lichsu_11/lichsu_11.pdf_94.jpg.txt"", ""data/corpus/lichsu_11/lichsu_11.pdf_95.jpg.txt"", ""data/corpus/lichsu_11/lichsu_11.pdf_97.jpg.txt""]","quân Đức - 1 ta-li-a với liên quân Anh - Mi Tháng 10 - 1942, liên quân Anh Mĩ giành tháng lợi trong trận En A-la-men (Ai Cập), giành lại ưu thế ở Bắc Phi và chuyển sang phản công trên toàn mặt trận VI VU NGUYỄN SANG THUNG THUNG CHUYẾN CHUYÊN CHUNG THUNG CHUYẾN CHUNG THUNG CHUYẾN CHUNG THUNG CHUYẾN CHUNG CHUYẾN CHUNG CHUYẾN CH",,,,,
entity,lichsu_12_s309_bai26_sec4_001:e11,Organization,Đảng,Đảng Cộng sản Việt Nam,Đảng,0.95,[],lichsu_12_s309_bai26_sec4_001,lichsu_12,Bài 26,ĐƯỜNG LỐI ĐỔI MỚI CỦA ĐẢNG,[208],"[""data/corpus/lichsu_12/lichsu_12.pdf_208.jpg.txt""]","đến năm 2000 nhân dân ta đã thưc hiên ba kế hoạch kinh tế 5 năm 1986 1990, bước đầu công cuộc đổi mới ; 1991 - 1995, tiếp tục sự nghiệp đổi mới và 1996 ? 2000, đẩy mạnh công nghiệp hoá, hiện đai hoá ĐƯỜNG LỐI ĐỔI MỚI CỦA ĐẢNG 1.Hoàn cảnh lịch sử mới Trong thời gian thực hiên hai kê hoạch Nhà nước 5 năm (1976 - 1985), cách mạng xã hội chủ nghĩa ở nước ta đạt được những thành tựu đáng kể trên các lĩnh vực của đời sống xã hội, song cũng gáp không ít khó khăn Đất nước lâm vào tình trang khủng hoảng,",,,,,
entity,lichsu_12_s192_bai17_sec13_002:e3,Organization,quân Anh,Lực lượng quân sự hỗ trợ quân Pháp,quân Anh,0.9,[],lichsu_12_s192_bai17_sec13_002,lichsu_12,Bài 17,1. Kháng chiến chống thực dân Pháp trở lại xâm lược ở Nam Bộ,"[125, 126, 127]","[""data/corpus/lichsu_12/lichsu_12.pdf_125.jpg.txt"", ""data/corpus/lichsu_12/lichsu_12.pdf_126.jpg.txt"", ""data/corpus/lichsu_12/lichsu_12.pdf_127.jpg.txt""]","đến Sai Gòn, cùng với nhieu đơn vị bô binh và xe boc thép mới từ Pháp sang tăng viên, Với lực lương được tăng nhưng cường, lai có sư hồ trơ của quân Anh và quân Nhất, quân Pháp phá vòng vây Sài Gòn ? Chợ Lớn, rồi mở rộng đánh chiếm Nam Bộ và cực Nam Trung Bộ Trung ương Đảng, Chính phủ và Chú tịch quyết lâm lãnh đạo kháng chiến, huy đông lực lượng cả nước chi viên cho Nam Bộ và Nam Trung Bộ Hàng van thanh niên hàng hái gia nhập quân đôi, sung vào các đoàn quân ""Nam tiến Trong sát cánh cùng với nh",,,,,
entity,lichsu_12_s206_bai18_sec12_001:e9,Organization,Mặt trận Việt Minh,Tổ chức quyết định thống nhất với Hội Liên Việt,Mặt trận Việt Minh,0.9,[],lichsu_12_s206_bai18_sec12_001,lichsu_12,Bài 18,2. Đấy mạnh kháng chiến toàn dân,"[133, 134, 135]","[""data/corpus/lichsu_12/lichsu_12.pdf_133.jpg.txt"", ""data/corpus/lichsu_12/lichsu_12.pdf_134.jpg.txt"", ""data/corpus/lichsu_12/lichsu_12.pdf_135.jpg.txt""]","như Gia Lâm Vinh Tuy, Cầu Đuống v.v Đầu tháng 12 ? 1947, quân dân Sài Gòn mở hàng loạt cuộc tập kích vào các đồn bốt, kho tàng của địch ở Thị Nghè, Gia Định, Gò Vấp, Bà Điểm, Phú Lâm Phú Tho V.V. 2. Đấy mạnh kháng chiến toàn dân Đảng và Chính phủ ta chủ trương củng cổ chính quyền dân chủ nhân dân từ trung ngường đến cơ sở, tăng cường lực lượng vũ trang nhân dân, đấy manh cuộc kháng chiến toàn dân, toàn diên Trên mặt trận chính trị, đầu năm 1949, Chính phú quyết đầu cử Hội đồng nhân dân và Uỷ ban",,,,,
entity,lichsu_12_s252_bai21_sec18_004:e2,Organization,Quân giải phóng,Lực lượng quân sự đã trưởng thành nhanh chóng sau chiến thắng Ấp Bắc và tiến lên đánh những trận có quy mô lớn.,Quân giải phóng nhanh chóng trưởng thành và tiến lên đánh những trận có quy mô lơn,0.85,[],lichsu_12_s252_bai21_sec18_004,lichsu_12,Bài 21,1. Chiến lược ?Chiến tranh đặc biệt? của Mĩ ở miền Nam,"[165, 166, 167, 168, 169, 170, 171, 172]","[""data/corpus/lichsu_12/lichsu_12.pdf_165.jpg.txt"", ""data/corpus/lichsu_12/lichsu_12.pdf_166.jpg.txt"", ""data/corpus/lichsu_12/lichsu_12.pdf_167.jpg.txt"", ""data/corpus/lichsu_12/lichsu_12.pdf_168.jpg.txt"", ""data/corpus/lichsu_12/lichsu_12.pdf_169.jpg.txt"", ""data/corpus/lichsu_12/lichsu_12.pdf_170.jpg.txt"", ""data/corpus/lichsu_12/lichsu_12.pdf_171.jpg.txt"", ""data/corpus/lichsu_12/lichsu_12.pdf_172.jpg.txt""]","ấp đã được thành lập, ruộng đất của Việt gian bị tịch thu chia cho dân cày nghèo Sau chiến thắng Ấp Bắc, Quân giải phóng nhanh chóng trưởng thành và tiến lên đánh những trận có quy mô lơn Trong đông ? xuân 1964 - 1965, quân dân dịch tiến công dịch ở miền Đông Nam Bộ với trận mở màn đánh vào ấp Bình Giã (Bà Ria, ngày 2 - 12 - 1964) Trong trận này, ta đã loại khỏi vòng chiến đấu trên 1700 tên địch, phá huý hàng chuc một máy bay và xe bọc thép, đánh tháng các chiến thuật ? trực thăng vân"", "" thiết ",,,,,
entity,lichsu_12_s148_bai14_sec10_002:e2,Organization,các tổ chức của Đảng,Các tổ chức của Đảng được khôi phục và củng cố cuối năm 1933.,các tổ chức của Đảng dân dần được khôi phục và củng cố.,0.95,[1933],lichsu_12_s148_bai14_sec10_002,lichsu_12,Bài 14,1. Cuộc đấu tranh phục hồi phong trào cách mạng,"[95, 96, 97]","[""data/corpus/lichsu_12/lichsu_12.pdf_95.jpg.txt"", ""data/corpus/lichsu_12/lichsu_12.pdf_96.jpg.txt"", ""data/corpus/lichsu_12/lichsu_12.pdf_97.jpg.txt""]","hóm tro lại với các tổ chức như hôi cấy, hôi cày, hội đọc sách báo v.v. Nhiều cuộc đấu tranh của công nhân, nông dân đã nổ ra Các Cuối năm 1933, các tổ chức của Đảng dân dần được khôi phục và củng cố. Đầu Nghi Thi măm 1934, Ban lãnh đạo Hái ngoại được thành lập do Lê Hông Phong đứng đầu Cuối năm 1934 ? đầu năm 1935, các xứ uỷ Bắc Kì, Trung Ki và Nam Kì được lập lại Như vây, đến đầu năm 1935, các tổ chức Đảng và phong trào quần chúng được phuc hồi.",,,,,
entity,lichsu_12_s176_bai16_sec18_001:e9,Organization,Hồng quân Liên Xô,Lực lượng chiến thắng trong cuộc chiến tranh chống phát xít,Chiến thắng của Hồng quân Liên Xô,0.95,[],lichsu_12_s176_bai16_sec18_001,lichsu_12,Bài 16,CỦA CÁCH MẠNG THÁNG TÁM NĂM 1945,"[118, 119]","[""data/corpus/lichsu_12/lichsu_12.pdf_118.jpg.txt"", ""data/corpus/lichsu_12/lichsu_12.pdf_119.jpg.txt""]","Ngày 2 - 9 - 1945 mãi mãi đi vào lịch sử Việt Nam là một trong những ngày hội lớn nhất, vẻ vang nhất của dân tộc (1) (2) Hồ Chí Minh, Tuyến tập, Tập 1 (1919 - 1945), NXB Chính trị quốc ti: 701,772 CỦA CÁCH MẠNG THÁNG TÁM NĂM 1945 1 Nguyên nhân thăng lợi Nguyên nhân chú quan Dân lộc la vốn có truyền thống yêu nước nông nàn Nhưng tháng trái qua những cuộc đấu tranh kiên cường, bất khuất cho đo. Vì vây Trong Khi Đảng Công sản Đông Dương và Mặt trận Viết Minh phất cao ngon cờ cứu nước thì toàn dân n",,,,,
entity,lichsu_12_s199_bai18_sec5_001:e4,Organization,Đảng,tổ chức cần có quyết định kịp thời,Đảng,0.9,[],lichsu_12_s199_bai18_sec5_001,lichsu_12,Bài 18,2. Đường lối kháng chiến chống Pủá Đảng,[130],"[""data/corpus/lichsu_12/lichsu_12.pdf_130.jpg.txt""]","phủ ta phải giải tán lực lượng tự về chiến đấu, để cho quân Pháp làm nhiêm vụ giữ gin trật tự ở Hà Nội. Nếu yêu cầu đó không được chấp nhân, thì chậm nhất là sáng 20 - 12 - 1946, chúng sẽ hành động 2. Đường lối kháng chiến chống Pủá Đảng Tình thế khẩn cấp dòi hỏi Đảng và Chính phủ ta phải có quyết định kip thời. Ngày",,,,,
entity,lichsu_12_s114_bai11_sec5_001:e5,Organization,Mĩ,Siêu cường đứng đầu một phe trong trật tự hai cực.,do hai siêu cường Mĩ,0.95,[],lichsu_12_s114_bai11_sec5_001,lichsu_12,Bài 11,"1. Sau Chiến tranh thế giới thứ hai, một trật tư thế giới mói đã được xác lập. Đó","[71, 72, 73]","[""data/corpus/lichsu_12/lichsu_12.pdf_71.jpg.txt"", ""data/corpus/lichsu_12/lichsu_12.pdf_72.jpg.txt"", ""data/corpus/lichsu_12/lichsu_12.pdf_73.jpg.txt""]","sau thế kí XX mà loài người vừa mới trải qua Chí trong vòng nửa thế ki, tỉnh hình thế giới đã thật sôi đông với bao diên biến dồn dập, đem lại nhưng thay đổi to lớn và cả những đảo lôn đầy bất ngờ 1. Sau Chiến tranh thế giới thứ hai, một trật tư thế giới mói đã được xác lập. Đó là trật tự thế giới hai cực lanta với đặc trưng nổi bật là thế giới bị chia thành hai phe - tư bản chủ nghĩa và xã hội chủ nghĩa, do hai siêu cường Mĩ và Liên Xô đứng đầu dỗu mỗi phe. Đặc trưng hai cực ? hai phe đó là nhâ",,,,,
entity,lichsu_10_s221_bai39_sec2_001:e6,Organization,Quốc tế thứ hai,"Tổ chức quốc tế mới được thành lập để lãnh đạo phong trào công nhân thế giới, dưới sự lãnh đạo của Ph. Ăng-ghen.",Quốc tế thứ hai,0.95,[],lichsu_10_s221_bai39_sec2_001,lichsu_10,Bài 39,QUỐC TẾ THỨ HAI,"[194, 195, 197, 198]","[""data/corpus/lichsu_10/lichsu_10.pdf_194.jpg.txt"", ""data/corpus/lichsu_10/lichsu_10.pdf_195.jpg.txt"", ""data/corpus/lichsu_10/lichsu_10.pdf_197.jpg.txt"", ""data/corpus/lichsu_10/lichsu_10.pdf_198.jpg.txt""]","làm chủ thành phố Ngày 18-3-1871, lần đầu tiên trong lịch sử, chính quan củp tư sản bị lật đổ Uỷ ban trung ương Quốc dân quân đảm nhận chức năng của chính quyền mới, trở thành chính phủ lâm thời. B QUỐC TẾ THỨ HAI Sau khi Quốc tế thứ nhất giải tán (1876), sự ra đời của nha các chính đảng công nhân ở nhiều nước đòi hỏi phải có một tổ chức quốc tế mới để lãnh đạo phong trào công nhân thế giới ? Quốc tế thứ hai được thành lập. Dưới sự lãnh đạo của Ph. nng-ghen, Quốc tế thứ hai có nhiều đó góp góp q",,,,,
entity,lichsu_12_s285_bai23_sec12_001:e4,Organization,Bộ Chính trị Trung ương Đảng,Cơ quan quyết định chọn Tây Nguyên làm hướng tiến công chủ yếu trong năm 1975.,Bộ Chính tri Trung ương Đảng ta quyết đinh thuy chon Tây Nguyên làm hướng tiến công chủ yếu trong năm 1975,0.95,[1975],lichsu_12_s285_bai23_sec12_001,lichsu_12,Bài 23,2. Cuộc Tổng tiến công và nối dậy Xuân 1975,"[192, 193, 194, 195, 196]","[""data/corpus/lichsu_12/lichsu_12.pdf_192.jpg.txt"", ""data/corpus/lichsu_12/lichsu_12.pdf_193.jpg.txt"", ""data/corpus/lichsu_12/lichsu_12.pdf_194.jpg.txt"", ""data/corpus/lichsu_12/lichsu_12.pdf_195.jpg.txt"", ""data/corpus/lichsu_12/lichsu_12.pdf_196.jpg.txt""]","sự cần thiết tranh thủ thời cơ đánh để đõ thiệt hại về người và của cho nhân dân, giữ gìn tốt cơ sở kinh tế, công trình văn hoá v.v, giảm bớt sự tàn phá của chiến tranh kế hoạch giải phóng miền Nam 2. Cuộc Tổng tiến công và nối dậy Xuân 1975 Cuộc Tổng tiến công và nổi dậy Xuân 1975 đã diễn ra trong gần hai tháng (từ ngày 4 ? 3 đến ngày 2 - 5) qua ba chiến dịch lớn - Tây Nguyên, Huế - Đà Năng và Chiến dịch Hồ Chí Minh đánh vào Sài Gòn. Chiến dịch Tây Nguyên (từ ngày 4 ngày 24 3) Tây Nguyên là địa",,,,,
entity,lichsu_11_s97_bai18_sec6_002:e1,Organization,Quốc tế Cộng sản,Tổ chức được thành lập và hoạt động trong những năm 1919 - 1943 nhằm thống nhất hành động và tập hợp lực lượng cách mạng.,Trong Quốc tế Công san thành lập và hoat đông trong những năm 1919 - 1943.,0.95,"[1919, 1943]",lichsu_11_s97_bai18_sec6_002,lichsu_11,Bài 18,THI NHỮNG NỘI DUNG CHÍNH CỦA LỊCH SỬ THẾ GIỚI HIỆN ĐAI,"[102, 103, 104]","[""data/corpus/lichsu_11/lichsu_11.pdf_102.jpg.txt"", ""data/corpus/lichsu_11/lichsu_11.pdf_103.jpg.txt"", ""data/corpus/lichsu_11/lichsu_11.pdf_104.jpg.txt""]","iều nước, các đảng công sản ra đời và năm vai trò lãnh đạo cách mạng Nhàm thống nhất hành đông và tập hợp lực lượng cách mang Trong Quốc tế Công san thành lập và hoat đông trong những năm 1919 - 1943. Phong trao chiến cách mang thế giới trải qua những bước phát triển chính sau đây: Cao trào cách mang trong những năm 1918 1923, Quốc tế Cộng sản ra đòi Phong trào cách mang những năm khủng hoàng kinh tế (1929 - 1933) Phong trào Mặt trận Nhân dân chống phát xít, chống chiến tranh (1936 - 1939) Cuốc ",,,,,
entity,lichsu_11_s31_bai7_sec8_001:e9,Organization,Chính quyền Xô viết,chính quyền được thành lập do Lê-nin đứng đầu,Chính quyền Xô viết,0.95,[],lichsu_11_s31_bai7_sec8_001,lichsu_11,Bài 7,THI CUỐC ĐẦU TRANH XÂY DỤNG VÀ CHÍNH QUYỀN XÔ VIẾT,"[48, 49, 50, 51, 52]","[""data/corpus/lichsu_11/lichsu_11.pdf_48.jpg.txt"", ""data/corpus/lichsu_11/lichsu_11.pdf_49.jpg.txt"", ""data/corpus/lichsu_11/lichsu_11.pdf_50.jpg.txt"", ""data/corpus/lichsu_11/lichsu_11.pdf_51.jpg.txt"", ""data/corpus/lichsu_11/lichsu_11.pdf_52.jpg.txt""]","Tiếp theo, khởi nghĩa tháng lơi ở Mát-xco-va, đầu năm 1918, cách mang gianh được tháng lơi hoàn toàn trên đất nước Nga rông lớn. B - Cách mạng tháng Hai năm 1917 đã thực hiện được những nhiệm vụ gì ? THI CUỐC ĐẦU TRANH XÂY DỤNG VÀ CHÍNH QUYỀN XÔ VIẾT 1 Xây dựng Chính quyền Xô viết Ngay trong đêm 25 10 1917 (7 11 1917), Đại hôi Xô viết toàn Nga lần thứ hai khai mạc ở Điên Xmô nưi, tuyên bố thành lập Chính quyền Xô viết do Lê nin đứng đầu Nhiêm vụ hàng đầu của Chính quyền Xô viết là đập tan bộ máy",,,,,
entity,lichsu_10_s97_001:e9,Organization,Nhà Lý,Triều đại Lý,Nhà Lý,0.95,[],lichsu_10_s97_001,lichsu_10,Bài,"1. Mở rộng, phát triển nông nghiệp","[91, 92, 93]","[""data/corpus/lichsu_10/lichsu_10.pdf_91.jpg.txt"", ""data/corpus/lichsu_10/lichsu_10.pdf_92.jpg.txt"", ""data/corpus/lichsu_10/lichsu_10.pdf_93.jpg.txt""]","tạo điều kiện cho sự phát triển của thương nghiệp trong nước cũng như giao lưu với thương nhân nước ngoài. Tuy nhiên, do sự chi phối của những quan hệ sản xuất phong kiến, xã hội ngày càng phân hoá. 1. Mở rộng, phát triển nông nghiệp Đầu thế kỉ X, sau khi giành được độc lập, tự chủ, nhân dân cả nước, từ miền xuôi đến miền ngược phấn khởi, ra sức khai phá đất hoang, mở rộng ruộng đồng, phát triển nông nghiệp nhằm nhanh chóng nâng cao đời sống, đưa đất nước ngày càng cường thịnh. Công cuộc khai ho",,,,,
entity,lichsu_12_s156_bai15_sec6_003:e8,Organization,Tiền phong,Tờ báo công khai do Đảng xuất bản,Tiền phong,0.95,[],lichsu_12_s156_bai15_sec6_003,lichsu_12,Bài 15,1. Hội nghị Ban Chấp hành Trung ướng Đảng Cộng Dương,"[98, 99, 100, 101]","[""data/corpus/lichsu_12/lichsu_12.pdf_100.jpg.txt"", ""data/corpus/lichsu_12/lichsu_12.pdf_101.jpg.txt"", ""data/corpus/lichsu_12/lichsu_12.pdf_98.jpg.txt"", ""data/corpus/lichsu_12/lichsu_12.pdf_99.jpg.txt""]","ai, bênh vực quyền lợi của nhân dân lao động Ch cầu tranh trên lĩnh vực báo chí Đảng đã xuất bản nhiều tờ báo công khai ở các thành phố lớn trong nước như Tiền phong, Dân chúng, Lao đông, Tin tức v.v. Báo chí cách mạng trỏ thành mũi xung kích trong những phong trào lớn của cuộc vận động dân sinh, dân chủ thời kì 1936 - 1939 Trong t tư tưởng, Đông đảo các tầng lớp nhân dân được giác ngộ về con đường cách mạng của Đảng",,,,,
entity,lichsu_12_s207_bai18_sec13_001:e8,Organization,Chính phủ Liên Xô,Chính phủ của Liên Xô,Chính phủ Liên Xô,0.95,[],lichsu_12_s207_bai18_sec13_001,lichsu_12,Bài 18,NHINH VIỆN HÁNH LỊCH SỬ MỚI VÀ CHIẾN DỊCH BIỂN GIỚI THU - ĐÔNG NĂM 1950,"[135, 136]","[""data/corpus/lichsu_12/lichsu_12.pdf_135.jpg.txt"", ""data/corpus/lichsu_12/lichsu_12.pdf_136.jpg.txt""]","hê thống giáo dục cũ băng hê thống giáo dục mới - 9 năm), Hê thống các trường đai hoc và trung hoc chuyên nghiệp cũng bát đầu được xây dưng D Chiến dịch Việt Bắc thu ? đông năm 1947 đã diễn ra nào ? NHINH VIỆN HÁNH LỊCH SỬ MỚI VÀ CHIẾN DỊCH BIỂN GIỚI THU - ĐÔNG NĂM 1950 1.Hoàn cảnh lịch sử mới của cuộc kháng chiến Thi The Từ sau chiến thăng Viết Bắc thu - đông năm 1947, cuộc kháng chiến của nhân dân ta có thêm những thuân lợi, song cũng phải đối mặt với nhiều thách thức mới Ngày 1 10 - 1949, các",,,,,
entity,lichsu_12_s144_bai14_sec6_004:e1,Organization,thực dân Pháp,lực lượng tiến hành khủng bố dã man,thưc dân Pháp tập trung lực lương tiến hành khủng bố đã man,0.95,[],lichsu_12_s144_bai14_sec6_004,lichsu_12,Bài 14,VÀ THI PHONG TRAO CÁCH MẠNG 1930 - 1931 VỚI ĐÌNH CAO XÔ VIẾT NGHỆ - TINH,"[90, 91, 92, 93, 94]","[""data/corpus/lichsu_12/lichsu_12.pdf_90.jpg.txt"", ""data/corpus/lichsu_12/lichsu_12.pdf_91.jpg.txt"", ""data/corpus/lichsu_12/lichsu_12.pdf_92.jpg.txt"", ""data/corpus/lichsu_12/lichsu_12.pdf_93.jpg.txt"", ""data/corpus/lichsu_12/lichsu_12.pdf_94.jpg.txt""]","quần chúng nhân dân trong cả nước Trước tác động của phong trào, thưc dân Pháp tập trung lực lương tiến hành khủng bố đã man Chúng điều đông binh lính đồng nhiều đồn bốt ở hai tỉnh Nghê An và Hà Tính. Cùng với việc cho binh lính đi càn quét, bắn giết dân chúng, đốt phá, triết hạ làng mạc, chúng còn dùng nhiều thủ đoạn chia rê, dụ đồ, mua chuộc, Vì vây; nhiều cơ quan lãnh đạo của Đảng, cơ sở quần chúng bị phá võ, nhiều cán bộ, đảng viên, những người yêu nước bi bất, tù đày hoặc bi sát hai Từ giữa",,,,,
entity,lichsu_12_s297_bai24_sec7_001:e5,Organization,Ban Chấp hành Trung ương,cơ quan đã đề ra nhiệm vụ hoàn thành thống nhất đất nước về mặt nhà nước,Hội nghị lần thứ 24 Ban Chấp hành Trung,0.95,[],lichsu_12_s297_bai24_sec7_001,lichsu_12,Bài 24,HII - HOÀN THÀNH THỐNG NHẤT ĐẤT NƯỚC VỀ MẶT NHÀ NƯỚC (1975 ? 1976),"[200, 201, 202, 203]","[""data/corpus/lichsu_12/lichsu_12.pdf_200.jpg.txt"", ""data/corpus/lichsu_12/lichsu_12.pdf_201.jpg.txt"", ""data/corpus/lichsu_12/lichsu_12.pdf_202.jpg.txt"", ""data/corpus/lichsu_12/lichsu_12.pdf_203.jpg.txt""]","ngoài, đều trở lại hoạt động Các hoạt động văn hoá, giáo dục, y tế v.v. được tiến hành khẩn trương từ những ngày đầu mới giải phóng tranh, khôi phục kinh tế, ổn định tình han sau giải phóng năm 1975 HII - HOÀN THÀNH THỐNG NHẤT ĐẤT NƯỚC VỀ MẶT NHÀ NƯỚC (1975 ? 1976) Và Sau đại tháng mùa Xuân 1975, Tố quốc Viết Nam được thống nhất về mặt lãnh thổi thổ, song ở mỗi miền vẫn tồn tai hình thức tổ chức nhà nước khác nhau, Thưc tế đó Thiến trái vối nguyên vong, tỉnh cảm thiêng liêng của nhân dán hai miề",,,,,
entity,lichsu_12_s215_bai19_sec6_001:e10,Organization,Đảng Lao động Việt Nam,"Tên mới của Đảng sau Đại hội đại biểu lần thứ II, hoạt động công khai và tiếp tục lãnh đạo cuộc kháng chiến của nhân dân Việt Nam.",Đảng Lao đông Việt Nam,0.9,[],lichsu_12_s215_bai19_sec6_001,lichsu_12,Bài 19,II ĐẠI HỘI ĐẠI BIỂU LẦN THỨ II CỦA ĐẢNG (2?1951),"[139, 140, 141]","[""data/corpus/lichsu_12/lichsu_12.pdf_139.jpg.txt"", ""data/corpus/lichsu_12/lichsu_12.pdf_140.jpg.txt"", ""data/corpus/lichsu_12/lichsu_12.pdf_141.jpg.txt""]","tí phrăng ngân sách. Các phái đoàn viên trơ kinh tế, cổ văn quân sự Mĩ đến Việt Nam ngày càng nhiều Các trung tâm và các trường huấn luyên của Mĩ bắt đầu tuyển chon, đưa người Việt Nam sang học ở Mĩ II ĐẠI HỘI ĐẠI BIỂU LẦN THỨ II CỦA ĐẢNG (2?1951) Từ ngày 11 đến ngày 19 ? 2 - 1951, Đại hôi đại biểu lần thứ II của Đảng Cộng Sản Đông Dương họp ở xã Vinh Quang (Chiêm Hoa - Tuyên Quang) Đại hội thông qua hai báo cáo quan trọng Bao cáo chính tri, do Chủ tịch Hô Chí Minh trình bày, đã lông kết kinh ng",,,,,
entity,lichsu_11_s111_bai20_sec5_004:e12,Organization,Triều đình Huế,Tổ chức kí kết Hiệp ước năm 1874,Triều đình Huế,0.95,[1874],lichsu_11_s111_bai20_sec5_004,lichsu_11,Bài 20,KHÁNG CHIẾN LAN RỘNG RA BẮC KÌ,"[115, 116, 117, 118, 119]","[""data/corpus/lichsu_11/lichsu_11.pdf_115.jpg.txt"", ""data/corpus/lichsu_11/lichsu_11.pdf_116.jpg.txt"", ""data/corpus/lichsu_11/lichsu_11.pdf_117.jpg.txt"", ""data/corpus/lichsu_11/lichsu_11.pdf_118.jpg.txt"", ""data/corpus/lichsu_11/lichsu_11.pdf_119.jpg.txt""]","ục chiến đầu. Các sĩ phu, văn thân yêu nước đã lập Nghĩa hội, bí mật tổ chức chống Paá các tỉnh Hưng Yên, Phủ Lí, Hải Dương, Ninh Bình Nam Đinh. quân Pháp cũng vấp phảng cư quyết liết của quân dân ta. Trận đánh gây được tiếng vang lớn nhất lúc bấy gio là trận phục kích của quân ta tại Cầu Giay ngay 21 12 1873 (1800 1873) Thừa lúc Gác ni ê đem quân xuống định, việc canh phòng Hà Nội sơ hở, quân ta do Hoàng Tà Viêm chỉ huy (có sự phối hợp với đội quân Cờ đen của Lưu Vĩnh Phúc) từ Sơn Tây kéo về Hà",,,,,
entity,lichsu_10_s51_001:e10,Person,nông nô,"Những người sản xuất chính trong các lãnh địa, bị gắn chặt với ruộng đất và lệ thuộc vào lãnh chúa.",Nông nô là những người sản xuất chính trong các lãnh địa,0.95,[],lichsu_10_s51_001,lichsu_10,Bài,2. Xã hội phong kiến Tây Âu,"[55, 56, 57, 58]","[""data/corpus/lichsu_10/lichsu_10.pdf_55.jpg.txt"", ""data/corpus/lichsu_10/lichsu_10.pdf_56.jpg.txt"", ""data/corpus/lichsu_10/lichsu_10.pdf_57.jpg.txt"", ""data/corpus/lichsu_10/lichsu_10.pdf_58.jpg.txt""]","và mạnh mẽ nhất ở Vương quốc Phơ-răng Khi tràn vào lãnh thổ Rô-ma, người Giéc-man đã làm gì ? Những việc làm đó có tác động như thến o đến quá trình hình thành quan hệ sản xuất phong kiến ở châu Âu ? 2. Xã hội phong kiến Tây Âu Đến giữa thế kỉ IX, phần lớn đất đai đã được các quý tộc và nhà thờ chia nhau nghi chiếm đoạt xong. Những vùng đất đai rộng lớn đó đã nhanh chóng bị họ biến nhành thành khu đất riêng của mình ? gọi là lãnh địa phong kiến. Đây là đơn vị chính trị và kinh tế cơ bản trong th",,,,,
entity,lichsu_10_s45_002:e6,Person,Giay-a-vác-man VII,Vua đã tiến đánh và thu phục địa bàn của Vương quốc Môn Ha-ri-pun-giay-a,vua Giay-a-vác-man VII,0.9,[],lichsu_10_s45_002,lichsu_10,Bài,1. Vương quốc Cam pu-chia,"[50, 51, 52]","[""data/corpus/lichsu_10/lichsu_10.pdf_50.jpg.txt"", ""data/corpus/lichsu_10/lichsu_10.pdf_51.jpg.txt"", ""data/corpus/lichsu_10/lichsu_10.pdf_52.jpg.txt""]","(1181 ? 1201), quân Cam-pu-chia đã tiến đánh Cham-pa (1190) và biến vương quốc này thành của Bảng co, sau đó lại tiến hành thu phục vùng trung và hạ lưu Mê Nam tiến đến tân Say Phong (gần Viêng Chăn). Ở thương lưu sông Mê Nam và vua Giay-a-vác-man VII đã tiến đánh và thu phục địa bàn của Vương quốc Môn Ha-ri-pun-giay-a, tiến tới sát biên giới Mề-phía Thi Than nam, lãnh thổ Cam pu-chia được mở rộng tới miền Bắc bán đảo Mã Lai Nhưng từ cuối thế kỉ XIII, Cam-pu chia bắt dầu suy yếu, Thêm vào đó, Và",,,,,
entity,lichsu_12_s39_bai3_sec5_002:e12,Person,Lưu Thiếu Kỳ,Người được cử làm Chủ tịch nước vào năm 1959.,Lưu Thiếu Kỳ được cử làm Chủ tích nước,0.95,[1959],lichsu_12_s39_bai3_sec5_002,lichsu_12,Bài 3,1. Sự thành lập nước Cộng hoà Nhân dân Trung Hoa và thành tựu,"[20, 21, 22, 23]","[""data/corpus/lichsu_12/lichsu_12.pdf_20.jpg.txt"", ""data/corpus/lichsu_12/lichsu_12.pdf_21.jpg.txt"", ""data/corpus/lichsu_12/lichsu_12.pdf_22.jpg.txt"", ""data/corpus/lichsu_12/lichsu_12.pdf_23.jpg.txt""]","ến năm 1957, sản lương công nghiệp tăng 140%, sản lương ngày nghiệp nghiệp tăng 25% (so với năm 1952), Trung Quốc đã tư sán xuất được 60% số máy móc cần thiết Văn hoá, giáo dục có những bước tiến lớn. Đời sống nhân dân được cái thiện Và Về đối ngoai, Trung Quốc thi hành chính sách tích cực nhằm củng cổ hoà bình và thúc đấy sự phát triển của phong trào cách mang thế giới Ngày 18 - 1 - 1950, Trung Quốc thiết lập quan hê ngoai giao với Viết Nam Trung Quốc những năm không ôn định (1978) Về đối nội, ",,,,,
entity,lichsu_11_s111_bai20_sec5_003:e11,Person,Gác-ni-ê,Người Pháp đến Hà Nội,Ngay khi Gác ni ê ra đến Hà Nội,0.9,[],lichsu_11_s111_bai20_sec5_003,lichsu_11,Bài 20,KHÁNG CHIẾN LAN RỘNG RA BẮC KÌ,"[115, 116, 117, 118, 119]","[""data/corpus/lichsu_11/lichsu_11.pdf_115.jpg.txt"", ""data/corpus/lichsu_11/lichsu_11.pdf_116.jpg.txt"", ""data/corpus/lichsu_11/lichsu_11.pdf_117.jpg.txt"", ""data/corpus/lichsu_11/lichsu_11.pdf_118.jpg.txt"", ""data/corpus/lichsu_11/lichsu_11.pdf_119.jpg.txt""]","Những ngày sau đó, chúng đưa quân đi chiếm các tỉnh thành ở đồng bàng Bắc Kì : Hưng Yên (23 -11), Phủ Lí (26 11), Hải Dương (3 12), Ninh Bình (12 12) Hày thuật lại ""vụ Đuy-puy"" và nêu kết cục của nó. 3 Phong trào kháng chiến ở Bắc Kì trong những năm 1873 - 1874 Hà Hành đông xâm lược của quân Pháp khiến cho nhân dân la vô cùng căm phân Ngay khi Gác ni ê ra đến Hà Nội, quân dân ta đã bất hợp tác với Pháp Các giếng nước ăn bị bỏ thuốc độc Kho thuốc súng ở bờ sông của Pháp nhiều lần bị đốt cháy Khi ",,,,,
entity,lichsu_11_s116_bai20_sec10_002:e10,Person,Pa tơ nốt,Người được Chính phủ Pháp cử sang Việt Nam và ký Hiệp ước mới với triều đình Huế,Pa tơ nốt,0.95,[],lichsu_11_s116_bai20_sec10_002,lichsu_11,Bài 20,"Vi Sao đến năm 1883, thực dân Pháp quyết định tiến đánh Thuận An ?","[122, 123]","[""data/corpus/lichsu_11/lichsu_11.pdf_122.jpg.txt"", ""data/corpus/lichsu_11/lichsu_11.pdf_123.jpg.txt""]","ùa thu năm 1882) liên tiếp tiến công quân Pháp, gây cho chúng nhiều thiết hại Để chấm dứt chiến sự, từ tháng 12 - 1883 quân Pháp tiến hành các cuộc hành binh nhâm tiêu diệt các ổ để kháng còn sót lại. Chúng đưa quân lên chiếm Sơn Tây; Bắc Ninh, Tuyên Quang và tiến hành thương lượng để loại trừ sự can thiệp của triều đình Mãn Thanh bằng bản Quy ước Thiên Tân (11 55 1884) Tiếp đó, Chính phủ Pháp cử Pa tơ nốt sang Viết Nam và kí với triều đình Huế bản Hiệp ước mới vào ngày 6 6 1 884 Bản Hiệp ước 6 ",,,,,
entity,lichsu_12_s249_bai21_sec15_001:e10,Person,Lê Duẩn,Được bầu làm Bí thư thứ nhất Ban Chấp hành Trung ương Đảng tại Đại hội.,Lê Duân được bầu làm Bí thư thư nhất Ban Chấp hành Trung Đảng,0.9,[],lichsu_12_s249_bai21_sec15_001,lichsu_12,Bài 21,1. Đại hội đại biểu toàn quốc lần thứ III của Đảng (9 - 1960),"[162, 163, 164, 165, 166, 167, 168]","[""data/corpus/lichsu_12/lichsu_12.pdf_162.jpg.txt"", ""data/corpus/lichsu_12/lichsu_12.pdf_163.jpg.txt"", ""data/corpus/lichsu_12/lichsu_12.pdf_164.jpg.txt"", ""data/corpus/lichsu_12/lichsu_12.pdf_165.jpg.txt"", ""data/corpus/lichsu_12/lichsu_12.pdf_166.jpg.txt"", ""data/corpus/lichsu_12/lichsu_12.pdf_167.jpg.txt"", ""data/corpus/lichsu_12/lichsu_12.pdf_168.jpg.txt""]","uỷ ban nhân dân tự quản vũ trang giải phóng miền Nam Việt Nam - Phong trào đấu tranh chống chế độ Mĩ - Diệm của nhân dân ta ở miên Nam đã diễn ra Nêu diên biển, kết quả và ý nghĩa của phong trào 1. Đại hội đại biểu toàn quốc lần thứ III của Đảng (9 - 1960) Giữa lúc cách mạng ở hai miền Nam - Bắc có những bước tiến quan trong Đảng Lao động Việt Nam tổ chức Đại hội dại biểu toàn quốc lần thứ III Đai hội họp từ ngày 5 đến ngày 10 - 9 - 1960 tại Hà Nội, đã đề ra nhiêm vụ (9 - 1960) chiến lược của cá",,,,,
entity,lichsu_11_s132_bai23_sec2_002:e4,Person,An-be Xa-rô,Toàn quyền bị Việt Nam Quang phục hội cử người trừ khử,Toàn quyền An-be Xa-rô,0.8,[],lichsu_11_s132_bai23_sec2_002,lichsu_11,Bài 23,TỪ ĐẦU THẾ KÍ XX ĐẾN CHIÊN TRANH THỨ NHÁT (1914),"[137, 138, 140, 141]","[""data/corpus/lichsu_11/lichsu_11.pdf_137.jpg.txt"", ""data/corpus/lichsu_11/lichsu_11.pdf_138.jpg.txt"", ""data/corpus/lichsu_11/lichsu_11.pdf_140.jpg.txt"", ""data/corpus/lichsu_11/lichsu_11.pdf_141.jpg.txt""]","hơn 100 người), tuyên bán Duy tân hội, thành lập Viết Nam Quang phục hội, Hội kháng đình tôn chỉ duy nhất Là : ?Đánh đuổi giác Pháp, khôi phục nước Viết Nam, thành lập nước Cộng hoà Dân quốc Việt Nam? Để gây tiếng vang trong nước, thức tỉnh đồng bào, Hội đã cử người bí mật về nhưng nước để trừ khử những tên thực dân đầu sỏ, kể cả Toàn quyền An-be Xa-rô và những tay sai đác lực của chúng. Hoạt đông của Viết Nam Quang phục hội trong buổi đầu đã đạt được một số kết quả nhất đỉnh, khuấy động được dư",,,,,
entity,lichsu_10_s119_001:e9,Person,Mạc Đăng Dung,"thế lực phong kiến nổi trội, dẹp yên các thế lực khác và thành lập triều Mạc","Quốc công Thái phó Mạc Đăng Dung. Sau khi dẹp yên các thế lực phong kiến khác, nhận thấy được sự bất lực và suy sụp của dòng họ Lê, năm 1527 Theng Mạc Đăng Dung bắt vua Lê nhường ngôi và thành lập triều đại mới ? triều Mạc",0.95,[1527],lichsu_10_s119_001,lichsu_10,Bài,1. Sự sụp đổ của triều Lê sơ. Nhà Mạc được thành lập,"[106, 107]","[""data/corpus/lichsu_10/lichsu_10.pdf_106.jpg.txt"", ""data/corpus/lichsu_10/lichsu_10.pdf_107.jpg.txt""]","chưa được bao lâu thì xảy ra cuộc chiến tranh Nam ? Bắc triều và tiếp đó là chiến tranh Trịnh - Nguyễn. Hai chính quyền ở Đàng Ngoài và Đàng Trong được hình thành, tại nhang cho đến cuối thế kỉ xviil 1. Sự sụp đổ của triều Lê sơ. Nhà Mạc được thành lập Đầu thế kỉ XVI, triều Lê sơ suy sụp. Sau khi vua Lê Hiến Tông chết, các vua Uy Mục, Tương Dực không còn quan tâm đến việc triều chính, chỉ lo ăn chơi, sa đoạ, Quan lại, địa chủ nhân đó hoành hành, hạch sách nhân dân, chiếm đoạt ruộng đất: Nhân dân",,,,,
entity,lichsu_11_s122_bai21_sec5_001:e9,Person,Đốc Tít,Người phụ trách căn cứ Hai Sông,Đốc Tít (Nguyên Đức Hiêu) phu trách,0.95,[],lichsu_11_s122_bai21_sec5_001,lichsu_11,Bài 21,CÂN VƯƠNG VÀ PHONG TRÀO ĐẦU TRANH TỰ VÊ CUỐI THẾ KỈ XIX,"[124, 128, 129]","[""data/corpus/lichsu_11/lichsu_11.pdf_124.jpg.txt"", ""data/corpus/lichsu_11/lichsu_11.pdf_128.jpg.txt"", ""data/corpus/lichsu_11/lichsu_11.pdf_129.jpg.txt""]","đối hai hiệp ước 1883 và 1884 diễn ra rất sôi nổi. Nhiều toán nghĩa quân hoạt động mạnh ở các vùng xung quanh Hà Nội như Bắc Ninh, Sơn Tây, Hải Dương.. khiến cho quân Pháp ăn không ngon ngu không yên CÂN VƯƠNG VÀ PHONG TRÀO ĐẦU TRANH TỰ VÊ CUỐI THẾ KỈ XIX Khởi nghĩa Bãi Sậy (1883 1892) Phủ Lạng Thượt Luc Na S Hồng BẮC NINH CĂN CỨ HAI SÔNG HÀ NOIO HÁI DƯƠNG Uông Bí Văn Lâm Văn Giangly Mĩ Mi Hào CĂN CÚ Khoái Châu BÁI SÂY PHƯNG YÊN O BIEN SA So THÁI BINH ĐÔNG NAM ĐỊNH trong nơi hoạt động của nghĩa ",,,,,
entity,lichsu_10_s83_002:e12,Person,Lý Bí,Người lãnh đạo cuộc khởi nghĩa và thành lập nhà nước Vạn Xuân.,Lý Bí,0.95,[],lichsu_10_s83_002,lichsu_10,Bài,1. Khái quát phong trào đấu tranh từ thế kỉ 1 đến đầu thế kỉ x,"[81, 82, 83, 84, 85, 86]","[""data/corpus/lichsu_10/lichsu_10.pdf_81.jpg.txt"", ""data/corpus/lichsu_10/lichsu_10.pdf_82.jpg.txt"", ""data/corpus/lichsu_10/lichsu_10.pdf_83.jpg.txt"", ""data/corpus/lichsu_10/lichsu_10.pdf_84.jpg.txt"", ""data/corpus/lichsu_10/lichsu_10.pdf_85.jpg.txt"", ""data/corpus/lichsu_10/lichsu_10.pdf_86.jpg.txt""]","khai nhưng là một chinh chính quyền đóc lập, tự chủ của nhân dân ta được ra đời sau khi cuộc khởi nghĩa thắng lơi và đã cổ vũ tinh thần đấu tranh chống ách đô hô chi của phong kiến phương Bắc sau đó. The Mùa hề năm 42, Mã Viện được vua Hán cử làm tổng chỉ huy đạo quân lớn thu tri 19 thu khoảng 2 vạn người, chia làm 2 cánh thuỷ, bộ kéo vào xâm lược nước tai Cuộc kháng chiến của nhân dân ta do Hai Bà Trưng lãnh đũo rất anh dũng, người nhưng do lực lượng yếu nên đã bị thất bại Cuộc chiến đấu đã diễ",,,,,
entity,lichsu_12_s249_bai21_sec15_001:e9,Person,Hồ Chí Minh,Được bầu lại làm Chủ tịch Đảng tại Đại hội.,Hô Chí Minh đã được bầu lại làm Chủ tịch Đảng,0.9,[],lichsu_12_s249_bai21_sec15_001,lichsu_12,Bài 21,1. Đại hội đại biểu toàn quốc lần thứ III của Đảng (9 - 1960),"[162, 163, 164, 165, 166, 167, 168]","[""data/corpus/lichsu_12/lichsu_12.pdf_162.jpg.txt"", ""data/corpus/lichsu_12/lichsu_12.pdf_163.jpg.txt"", ""data/corpus/lichsu_12/lichsu_12.pdf_164.jpg.txt"", ""data/corpus/lichsu_12/lichsu_12.pdf_165.jpg.txt"", ""data/corpus/lichsu_12/lichsu_12.pdf_166.jpg.txt"", ""data/corpus/lichsu_12/lichsu_12.pdf_167.jpg.txt"", ""data/corpus/lichsu_12/lichsu_12.pdf_168.jpg.txt""]","uỷ ban nhân dân tự quản vũ trang giải phóng miền Nam Việt Nam - Phong trào đấu tranh chống chế độ Mĩ - Diệm của nhân dân ta ở miên Nam đã diễn ra Nêu diên biển, kết quả và ý nghĩa của phong trào 1. Đại hội đại biểu toàn quốc lần thứ III của Đảng (9 - 1960) Giữa lúc cách mạng ở hai miền Nam - Bắc có những bước tiến quan trong Đảng Lao động Việt Nam tổ chức Đại hội dại biểu toàn quốc lần thứ III Đai hội họp từ ngày 5 đến ngày 10 - 9 - 1960 tại Hà Nội, đã đề ra nhiêm vụ (9 - 1960) chiến lược của cá",,,,,
entity,lichsu_10_s133_bai23_sec8_001:e12,Person,Nguyễn Huệ,"Bắc Bình vương, quyết định lên ngôi Hoàng đế với niên hiệu Quang Trung, chỉ huy quân tiến ra Bắc","Bắc Bình vương Nguyễn Huệ quyết định làm lễ lên ngôi Hoàng đế, lấy niên hiêu là Quang Trung",0.95,[],lichsu_10_s133_bai23_sec8_001,lichsu_10,Bài 23,2. Kháng chiến chống Thanh (1789),"[117, 118, 119]","[""data/corpus/lichsu_10/lichsu_10.pdf_117.jpg.txt"", ""data/corpus/lichsu_10/lichsu_10.pdf_118.jpg.txt"", ""data/corpus/lichsu_10/lichsu_10.pdf_119.jpg.txt""]","Huệ đã tố chức trận Rạch Gầm - Xoài Mút đánh tan tành Thi nhu quân xâm lược Nguyễn Ánh theo cánh tàn quân Xiêm chạy thoát. Miền Nam trớ lại yên bình. B - Em biết gì thêm về trận Rạch Gầm - Xoài Mút ? 2. Kháng chiến chống Thanh (1789) Sau khi bị quân Tây Sơn đánh bại, vua Lê Chiêu Thống cùng một số đại thần Thuy thân cận bỏ chạy lên phía bắc, cho người sang Trung Quốc câu cứu nhà Thanh Nhang Nhận Nhận thấy đây là một thời cơ thuận lợi để xâm lược, vua Thanh sai tướng đem 192 199 vạn quân, theo sự",,,,,
entity,lichsu_10_s70_001:e9,Person,vua Hùng,Người đứng đầu nhà nước Văn Lang,vua Hùng,0.9,[],lichsu_10_s70_001,lichsu_10,Bài,1. Quốc gia Văn Lang ? Au Lạc,"[74, 75, 76]","[""data/corpus/lichsu_10/lichsu_10.pdf_74.jpg.txt"", ""data/corpus/lichsu_10/lichsu_10.pdf_75.jpg.txt"", ""data/corpus/lichsu_10/lichsu_10.pdf_76.jpg.txt""]","sống trên đất nước ta đã biết sử dụng kim loại để chế tạo các vật dụng, Nghề nông trồng lúa nước trở nên phổ biến. Trên cơ sở đó đã hình thành các quốc gia cổ đại: Văn Lang Âu Lạc, Cham-pa, Phù Nam 1. Quốc gia Văn Lang ? Au Lạc Vào thời gian đầu của văn hoá Đông Sơn(?) các công cụ lao động bằng đồng thau trở nên phổ biến và bắt đầu có công cụ bằng sắt, Nhờ vậy, vùng châu thổ sông Hồng, sông Mã, sông Cả được khai phá thành những cánh đồng màu mõ, có nền kinh tế nông nghiệp trồng lúa nước, dùng cà",,,,,
entity,lichsu_12_s40_bai3_sec6_002:e8,Person,Dương Lơi Vĩ,Nhà du hành vũ trụ Trung Quốc,nhà du hành vũ trụ Dương Lơi Vĩ,0.95,[],lichsu_12_s40_bai3_sec6_002,lichsu_12,Bài 3,3. Công cuộc cải cách - mở cứa (từ năm 1978),"[20, 21, 22, 23, 24]","[""data/corpus/lichsu_12/lichsu_12.pdf_20.jpg.txt"", ""data/corpus/lichsu_12/lichsu_12.pdf_21.jpg.txt"", ""data/corpus/lichsu_12/lichsu_12.pdf_22.jpg.txt"", ""data/corpus/lichsu_12/lichsu_12.pdf_23.jpg.txt"", ""data/corpus/lichsu_12/lichsu_12.pdf_24.jpg.txt""]","nguyên tử Chương trình thám hiểm không gian được thực hiên từ năm 1992, Từ tháng 11 - 1999 đến tháng 2003, Trung Quốc đã phóng 4 con tàu ""Thân Chế đô tư đông và ngày 15 10 2003, con tàu ""Thần Châu 5? cùng nhà du hành vũ trụ Dương Lơi Vĩ đã bay vào không gian vũ trụ Sự kiện này đưa Trung Quốc trở thành quốc gia thứ ba trên thế giới (sau Nga, M) có tàu cùng với con người bay vào vũ tru Về đối ngoại, chính sách của Trung Quốc có nhiều thay đổi, vai trò và địa vị quốc tế của nước này ngày càng được ",,,,,
entity,lichsu_10_s54_bai11_sec3_002:e5,Person,Ph. Ma-gien-lan,Người đã thực hiện chuyến đi đầu tiên vòng quanh thế giới bằng đường biển từ năm 1519 đến năm 1522.,Ph. Ma-gien-lan (1480 ? 1521) là người đã thực hiện chuyến đò đầu tiên vòng quanh thế giới bằng đường biển,0.95,"[1480, 1519, 1521, 1522]",lichsu_10_s54_bai11_sec3_002,lichsu_10,Bài 11,1. Những cuộc phát kiến địa lĩ,"[60, 61, 62]","[""data/corpus/lichsu_10/lichsu_10.pdf_60.jpg.txt"", ""data/corpus/lichsu_10/lichsu_10.pdf_61.jpg.txt"", ""data/corpus/lichsu_10/lichsu_10.pdf_62.jpg.txt""]","sở huyền thoại của hương liệu và vàng Ở phương Đông, Tháng 5 ? 1498, ông đã đến Ca-li-cút thuộc bờ Tây Nam Ấn Độ Trở về Li xbon, Va xcô đơ Ga ma được phong làm Phó vương Ấn Độ Ph. Ma-gien-lan (1480 ? 1521) là người đã thực hiện chuyến đò đầu tiên vòng quanh thế giới bằng đường biển từ năm 1519 đến năm 1522, Đoàn tàu của ông đi và vòng qua điểm cực Nam của Nam Mĩ (sau này được gọi là eo biển Ma-gien-lan) tiến vào đại dương, mà ông đặt tên là Thái Bình Dương, Tại Phi-líp pin, ông bị và thiệt mạng ",,,,,
entity,lichsu_12_s128_bai12_sec11_002:e9,Person,Nguyễn Tất Thành,Người trở lại Pháp cuối năm 1917 và gia nhập Đảng Xã hội Pháp,"Nguyễn Tất Thành trở lại Pháp, gia nhập Đảng Xã hội Pháp (1919)",0.95,"[1917, 1919]",lichsu_12_s128_bai12_sec11_002,lichsu_12,Bài 12,"2. Hoạt động của tư sản, tiểu tư sản và công nhân Việt Nam","[79, 80, 81]","[""data/corpus/lichsu_12/lichsu_12.pdf_79.jpg.txt"", ""data/corpus/lichsu_12/lichsu_12.pdf_80.jpg.txt"", ""data/corpus/lichsu_12/lichsu_12.pdf_81.jpg.txt""]","để tang Phan Châu Trinh (1926) (1) Trần Dân Tiên, Những mấu chuyên về đời ho thủ tịch, NXB Văn nghệ, H, 1956) tr.67 Các cuộc dấu tranh của công nhân ngày càng nhiều hơn, tuy vẫn còn lẻ tẻ và tự phát. Ở Sài Gòn - Chơ Lớn đã thành lập Công hội (bí mật) Tháng 8 - 1925, thợ máy xưởng Ba Son tại cảng Sài Gòn đã bãi công, không chịu sửa chữa chiến hạm Misolê của Pháp trước khi chiến hạm này chở binh lính sang tham gia dàn áp phong trào dấu tranh của nhân dân Trung Quốc, Với yêu sách dòi tàng lương 20%",,,,,
entity,lichsu_12_s266_bai22_sec14_001:e4,Person,Chủ tịch Hồ Chí Minh,Người đã để lại Di chúc lịch sử,"Chủ tịch Hồ Chí Minh qua đời ngày 2 9 - 1969. Đó là một tổn thất vô cùng to lớn đối với dân tộc ta, đối với cách mạng nước ta Trước khi đi xa, Chủ tịch Hồ Chí Minh đã để lại cho toàn Đảng, toàn dân ta một bản Di chúc lịch sử",0.9,[1969],lichsu_12_s266_bai22_sec14_001,lichsu_12,Bài 22,"2. Chiến đấu chống chiến lược ""Việt Nam hoá chiến tranh?","[180, 181, 182, 183]","[""data/corpus/lichsu_12/lichsu_12.pdf_180.jpg.txt"", ""data/corpus/lichsu_12/lichsu_12.pdf_181.jpg.txt"", ""data/corpus/lichsu_12/lichsu_12.pdf_182.jpg.txt"", ""data/corpus/lichsu_12/lichsu_12.pdf_183.jpg.txt""]","Minh Mi còn dùng thủ đoan ngoai giao như: lơi dung mâu thuân Trung - Xô, thoá hiệp với Trung Quốc, hoà hoãn với Liên Xô nhàm hạn chế sự giúp đõ của các nước này đôi với cuộc kháng chiến cân tân ta 2. Chiến đấu chống chiến lược ""Việt Nam hoá chiến tranh? và ?Đông Dương hoá chiến tranh? của Mĩ Nhân dân ta chiến đấu chống chiến lược ""Việt Nam hoá chiến tranh"" là chống lai cuộc chiến tranh xâm lược toàn diên được tăng cường và mở rộng ra toàn Đông Dương, Ta vừa chiến đấu chống địch trên chiến trường",,,,,
entity,lichsu_10_s175_001:e6,Person,Cri xtốp Cô-lôm bô,người có phát kiến dẫn đến việc nhiều người châu Âu di cư sang Bắc Mĩ,phát kiến của Cri xtốp Cô-lôm bô,0.95,[],lichsu_10_s175_001,lichsu_10,Bài,1. Sự phát triển của chủ nghĩa tư bản ở Bắc Mĩ. Nguyên nhân,"[146, 147]","[""data/corpus/lichsu_10/lichsu_10.pdf_146.jpg.txt"", ""data/corpus/lichsu_10/lichsu_10.pdf_147.jpg.txt""]","một cuộc chiến tranh giải phóng nhằm lật đồ sự thống trị của chính quyền thực dân Anh mở đường cho chủ nghĩa tư bản phát triển ở Bắc Mĩ, dẫn đến sự ra đời của một quốc gia mới - Hợp chúng quốc Mi. 1. Sự phát triển của chủ nghĩa tư bản ở Bắc Mĩ. Nguyên nhân bũng nổ chiến tranh Sau phát kiến của Cri xtốp Cô-lôm bô, nhiều người dân châu Âu di cư sang vùng Bắc Mi. Đến nửa đầu thế kỉ XVIII, người Anh đã lập được 13 thuộc địa dọc theo bờ Đại Tây Dương ở Bắc Mĩ với số dân khoảng 1,3 triều người CCA NA ",,,,,
entity,lichsu_11_s66_bai15_sec1_001:e7,Person,Ma-hát-ma Gan-đi,Người đứng đầu Đảng Quốc đại,Ma-hát-ma Gan-đi,0.95,[],lichsu_11_s66_bai15_sec1_001,lichsu_11,Bài 15,Bài 15,"[76, 79]","[""data/corpus/lichsu_11/lichsu_11.pdf_76.jpg.txt"", ""data/corpus/lichsu_11/lichsu_11.pdf_79.jpg.txt""]","hâu quá xã hội thi thi hại : nông dân bị phá sản, mất mùa và đói kém, số công nhân thất nghiệp lên tới 3 triệu người. Mâu thuẫn xã hội và cuộc đấu tranh của những người lao động diễn ra quyết liệt. Bài 15 (1918-- 1939) Phong trào cách mạng ở Trung Quốc và Ấn Độ đã vượt qua nhiêu thử thách và đạt được những bước tiến mới trong vòng 20 năm giữa hai cuộc chiến tranh thế giới. Ở Trung Quốc, phong trào Ngũ tứ đã mở đầu thời kì cách mạng dân chủ mới. Ở Ân Độ, Đảng Quốc đại, dứng đầu là Ma-hát-ma Gan-đ",,,,,
entity,lichsu_10_s102_001:e7,Person,Lê Hoàn,Thập đạo tướng quân được tôn lên làm vua và chỉ đạo cuộc kháng chiến,Thập đạo tướng quân Lê Hoàn,0.95,[],lichsu_10_s102_001,lichsu_10,Bài,VÀ I CÁC CUỘC KHÁNG CHIẾN CHỐNG QUÂN XÂM LƯỢC TỐNG,[96],"[""data/corpus/lichsu_10/lichsu_10.pdf_96.jpg.txt""]","các cuộc kháng chiến chống ngoại xâm. Với lòng yêu nước nồng nàn, với tinh thần chiến đấu kiên cường, anh dũng, nhân dại Việt đã làm nên biết bao chiến thắng huy hoàng, giữ vững nền độc lập dân tộc VÀ I CÁC CUỘC KHÁNG CHIẾN CHỐNG QUÂN XÂM LƯỢC TỐNG Đầu thế kỉ X, nhân dân Việt Nam đã giành lại được quyền tự chủ, lật đổ hoàn thà toàn chế độ đô hộ hơn một nghìn năm của phong kiến phương Bắc. Nhưng chẳng bao lâu sau chiến thắng Bạch Đằng năm 938, nhân dân ta đã phải đương đầu với hai lần xâm lược củ",,,,,
entity,lichsu_12_s14_bai1_sec4_001:e9,Person,U. Sớcsin,Nguyên thủ của Anh tham dự Hội nghị Ianta,U. Sớcsin (Anh),0.95,[],lichsu_12_s14_bai1_sec4_001,lichsu_12,Bài 1,HỘI NGHỊ IANTA (2?1945) VÀ NHỮNG THOẢ THUẬN CỦA BA CƯỜNG QUỐC,"[4, 5, 6]","[""data/corpus/lichsu_12/lichsu_12.pdf_4.jpg.txt"", ""data/corpus/lichsu_12/lichsu_12.pdf_5.jpg.txt"", ""data/corpus/lichsu_12/lichsu_12.pdf_6.jpg.txt""]","đầu môi phe Các quốc gia trên thế giới trong những năm đầu sau chiến tranh dần dần bị phân hoá theo đặc trưng đó Liên hợp quốc ra đời như một công cu duy tri trật tư thế giới mới vừa được hinh thành HỘI NGHỊ IANTA (2?1945) VÀ NHỮNG THOẢ THUẬN CỦA BA CƯỜNG QUỐC Đầu năm 1945, Chiến tranh thế giới thứ hai bước vào giai đoạn kết thúc Nhiều vấn đề quan trong và cấp bách đất ra trước các cường quốc Đồng minh Đó là: 1. Nhanh chóng đánh bai hoàn toàn các nước phát xít , 2. Tổ chức lại thế Nguy giới sau ",,,,,
entity,lichsu_10_s187_001:e13,Person,Crôm-tơn,Người đã cải tiến máy kéo sợi vào năm 1779.,Crôm tơn,0.95,[1779],lichsu_10_s187_001,lichsu_10,Bài,1. Cách mạng công nghiệp ở Anh,"[159, 160, 161]","[""data/corpus/lichsu_10/lichsu_10.pdf_159.jpg.txt"", ""data/corpus/lichsu_10/lichsu_10.pdf_160.jpg.txt"", ""data/corpus/lichsu_10/lichsu_10.pdf_161.jpg.txt""]","nền sản xuất thay thế cho lao động thủ công. Về thiệt thực chất, đây là cuộc cách mạng kĩ thuật của chủ nghĩa nha tư bản nhằm tạo ra một năng suất lao động cao hơn, củng cố nền tảng của chế độ mới 1. Cách mạng công nghiệp ở Anh Anh là nước đầu tiên tiến hành cách mạng công nghiệp do cách mạng tư sản nổ ra sớm, tạo những điều kiện thuận lợi để đầy mạnh sản xuất : tư bản, nhân công và sự phát triển kĩ thuật. Cách mạng công nghiệp ở Anh bắt đầu từ những năm 60 của thế kỉ XVIII và kết thúc vào những",,,,,
entity,lichsu_12_s37_bai3_sec3_001:e7,Person,Tưởng Giới Thạch,Chính quyền của Tưởng Giới Thạch phải rút chạy ra Đài Loan.,Chính quyền Tưởng Giới Thạch,0.95,[],lichsu_12_s37_bai3_sec3_001,lichsu_12,Bài 3,NÉT CHUNG VỀ KHU VỰC ĐÔNG BẮC Á,"[19, 20]","[""data/corpus/lichsu_12/lichsu_12.pdf_19.jpg.txt"", ""data/corpus/lichsu_12/lichsu_12.pdf_20.jpg.txt""]","nước trên bán đảo Triều Tiên Người và sự thành lấp nước Công hoà Nhân dân Trung Hoa Các quốc gia trong khu vưc đã đạt được những thành tựu quan trong trong công cuộc xây dựng và phát triển đất nước NÉT CHUNG VỀ KHU VỰC ĐÔNG BẮC Á Đông Bắc Á là khu vực rông lớn (với tổng diện tích 10,2 triệu km?), đông dân nhất thế giới (khoảng 1,47 tỉ người - năm 2000) và có nguôn tài nguyên thiên nhiên phong phú, Trước Chiến tranh thế giới thứ hai, các nước Đông Bắc Á (trừ Nhật Bản) điều đều bị chủ nghĩa thực d",,,,,
entity,lichsu_10_s35_002:e1,Person,A-cơ-ba,Đấng Chí tôn A-cơ ba,Đấng Chí tôn A-cơ ba,0.9,[],lichsu_10_s35_002,lichsu_10,Bài,3. Vương triều Mô-gôn,"[42, 43, 44]","[""data/corpus/lichsu_10/lichsu_10.pdf_42.jpg.txt"", ""data/corpus/lichsu_10/lichsu_10.pdf_43.jpg.txt"", ""data/corpus/lichsu_10/lichsu_10.pdf_44.jpg.txt""]","ới danh hiệu của Công là Đấng Chí tôn A-cơ ba la Tuy nhiên, hầu hết các vua của nghiệt vương triều này đều dùng quyền chuyên chế, độc đoán để cai trị một đất nước rộng lớn nhưng rất đa dạng, phân tán. Một số vị vua đã dùng biện pháp đàn áp quyết liệt, hình phạt khắc nghiệt để bắt dân chúng phục tùng đóng thuế và lao dịch nặng nề, bắt các quý tộc có ý chống đối pân gilai the nhiện được đối viện được đối viện được đối viện được đối viện được đối viện được đối viện đư Con và cháu của A cơ ba là Gia",,,,,
entity,lichsu_12_s65_bai6_sec3_001:e8,Person,Aixenhao,"tổng thống Mĩ, người đưa ra ""Chính sách phát triển giao thông Liên bang và cải cách giáo dục""",Aixenhao,0.95,[],lichsu_12_s65_bai6_sec3_001,lichsu_12,Bài 6,"4. Các tổ hợp công nghiệp ? quân sự, các công ti, tập đoàn tư bản lũng đoạn Mi","[42, 43, 44]","[""data/corpus/lichsu_12/lichsu_12.pdf_42.jpg.txt"", ""data/corpus/lichsu_12/lichsu_12.pdf_43.jpg.txt"", ""data/corpus/lichsu_12/lichsu_12.pdf_44.jpg.txt""]","vũ khí và phương tiên chiến tranh; 3. Mĩ đã thán áp dung những thành tưu của cuộc cách mạng khoa học ? kĩ thuật hiên dại để nâng cao năng suất lao động, ha giá thành sản phẩm, điều cơ cấu sản xuất; 4. Các tổ hợp công nghiệp ? quân sự, các công ti, tập đoàn tư bản lũng đoạn Mi chinh có sức sản xuất, canh tranh lớn và có hiêu quả ở cả trong và ngoài nước , 5. kĩ thuật, Mĩ là nước khởi đầu cuốc cách mạng khoa học - kĩ thuật hiện đại và đã đạt được nhiều thành tựu lớn Mĩ là một trong những nước đi đ",,,,,
entity,lichsu_11_s76_bai16_sec7_001:e4,Person,Ra-ma VII,vua của chế độ quân chủ ở Xiêm,chế đô quân chủ Ra-ma VII,0.9,[],lichsu_11_s76_bai16_sec7_001,lichsu_11,Bài 16,VUY CUỘC CÁCH MẠNG NĂM 1932 Ở XIÊM,"[88, 89]","[""data/corpus/lichsu_11/lichsu_11.pdf_88.jpg.txt"", ""data/corpus/lichsu_11/lichsu_11.pdf_89.jpg.txt""]","mạnh mẽ của quân chúng, năm 1937 Miên Điên được tách khỏi An Độ, châm dứt hơn nửa thế kỉ là một tỉnh của Ấn Độ thuốc Anh Ngu những nét chính của phong trào giải phóng dân tộc ở Mã Lai và Miến Điện VUY CUỘC CÁCH MẠNG NĂM 1932 Ở XIÊM Mạc dù là nước duy nhất ở Đông Nam A không bị rơi vào tình trang thuộc địa người nhưng trên thực tế nước Xiêm cũng không giữ được tron ven nên độc lập của mình và phải phụ thuộc về nhiều mặt vào thưc dân Anh và Pháp. Sự bất mãn của các tâng Người lớp trong xã hội đối ",,,,,
entity,lichsu_12_s127_bai12_sec10_001:e15,Person,Lê Hồng Sơn,Người tham gia lập ra tổ chức Tâm tâm xã.,Lê Hông Sơn,0.95,[],lichsu_12_s127_bai12_sec10_001,lichsu_12,Bài 12,"1. Hoạt động của Phan Bội Châu, Phan Châu Trinh và một số","[77, 78, 79, 80]","[""data/corpus/lichsu_12/lichsu_12.pdf_77.jpg.txt"", ""data/corpus/lichsu_12/lichsu_12.pdf_78.jpg.txt"", ""data/corpus/lichsu_12/lichsu_12.pdf_79.jpg.txt"", ""data/corpus/lichsu_12/lichsu_12.pdf_80.jpg.txt""]","và tay sai tiếp tục diên ra với nội dung và hình thức phong phú. Sau Chiến tranh thể giới thứ nhất Dưới tác động của chính sách khaộ địa của Pháp, các Nguai giai cấp ở Viết Nam có sư chuyển bao ? 1. Hoạt động của Phan Bội Châu, Phan Châu Trinh và một số người Việt Nam sống ở nước ngoài Sau những năm bôn ba hoạt động ở Nhật Bản và Trung Quốc không thành công Phan Bồi Châu bị giới quân phiết ở Quảng Đông (Trung Quốc) bất giam năm 1913 và đến cuối năm 1917 mới được trả tự do. 1925, giữa lúc chưa th",,,,,
entity,lichsu_12_s39_bai3_sec5_001:e12,Person,Mao Trạch Đông,Chủ tịch đứng đầu nước Cộng hoà Nhân dân Trung Hoa khi thành lập,đứng đầu là Chủ tich Mao Trạch Đông,0.95,[],lichsu_12_s39_bai3_sec5_001,lichsu_12,Bài 3,1. Sự thành lập nước Cộng hoà Nhân dân Trung Hoa và thành tựu,"[20, 21, 22, 23]","[""data/corpus/lichsu_12/lichsu_12.pdf_20.jpg.txt"", ""data/corpus/lichsu_12/lichsu_12.pdf_21.jpg.txt"", ""data/corpus/lichsu_12/lichsu_12.pdf_22.jpg.txt"", ""data/corpus/lichsu_12/lichsu_12.pdf_23.jpg.txt""]","II - TRUNG QUỐC Trung Quốc là nước rộng thứ ba thế giới (sau Nga và Canađa) với diên tích gần 19,6 triêu km? và dân số đông nhất thế giới với 1,26 tỉ người (2000) 1. Sự thành lập nước Cộng hoà Nhân dân Trung Hoa và thành tựu 10 năm đầu xây dựng chế độ mới (1949 - 1959) Sau khi chiến tranh chống Nhật kết thúc, từ năm 1946 đến năm 1949 ở Trung Quốc đã diễn ra cuộc nội chiến giữa Quốc dân đảng cộng sản Ngày 20 7 1946, Tưởng Giới Thạch phát động cuộc chiến tranh chống Đảng Cộng sản Trung Quốc. Sau g",,,,,
entity,lichsu_12_s14_bai1_sec4_001:e6,Person,Xtalin,Nguyên thủ của Liên Xô tham dự Hội nghị Ianta,Xtalin (Liên Xô),0.95,[],lichsu_12_s14_bai1_sec4_001,lichsu_12,Bài 1,HỘI NGHỊ IANTA (2?1945) VÀ NHỮNG THOẢ THUẬN CỦA BA CƯỜNG QUỐC,"[4, 5, 6]","[""data/corpus/lichsu_12/lichsu_12.pdf_4.jpg.txt"", ""data/corpus/lichsu_12/lichsu_12.pdf_5.jpg.txt"", ""data/corpus/lichsu_12/lichsu_12.pdf_6.jpg.txt""]","đầu môi phe Các quốc gia trên thế giới trong những năm đầu sau chiến tranh dần dần bị phân hoá theo đặc trưng đó Liên hợp quốc ra đời như một công cu duy tri trật tư thế giới mới vừa được hinh thành HỘI NGHỊ IANTA (2?1945) VÀ NHỮNG THOẢ THUẬN CỦA BA CƯỜNG QUỐC Đầu năm 1945, Chiến tranh thế giới thứ hai bước vào giai đoạn kết thúc Nhiều vấn đề quan trong và cấp bách đất ra trước các cường quốc Đồng minh Đó là: 1. Nhanh chóng đánh bai hoàn toàn các nước phát xít , 2. Tổ chức lại thế Nguy giới sau ",,,,,
entity,lichsu_11_s124_bai21_sec7_001:e8,Person,Phan Đình Phùng,người hy sinh ngày 28 - 11 - 1895,Phan Đình Phùng năng và hi sinh ngày 28 -11 - 1895,0.95,[1895],lichsu_11_s124_bai21_sec7_001,lichsu_11,Bài 21,"17 - 10 - 1894, họ giành được tháng loi lớn trong trân phục kích đuc đuang","[132, 133]","[""data/corpus/lichsu_11/lichsu_11.pdf_132.jpg.txt"", ""data/corpus/lichsu_11/lichsu_11.pdf_133.jpg.txt""]","đường tiên quân về tỉnh lị Nghê An, Cao Thắng đã bị trúng dan và hì sinh năm 29 tuổi Đây là một tổn thất lớn của nghĩa quân Trước sức mạnh áp đảo của giác, nghĩa quân vẫn kiên trì chiến đấu, Ngay 17 - 10 - 1894, họ giành được tháng loi lớn trong trân phục kích đuc đuang hàng chục tên giác đã bi tiêu diệt Sau trân đánh này, đôi quân tay sai của Pháp do Nguyễn Thân chỉ huy tiếp tục tổ chức cuộc vây hãm núi Vu Quang. Nghĩa quân bị triết đường tiếp tế, quân số giảm sút nhiều Trong một trân ác chiến,",,,,,
entity,lichsu_10_s222_bai39_sec3_001:e5,Person,V.I. Lê-nin,"lãnh tụ của giai cấp công nhân Nga, đại diện khuynh hướng cách mạng",V.I. Lê-nin - lãnh tụ của giai cấp công nhân Nga,0.95,[],lichsu_10_s222_bai39_sec3_001,lichsu_10,Bài 39,"Vi Lê-nin - lãnh tụ của giai cấp công nhân Nga, đã vạch trần những sai lầm của","[197, 198, 199]","[""data/corpus/lichsu_10/lichsu_10.pdf_197.jpg.txt"", ""data/corpus/lichsu_10/lichsu_10.pdf_198.jpg.txt"", ""data/corpus/lichsu_10/lichsu_10.pdf_199.jpg.txt""]","The chi một tổ chức Quốc tế mới của giai cấp vô sản thế giới tiếp nối nhiệm vụ của Quốc tế thứ nhất, Sau khi C.Mác qua đời (1883), sứ mệnh lãnh đạo phong trào công nhân quốc tế thuộc về Ph.Ang-ghen B Vi Lê-nin - lãnh tụ của giai cấp công nhân Nga, đã vạch trần những sai lầm của chủ nghĩa xét lại và tác hại của nó đối với sự nghiệp của giai cấp công nhân chiến khi kiên quyết đấu tranh để loại trừ ảnh hướng của cơ hội ra khỏi các thiết đảng công nhân Trong những năm đầu thế kỉ XX, cuộc đấu tranh t",,,,,
entity,lichsu_10_s195_001:e8,Person,Ghê-oóc Xi-môn Ôm,nhà bác học người Đức có phát minh về điện,Ghê-oóc Xi-môn Ôm (1789 1854) người Đức,0.9,"[1789, 1854]",lichsu_10_s195_001,lichsu_10,Bài,ĐÊ QUỐC CHỦ NGHĨA,"[167, 168, 169, 170, 171, 172]","[""data/corpus/lichsu_10/lichsu_10.pdf_167.jpg.txt"", ""data/corpus/lichsu_10/lichsu_10.pdf_168.jpg.txt"", ""data/corpus/lichsu_10/lichsu_10.pdf_169.jpg.txt"", ""data/corpus/lichsu_10/lichsu_10.pdf_170.jpg.txt"", ""data/corpus/lichsu_10/lichsu_10.pdf_171.jpg.txt"", ""data/corpus/lichsu_10/lichsu_10.pdf_172.jpg.txt""]","do và người da đen), giai cấp tư sản miền Bắc đã xoá bỏ chế độ nô lệ ở miền Nam, tạo điều kiện cho chủ nghĩa tư bản phát triển ở khu và vực này, Nền kinh tế Mi đã vươn lên mạnh mẽ vào cuối thế kỉ XIX ĐÊ QUỐC CHỦ NGHĨA Cuối thế kỉ XIX ? đầu thế kỉ XX, các nước từ bản Âu Mĩ có những chuyển biến mạnh mẽ trong đời sống kinh tế xã hội, bước sang giai đoạn đế quốc chủ nghĩa. Đặc trong trưng cơ bản của giai đoạn này là sự ra đời của các tổ chức độc quyền và sự bóc lột ngày càng tinh vị đối với nghi nhâ",,,,,
entity,lichsu_10_s145_001:e3,Person,Nguyễn Ánh,"Người lên ngôi vua, lấy hiệu là Gia Long, lập ra nhà Nguyễn vào năm 1802.","Nguyễn Ánh lên ngôi vua, lấy Nguyên hiêu liêu là Gia Long, lập ra nhà Nguyễn",0.95,[1802],lichsu_10_s145_001,lichsu_10,Bài,VĂN HOÁ DƯỚI TRIÊU NGUYÊN,"[123, 125, 126]","[""data/corpus/lichsu_10/lichsu_10.pdf_123.jpg.txt"", ""data/corpus/lichsu_10/lichsu_10.pdf_125.jpg.txt"", ""data/corpus/lichsu_10/lichsu_10.pdf_126.jpg.txt""]","cả ở Đàng Ngoài, Đàng Trong. Nhiều làng có phường tuồng, phường chèo. Bên cạnh đó, phổ biến hàng loạt làn điệu dân ca mang tính địa phương đậm nét như quan họ, hát giặm, hò, vè, lí, si, lượn v.v. VĂN HOÁ DƯỚI TRIÊU NGUYÊN (Nửa đầu thế kỉ XIX) Năm 1802, nhà Nguyễn được thành lập. Trong nửa thế kỉ thống trị, trên một đất nước vừa trải qua nhiều biến động Người lớn, nhà Nguyễn ra sức củng cố quyền thống trị, phục hồi kinh tế, chấn chỉnh văn hoá. Tuy nhiên, trong điều kiện của giai đoạn suy tàn của ",,,,,
entity,lichsu_12_s128_bai12_sec11_001:e8,Person,Phạm Quỳnh,Người đứng đầu nhóm Nam Phong.,Phạm Quynh,0.9,[],lichsu_12_s128_bai12_sec11_001,lichsu_12,Bài 12,"2. Hoạt động của tư sản, tiểu tư sản và công nhân Việt Nam","[79, 80, 81]","[""data/corpus/lichsu_12/lichsu_12.pdf_79.jpg.txt"", ""data/corpus/lichsu_12/lichsu_12.pdf_80.jpg.txt"", ""data/corpus/lichsu_12/lichsu_12.pdf_81.jpg.txt""]","Thái anh dũng hi sinh, song tiếng bom của người thanh niên yêu nước ấy đã nhóm tiếp ngon lửa chiến dấu của nhân dân ta, nhất là trong giới thanh niên Sự kiên đó ""như chim én nhỏ báo hiêu mùa xuân""(1) 2. Hoạt động của tư sản, tiểu tư sản và công nhân Việt Nam Thi Tr Tư sản Viết Nam đã tổ chức cuộc tấy chay tư sản Hoa kiêu, vận đông người Việt Nam ""chí mua hàng của người Viết Nam, ""chấn hưng nôi hoá"", "" bài trừ ngoai hoá"" Năm 1923, địa chủ và tư sản Viết Nam đấu tranh chống độc quyền cảng Sài Gòn,",,,,,
entity,lichsu_12_s148_bai14_sec10_001:e6,Person,Lê Hồng Phong,Người cùng một số đồng chí khác theo chỉ thị của Quốc tế Cộng sản tổ chức Ban lãnh đạo Trung ương của Đảng.,Lê Hông Phong,0.9,[],lichsu_12_s148_bai14_sec10_001,lichsu_12,Bài 14,1. Cuộc đấu tranh phục hồi phong trào cách mạng,"[95, 96, 97]","[""data/corpus/lichsu_12/lichsu_12.pdf_95.jpg.txt"", ""data/corpus/lichsu_12/lichsu_12.pdf_96.jpg.txt"", ""data/corpus/lichsu_12/lichsu_12.pdf_97.jpg.txt""]","công nông và mặt trận dân tốc 19 thống nhất, về tổ chức, lãnh đạo quần chúng đầu tranh. Póoý nghĩa nhu Các chố cuốc lập dươt đầu tiên của Đảng và quân chúng cho Tổng khới nghĩa tháng Tâm sau này L 1. Cuộc đấu tranh phục hồi phong trào cách mạng Cuộc khủng bố của thực dân Pháp đã làm cho lực lương cách mạng bị tổn thất nặng nề Hàng vàn người bị bắt, bị tù đày, Các nhà tò (Hà Nội), Khám Lớn (Sai Gòn), Côn Đảo, Kon Tum, Lao Bào, Sơn La v.v. chính tn, hâu hết Chinh Các uỷ viên Ban Chấp hành Trung ươ",,,,,
entity,lichsu_10_s222_bai39_sec3_001:e4,Person,Ph.Ang-ghen,người lãnh đạo phong trào công nhân quốc tế sau khi C.Mác qua đời,Ph.Ang-ghen,0.95,[],lichsu_10_s222_bai39_sec3_001,lichsu_10,Bài 39,"Vi Lê-nin - lãnh tụ của giai cấp công nhân Nga, đã vạch trần những sai lầm của","[197, 198, 199]","[""data/corpus/lichsu_10/lichsu_10.pdf_197.jpg.txt"", ""data/corpus/lichsu_10/lichsu_10.pdf_198.jpg.txt"", ""data/corpus/lichsu_10/lichsu_10.pdf_199.jpg.txt""]","The chi một tổ chức Quốc tế mới của giai cấp vô sản thế giới tiếp nối nhiệm vụ của Quốc tế thứ nhất, Sau khi C.Mác qua đời (1883), sứ mệnh lãnh đạo phong trào công nhân quốc tế thuộc về Ph.Ang-ghen B Vi Lê-nin - lãnh tụ của giai cấp công nhân Nga, đã vạch trần những sai lầm của chủ nghĩa xét lại và tác hại của nó đối với sự nghiệp của giai cấp công nhân chiến khi kiên quyết đấu tranh để loại trừ ảnh hướng của cơ hội ra khỏi các thiết đảng công nhân Trong những năm đầu thế kỉ XX, cuộc đấu tranh t",,,,,
entity,lichsu_10_s182_001:e9,Person,Lu-i XVI,"Vua Pháp, người triệu tập Hội nghị ba đẳng cấp",Lu-i XVI,0.9,[],lichsu_10_s182_001,lichsu_10,Bài,1. Cách mạng bùng nổ nền quân chủ lập hiến,"[151, 152, 153, 154, 155]","[""data/corpus/lichsu_10/lichsu_10.pdf_151.jpg.txt"", ""data/corpus/lichsu_10/lichsu_10.pdf_152.jpg.txt"", ""data/corpus/lichsu_10/lichsu_10.pdf_153.jpg.txt"", ""data/corpus/lichsu_10/lichsu_10.pdf_154.jpg.txt"", ""data/corpus/lichsu_10/lichsu_10.pdf_155.jpg.txt""]","mâu thuẫn về quyền lợi kinh tế và địa vị chính trị giữa Đẳng cấp thứ ba với đẳng cấp Tăng lữ và Quý tộc, nước Pháp lâm vào cuộc khủng hoảng xã hội sâu sắc, báo hiệu một cuộc cách mạng đang đến gần. 1. Cách mạng bùng nổ nền quân chủ lập hiến Sự khủng hoảng trầm trọng của nền tài chính quốc gia buộc Lu-i XVI phải triệu tập Hội nghị ba đẳng cấp ngày 5 - 5 ? 1789 tại cung điện Véc-xai để đề xuất vấn đề vay tiền và ban hành thêm thuế mới Phản đối ý định ban hành thuế mới của nhà vua, ngày 17-6, đại b",,,,,
entity,lichsu_10_s195_001:e10,Person,Giêmx Prc xcốt Giun,nhà bác học người Anh có phát minh về điện,Giêmx Prc xcốt Giun (1818?1889) người Anh,0.9,"[1818, 1889]",lichsu_10_s195_001,lichsu_10,Bài,ĐÊ QUỐC CHỦ NGHĨA,"[167, 168, 169, 170, 171, 172]","[""data/corpus/lichsu_10/lichsu_10.pdf_167.jpg.txt"", ""data/corpus/lichsu_10/lichsu_10.pdf_168.jpg.txt"", ""data/corpus/lichsu_10/lichsu_10.pdf_169.jpg.txt"", ""data/corpus/lichsu_10/lichsu_10.pdf_170.jpg.txt"", ""data/corpus/lichsu_10/lichsu_10.pdf_171.jpg.txt"", ""data/corpus/lichsu_10/lichsu_10.pdf_172.jpg.txt""]","do và người da đen), giai cấp tư sản miền Bắc đã xoá bỏ chế độ nô lệ ở miền Nam, tạo điều kiện cho chủ nghĩa tư bản phát triển ở khu và vực này, Nền kinh tế Mi đã vươn lên mạnh mẽ vào cuối thế kỉ XIX ĐÊ QUỐC CHỦ NGHĨA Cuối thế kỉ XIX ? đầu thế kỉ XX, các nước từ bản Âu Mĩ có những chuyển biến mạnh mẽ trong đời sống kinh tế xã hội, bước sang giai đoạn đế quốc chủ nghĩa. Đặc trong trưng cơ bản của giai đoạn này là sự ra đời của các tổ chức độc quyền và sự bóc lột ngày càng tinh vị đối với nghi nhâ",,,,,
entity,lichsu_11_s56_bai13_sec2_001:e3,Person,Ru-dơ-ven,Tổng thống Mĩ,Tổng thống Ru-dơ-ven,0.95,[],lichsu_11_s56_bai13_sec2_001,lichsu_11,Bài 13,NHỚI NƯỚC MĨ TRONG NĂM 1918 1929,"[69, 70]","[""data/corpus/lichsu_11/lichsu_11.pdf_69.jpg.txt"", ""data/corpus/lichsu_11/lichsu_11.pdf_70.jpg.txt""]","nặng nề chưa từng thấy trong lịch sử nước Mĩ những năm 1929 - 1933. Chính sách mới của Tổng thống Ru-dơ-ven đã đưa nước Mĩ thoát ra khỏi khủng hoảng và duy trì được sự phát triển của chủ nghĩa tư bản NHỚI NƯỚC MĨ TRONG NĂM 1918 1929 Tình hình kinh tế Chiến tranh thế giới thứ nhất đã đem lại ""những cơ hội vàng"""" cho nước Mi Với nguyên kinh lễ đại mức tăng trưởng cao trong suối những năm trong và sau chiến tranh Mĩ trở thành nước tư bản giàu mạnh nhất Cùng với lợi thể đó, việc cải tiến kí thuật th",,,,,
entity,lichsu_10_s104_001:e7,Person,Trần Quốc Tuấn,"Nhà quân sự thiên tài, Tiết chế, lãnh đạo quân và dân Đại Việt chống giặc",nhà quân sự thiên tài Trần Quốc Tuấn (Trân Hưng Đạo),0.95,[],lichsu_10_s104_001,lichsu_10,Bài,Ở THẾ KỈ XIII,"[96, 98, 99]","[""data/corpus/lichsu_10/lichsu_10.pdf_96.jpg.txt"", ""data/corpus/lichsu_10/lichsu_10.pdf_98.jpg.txt"", ""data/corpus/lichsu_10/lichsu_10.pdf_99.jpg.txt""]","đã chiến đấu anh dũng, đánh tan quân Xâm lược Tống ngay trên vùng Đông Bắc Nhiều tướng giặc bị bắt Nhà Tống buộc phải rút quân, bỏ mộng xâm lược nước ta, Quan hệ Việt - Tổng trở lại bình thường. B Ở THẾ KỈ XIII Dưới thời Trần, nhân dân Đại Việt phải đương đầu với một thử thách hiểm nghèo : trong vòng 30 năm phải tiến hàng chiến chống quân xâm Lược Mông - Nguyên hung bạo (1258, 1285, 1288) Di thười sự lãnh đạo của các vị vua Trân Thái Lông, Trân Thánh Tông, Trân Nam Nhân Tông, Thái sư Trần Thủ Độ",,,,,
entity,lichsu_12_s128_bai12_sec11_001:e10,Person,Nguyễn Văn Vĩnh,Người đứng đầu nhóm Trung Bắc tân văn.,Nguyên Văn Vinh,0.9,[],lichsu_12_s128_bai12_sec11_001,lichsu_12,Bài 12,"2. Hoạt động của tư sản, tiểu tư sản và công nhân Việt Nam","[79, 80, 81]","[""data/corpus/lichsu_12/lichsu_12.pdf_79.jpg.txt"", ""data/corpus/lichsu_12/lichsu_12.pdf_80.jpg.txt"", ""data/corpus/lichsu_12/lichsu_12.pdf_81.jpg.txt""]","Thái anh dũng hi sinh, song tiếng bom của người thanh niên yêu nước ấy đã nhóm tiếp ngon lửa chiến dấu của nhân dân ta, nhất là trong giới thanh niên Sự kiên đó ""như chim én nhỏ báo hiêu mùa xuân""(1) 2. Hoạt động của tư sản, tiểu tư sản và công nhân Việt Nam Thi Tr Tư sản Viết Nam đã tổ chức cuộc tấy chay tư sản Hoa kiêu, vận đông người Việt Nam ""chí mua hàng của người Viết Nam, ""chấn hưng nôi hoá"", "" bài trừ ngoai hoá"" Năm 1923, địa chủ và tư sản Viết Nam đấu tranh chống độc quyền cảng Sài Gòn,",,,,,
entity,lichsu_12_s99_bai9_sec6_002:e7,Person,G. Busơ (cha),Một trong hai nhà lãnh đạo tuyên bố chấm dứt Chiến tranh lạnh,G. Busơ (cha),0.95,[],lichsu_12_s99_bai9_sec6_002,lichsu_12,Bài 9,VÀ THI - XU THẾ HOÀ HOÁN ĐÔNG - TÂY VÀ CHIẾN TRANH LẠNH CHÂM DỨT,"[61, 62, 63, 64]","[""data/corpus/lichsu_12/lichsu_12.pdf_61.jpg.txt"", ""data/corpus/lichsu_12/lichsu_12.pdf_62.jpg.txt"", ""data/corpus/lichsu_12/lichsu_12.pdf_63.jpg.txt"", ""data/corpus/lichsu_12/lichsu_12.pdf_64.jpg.txt""]",". vũ khí tiền công chiến lược Cùng với các sự kiên trên, từ đầu những năm 70, hai siêu cường Xô - Mi đã tiến hành những cuộc gáp cấp cao, nhất là từ khi M. Goócbachốp lên cầm quyền ở Liên Xô năm 1985. Nhiều văn kiên hợp tác về kinh tế và khoa học - kĩ thuật đã được kí kết giữa hai nước, nhưng trong tâm là những thoả thuận về việc thủ tiêu các then lửa tầm trung ở châu Âu, cất giảm vũ khí chiến lược cũng như hạn chế cuộc chay đua vũ trang giữa hai nước. Tháng 12 ? 1989, trong cuộc gắp không chính",,,,,
entity,lichsu_10_s217_001:e2,Person,Áng-ghen,"Người có những quan điểm triết học, kinh tế, chính trị học và chủ nghĩa xã hội khoa học.","những tác phẩm của Mác và Áng-ghen cho thấy chiến thi sự chín muồi về những quan điểm triết học, kinh tế ? chính trị học và chủ nghĩa xã hội khoa học, từng bước hình thuyết Mác.",0.95,[],lichsu_10_s217_001,lichsu_10,Bài,1. Hoàn cảnh ra đời,"[188, 189, 192]","[""data/corpus/lichsu_10/lichsu_10.pdf_188.jpg.txt"", ""data/corpus/lichsu_10/lichsu_10.pdf_189.jpg.txt"", ""data/corpus/lichsu_10/lichsu_10.pdf_192.jpg.txt""]","1844 đến năm 1847, những tác phẩm của Mác và Áng-ghen cho thấy chiến thi sự chín muồi về những quan điểm triết học, kinh tế ? chính trị học và chủ nghĩa xã hội khoa học, từng bước hình thuyết Mác. B 1. Hoàn cảnh ra đời Giữa thế kỉ XIX, sự phát triển mạnh mẽ của nền đại công nghiệp tư bản chủ nghĩa làm cho đội ngũ công nhân càng thêm đông đảo và tập trung tới mức độ khá cao, đặc biệt ở những trung tâm công nghiệp. Ach áp bức, bóc lột đối với công nhân cũng tăng thêm, Do đó, những cuộc đấu tranh m",,,,,
entity,lichsu_11_s105_bai19_sec6_001:e8,Person,Trương Cầm,"Cha của Trương Định, giữ chức Lãnh binh",Lãnh binh Trương Cầm,0.9,[],lichsu_11_s105_bai19_sec6_001,lichsu_11,Bài 19,THI CUỘC KHÁNG CHIẾN CỦA NHÁN DÂN NAM KI SAU HIẾP ĐỚC 1862,"[109, 110, 111, 112, 113, 114]","[""data/corpus/lichsu_11/lichsu_11.pdf_109.jpg.txt"", ""data/corpus/lichsu_11/lichsu_11.pdf_110.jpg.txt"", ""data/corpus/lichsu_11/lichsu_11.pdf_111.jpg.txt"", ""data/corpus/lichsu_11/lichsu_11.pdf_112.jpg.txt"", ""data/corpus/lichsu_11/lichsu_11.pdf_113.jpg.txt"", ""data/corpus/lichsu_11/lichsu_11.pdf_114.jpg.txt""]","Long sẽ được trả lại cho triều đình Huế khi nào triều đình chấm dút được các hoạt động chống Pháp ở ba tỉnh miền Đông Hiệp ước Nhâm Tuất giữa Pháp và triều đình Huế (5 -66 1862) được kí kết trong THI CUỘC KHÁNG CHIẾN CỦA NHÁN DÂN NAM KI SAU HIẾP ĐỚC 1862 1 Nhân dân ba tỉnh miền Đông tiếp tục kháng chiến sau Hiệp ước 1862 Thực hiên những điều đã cam kết với Pháp trong Hiệp ước 1862, triều đình Huế Thi Tra lênh giải lan nghĩa binh chống Pháp ở các tính Gia Định, Định Tường, Biên Hoà Mộc dù vây, ph",,,,,
entity,lichsu_12_s170_bai16_sec12_002:e10,Person,Hồ Chí Minh,Người ra chỉ thị thành lập Đội Việt Nam Tuyên truyền Giải phóng quân,Hồ Chí Minh,0.95,[],lichsu_12_s170_bai16_sec12_002,lichsu_12,Bài 16,11 - 1940 chủ trương xây dựng thành căn cứ địa cách mang - sau khi về,"[109, 110, 111, 112]","[""data/corpus/lichsu_12/lichsu_12.pdf_109.jpg.txt"", ""data/corpus/lichsu_12/lichsu_12.pdf_110.jpg.txt"", ""data/corpus/lichsu_12/lichsu_12.pdf_111.jpg.txt"", ""data/corpus/lichsu_12/lichsu_12.pdf_112.jpg.txt""]","vũ trang, gây dựng cơ sở chính trị, mở rông khu căn cứ, Trong quá trình đó, Trung đội Cứu quốc quân III ra đòi (25 - 2 - 1944). Ở căn cứ Cao Bàng, những đôi tự về vũ trang, đội du kích được thành lập. Năm 1943, Ban Việt Minh liên tỉnh Cao - Bắc - Lang lập ra 19 ban ?Xung phong Nam tiến"" để liên lạc với cần cứ địa Bắc Sơn - Võ Nhai và phát triển lực lương xuống các tỉnh miền xuôi Ngày 7 - 5 - 1944, Tổng bô Việt Minh ra chỉ thị cho các cấp 'Sửa soạn khởi nghĩa? và ngày 10 - 8 ? 1944, Trung ương Đả",,,,,
entity,lichsu_10_s70_002:e6,Person,Triệu Đà,Người đã xâm lược Âu Lạc,Triệu Đà,0.95,[],lichsu_10_s70_002,lichsu_10,Bài,1. Quốc gia Văn Lang ? Au Lạc,"[74, 75, 76]","[""data/corpus/lichsu_10/lichsu_10.pdf_74.jpg.txt"", ""data/corpus/lichsu_10/lichsu_10.pdf_75.jpg.txt"", ""data/corpus/lichsu_10/lichsu_10.pdf_76.jpg.txt""]","i quản. Kinh đô của nước Au Lạc đặt ở Cổ Loa (Đông Anh, Hà Nội)(1) Hinh 31 - Một đoạn thành Ngoại Cổ Loa (1) Về kinh đô của nước Văn Lang, có nhiều sách viết khác nhau : Văn Lang, Phong Châu Bạch Hạc. Thi chi nhà nước Âu Lạc được mở rộng hơn về mặt lãnh thổ, hoàn chỉnh hơn về tổ nhưng chức so với nhà nước Văn Lang (có quân đội mạnh, vũ khí tốt, đặc biệt có thành Cổ Loa kiên cố, vững chắc), Nhờ vậy, nhiều lần nhân dân Âu Lạc đã đánh bại các cuộc xâm lược của Triệu Đà Trong xã hội Văn Lang ? Ấu Lạ",,,,,
entity,lichsu_10_s19_bai4_sec3_001:e2,Place,Rô-ma,"Một quốc gia nằm trên bờ Bắc Địa Trung Hải, bao gồm bán đảo và nhiều đảo nhỏ.",Rô-ma,0.95,[],lichsu_10_s19_bai4_sec3_001,lichsu_10,Bài 4,PHƯƠNG TÂY - HI LẠP VÀ RỐ-MA,"[12, 13, 20]","[""data/corpus/lichsu_10/lichsu_10.pdf_12.jpg.txt"", ""data/corpus/lichsu_10/lichsu_10.pdf_13.jpg.txt"", ""data/corpus/lichsu_10/lichsu_10.pdf_20.jpg.txt""]","nuôi giang chiến súc, làm đồ gốm và dệt vải để đáp ứng nhu cầu hằng ngày của mình. Họ tiến then hành trao đổi sản phẩm giữa vùng này với vùng khác, Đó là những ngành kinh tế bổ trợ cho nghề nông B PHƯƠNG TÂY - HI LẠP VÀ RỐ-MA Nằm trên bờ Bắc Địa Trung Hải, Hi Lạp và Rô-ma bao gồm bán đảo và nhiều đảo nhỏ. Địa Trung Hải giống như một cái hồ rất lớn, tạo nên sự giao thông thuận lợi giữa các nước với nhau ; do đó, từ rất sớm đã có những hoạt động hàng hải, ngư nghiệp và thương nghiệp biển, Trên cơ ",,,,,
entity,lichsu_12_s112_bai11_sec3_001:e2,Place,Việt Nam,quốc gia nằm trong xu thế chung của toàn cầu hóa,Viết Nam cũng năm trong xu thế chung đó,0.95,[],lichsu_12_s112_bai11_sec3_001,lichsu_12,Bài 11,TU NĂM 1945 ĐẾN NĂM 2000,"[69, 70, 71]","[""data/corpus/lichsu_12/lichsu_12.pdf_69.jpg.txt"", ""data/corpus/lichsu_12/lichsu_12.pdf_70.jpg.txt"", ""data/corpus/lichsu_12/lichsu_12.pdf_71.jpg.txt""]","quốc gia v.v. Như thế, toàn cầu hoá là thời cơ lịch sử, là cơ hội rất to lớn cho các nước phát triển mạnh mẽ, đồng thời cũng tao ra những thách thức to lớn. Viết Nam cũng năm trong xu thế chung đó. TU NĂM 1945 ĐẾN NĂM 2000 Chiên tranh thế giới thứ hai kết thúc đã mở ra một giai đoạn mới của tích sử thế giới hiên đại Trong lịch sử thế giới, hiếm có giai đoan nào như giai đoan nưa sau thế kí XX mà loài người vừa mới trải qua Chí trong vòng nửa thế ki, tỉnh hình thế giới đã thật sôi đông với bao di",,,,,
entity,lichsu_12_s285_bai23_sec12_004:e8,Place,Châu Đốc,Tỉnh cuối cùng được giải phóng,Châu Đốc,0.95,[],lichsu_12_s285_bai23_sec12_004,lichsu_12,Bài 23,2. Cuộc Tổng tiến công và nối dậy Xuân 1975,"[192, 193, 194, 195, 196]","[""data/corpus/lichsu_12/lichsu_12.pdf_192.jpg.txt"", ""data/corpus/lichsu_12/lichsu_12.pdf_193.jpg.txt"", ""data/corpus/lichsu_12/lichsu_12.pdf_194.jpg.txt"", ""data/corpus/lichsu_12/lichsu_12.pdf_195.jpg.txt"", ""data/corpus/lichsu_12/lichsu_12.pdf_196.jpg.txt""]","ng thống ngày 28 ? 4, đã phải tuyên bố đầu hàng không điều kiên. Đến 11 giơ 30 phút cùng ngày là cờ cách mạng tung bay trên nóc Dinh Độc Lập, báo hiêu sư toàn tháng của chiến dịch Hồ Chí Minh lích sử. Sau khi giải phông Sài Gòn, lực lương vũ trang và nhân dân các tỉnh còn lại thờ miền Nam thừa thắng nhất lề đứng lên tiến công và nổi dây, theo phương thức thu người ""xã giái phóng xã, huyên giải phóng huyên, tỉnh giải phóng tỉnh"" Đến ngày 2-55 Châu Đốc là tỉnh cuối cùng được giái phóng Đảng ta đã ",,,,,
entity,lichsu_12_s230_bai20_sec10_003:e4,Place,Campuchia,một trong ba nước Đông Dương,Campuchia,0.9,[],lichsu_12_s230_bai20_sec10_003,lichsu_12,Bài 20,HOÀ BÌNH Ở ĐỒNG DƯƠNG,"[151, 152, 153, 154, 155]","[""data/corpus/lichsu_12/lichsu_12.pdf_151.jpg.txt"", ""data/corpus/lichsu_12/lichsu_12.pdf_152.jpg.txt"", ""data/corpus/lichsu_12/lichsu_12.pdf_153.jpg.txt"", ""data/corpus/lichsu_12/lichsu_12.pdf_154.jpg.txt"", ""data/corpus/lichsu_12/lichsu_12.pdf_155.jpg.txt""]","dinh Gionevơ Chinh Hiệp đinh Giơnevơ năm 1954 về Đông Dương bao gôm các văn bản - Hiệp đinh đình chỉ chiến sự ở Việt Nam, Lào, Campuchia , Bản tuyên bố cuối cùng của Hội nghị và các phụ bản khác v.v. Nôi dung Hiếp đinh Giơnevơ quy đinh - Các nước tham dự Hội nghi cam kết tôn trong các quyền dân tộc cơ bản là độc Thiếng lập, chủ quyền, thống nhất và toàn ven lãnh thổ của ba nước Viết Nam, Lào, Campuchia , cam kết không can thiệp vào công việc nôi bô của ba nước - Các bên tham chiến thưc hiên ngừn",,,,,
entity,lichsu_10_s97_002:e9,Place,Huê Cầu,"làng chuyên làm nghề thủ công, thuộc Hưng Yên",Huê Cầu (Hưng Yên),0.9,[],lichsu_10_s97_002,lichsu_10,Bài,"1. Mở rộng, phát triển nông nghiệp","[91, 92, 93]","[""data/corpus/lichsu_10/lichsu_10.pdf_91.jpg.txt"", ""data/corpus/lichsu_10/lichsu_10.pdf_92.jpg.txt"", ""data/corpus/lichsu_10/lichsu_10.pdf_93.jpg.txt""]","hiều cây lương thực khác như săn, 19 khoai, đậu, kê và các loại cây ăn quả như cam, quýt, chuối, nùng một số cây công nghiệp như bông, dâu.. Nhiều vườn rau được hình thành xung quanh các khu đông dân. Mùa màng the thiết tươi, nhân dân đủ ăn, đủ mặc, đã khiến các nhà thơ ngợi ca: Đứng mãi nào hay ngày đã tận, Khắp đồng lúa tốt tựa máy xanh. (Bùi Tông Quán, bản dịch) Hoặc nhân dân thời Lê có câu: Đời vua Thái Tổ, Thái Tông, Thóc lúa đầy đồng, trâu chẳng huồn ăn B Nhà nước và nhân dân đại làm gì để",,,,,
entity,lichsu_10_s59_001:e10,Place,Hoàng Hà,nơi xã hội có giai cấp ra đời sau sông Nin và Lưỡng Hà,Hoàng Hà (Trung Quốc),0.95,[],lichsu_10_s59_001,lichsu_10,Bài,2. Xã hội cổ đại,"[66, 67]","[""data/corpus/lichsu_10/lichsu_10.pdf_66.jpg.txt"", ""data/corpus/lichsu_10/lichsu_10.pdf_67.jpg.txt""]","nhưng chưa có sự thu thu áp bức và cưỡng ép, tư hữu và bóc lột. Song xã hội nguyên thuỷ còn ở trình độ quá thấp nên loài người phải vượt qua một chặng đường dài để tiến tới ngưỡng cửa của văn minh 2. Xã hội cổ đại a) Phương Đông cổ đại Khoảng 6000 năm trước đây, người nông dân đà bắa trên ruộng ở vùng ven sông Nin và Lưỡng Hà Thiến người ta đã có được những điều kiên thuận lợi ở đây: đất ven sông phì nhiêu và nhưng và dễ cày bừa , mùa nước lên xuống hàng năm ổn định, tiện việc gieo trồng và thi ",,,,,
entity,lichsu_12_s215_bai19_sec6_001:e4,Place,Chiêm Hoa - Tuyên Quang,Địa điểm diễn ra Đại hội đại biểu lần thứ II của Đảng Cộng Sản Đông Dương.,Chiêm Hoa - Tuyên Quang,0.9,[],lichsu_12_s215_bai19_sec6_001,lichsu_12,Bài 19,II ĐẠI HỘI ĐẠI BIỂU LẦN THỨ II CỦA ĐẢNG (2?1951),"[139, 140, 141]","[""data/corpus/lichsu_12/lichsu_12.pdf_139.jpg.txt"", ""data/corpus/lichsu_12/lichsu_12.pdf_140.jpg.txt"", ""data/corpus/lichsu_12/lichsu_12.pdf_141.jpg.txt""]","tí phrăng ngân sách. Các phái đoàn viên trơ kinh tế, cổ văn quân sự Mĩ đến Việt Nam ngày càng nhiều Các trung tâm và các trường huấn luyên của Mĩ bắt đầu tuyển chon, đưa người Việt Nam sang học ở Mĩ II ĐẠI HỘI ĐẠI BIỂU LẦN THỨ II CỦA ĐẢNG (2?1951) Từ ngày 11 đến ngày 19 ? 2 - 1951, Đại hôi đại biểu lần thứ II của Đảng Cộng Sản Đông Dương họp ở xã Vinh Quang (Chiêm Hoa - Tuyên Quang) Đại hội thông qua hai báo cáo quan trọng Bao cáo chính tri, do Chủ tịch Hô Chí Minh trình bày, đã lông kết kinh ng",,,,,
entity,lichsu_11_s19_bai5_sec8_002:e4,Place,Mặt trận phía Tây,Nơi Đức chuyển trọng tâm hoạt động,Mặt trận phía Tây,0.95,[],lichsu_11_s19_bai5_sec8_002,lichsu_11,Bài 5,HI DIÊN BIẾN CỦA CHIẾN TRANH,"[32, 33]","[""data/corpus/lichsu_11/lichsu_11.pdf_32.jpg.txt"", ""data/corpus/lichsu_11/lichsu_11.pdf_33.jpg.txt""]","h tế bi ảnh hưởng nghiêm trọng Năm 1916, không tiêu diệt được quân Nga, Đức lại chuyển trọng tâm hoạt đông về Mặt trân phía Tây, mở chiến dịch tấn công Véc-đoong, hòng tiêu diệt quân chủ lực của Pháp. Chiến sự ở đây diễn ra hết sức quyết liêt, kéo dài từ tháng 2 đến tháng",,,,,
entity,lichsu_12_s172_bai16_sec14_002:e2,Place,Cao - Bắc - Lạng,khu căn cứ địa Cao - Bắc - Lạng,khu căn cứ địa Cao - Bắc - Lạng,0.95,[],lichsu_12_s172_bai16_sec14_002,lichsu_12,Bài 16,1. Khởi nghĩa từng phần (từ tháng 3 đến giữa tháng 8 ? 1945),"[110, 111, 112, 113, 114]","[""data/corpus/lichsu_12/lichsu_12.pdf_110.jpg.txt"", ""data/corpus/lichsu_12/lichsu_12.pdf_111.jpg.txt"", ""data/corpus/lichsu_12/lichsu_12.pdf_112.jpg.txt"", ""data/corpus/lichsu_12/lichsu_12.pdf_113.jpg.txt"", ""data/corpus/lichsu_12/lichsu_12.pdf_114.jpg.txt""]","g chi thuy du kích và săn sàng chuyển qua hình thức tổng khơi nghĩa khi có điều kiên Hiện Hôi nghi quyết đinh "" phát đông một cao trào kháng Nhật cứu nước manh mễ làm tiền đề cho cuộc tổng khởi nghĩa? Ở khu căn cứ địa Cao - Bắc - Lạng, Việt Nam Tuyên truyền Giải phóng quân và và Cứu quốc quân phối hợp với lực lương chính tri của quần chúng giải phóng hàng Nhiều loạt xã, châu, huyên Tai những nơi này, chính quyền cách mạng được thành lập các hội Cứu quốc được cùng cổ và phát triển Ở Bắc Kì và Bắc",,,,,
entity,lichsu_11_s84_bai17_sec7_002:e10,Place,Ru-ma-ni,Một trong các nước trở thành cứư hầu của Đức và bị quân Đức chiếm đóng,Ru-ma-ni,0.95,[],lichsu_11_s84_bai17_sec7_002,lichsu_11,Bài 17,Ở CHÂU ÂU (TỪ THÁNG 9 1939 ĐẾN THÁNG 6 - 1941),"[92, 93, 94]","[""data/corpus/lichsu_11/lichsu_11.pdf_92.jpg.txt"", ""data/corpus/lichsu_11/lichsu_11.pdf_93.jpg.txt"", ""data/corpus/lichsu_11/lichsu_11.pdf_94.jpg.txt""]","2 Phe phát xít bành trướng ở Đông và Nam Âu (từ tháng 9 1940 dến tháng 6 1941) Tháng 9 - 1940, nhàm củng cố khối liên minh phát xít, Hiệp ước Tam cường Đức Ita Iia - Nhật Bản được kí kết tại Béc-lin. Hiệp ước quy đình, nếu một trong ba nước bị đối phương tấn công thì hai nước kia phải lập tức trợ giúp nước đó về mọi mặt, công khai về việc phân chia thế giới: Đức, I-ta-li-a ở châu Âu, Nhật Bản ở Viễn Đông Từ tháng 10 - 1940, Hít-le chuyển sang thôn tính các nước Đông và Nam châu Âu, Các nước Ru-m",,,,,
entity,lichsu_10_s156_001:e3,Place,cầu,"nơi có thây thối bên cầu, được nhắc đến trong bài thơ đương thời",Thây thối bên cầu,0.8,[],lichsu_10_s156_001,lichsu_10,Bài,VÀ GIỮ NƯỚC,"[130, 131, 133]","[""data/corpus/lichsu_10/lichsu_10.pdf_130.jpg.txt"", ""data/corpus/lichsu_10/lichsu_10.pdf_131.jpg.txt"", ""data/corpus/lichsu_10/lichsu_10.pdf_133.jpg.txt""]","dân, hàng ngàn người chết: Có năm nạn dịch lan tràn làm hàng chục vạn người chết. người Một bài về đương thời có câu Xác đầy nghĩa địa Thây thối bên cầu Trời ảm đạm u sầu Cảnh hoang tàn đói rét. B VÀ GIỮ NƯỚC Từ buổi đầu dựng nước Văn Lang ? Âu Lạc cho đến giữa thế kỉ XIX, dân tộc Việt Nam đã trải qua một quá trình và lao động và chiến đấu đầy hi sinh, gian khổ nhưng hết sức kiên cường, anh dũng, sáng tạo để xây dựng đất nước và bảo vệ vững chắc nền độc lập và thống nhất của Tổ quốc.",,,,,
entity,lichsu_12_s29_bai2_sec10_001:e3,Place,Việt Nam,Việt Nam được kết nạp vào Hội đồng tương trợ kinh tế năm 1978.,Việt Nam (1978),0.95,[1978],lichsu_12_s29_bai2_sec10_001,lichsu_12,Bài 2,"Vi Sau này, Hội đồng tương trợ kinh tế kết nạp thêm Mông Có (1962) và Việt Nam (1978)","[13, 14]","[""data/corpus/lichsu_12/lichsu_12.pdf_13.jpg.txt"", ""data/corpus/lichsu_12/lichsu_12.pdf_14.jpg.txt""]","nước thành viên năm 1973 tăng 5,7 lần so với năm"" 1950 Liên Xô giữ vai trò quyết định trong khối SEV Từ năm 1949 đến năm 1970, Liên Xô đã viên trơ không hoàn lai cho các nước thành viên tới 20 tỉ rúp Vi Sau này, Hội đồng tương trợ kinh tế kết nạp thêm Mông Có (1962) và Việt Nam (1978) Thuy nhiên, Hội đông tương trơ kinh tế cũng bóc lô một số thiêu sót như - không nghi phoà nhập với đời sống kinh tế thế giới, chưa coi trong đây đủ việc áp dung những chiến thiến bộ của khoa học và công nghê, sư hợ",,,,,
entity,lichsu_10_s54_bai11_sec3_002:e4,Place,Li-xbon,Nơi Va-xcô đơ Ga-ma trở về và được phong làm Phó vương Ấn Độ.,Trở về Li-xbon,0.95,[],lichsu_10_s54_bai11_sec3_002,lichsu_10,Bài 11,1. Những cuộc phát kiến địa lĩ,"[60, 61, 62]","[""data/corpus/lichsu_10/lichsu_10.pdf_60.jpg.txt"", ""data/corpus/lichsu_10/lichsu_10.pdf_61.jpg.txt"", ""data/corpus/lichsu_10/lichsu_10.pdf_62.jpg.txt""]","sở huyền thoại của hương liệu và vàng Ở phương Đông, Tháng 5 ? 1498, ông đã đến Ca-li-cút thuộc bờ Tây Nam Ấn Độ Trở về Li xbon, Va xcô đơ Ga ma được phong làm Phó vương Ấn Độ Ph. Ma-gien-lan (1480 ? 1521) là người đã thực hiện chuyến đò đầu tiên vòng quanh thế giới bằng đường biển từ năm 1519 đến năm 1522, Đoàn tàu của ông đi và vòng qua điểm cực Nam của Nam Mĩ (sau này được gọi là eo biển Ma-gien-lan) tiến vào đại dương, mà ông đặt tên là Thái Bình Dương, Tại Phi-líp pin, ông bị và thiệt mạng ",,,,,
entity,lichsu_11_s67_bai15_sec2_001:e8,Place,Bắc Kinh,nơi diễn ra cuộc biểu tình mở đầu phong trào Ngũ tứ,"học sinh, sinh viên yêu nước Bắc Kinh",0.8,[],lichsu_11_s67_bai15_sec2_001,lichsu_11,Bài 15,PHONG TRÀO CÁCH MẠNG QUỐC (1919 - 1939),"[79, 80]","[""data/corpus/lichsu_11/lichsu_11.pdf_79.jpg.txt"", ""data/corpus/lichsu_11/lichsu_11.pdf_80.jpg.txt""]","phong trào Ngũ tứ đã mở đầu thời kì cách mạng dân chủ mới. Ở Ân Độ, Đảng Quốc đại, dứng đầu là Ma-hát-ma Gan-đi, đã lãnh đạo phong trào giải phóng dân tộc theo đường lối bất bạo động, bất hợp tác. PHONG TRÀO CÁCH MẠNG QUỐC (1919 - 1939) Phong trào Ngũ tứ và sự thành lập Đảng Cộng Sản Trung Quốc Phong trào Ngũ tứ bùng nổ ngày 4 - 5 - 1919, nhàm phản đối âm mưu xâu xé Trung Quốc của các nước để quốc, Mở đầu phong trào là cuộc biểu tình của 3 000 học sinh, sinh viên yêu nước Bắc Kinh tai Quảng trườ",,,,,
entity,lichsu_12_s42_bai4_sec1_001:e1,Place,Trung Quốc,Quốc gia đã thu hồi chủ quyền đối với Hồng Kông và Ma Cao,Trung Quốc đã thu hồi chú quyền đối với Hông Công,0.95,[],lichsu_12_s42_bai4_sec1_001,lichsu_12,Bài 4,Bài 4,"[23, 24, 25]","[""data/corpus/lichsu_12/lichsu_12.pdf_23.jpg.txt"", ""data/corpus/lichsu_12/lichsu_12.pdf_24.jpg.txt"", ""data/corpus/lichsu_12/lichsu_12.pdf_25.jpg.txt""]","giao Trung Quốc đã thu hồi chú quyền đối với Hông Công (7 - 1997) và Ma Cao (12 ? 1999), Đài Loan là một bộ phận lãnh thổ của Trung Quốc, nhưng đến nay vẫn nằm ngoài sự kiểm soát của nước này Us Bài 4 CÁC NƯỚC ĐÔNG NAM VÀ VÀ VÀ VÀ VÀ VÀ VÀ VÀ VÀ VÀ VÀ VÀ VÀ VÀ VÀ VÀ VÀ VÀ VÀ VÀ VÀ VÀ VÀ VÀ VÀ VÀ VÀ VÀ VÀ VÀ VÀ VÀ VÀ VÀ VÀ VÀ VÀ Sau Chiến tranh thế giới thứ hai, tỉnh hình chính tế, xã hôi ở khu vực Đông Nam Á và Nam A có sư thay đối sâu sắc các nước trong khu vực đã giành được độc lập và bước vào",,,,,
entity,lichsu_11_s105_bai19_sec6_002:e1,Place,Tân Hoà,Nơi Trương Định hoạt động và là căn cứ trung tâm của phong trào kháng chiến.,uân về hoạt động ở Tân Hoà (Gò Công),0.9,[],lichsu_11_s105_bai19_sec6_002,lichsu_11,Bài 19,THI CUỘC KHÁNG CHIẾN CỦA NHÁN DÂN NAM KI SAU HIẾP ĐỚC 1862,"[109, 110, 111, 112, 113, 114]","[""data/corpus/lichsu_11/lichsu_11.pdf_109.jpg.txt"", ""data/corpus/lichsu_11/lichsu_11.pdf_110.jpg.txt"", ""data/corpus/lichsu_11/lichsu_11.pdf_111.jpg.txt"", ""data/corpus/lichsu_11/lichsu_11.pdf_112.jpg.txt"", ""data/corpus/lichsu_11/lichsu_11.pdf_113.jpg.txt"", ""data/corpus/lichsu_11/lichsu_11.pdf_114.jpg.txt""]","uân về hoạt động ở Tân Hoà (Gò Công), quyết tâm chiến đấu lâu dai Sau Hiệp ước 1862, triều đình ha lênh cho Trương Đình phải bãi binh, mặt khác điều ông di nhận chức Lãnh binh ở An Giang, rồi Phú Yên. Nhưng được sự ủng hội 19 thi của nhân dân, ông đã chông lênh triều đình, quyết lâm ở lại kháng chiến Phát cao (1) Bỏ đi nơi khác sống, không các với Pháp Nguyên lá cờ ""Bình Tây Đại nguyên soái"", hoạt đông của nghĩa quân đã củng cổ niêm tinh của dân chúng, khiến bọn cướp nước và bán nước phải run so",,,,,
entity,lichsu_10_s191_bai33_sec4_001:e2,Place,Béc-lin,"trung tâm chế tạo máy móc, nơi số công nhân tăng nhanh chóng","riêng ở Béc-lin, chỉ trong 10 năm (1849 ? 1859), số công nhân tăng từ 5 vạn lên 18 vạn. Béc lin trở thành trung tâm chế tạo máy móc.",0.9,"[1849, 1859]",lichsu_10_s191_bai33_sec4_001,lichsu_10,Bài 33,1. Cuộc đấu tranh thống nhất nước Đức,"[163, 164]","[""data/corpus/lichsu_10/lichsu_10.pdf_163.jpg.txt"", ""data/corpus/lichsu_10/lichsu_10.pdf_164.jpg.txt""]","sản diễn ra dưới những hình thức khác nhau ở châu Âu và Bắc Mĩ. Điều này đã khắng định sự toàn thắng của phương thức sản xuất tư bản chủ nghĩa, tạo điều kiện cho chủ nghĩa tư bản phát triển mạnh mẽ. 1. Cuộc đấu tranh thống nhất nước Đức Đến giữa thế kỉ xix, kinh tế tư bản chủ nghĩa ở Đức phát triển nhanh chóng ;ừ một nước nông nghiệp, Đức trở thành nước công nghiệp. Sự phát triển mạnh mẽ của công nghiệp làm cho đội ngũ công nhân tăng nhanh ; riêng ở Béc-lin, chỉ trong 10 năm (1849 ? 1859), số cô",,,,,
entity,lichsu_12_s88_bai8_sec2_002:e6,Place,Nhật Bản,Quốc gia khôi phục kinh tế và kí kết Hiệp ước hòa bình Xan Phranxiscô,Nhật Bản đã khôi phục kinh tế,0.95,[],lichsu_12_s88_bai8_sec2_002,lichsu_12,Bài 8,NHẬT BẢN TỪ NĂM 1945 ĐẾN NĂM 1952,"[52, 53]","[""data/corpus/lichsu_12/lichsu_12.pdf_52.jpg.txt"", ""data/corpus/lichsu_12/lichsu_12.pdf_53.jpg.txt""]","ỉ có lực lương phòng về dân sự bảo đảm an ninh, trong nước Về kinh tế, SCAP đã thực hiên ba cuộc cải cách lớn : một là, thủ tiêu chế độ tập thu nghi trung kinh tế, trước hết là giải lán các ""Daibatxu? (lức là các tập đoàn, công ti lung nhi bản lũng đoạn còn mang nhiều tính chất dòng tộc), hai là, cải cách ruộng đất, quy đinh địa chủ chỉ được sở hữu không quá 3 hécta ruộng, số còn lại Chính phủ đem nguy nha bán cho nông dân , ba là, dân chủ hoá lao đông (thông qua việc thực hiên các dao luật về l",,,,,
entity,lichsu_12_s224_bai20_sec4_001:e5,Place,Đông Dương,Khu vực diễn ra chiến tranh và các hoạt động quân sự,Đông Dương,0.95,[],lichsu_12_s224_bai20_sec4_001,lichsu_12,Bài 20,- ÂM MƯU MỚI CỦA PHÁP ? MĨ Ở ĐÔNG DƯƠNG : KẾ HOẠCH NAVA,"[145, 146]","[""data/corpus/lichsu_12/lichsu_12.pdf_145.jpg.txt"", ""data/corpus/lichsu_12/lichsu_12.pdf_146.jpg.txt""]","chiến lược Đông - Xuân 1953 1954 với Đinh cao là chiến dịch Điên Biên Phủ Chiến Tiắn Phủ đã buộc thực dân Pháp kí Hiệp định Giơnevo năm 1954 về chấm dút chiến tranh, lập lai hoà bình ở Đông Dương - ÂM MƯU MỚI CỦA PHÁP ? MĨ Ở ĐÔNG DƯƠNG : KẾ HOẠCH NAVA Trải qua 8 năm tiến hành chiến tranh xâm lược Việt Nam, thực dân Pháp thiệt hại ngày cang năng nề, Đến năm 1953, Pháp bị loại khỏi vòng chiến đấu nhơn 39 van quân, tiêu tốn hơn 2.000 tỉ phrăng Vùng của Pháp bi thu hep Quân Pháp trên chiến trường ng",,,,,
entity,lichsu_11_s120_bai21_sec3_001:e8,Place,Việt Nam,Quốc gia bị thực dân Pháp xâm lược,xâm lược Việt Nam,0.95,[],lichsu_11_s120_bai21_sec3_001,lichsu_11,Bài 21,PHONG TRÀO CẦN VƯƠNG NỔ,[124],"[""data/corpus/lichsu_11/lichsu_11.pdf_124.jpg.txt""]","nước) đã diễn ra sôi nổi, kéo dài đến năm 1896. Bên canh đó, còn có những cuộc đấu tranh tự vệ của nông dân và nhân và dân các dân tộc thiểu số vùng núi, tiêu biểu nhất là cuộc khởi nghĩa Yên Thế. PHONG TRÀO CẦN VƯƠNG NỔ Cuộc phản công quân Pháp của phái chủ chiến tại Kinh thành Huế và sự bùng nổ phong trào Cần vương Với các hiệp ước Hác măng và Patonốt, thực dân Pháp đã hoàn thành về cơ bán chu cuộc xâm lược Việt Nam. Chúng bắt đầu xúc tiến viếc thiết lập chế đô bảo hộ và bộ máy chính quyền thự",,,,,
entity,lichsu_12_s281_bai23_sec8_001:e3,Place,Việt Nam,Quốc gia nơi lính Mĩ rút khỏi.,rút khỏi nước ta,0.95,[],lichsu_12_s281_bai23_sec8_001,lichsu_12,Bài 23,TẠO THẾ VÀ LỰC TIẾN TỚI GIẢI PHÓNG HOÀN TOÀN,"[189, 190, 191, 192]","[""data/corpus/lichsu_12/lichsu_12.pdf_189.jpg.txt"", ""data/corpus/lichsu_12/lichsu_12.pdf_190.jpg.txt"", ""data/corpus/lichsu_12/lichsu_12.pdf_191.jpg.txt"", ""data/corpus/lichsu_12/lichsu_12.pdf_192.jpg.txt""]","khi kinh tế, giao thông vân tái, văn hoá, giáo dục, y tế) và chuân bi cho nhiêm vu tiếp quản vùng giải phóng sau khi chiến tranh kết thúc. năm 1973 về Việt Nam được ki kết ? Nêu két quả và ý nghĩa TẠO THẾ VÀ LỰC TIẾN TỚI GIẢI PHÓNG HOÀN TOÀN Với Hiệp định Pari năm 1973, ta đã ?đánh cho Mĩ cút? Ngày 29 - 3 - 1973 thán lonn lính Mi cuối cùng rút khỏi nước ta, song do ""nguy chưa nhào "", Mĩ vẫn giữ lai hơn 2 vạn cổ vấn quân sự, lập ra Bộ chỉ huy quân sư, tiếp tục viên trợ quân sự; kinh tế cho chính ",,,,,
entity,lichsu_12_s205_bai18_sec11_002:e4,Place,Đông Dương,Khu vực diễn ra chiến tranh của Pháp.,Đông Dương,0.8,[],lichsu_12_s205_bai18_sec11_002,lichsu_12,Bài 18,1. Chiến dịch Việt Bắc thu - đông năm 1947,"[131, 132, 133, 134, 135]","[""data/corpus/lichsu_12/lichsu_12.pdf_131.jpg.txt"", ""data/corpus/lichsu_12/lichsu_12.pdf_132.jpg.txt"", ""data/corpus/lichsu_12/lichsu_12.pdf_133.jpg.txt"", ""data/corpus/lichsu_12/lichsu_12.pdf_134.jpg.txt"", ""data/corpus/lichsu_12/lichsu_12.pdf_135.jpg.txt""]","ai khỏi vòng chiến đầu hơn 6 000 NHÀ GIANG địch, bắn rơi 16 máy bay CAO BẰNG bán chìm 11 tàu chiến, ca nô TRUNG Chơ Ra Đèo Ngân Bông QUỐC phá huý nhiều phương tiên Sơn Lau Đài Thị Bản Thi chiến tranh. Cơ quan dầu não Thất Khê Chiêm Hoá K ST Bạch Thông kháng chiến được bảo toàn Cho BẮC KAN Dõng Bộ đội chủ lực của ta ngày Khe Lau TUYÊN Chơ Chu Y Chợ Mới LẠNG SƠN càng trưởng thành Đạt Từ Với chiến tháng Việt Bắc ban Hùng HÁI NGUYÊN thu đông năm 1947, cuộc VĨNH kháng chiên toàn quốc chống PHÚ THO QU",,,,,
entity,lichsu_10_s16_001:e11,Place,Hoàng Hà,Dòng sông lớn ở Trung Quốc.,Hoàng Hà ở Trung Quốc,0.8,[],lichsu_10_s16_001,lichsu_10,Bài,1. Điều kiện tự nhiên và sự phát triển kinh tế,"[12, 13]","[""data/corpus/lichsu_10/lichsu_10.pdf_12.jpg.txt"", ""data/corpus/lichsu_10/lichsu_10.pdf_13.jpg.txt""]","hành và được cha truyền, con nối. Phương Đông cũng là cái nôi của văn minh nhân loại nơi mà lần đầu tiên con người đã biết sáng tạo ra chữ và viết, văn học, nghệ thuật và nhiêu tri thức khoa hoc khác 1. Điều kiện tự nhiên và sự phát triển kinh tế Sự xuất hiện công cụ bằng kim loại đã báo hiệu sự tan võ hoàn toàn của chế nhà độ công xã thi tộc và là khởi đầu của thời đại văn minh ? thời đại con người thi thi sản xuất ra ngày càng nhiều của cải, biết xây dựng những công trình kiến trúc đồ sộ, có c",,,,,
entity,lichsu_12_s226_bai20_sec6_003:e20,Place,Điện Biên Phủ,"Thung lũng rộng lớn ở phía tây rừng núi Tây Bắc, gần biên giới với Lào, có vị trí chiến lược then chốt ở Đông Dương và Đông Nam Á","Điên Biên Phủ là một thung lũng rông lớn năm ở phía lây rừng núi Tây Bắc, gân Trong biên giới với Lào, có vị trí chiến lược then chốt ở Đông Dương và cá ở Đông Nam A",0.95,[],lichsu_12_s226_bai20_sec6_003,lichsu_12,Bài 20,VÀ CHIẾN DỊCH ĐIỆN PHÚ NĂM 1954,"[145, 146, 147, 148, 149, 150, 151]","[""data/corpus/lichsu_12/lichsu_12.pdf_145.jpg.txt"", ""data/corpus/lichsu_12/lichsu_12.pdf_146.jpg.txt"", ""data/corpus/lichsu_12/lichsu_12.pdf_147.jpg.txt"", ""data/corpus/lichsu_12/lichsu_12.pdf_148.jpg.txt"", ""data/corpus/lichsu_12/lichsu_12.pdf_149.jpg.txt"", ""data/corpus/lichsu_12/lichsu_12.pdf_150.jpg.txt"", ""data/corpus/lichsu_12/lichsu_12.pdf_151.jpg.txt""]","TAY NINH PHONH NHINH THU DÂU MỘT PHAN RÍ K BIẾN HOÀ PHAN THIẾT SÀI GÒN CHÂU ĐỐC HÀ TIÊN VĨNH LÔNG Đ. Phú Quốc BỆN TRE RACH GIA CẦN THỜ BACLIEU QQ Thổ Chu Đ. Con Sgu 04 hon Khoai 10gh Đã Đầu tháng 2 ? 1954, quân ta tiến công địch ở Bắc Tây Nguyên, loại khói vòng chiến đấu 2 000 địch, giải phóng toàn tỉnh Kon Tum, một vùng rộng lớn với 20 vạn dân bao vây uy hiếp Playku Thi pháp buốc phái bó dở cuốc tuế công Tuy Hoà (Phú Yên) để tăng cường Nhưng lưc lương cho Plâyku và Plâyku trở thành nơi tấp trun",,,,,
entity,lichsu_11_s115_bai20_sec9_001:e12,Place,Thuận An,Cửa biển bị hạm đội Pháp tấn công,"tiến vào ""Thu nhuân An""",0.9,[],lichsu_11_s115_bai20_sec9_001,lichsu_11,Bài 20,HIỆP ƯỚC 1883 VÀ HIỆP ƯỚC 1884,"[119, 120, 122]","[""data/corpus/lichsu_11/lichsu_11.pdf_119.jpg.txt"", ""data/corpus/lichsu_11/lichsu_11.pdf_120.jpg.txt"", ""data/corpus/lichsu_11/lichsu_11.pdf_122.jpg.txt""]","xây dưng lô cót trên nên Đien Kính Thiên Nhân lúc triều đình Huế còn dang hoang mang, lo là, mất cảnh giác, Ri vie đã Xã cho quân chiếm vùng mỏ than Hòn Gai, Quảng Yên và tỉnh thành Nam Định (3 1883) HIỆP ƯỚC 1883 VÀ HIỆP ƯỚC 1884 1 Quân Pháp tấn công cửa biển Thuận An Sau thất bai trong trận Cầu Giấy lần thứ hai (1983), khác với lần trước thước dân Pháp càng củng có dã tâm xom chiếm toàn bộ Viết Nam Nhân cái chết của Ri-vi-e, tư bản Pháp lớn tiếng kêu gọi ""trả thù"" - Một kế hoạch về tài chính v",,,,,
entity,lichsu_10_s106_001:e11,Place,Lam Sơn,"Nơi nổ ra cuộc khởi nghĩa Lam Sơn, thuộc Thanh Hoá",Lam Sơn (Thanh Hoá),0.95,[],lichsu_10_s106_001,lichsu_10,Bài,VÀ KHỞI NGHĨA LAM SƠN,"[98, 99]","[""data/corpus/lichsu_10/lichsu_10.pdf_98.jpg.txt"", ""data/corpus/lichsu_10/lichsu_10.pdf_99.jpg.txt""]","đó, dưới sự chí huy của Thái tử Ha ri gít, tập trung lực lượng đánh lui quân xâm lược Một bộ phận của chúng phải rút lên phía bắc, theo sự điều động của nhà Nguyên đánh vào phía nam của Đại Việt. B VÀ KHỞI NGHĨA LAM SƠN Chối thế kỉ XIV, nhà Trần suy vong, Năm 1400, nhà Hồ thành lập. Cuộc cải thi chi cách của nhà Hồ chưa đạt được kết quả mong muốn thì quân Minh ổ ạt tiến sang Xã Thu xâm lược. Năm 1407, cuộc kháng chiến của nhà Hồ thất bại, nước ta rơi vào ách nhàng độ hộ của nhà Minh. Hàng loạt c",,,,,
entity,lichsu_10_s158_002:e9,Place,Đàng Ngoài,Một trong hai miền đất nước bị chia cắt,Đàng Ngoài,0.9,[],lichsu_10_s158_002,lichsu_10,Bài,1. Thời kĩ dựng nước đầu tiên,"[133, 134, 135]","[""data/corpus/lichsu_10/lichsu_10.pdf_133.jpg.txt"", ""data/corpus/lichsu_10/lichsu_10.pdf_134.jpg.txt"", ""data/corpus/lichsu_10/lichsu_10.pdf_135.jpg.txt""]","n xuất. Chinh Công thương nghiệp phát triển đa dạng, Sản phẩm thủ công như tơ lụa, gốm nha và sa, đồ vàng bạc v.v.. có chất lượng cao, mẫu mã đẹp, thương nhân nước ngoài. Mạng lưới chợ làng rộng khắp. Kinh thành Thăng Long trở thành Trong một đô thị phồn thịnh với 36 phố phường - Thuyền buốn Trung Quốc và các nước thiến phía nam thường xuyên qua lại trao đổi buôn bán Thiện Năm 1070, nền giáo dục Đại Việt chính thức ra đời và ngày càng phát triển; vừa đào tạo các bậc ""hiền tài"""" cho đất nước vừa ",,,,,
entity,lichsu_11_s84_bai17_sec7_002:e3,Place,Béc-lin,Địa điểm kí kết Hiệp ước Tam cường,tại Béc-lin,0.95,[],lichsu_11_s84_bai17_sec7_002,lichsu_11,Bài 17,Ở CHÂU ÂU (TỪ THÁNG 9 1939 ĐẾN THÁNG 6 - 1941),"[92, 93, 94]","[""data/corpus/lichsu_11/lichsu_11.pdf_92.jpg.txt"", ""data/corpus/lichsu_11/lichsu_11.pdf_93.jpg.txt"", ""data/corpus/lichsu_11/lichsu_11.pdf_94.jpg.txt""]","2 Phe phát xít bành trướng ở Đông và Nam Âu (từ tháng 9 1940 dến tháng 6 1941) Tháng 9 - 1940, nhàm củng cố khối liên minh phát xít, Hiệp ước Tam cường Đức Ita Iia - Nhật Bản được kí kết tại Béc-lin. Hiệp ước quy đình, nếu một trong ba nước bị đối phương tấn công thì hai nước kia phải lập tức trợ giúp nước đó về mọi mặt, công khai về việc phân chia thế giới: Đức, I-ta-li-a ở châu Âu, Nhật Bản ở Viễn Đông Từ tháng 10 - 1940, Hít-le chuyển sang thôn tính các nước Đông và Nam châu Âu, Các nước Ru-m",,,,,
entity,lichsu_10_s131_bai23_sec6_001:e2,Place,Bình Định,Địa điểm nơi ấp Tây Sơn tọa lạc,Bình Định,0.9,[],lichsu_10_s131_bai23_sec6_001,lichsu_10,Bài 23,CUỐI THẾ KỈ XVIII,[116],"[""data/corpus/lichsu_10/lichsu_10.pdf_116.jpg.txt""]","rộ, mở đầu từ ấp Tây Sơn (Bình Định) và trong quá trình đấu tranh kiên cường của mình đã làm nên hai sự nghiệp lớn: bước đầu thống nhất nước và đánh bại giặc ngoại xâm, bảo vệ nền độc lập dân tộc. CUỐI THẾ KỈ XVIII Vào giữa thế kỉ XVIII, chế độ phong kiến Đàng Ngoài khủng hoảng sâu sắc Phong trào nông dân bùng lên rầm rộ, kéo dài trong hơn 10 năm và bị đàn áp Chu Cùng trong thời gian này, ở Đàng Trong, chúa Nguyễn xưng vương, thành lập triều đình riêng, Đất nước bị chia thành hai miền. Nhưng rồi",,,,,
entity,lichsu_10_s114_001:e9,Place,chùa Dạm,Công trình nghệ thuật Phật giáo được xây dựng,chùa Dạm,0.9,[],lichsu_10_s114_001,lichsu_10,Bài,3. Nghệ thuật,"[103, 104, 105]","[""data/corpus/lichsu_10/lichsu_10.pdf_103.jpg.txt"", ""data/corpus/lichsu_10/lichsu_10.pdf_104.jpg.txt"", ""data/corpus/lichsu_10/lichsu_10.pdf_105.jpg.txt""]","XI ? XII) đều phát triển với sự xuất hiện của hàng loạt tập thơ của Nguyễn Trãi, Lê Thánh Tông, Lý Tử Tấn v.v.. có nội dung ca ngợi đất nước phát triển. B - Đặc điểm của thơ văn các thế kỉ XI - XV. 3. Nghệ thuật Nghệ thuật cũng có những bước phát triển mới, Trong các thế kỉ X- XIV, người những công trình nghệ thuật Phật giáo được xây dựng ở kháp mọi nơi như chùa Một Cột (Diên Hựu), chùa Dâu, chùa Phật Tích, chùa Dạm, tháp Báo Thiên, tháp Phổ Minh, Chuông, tượng cũng được đúc, tạc rất nhiều, Cuối",,,,,
entity,lichsu_12_s226_bai20_sec6_003:e7,Place,Tuy Hoà (Phú Yên),Nơi Pháp phải bỏ dở cuộc tiến công để tăng cường lực lượng cho Plâyku,Tuy Hoà (Phú Yên),0.95,[],lichsu_12_s226_bai20_sec6_003,lichsu_12,Bài 20,VÀ CHIẾN DỊCH ĐIỆN PHÚ NĂM 1954,"[145, 146, 147, 148, 149, 150, 151]","[""data/corpus/lichsu_12/lichsu_12.pdf_145.jpg.txt"", ""data/corpus/lichsu_12/lichsu_12.pdf_146.jpg.txt"", ""data/corpus/lichsu_12/lichsu_12.pdf_147.jpg.txt"", ""data/corpus/lichsu_12/lichsu_12.pdf_148.jpg.txt"", ""data/corpus/lichsu_12/lichsu_12.pdf_149.jpg.txt"", ""data/corpus/lichsu_12/lichsu_12.pdf_150.jpg.txt"", ""data/corpus/lichsu_12/lichsu_12.pdf_151.jpg.txt""]","TAY NINH PHONH NHINH THU DÂU MỘT PHAN RÍ K BIẾN HOÀ PHAN THIẾT SÀI GÒN CHÂU ĐỐC HÀ TIÊN VĨNH LÔNG Đ. Phú Quốc BỆN TRE RACH GIA CẦN THỜ BACLIEU QQ Thổ Chu Đ. Con Sgu 04 hon Khoai 10gh Đã Đầu tháng 2 ? 1954, quân ta tiến công địch ở Bắc Tây Nguyên, loại khói vòng chiến đấu 2 000 địch, giải phóng toàn tỉnh Kon Tum, một vùng rộng lớn với 20 vạn dân bao vây uy hiếp Playku Thi pháp buốc phái bó dở cuốc tuế công Tuy Hoà (Phú Yên) để tăng cường Nhưng lưc lương cho Plâyku và Plâyku trở thành nơi tấp trun",,,,,
entity,lichsu_10_s190_bai33_sec3_001:e2,Place,nước Anh,"Quốc gia được mệnh danh là ""công xưởng của thế giới"" vào giữa thế kỷ 19",nước Anh,0.95,[],lichsu_10_s190_bai33_sec3_001,lichsu_10,Bài 33,Ở CHÂU ÂU VÀ MĨ GIỮA THẾ KỈ XIX,"[159, 160, 161, 163]","[""data/corpus/lichsu_10/lichsu_10.pdf_159.jpg.txt"", ""data/corpus/lichsu_10/lichsu_10.pdf_160.jpg.txt"", ""data/corpus/lichsu_10/lichsu_10.pdf_161.jpg.txt"", ""data/corpus/lichsu_10/lichsu_10.pdf_163.jpg.txt""]","giữa thế kỉ XIX, nước Anh được mệnh danh là ""công xưởng của thế giới"" luân Đôn trở thành một trung tâm thương mại với 80 vạn dân và là thủ đô đầu tiên của châu Âu tiến lên con đường công nghiệp hoá Ở CHÂU ÂU VÀ MĨ GIỮA THẾ KỈ XIX Trong các thập niên 50 - 60 của thế kỉ XIX, nhiều cuộc cách mạng tư sản diễn ra dưới những hình thức khác nhau ở châu Âu và Bắc Mĩ. Điều này đã khắng định sự toàn thắng của phương thức sản xuất tư bản chủ nghĩa, tạo điều kiện cho chủ nghĩa tư bản phát triển mạnh mẽ.",,,,,
entity,lichsu_11_s97_bai18_sec6_001:e7,Place,Liên Xô,Từ một nước nông nghiệp lạc hậu đã vươn lên trở thành cường quốc công nghiệp trên thế giới.,Liên Xô đã vươn lên trở thành một cường quốc công nghiệp trên thế giới,0.95,[],lichsu_11_s97_bai18_sec6_001,lichsu_11,Bài 18,THI NHỮNG NỘI DUNG CHÍNH CỦA LỊCH SỬ THẾ GIỚI HIỆN ĐAI,"[102, 103, 104]","[""data/corpus/lichsu_11/lichsu_11.pdf_102.jpg.txt"", ""data/corpus/lichsu_11/lichsu_11.pdf_103.jpg.txt"", ""data/corpus/lichsu_11/lichsu_11.pdf_104.jpg.txt""]","mạng dân chủ Tổng bãi công chính trị ở Lật đổ chế độ tu san Pê tơ rô grát Nga hoàng Khởi nghĩa vũ trang Hai chính quyền song Nga hoàng bị lật đổ song tồn tai Cách mang dân chủ tư sản kiểu mới 10 1917 THI NHỮNG NỘI DUNG CHÍNH CỦA LỊCH SỬ THẾ GIỚI HIỆN ĐAI (1917 1945) Trong gân 30 năm (1917 1945), nội dung lịch sử thế giới hiên đại nổi bật với những vấn đề chính sau đây 1 Trong thời kì này đã diễn ra những chuyển biến quan trọng trong sản xuất vật chiến chất của nhân loại Những tiến bô về khoa học",,,,,
entity,lichsu_11_s104_bai19_sec5_003:e2,Place,Vĩnh Long,Thành Vĩnh Long sẽ được trả lại cho triều đình Huế khi triều đình chấm dứt các hoạt động chống Pháp ở ba tỉnh miền Đông.,Vĩnh Long (23 13 1862),0.9,[1862],lichsu_11_s104_bai19_sec5_003,lichsu_11,Bài 19,MIÊN ĐÔNG NAM KÌ TỪ NĂM 1859 ĐẾN NĂM 1862,"[106, 107, 109, 110, 111]","[""data/corpus/lichsu_11/lichsu_11.pdf_106.jpg.txt"", ""data/corpus/lichsu_11/lichsu_11.pdf_107.jpg.txt"", ""data/corpus/lichsu_11/lichsu_11.pdf_109.jpg.txt"", ""data/corpus/lichsu_11/lichsu_11.pdf_110.jpg.txt"", ""data/corpus/lichsu_11/lichsu_11.pdf_111.jpg.txt""]","iên Hoà (1861), Vĩnh Long (23 13 1862) Khi giặc Pháp từ Gia Định đánh lan ra, cuộc kháng chiến của nhân dân ta càng phát triển mạnh hơn Các toán nghĩa quân của Trương Đình, Trần Thiên Chính, Lê Huy... chiến đấu rất anh dũng, lập nhiều chiến công, Ngày 10 11 - 1861, đôi quân của Nguyễn Trung Trực đã đánh chìm tàu chiến El-pê-răng (Hi vọng) của địch trên sông Vàm Có Đông (đoạn chảy qua thôn Nhật Tảo), làm nức lòng quân dân ta Giữa lúc phong trào kháng chiến của nhân dân đang ngày một dâng cao, khi",,,,,
entity,lichsu_12_s270_bai22_sec18_003:e5,Place,Campuchia,Quốc gia Campuchia,Campuchia,0.95,[],lichsu_12_s270_bai22_sec18_003,lichsu_12,Bài 22,1. Miền Bắc khôi phục và phát triển kinh tôi,"[181, 182, 183, 184, 185]","[""data/corpus/lichsu_12/lichsu_12.pdf_181.jpg.txt"", ""data/corpus/lichsu_12/lichsu_12.pdf_182.jpg.txt"", ""data/corpus/lichsu_12/lichsu_12.pdf_183.jpg.txt"", ""data/corpus/lichsu_12/lichsu_12.pdf_184.jpg.txt"", ""data/corpus/lichsu_12/lichsu_12.pdf_185.jpg.txt""]","ong chiến tranh phá hoại lần thứ hai, miền Bắc vẫn bảo đảm tiếp nhận hàng viên trơ từ bên ngoài, chi viên theo yêu cầu của tiền tuyến miền Nam và cho cả chiến Trường Lào, Campuchia Trong 3 năm (1969 ? 1971), hàng chuc van thanh niên miền Bắc được goi nhấp ngũ, có 60% trong số đó lên đường bổ sung cho các chiến trường miền Nam, Lào, Campuchia , khối lượng vật chất đưa vào các chiến trường tăng gấp 1,6 lân so với 3 năm trước đó Năm 1972, miên Bắc đã đông viên hơn 22 vạn thanh niên bổ sung cho lực ",,,,,
entity,lichsu_11_s16_bai5_sec5_001:e6,Place,Mĩ Latinh,Khu vực Mĩ Latinh,khu vực Mĩ Latinh,0.95,[],lichsu_11_s16_bai5_sec5_001,lichsu_11,Bài 5,CHIẾN TRANH THẾ GIỚI THỨ NHẤT (1914 - 1918),"[29, 30, 31]","[""data/corpus/lichsu_11/lichsu_11.pdf_29.jpg.txt"", ""data/corpus/lichsu_11/lichsu_11.pdf_30.jpg.txt"", ""data/corpus/lichsu_11/lichsu_11.pdf_31.jpg.txt""]","- 1915) và 2 lần đem quân dánh Mê hi cô (1914 và 1916), Dưới danh nghĩa đoàn kết với các nước châu Mĩ, chính quyền Oa-sinh-tơn đã khống chế, biến khu vực Mĩ Latinh thành ""sân sau"" của để quốc Mĩ. CHIẾN TRANH THẾ GIỚI THỨ NHẤT (1914 - 1918) Từ năm 1914 đến năm 1918, nhân loại đã phải trải qua một cuộc chiến tranh thế giới tàn khốc, lôi cuốn vào vòng chục nước, chủ yếu là ở châu Âu, đã gây nên những thiệt hại to lớn về người và của",,,,,
entity,lichsu_12_s27_bai2_sec8_001:e1,Place,Anbani,Quốc gia ở Đông Âu,Anbani,0.95,[],lichsu_12_s27_bai2_sec8_001,lichsu_12,Bài 2,5. XAN MARINÔ,"[10, 11, 12, 13]","[""data/corpus/lichsu_12/lichsu_12.pdf_10.jpg.txt"", ""data/corpus/lichsu_12/lichsu_12.pdf_11.jpg.txt"", ""data/corpus/lichsu_12/lichsu_12.pdf_12.jpg.txt"", ""data/corpus/lichsu_12/lichsu_12.pdf_13.jpg.txt""]","Anbani (1945), Công hoà Nhân dân Bungari (1946) THUY ĐIỂN Các nước dân chủ nhân dân Đông Âu BIỂN BẮC Các nước khác DÂN MACHIC Vacsava Thủ đô Copenhaghen BA LAN Tên nước Biên giới quốc gia Amxtếcdam 5. XAN MARINÔ 3.MMNACÔ BA LAN Brucxen D Praha CHLBDUC TIẾP KHẮC LIÊN XÔ PHÁP Viêno Bécnơ HI Áo THUY SỊ Buđapét HUNGGARI RUMANI Bể grát Bucarét NAM TƯ BIÊN ĐEN ITALIA Hr BUNGARI AD Xôphia Rôma Tirana ANBANI BIÊN TIRÊNE THỔ NHIKK HILLAP BIỂNG TH BIÊN EGIEYLS NÔNI Aten oils Riêng ở Đông Đức, với sự giúp ",,,,,
entity,lichsu_11_s10_bai4_sec2_001:e13,Place,Xiêm,Quốc gia Xiêm,Xiêm,0.95,[],lichsu_11_s10_bai4_sec2_001,lichsu_11,Bài 4,(THÁI LAN) TÊN QUỐC GIA NGÀY NAY,"[17, 18, 19]","[""data/corpus/lichsu_11/lichsu_11.pdf_17.jpg.txt"", ""data/corpus/lichsu_11/lichsu_11.pdf_18.jpg.txt"", ""data/corpus/lichsu_11/lichsu_11.pdf_19.jpg.txt""]","biên quân đáo này thành thuộc địa của mình TRUNG QUỐC THÁI MIẾN ẤN ĐỘ BINH DƯƠNG LIPPING BLEA ĐỘ IN-DACK DƯƠNG (A) Thuộc Anh PP Thuộc Phap (H) Thuộc Hà Lan (T) Thuộc Tây Ban Nha (B) Thuộc Bô Đào Nha (THÁI LAN) TÊN QUỐC GIA NGÀY NAY Đống Biên giới quốc gia ngày nay Hinh 9. Lắcc đồ Đông Nam Á cuối thế kỉ XIX - đầu thế kỉ XX Ở Miền Điện (nay là Mi-an-ma), từ năm 1824 đến năm 1885, thực dân Anh đã tiến hành 3 cuộc chiến tranh xâm 1885, Anh thôn tính Miên Điện rồi sáp nhập nước này vào thành một tỉnh",,,,,
entity,lichsu_12_s303_bai25_sec5_004:e4,Place,thuỷ diên Hoà Bình,Công trình thủy điện được khẩn trương xây dựng,công trình thuỷ diên Hoà Bình,0.8,[],lichsu_12_s303_bai25_sec5_004,lichsu_12,Bài 25,1. Cách mạng Việt Nam chuyển sang giai đoạn mới,"[203, 204, 205, 206]","[""data/corpus/lichsu_12/lichsu_12.pdf_203.jpg.txt"", ""data/corpus/lichsu_12/lichsu_12.pdf_204.jpg.txt"", ""data/corpus/lichsu_12/lichsu_12.pdf_205.jpg.txt"", ""data/corpus/lichsu_12/lichsu_12.pdf_206.jpg.txt""]","ng nhàng nghìn công trình vừa và nhỏ được hoàn thành. Dầu đóc khai thác; công trình thuỷ diên Hoà Bình, thuỷ điên Thị An được khẩn trương xây dựng, chuẩn bi đi vào hoạt động - Các hoạt động khoa học ? kĩ thuật được triển khai, góp phần xuất phát triển Tuy nhiên, những khó khăn yếu kém của 5 năm trước văn chưa được khắc phục, thâm chí có phân trấm trong hơn, mục tiêu cơ bản là ổn định tình hình kinh tế xã hôi vần chưa thực hiên được. Người Những kho khăn yêu kêm của chung ta trong bước đầu đi lên",,,,,
entity,lichsu_11_s84_bai17_sec7_001:e9,Place,Pháp,Quốc gia bị Đức tấn công và bại trận,nước Pháp,0.95,[],lichsu_11_s84_bai17_sec7_001,lichsu_11,Bài 17,Ở CHÂU ÂU (TỪ THÁNG 9 1939 ĐẾN THÁNG 6 - 1941),"[92, 93, 94]","[""data/corpus/lichsu_11/lichsu_11.pdf_92.jpg.txt"", ""data/corpus/lichsu_11/lichsu_11.pdf_93.jpg.txt"", ""data/corpus/lichsu_11/lichsu_11.pdf_94.jpg.txt""]","NƯỚC BỊ PHE TRỤC THÔN TÍNH PHE TRỤC XÂM LƯỢC Liên minh của Pháp Phe Trục can thiệp 197120 1 2 đức gây hán Hinh 43. Lược đồ Đức I ta li a gây chiến và bành trương (từ tháng 10 - 1935 đến tháng 8 1939) Ở CHÂU ÂU (TỪ THÁNG 9 1939 ĐẾN THÁNG 6 - 1941) Phát xít Đức tấn công Ba Lan và xâm chiếm châu Âu (từ tháng 9 1939 đến tháng 9 1940) Rang sáng 1 - 9 1939, quân đội Đức tấn công Ba Lan Hai ngày sau, Anh và Pháp buộc phải tuyên chiến với Đức, Chiến tranh thế giới thứ hai bùng nổ Với ưu thế tuyết đối về",,,,,
entity,lichsu_12_s172_bai16_sec14_001:e5,Place,Béclin,Sào huyệt cuối cùng của phát xít Đức,Béclin,0.95,[],lichsu_12_s172_bai16_sec14_001,lichsu_12,Bài 16,1. Khởi nghĩa từng phần (từ tháng 3 đến giữa tháng 8 ? 1945),"[110, 111, 112, 113, 114]","[""data/corpus/lichsu_12/lichsu_12.pdf_110.jpg.txt"", ""data/corpus/lichsu_12/lichsu_12.pdf_111.jpg.txt"", ""data/corpus/lichsu_12/lichsu_12.pdf_112.jpg.txt"", ""data/corpus/lichsu_12/lichsu_12.pdf_113.jpg.txt"", ""data/corpus/lichsu_12/lichsu_12.pdf_114.jpg.txt""]","Công cuộc chuẩn bị được tiếp tục cho đến trước ngày Tổng khởi nghĩa D - Chủ trương của Đảng được để ra tại các hội nghị Ban Chấp hành Trung ương tháng 11 - 1939 và lân thứ 8 (5 1941) như thể nào ? 1. Khởi nghĩa từng phần (từ tháng 3 đến giữa tháng 8 ? 1945) Đầu Năm 1945, trên đường Hông quân Liên Xô tiến đánh Béclin - sào huyết cuối cùng của phát xít Đức - một loạt nước châu Âu được giải phóng Ở Mặt trận châu Á - Thái Bình Dương, quân Đồng cho quân Nhật những đòn năng nề. Ở Đông Dương, lực lượng",,,,,
entity,lichsu_12_s156_bai15_sec6_001:e4,Place,Thượng Hải,Địa điểm diễn ra Hội nghị Ban Chấp hành Trung ương Đảng Cộng sản Đông Dương tháng 7 - 1936.,họp ở Thượng Hải (Trung Quốc),0.95,[1936],lichsu_12_s156_bai15_sec6_001,lichsu_12,Bài 15,1. Hội nghị Ban Chấp hành Trung ướng Đảng Cộng Dương,"[98, 99, 100, 101]","[""data/corpus/lichsu_12/lichsu_12.pdf_100.jpg.txt"", ""data/corpus/lichsu_12/lichsu_12.pdf_101.jpg.txt"", ""data/corpus/lichsu_12/lichsu_12.pdf_98.jpg.txt"", ""data/corpus/lichsu_12/lichsu_12.pdf_99.jpg.txt""]","hoạt đát đó. Điều Đòi sống của đa số nhân dân khó khăn, cực khố. Chính vì thế ho hăng hai tham gia phong trào đầu tranh đồi tự do, cơm áo dưới sự lãnh đao của Đảng Công sản Đông Dương lịch sử nào ? 1. Hội nghị Ban Chấp hành Trung ướng Đảng Cộng Dương tháng 7 - 1936 Tháng 7 - 1936, Hội nghi Ban Chấp hành Trung Công Sản Đông Dương, do Lê Hồng Phong chủ trì, họp ở Thượng Hải (Trung Quốc), Hội nghi dựa Thi Thiên Nghi quyết Đai hôi lân thứ VII của Quốc tế Công sản, căn cứ vào tình hình cu thể của Viế",,,,,
entity,lichsu_11_s73_bai16_sec4_002:e4,Place,cảng Su-ra-bay-a,Địa điểm diễn ra cuộc khởi nghĩa của các thủy binh vào năm 1933.,cảng Su-ra-bay-a,0.95,[1933],lichsu_11_s73_bai16_sec4_002,lichsu_11,Bài 16,THỊ PHONG TRÀO ĐỘC LẬP DÂN TỘC Ở IN-ĐÔ NÊ XI-A,"[83, 84, 85, 86]","[""data/corpus/lichsu_11/lichsu_11.pdf_83.jpg.txt"", ""data/corpus/lichsu_11/lichsu_11.pdf_84.jpg.txt"", ""data/corpus/lichsu_11/lichsu_11.pdf_85.jpg.txt"", ""data/corpus/lichsu_11/lichsu_11.pdf_86.jpg.txt""]","ế kỉ XX Đầu thập niên 30, phong trào đấu tranh chống thưc dân Hà Lan tiếp tục lan rông kháp các đảo thuộc In-đô-nê-xi a, tiêu biểu là cuộc khởi nghĩa của các thuỷ binh ở cảng Su-ra-bay-a vào năm 1933. Sau khi khủng bố tàn khốc những người khởi nghĩa chính quyền thực dân tăng cường đàn áp, bất giữ các lãnh tụ của Đảng Dân tộc (từ năm 1929 là Đảng In đô-nê-xi-a) và đặt Đảng ra ngoài vòng pháp luật Cuối thập niên 30, trước nguy cơ của chủ nghĩa phát xít, những người cộng sản đã kết hợp với Đảng In ",,,,,
entity,lichsu_10_s45_001:e1,Place,Cam-pu-chia,"Một quốc gia láng giềng của Việt Nam, có truyền thống lịch sử lâu đời và nền văn hóa đặc sắc, địa hình như một lòng chảo khổng lồ.","Cam-pu-chia và Lào ? hai quốc giềng gần gũi của Việt Nam, đã có một truyền thống lịch sử lâu đời và một nền văn hoá đặc sắc 1. Vương quốc Cam pu-chia Đất nước Cam-pu-chia như một lòng chảo khổng lồ",0.95,[],lichsu_10_s45_001,lichsu_10,Bài,1. Vương quốc Cam pu-chia,"[50, 51, 52]","[""data/corpus/lichsu_10/lichsu_10.pdf_50.jpg.txt"", ""data/corpus/lichsu_10/lichsu_10.pdf_51.jpg.txt"", ""data/corpus/lichsu_10/lichsu_10.pdf_52.jpg.txt""]","VÀ VƯƠNG QUỐC LÀO Cam-pu-chia và Lào ? hai quốc giềng gần gũi của Việt Nam, đã có một truyền thống lịch sử lâu đời và một nền văn hoá đặc sắc 1. Vương quốc Cam pu-chia Đất nước Cam-pu-chia như một lòng chảo khổng lồ, xung quanh là rừng và cao nguyên bao bọc, còn đáy chảo là Biển Hồ và vùng phụ cận với những cánh đồng phì nhiêu, màu mỡ. Ở Cam-pu chia, tộc người chiếm đa số là Kho-me. Địa bàn sinh tụ đầu tiên của người Kho-me ở phía bắc nước Cam pu-chia ngày nay, trên cao nguyên Cò Rạt và mạn trun",,,,,
entity,lichsu_10_s83_002:e6,Place,Lãng Bạc,Nơi diễn ra cuộc chiến đấu quyết liệt giữa quân Hai Bà Trưng và quân Mã Viện.,Lãng Bạc,0.95,[],lichsu_10_s83_002,lichsu_10,Bài,1. Khái quát phong trào đấu tranh từ thế kỉ 1 đến đầu thế kỉ x,"[81, 82, 83, 84, 85, 86]","[""data/corpus/lichsu_10/lichsu_10.pdf_81.jpg.txt"", ""data/corpus/lichsu_10/lichsu_10.pdf_82.jpg.txt"", ""data/corpus/lichsu_10/lichsu_10.pdf_83.jpg.txt"", ""data/corpus/lichsu_10/lichsu_10.pdf_84.jpg.txt"", ""data/corpus/lichsu_10/lichsu_10.pdf_85.jpg.txt"", ""data/corpus/lichsu_10/lichsu_10.pdf_86.jpg.txt""]","khai nhưng là một chinh chính quyền đóc lập, tự chủ của nhân dân ta được ra đời sau khi cuộc khởi nghĩa thắng lơi và đã cổ vũ tinh thần đấu tranh chống ách đô hô chi của phong kiến phương Bắc sau đó. The Mùa hề năm 42, Mã Viện được vua Hán cử làm tổng chỉ huy đạo quân lớn thu tri 19 thu khoảng 2 vạn người, chia làm 2 cánh thuỷ, bộ kéo vào xâm lược nước tai Cuộc kháng chiến của nhân dân ta do Hai Bà Trưng lãnh đũo rất anh dũng, người nhưng do lực lượng yếu nên đã bị thất bại Cuộc chiến đấu đã diễ",,,,,
entity,lichsu_12_s303_bai25_sec5_004:e5,Place,thuỷ điên Thị An,Công trình thủy điện được khẩn trương xây dựng,thuỷ điên Thị An,0.8,[],lichsu_12_s303_bai25_sec5_004,lichsu_12,Bài 25,1. Cách mạng Việt Nam chuyển sang giai đoạn mới,"[203, 204, 205, 206]","[""data/corpus/lichsu_12/lichsu_12.pdf_203.jpg.txt"", ""data/corpus/lichsu_12/lichsu_12.pdf_204.jpg.txt"", ""data/corpus/lichsu_12/lichsu_12.pdf_205.jpg.txt"", ""data/corpus/lichsu_12/lichsu_12.pdf_206.jpg.txt""]","ng nhàng nghìn công trình vừa và nhỏ được hoàn thành. Dầu đóc khai thác; công trình thuỷ diên Hoà Bình, thuỷ điên Thị An được khẩn trương xây dựng, chuẩn bi đi vào hoạt động - Các hoạt động khoa học ? kĩ thuật được triển khai, góp phần xuất phát triển Tuy nhiên, những khó khăn yếu kém của 5 năm trước văn chưa được khắc phục, thâm chí có phân trấm trong hơn, mục tiêu cơ bản là ổn định tình hình kinh tế xã hôi vần chưa thực hiên được. Người Những kho khăn yêu kêm của chung ta trong bước đầu đi lên",,,,,
entity,lichsu_12_s70_bai7_sec3_001:e2,Place,Tây Âu,Khu vực các nước tư bản đã ổn định và phục hồi sau chiến tranh,Tây Au,0.95,[],lichsu_12_s70_bai7_sec3_001,lichsu_12,Bài 7,THÀNH TH THỊ NĂM 1950 ĐẾN NĂM 1973,"[46, 47]","[""data/corpus/lichsu_12/lichsu_12.pdf_46.jpg.txt"", ""data/corpus/lichsu_12/lichsu_12.pdf_47.jpg.txt""]","năm 1950, các nước tư bản Tây Au với sự viên tro của Mĩ đã cơ bản ổn định và phục hồi về mọi mặt, trở thành đối trọng với khối xã hôi chủ nghĩa Đông Au vừa mới hình thành thể giới thứ hai (1945 1950) THÀNH TH THỊ NĂM 1950 ĐẾN NĂM 1973 Về kinh tế, sau giai đoan phục hồi, từ thập kỉ 50 đến đầu thập kí 70, nên kinh tế của các nước tư bản chủ yếu ở Tây Âu đều có sự phát triển nhanh Đến đầu thập kỉ 70, Cộng hoà Liên bang Đức là cường quốc công nghiếp người đứng thứ ba, Anh đứng thứ tư và Pháp đứng th",,,,,
entity,lichsu_11_s102_bai19_sec3_001:e7,Place,Việt Nam,"Quốc gia độc lập, có chủ quyền vào giữa thế kỉ XIX","Việt Nam là một quốc gia độc lập, có chủ quyền",0.9,[],lichsu_11_s102_bai19_sec3_001,lichsu_11,Bài 19,CHIẾN SỰ Ở ĐÀ NĂN 1ĂNG NĂM 1858,"[106, 107]","[""data/corpus/lichsu_11/lichsu_11.pdf_106.jpg.txt"", ""data/corpus/lichsu_11/lichsu_11.pdf_107.jpg.txt""]","quốc Sau khi chiếm được thành Gia Định, Pháp lần lượt đánh chiếm ba tỉnh miên Đông (1862), rồi ba tỉnh miên Tây Nam Kì (1867), Đi đến đâu chúng cũng vấp phải sự kháng cự quyết liệt của nhân dân ta. CHIẾN SỰ Ở ĐÀ NĂN 1ĂNG NĂM 1858 Tình hình Việt Nam đến giữa thế kỉ XIX (trước khi thực dân Pháp xâm lược) Vào giữa thế kỉ XIX, trước khi bị thực dân Pháp xâm lược, Việt Nam là một quốc gia độc lập, có chủ quyền, đạt được những tiến bộ nhất định về kinh tế, văn hoá, Tuy nhiên, ở giai đoạn này, chế đô p",,,,,
entity,lichsu_10_s40_002:e3,Place,Việt Nam,một quốc gia,Việt Nam,0.9,[],lichsu_10_s40_002,lichsu_10,Bài,Ở ĐÔNG NAM Á,"[43, 44, 45, 46]","[""data/corpus/lichsu_10/lichsu_10.pdf_43.jpg.txt"", ""data/corpus/lichsu_10/lichsu_10.pdf_44.jpg.txt"", ""data/corpus/lichsu_10/lichsu_10.pdf_45.jpg.txt"", ""data/corpus/lichsu_10/lichsu_10.pdf_46.jpg.txt""]","o đời và hoạt động nhộn nhip như Ốc Eo (An Giang ? Việt Nam), Ta kô la (bán đảo Mã Lai) V.V. Thi chi Sự phát triển của các ngành kinh tế là cơ sở cho sự ra đời của hàng loạt quốc gia nhỏ ở Đông Nam Á. Sự ra đời của các vương quốc cổ Đông Nam Á còn gắn liền lớn với tác động về mặt kinh tế của các thương nhân Ân và ảnh hưởng của văn hoá An Độ, Các nước Đông Nam Á đã tiếp thu và vận dụng văn hoá An Độ để phát triển sáng tạo văn hoá cộ đình thuy Trong khoảng 10 thế kỉ đầu sau Công nguyên, hàng loạt ",,,,,
entity,lichsu_10_s15_001:e2,Place,châu Phi,Một châu lục,châu Phi,0.9,[],lichsu_10_s15_001,lichsu_10,Bài,Bài,"[9, 10, 12]","[""data/corpus/lichsu_10/lichsu_10.pdf_10.jpg.txt"", ""data/corpus/lichsu_10/lichsu_10.pdf_12.jpg.txt"", ""data/corpus/lichsu_10/lichsu_10.pdf_9.jpg.txt""]","người ta thấy cần phải công bằng, phải được hưởng thụ bằng nhau Như thế, trong thị tộc không chỉ có sự hợp tác mà mọi của cải, mọi sinh hoạt được coi là của chung, việc chung, làm chung, ăn chung B Bài PHƯƠNG ĐỒNG Trên lưu vực các dòng sông lớn ở châu Á, châu Phi từ khoảng thiên niên kỉ IV trước Công nguyên (TCN), cư dân phương Đông đã biết tới nghề luyện kim, làm nông nghiệp và chăn nuôi gia súc. Họ đã xây dựng nên những quốc gia đầu tiên của mình, đó là xã hội có giai chi chp cấp đầu tiên mà t",,,,,
entity,lichsu_12_s15_bai1_sec5_002:e3,Place,Mĩ,Quốc gia nơi đặt trụ sở Liên hợp quốc,Niu Oóc (Mĩ),0.95,[],lichsu_12_s15_bai1_sec5_002,lichsu_12,Bài 1,II - SỰ THÀNH LẬP LIÊN HỢP QUỐC,"[4, 5, 6, 7, 8]","[""data/corpus/lichsu_12/lichsu_12.pdf_4.jpg.txt"", ""data/corpus/lichsu_12/lichsu_12.pdf_5.jpg.txt"", ""data/corpus/lichsu_12/lichsu_12.pdf_6.jpg.txt"", ""data/corpus/lichsu_12/lichsu_12.pdf_7.jpg.txt"", ""data/corpus/lichsu_12/lichsu_12.pdf_8.jpg.txt""]","Anh Pháp và Trung Quốc 1) mới được thông qua và có giá trị Ban Thư kí - cơ quan hành chính - tổ chức của Liên hợp quốc, đứng đầu là Tổng thư kí với nhiệm kì 5 năm Ngoài ra, Liên hợp quốc còn có nhiều tổ chức chuyên môn khác giúp viếc Tru sở của Liên hợp quốc đất tại Niu Oóc (Mĩ) Trong hơn nửa thế kỉ qua, Liên hợp quốc đã trở thành một diễn đàn quốc tế vừa nhà nhà thop tác, vừa đầu tranh nhâm duy trì hoa bình và an ninh thế giới, Liên hợp quốc đã các chính có nhiều có găng trong việc giải quyết c",,,,,
entity,lichsu_10_s151_001:e7,Place,Phú Xuân,"Nơi xây dựng kinh thành, the trong điện",Phú Xuân,0.9,[],lichsu_10_s151_001,lichsu_10,Bài,1. Tình hình xã hội sống nhân dân,"[130, 131]","[""data/corpus/lichsu_10/lichsu_10.pdf_130.jpg.txt"", ""data/corpus/lichsu_10/lichsu_10.pdf_131.jpg.txt""]","hoảng cuộc sống của nhân dân ngày càng thêm khổ cực. Mâu thuẫn giai cấp thống trị và nhân dân trở nên gay gắt, gây nên hàng trăm cuộc khởi nghĩa chống phong kiến kéo dài cho đến giữa thế kỉ XIX. 1. Tình hình xã hội sống nhân dân Cuộc khủng hoảng xã hội ở nửa sau thế kỉ XVIII đã khiến nhà nước quân chủ thiến phong kiến thời Nguyễn tăng thêm tính chuyên chế, củng cố quan hệ sản xuất phong kiến. Xã hội chia thành hai giai cấp thống trị bao gồm vua quan và địa chủ, cường hào ; giai cấp bị trị bao gồ",,,,,
entity,lichsu_12_s308_bai26_sec3_001:e1,Place,sáu tỉnh biên giới phía Bắc,khu vực biên giới phía Bắc của Việt Nam,sáu tỉnh biên giới phía Bắc,0.95,[],lichsu_12_s308_bai26_sec3_001,lichsu_12,Bài 26,ĐI LÊN CHU NGHIA XÃ HOI (2000),"[206, 207, 208]","[""data/corpus/lichsu_12/lichsu_12.pdf_206.jpg.txt"", ""data/corpus/lichsu_12/lichsu_12.pdf_207.jpg.txt"", ""data/corpus/lichsu_12/lichsu_12.pdf_208.jpg.txt""]","ta, trực tiếp là quân dân sáu tỉnh biên giới phía Bắc, đã đứng lên chiến đấu, Đến ngày 18 - 3 - 1979, quân Trung Quốc rút khỏi nước ta. Cuộc đấu tranh bảo vệ biên giới Tây Nam và biên giới phía Bắc ĐI LÊN CHU NGHIA XÃ HOI (2000) Viết Nam chuyển sang thưc hiên đối mới từ Đại hôi VI (12 - 1986) của Đảng Trong 15 năm, từ năm 1986 đến năm 2000 nhân dân ta đã thưc hiên ba kế hoạch kinh tế 5 năm 1986 1990, bước đầu công cuộc đổi mới ; 1991 - 1995, tiếp tục sự nghiệp đổi mới và 1996 ? 2000, đẩy mạnh cô",,,,,
entity,lichsu_11_s81_bai17_sec4_002:e12,Place,Ba Lan,Quốc gia bị Hít-le gây hấn và chuẩn bị chiến tranh,Hít-le bắt đầu gây hấn và ráo nết chuẩn bi hiến tranh với Ba Lan,0.9,[],lichsu_11_s81_bai17_sec4_002,lichsu_11,Bài 17,"I ta-li-a tiến hành xâm lược E-ti-ô-pi-a (1935), cùng với Đức tham chiến","[90, 91, 92]","[""data/corpus/lichsu_11/lichsu_11.pdf_90.jpg.txt"", ""data/corpus/lichsu_11/lichsu_11.pdf_91.jpg.txt"", ""data/corpus/lichsu_11/lichsu_11.pdf_92.jpg.txt""]","goài châu Mi Chính quyền các nước phát xít đã lợi dụng tình hình đó để thực hiên mục tiêu gây chiến tranh xâm lược. B Các nước phát xít trong giai đoạn 1931 - 1937 đã có những hoạt động xâm lược nào ? 2 Từ Hội nghị Muy ních đến chiến tranh thế giới Sau khi sáp nhập nước Áo vào lãnh thổ Đức (3 - 1938), Hít-le gây ra vụ Xuy đét để thôn tính Tiếp Khác Bảng cách xúi giục các cư dân gốc Đức sinh sống ở vùng Xuy-đết của Tiệp Khắc nổi dậy đồi li khai, Hít le tráng trơn yêu cầu Chính phủ Tiệp Khắc trao ",,,,,
entity,lichsu_10_s192_bai33_sec5_001:e6,Place,Đế quốc Đức,Một đế quốc ở châu Âu,đế quốc Dức,0.9,[],lichsu_10_s192_bai33_sec5_001,lichsu_10,Bài 33,PHONH MUA CỦA TBY BAN NHA,"[163, 164, 167, 168, 169]","[""data/corpus/lichsu_10/lichsu_10.pdf_163.jpg.txt"", ""data/corpus/lichsu_10/lichsu_10.pdf_164.jpg.txt"", ""data/corpus/lichsu_10/lichsu_10.pdf_167.jpg.txt"", ""data/corpus/lichsu_10/lichsu_10.pdf_168.jpg.txt"", ""data/corpus/lichsu_10/lichsu_10.pdf_169.jpg.txt""]","Đúc Biên giới Liên bang Bắc Đúc năm 1847 PHAP Cuộc tấn cũng của quân đội Phd Vào Dan Mạch, An, Pháp UNINTERMANIANT Cúc bang gia nhập liên bang Bắc Đúc năm 1070 THỤY ST Biển giới đế quốc Dức năm 1871 PHONH MUA CỦA TBY BAN NHA 10 1545-1846 nghiêm 1811 - 1818) BÌNH DƯƠNG Mê hi công VỊNH MÊ HI CÓ Thi Tri Miền Đông Bắc nước Mĩ là vùng phát triển công nghiệp, miền Nam là vùng nông nghiệp đồn điền, miền Tây là vùng đất bao la, nơi thu hút dân di cư mới. Bằng biên pháp mua lại đất đai của Pháp, Anh, của",,,,,
entity,lichsu_12_s90_bai8_sec4_001:e2,Place,Nhật Bản,Quốc gia có sự phát triển kinh tế và chính sách đối ngoại được đề cập trong đoạn văn.,Nhật Bản,0.95,[],lichsu_12_s90_bai8_sec4_001,lichsu_12,Bài 8,III - NHẬT BẢN TỪ NĂM 1973 ĐẾN NĂM 1991,"[54, 55, 56]","[""data/corpus/lichsu_12/lichsu_12.pdf_54.jpg.txt"", ""data/corpus/lichsu_12/lichsu_12.pdf_55.jpg.txt"", ""data/corpus/lichsu_12/lichsu_12.pdf_56.jpg.txt""]","mề. Nghi Thu Năm 1956, Nhật Bản bình thường hoá quan hê ngoai giao với Liên Xô. Cùng năm đó, Nhật Bản là thành viên hợp quốc Những nhân tổ nào thúc đẩy sư phát triển "" thần ki"" của kinh tế Nhật Bản ? III - NHẬT BẢN TỪ NĂM 1973 ĐẾN NĂM 1991 Do tác đông của cuộc khủng hoảng năng lương thế giới, từ năm 1973 trở đi, sự phát triển kinh tế của Nhật Bản thường xen kẽ với những giai đoạn suy thoái ngắn Tuy nhiên, từ nửa sau những năm 80, Nhật Bản đã vươn lên thành siêu cường tài chính số một thế giới vớ",,,,,
entity,lichsu_12_s226_bai20_sec6_002:e12,Place,Mường Sài,nơi Pháp tăng cường quân và trở thành nơi tập trung binh lực của Pháp,Mường Sài,0.95,[],lichsu_12_s226_bai20_sec6_002,lichsu_12,Bài 20,VÀ CHIẾN DỊCH ĐIỆN PHÚ NĂM 1954,"[145, 146, 147, 148, 149, 150, 151]","[""data/corpus/lichsu_12/lichsu_12.pdf_145.jpg.txt"", ""data/corpus/lichsu_12/lichsu_12.pdf_146.jpg.txt"", ""data/corpus/lichsu_12/lichsu_12.pdf_147.jpg.txt"", ""data/corpus/lichsu_12/lichsu_12.pdf_148.jpg.txt"", ""data/corpus/lichsu_12/lichsu_12.pdf_149.jpg.txt"", ""data/corpus/lichsu_12/lichsu_12.pdf_150.jpg.txt"", ""data/corpus/lichsu_12/lichsu_12.pdf_151.jpg.txt""]",", Điện Biên Phủ trở thành nơi tập trung binh lực thứ hai của Pháp Đầu tháng 12 ? 1953, liên quân Lào - Việt mở cuộc tiến công địch ở Trung Lào tiêu diệt trên 3 tiểu đoàn Âu ? Phi, giải phóng 4 van km? và thị xã Thà Khet, bao vày uy hiếp Xavannakhét và căn cứ Xênô Nam Nava buốc phái tăng cường lực lương cho Xênô và Xênô trở thành nơi tấp trung binh lực thứ ba của Pháp Cuối tháng 1 - 1954, liên quân Lào - Viết tiến công địch ở Thượng Lào, giai 19 thung phóng lưu vực sông Nâm Hu, toàn tỉnh Phongxal",,,,,
entity,lichsu_12_s71_bai7_sec4_001:e8,Place,Cộng hoà Liên bang Đức,"Quốc gia ở Tây Âu, nơi Đảng Cộng sản ra hoạt động công khai năm 1968 và gia nhập khối NATO năm 1955.",Công hoà Liên bang Đức,0.95,"[1955, 1968]",lichsu_12_s71_bai7_sec4_001,lichsu_12,Bài 7,1. Các nước Tây Âu đã áp dụng những thành tưu của cuộc cách mạng khoa học,"[47, 48]","[""data/corpus/lichsu_12/lichsu_12.pdf_47.jpg.txt"", ""data/corpus/lichsu_12/lichsu_12.pdf_48.jpg.txt""]","lớn của thế giới Chinh (cùng với Mi và Nhật Ban), Các nước tư ở Tây Au đều có trình độ khoa học - kĩ thuất phát triển đai Sử di nên kinh lễ các nước Tây Au phát triển nhanh là do một số yếu lố sau 1. Các nước Tây Âu đã áp dụng những thành tưu của cuộc cách mạng khoa học kĩ thuật hiện đại để tăng năng suất lao đông, nâng cao chất lượng, ha gia thành sản phẩm , 2. Nhà nước có vai trò rất lớn trong việc quản lí, điều tiết, thúc đẩy nền kinh tế; 3. Các nước Tây Âu đã tân dụng tốt các cơ hôi bên ngoà",,,,,
entity,lichsu_12_s230_bai20_sec10_002:e6,Place,Việt Nam,"Một trong ba nước Đông Dương, đã kí Hiệp định Giơnevơ.",Viết Nam đã kí Hiệp định Gionevơ,0.9,[],lichsu_12_s230_bai20_sec10_002,lichsu_12,Bài 20,HOÀ BÌNH Ở ĐỒNG DƯƠNG,"[151, 152, 153, 154, 155]","[""data/corpus/lichsu_12/lichsu_12.pdf_151.jpg.txt"", ""data/corpus/lichsu_12/lichsu_12.pdf_152.jpg.txt"", ""data/corpus/lichsu_12/lichsu_12.pdf_153.jpg.txt"", ""data/corpus/lichsu_12/lichsu_12.pdf_154.jpg.txt"", ""data/corpus/lichsu_12/lichsu_12.pdf_155.jpg.txt""]","Gionevo bát đầu thảo luận về vấn đề lập lại hoà bình ở Đông Dương, Phái đoàn Chính phủ ta, Thi Trong do Phó Thủ tướng kiêm Bộ trưởng Ngoại giao Phạm Văn Đông làm Trưởng đoàn, chính thức được mời họp. (1) Hồ Chi Minh, Toàn tấp, tấp 7, Sđd, tr 168 Cuộc đấu tranh trên bàn hội nghị diễn ra gay gắt và phức tap do lập trường thiếu thiêu thiên chí và ngoan cố của Pháp trường của Chính phủ ta là đinh chí chiến sự trên toàn Đông Dương, giải quyết vấn đề quân sự và 19 thi chinh tri cùng lúc cho cá ba nước",,,,,
entity,lichsu_10_s124_001:e10,Place,Đàng Trong,Khu vực các chúa Nguyễn khuyến khích nhân dân khai phá đất hoang.,"Ở Đàng Trong, các chúa Nguyễn khuyến khích nhân dân khai phá đất hoang",0.95,[],lichsu_10_s124_001,lichsu_10,Bài,1. Tình hình nông nghiệp ở các thế kỉ XVI - XVIII,[111],"[""data/corpus/lichsu_10/lichsu_10.pdf_111.jpg.txt""]","CÁC THẾ KỈ XVI - XVIII Thế kỉ XVI, đất nước có nhiều biến động lớn. Tuy nhiên, trong do nhiều điều kiên khác nhau nên nền kinh tế tiếp tục phát triển với những biểu hiện có ý nghĩa xã hội quan trọng. 1. Tình hình nông nghiệp ở các thế kỉ XVI - XVIII Từ cuối thế kỉ XV đến đầu thế kỉ XVI, ruộng đất ngày càng tập trung vào tay thát tầng lớp địa chủ, quan lại. Nhà nước không quan tâm đến sản xuất như trước Mất mùa, đói kém xảy ra liên miên. Cuộc sống của nông dân trở nên khổ cực; họ đã nổi dậy đấu t",,,,,
entity,lichsu_10_s64_001:e2,Place,Việt Nam,Nơi tìm thấy dấu tích Người tối cổ và công cụ đá ghè đẽo thô sơ.,"Trên đất nước ta, các nhà khảo cổ học đã tìm thấy dấu tích Người tối cổ có nhiền đại cách ngày nay 30 ? 40 vạn năm và nhiều công cụ đá ghè đềo thô sơ của Người tối cổ ở Lạng Sơn, Thanh Hoá, Đồng Nai, Bình Phước v.v",0.95,[],lichsu_10_s64_001,lichsu_10,Bài,1. Những dẫu tích Người tối cổ ở Việt Nam,"[70, 71]","[""data/corpus/lichsu_10/lichsu_10.pdf_70.jpg.txt"", ""data/corpus/lichsu_10/lichsu_10.pdf_71.jpg.txt""]","người sinh sống. Trải Nha qua hàng chục vạn năm, Người tối cổ đã tiến hoá thành Người tinh khôn, xã hội nguyên thuý ở Việt Nam chuyển thi tridun qua các giai đoạn hình thành, phát triển và tan rã hai 1. Những dẫu tích Người tối cổ ở Việt Nam Trên đất nước ta, các nhà khảo cổ học đã tìm thấy dấu tích Người tối cổ có nhiền đại cách ngày nay 30 ? 40 vạn năm và nhiều công cụ đá ghè đềo thô sơ của Người tối cổ ở Lạng Sơn, Thanh Hoá, Đồng Nai, Bình Phước v.v Người tối cổ sống thành từng bầy, Họ săn bắ",,,,,
entity,lichsu_10_s180_001:e8,Place,Địa Trung Hải,Vùng biển nơi công thương nghiệp Pháp phát triển,Địa Trung Hải,0.95,[],lichsu_10_s180_001,lichsu_10,Bài,"1. Tĩnh hĩnh kinh tế, xã hội","[151, 152]","[""data/corpus/lichsu_10/lichsu_10.pdf_151.jpg.txt"", ""data/corpus/lichsu_10/lichsu_10.pdf_152.jpg.txt""]","chế độ phong kiến, mở đường cho chủ nghĩa tư bản phát triển ở Pháp, góp phần đẩy mạnh cuộc đấu tranh chống phong kiến ở châu Âu. Quần chúng nhân dân là động lực chủ yếu thúc đầy cách mạng tiến lên. 1. Tĩnh hĩnh kinh tế, xã hội Cuối thế kỉ XVIII, Pháp vẫn nha là một nước nông nghiệp Công cụ và phương thức canh tác thô sơ, lạc hậu, năng suất thu hoạch rất thấp. Dân cư chủ yếu sống bằng nghề nông. Nông dân nhận ruộng đất của lãnh chúa để cày cấy và phải nộp địa tô hết sức nặng nề phải thực hiện mọi",,,,,
entity,lichsu_12_s226_bai20_sec6_001:e4,Place,Viết Bắc,Địa điểm Bộ Chính trị Ban Chấp hành Trung họp,Viết Bắc,0.95,[],lichsu_12_s226_bai20_sec6_001,lichsu_12,Bài 20,VÀ CHIẾN DỊCH ĐIỆN PHÚ NĂM 1954,"[145, 146, 147, 148, 149, 150, 151]","[""data/corpus/lichsu_12/lichsu_12.pdf_145.jpg.txt"", ""data/corpus/lichsu_12/lichsu_12.pdf_146.jpg.txt"", ""data/corpus/lichsu_12/lichsu_12.pdf_147.jpg.txt"", ""data/corpus/lichsu_12/lichsu_12.pdf_148.jpg.txt"", ""data/corpus/lichsu_12/lichsu_12.pdf_149.jpg.txt"", ""data/corpus/lichsu_12/lichsu_12.pdf_150.jpg.txt"", ""data/corpus/lichsu_12/lichsu_12.pdf_151.jpg.txt""]","được Chính phủ Pháp mà cả những người bạn Mĩ cùng tán thành. Nó cho phép hi vọng đủ mọi điều"" 1) 1953 - 1954 như thế nào 11 Đô Thiên - Đình Kim Khánh, Tiếng Sấm Điện Biên Phú, Nhân dân, H, 1984, 1.61 VÀ CHIẾN DỊCH ĐIỆN PHÚ NĂM 1954 1.Cuộc Tiến công chiến lược Đông - Xuân 1953 - 1954 Cuối tháng 9 ? 1953, Bộ Chính trị Ban Chấp hành Trung họp ở Viết Bắc để bàn về kế hoạch quân sự trong đông - xuân 1953 - 1954 Năm vững nhiệm vu tiêu diệt địch là chính, phương hược của ta trong đông - xuân 1953 ? 195",,,,,
entity,lichsu_10_s34_002:e12,Place,châu Âu,Nơi Người A-rập Hồi giáo tấn công vào năm 732,châu Âu,0.9,[],lichsu_10_s34_002,lichsu_10,Bài,2. Vương triều Hồi giáo Đê-li,"[41, 42]","[""data/corpus/lichsu_10/lichsu_10.pdf_41.jpg.txt"", ""data/corpus/lichsu_10/lichsu_10.pdf_42.jpg.txt""]","hư một người đương thời nhận xét sau khi đã đi rất nhiều nơi. Điều quan trọng ở đây là sự phát hiện nhau giữa hai nền văn minh đặc sắc là Ân Độ Hinđu giáo và A-rập Hồi giáo. Sự giao lưu văn hoá Đông ? Tây cũng được thúc đấy hơn (1), Điều không kém quan trong nữa là thời Vương triều Hồi giáo Đê-li cũng là thời mà các thương nhân An Độ mang đạo Hồi đến một số nơi, một số nước ở Đông Nam Á, nơi mà một vài cộng đồng nhỏ Hồi giáo A rập mang đến từ trước Trong đã được gia tăng sâu đậm hơn với thương n",,,,,
entity,lichsu_12_s252_bai21_sec18_001:e1,Place,miền Bắc nước ta,Miền Bắc Việt Nam,miền Bắc nước ta,0.9,[],lichsu_12_s252_bai21_sec18_001,lichsu_12,Bài 21,1. Chiến lược ?Chiến tranh đặc biệt? của Mĩ ở miền Nam,"[165, 166, 167, 168, 169, 170, 171, 172]","[""data/corpus/lichsu_12/lichsu_12.pdf_165.jpg.txt"", ""data/corpus/lichsu_12/lichsu_12.pdf_166.jpg.txt"", ""data/corpus/lichsu_12/lichsu_12.pdf_167.jpg.txt"", ""data/corpus/lichsu_12/lichsu_12.pdf_168.jpg.txt"", ""data/corpus/lichsu_12/lichsu_12.pdf_169.jpg.txt"", ""data/corpus/lichsu_12/lichsu_12.pdf_170.jpg.txt"", ""data/corpus/lichsu_12/lichsu_12.pdf_171.jpg.txt"", ""data/corpus/lichsu_12/lichsu_12.pdf_172.jpg.txt""]","đổi với miền Bắc nước ta, Miền Bắc phải chuyển hướng xây dưng và phát triển kinh tế cho phù hợp với điều kiên chiến tranh D Đại hội dại biểu toàn quốc lần thứ III của Đảng họp trong bối cảnh lịch sử 1. Chiến lược ?Chiến tranh đặc biệt? của Mĩ ở miền Nam Từ cuối năm 1960, hình thức thống trị bằng chính quyền tay sai độc tài Ngô Đình Diêm bị thất bại, để quốc Mi buộc phải chuyển sang thực hiện chiến lược Chiến tranh đặc biệt"" (1961 - 1965) ""Chiến tranh đặc biết"""" là hình thức chiến tranh xâm lược ",,,,,
entity,lichsu_12_s226_bai20_sec6_003:e4,Place,Kon Tum,Tỉnh được giải phóng,toàn tỉnh Kon Tum,0.95,[],lichsu_12_s226_bai20_sec6_003,lichsu_12,Bài 20,VÀ CHIẾN DỊCH ĐIỆN PHÚ NĂM 1954,"[145, 146, 147, 148, 149, 150, 151]","[""data/corpus/lichsu_12/lichsu_12.pdf_145.jpg.txt"", ""data/corpus/lichsu_12/lichsu_12.pdf_146.jpg.txt"", ""data/corpus/lichsu_12/lichsu_12.pdf_147.jpg.txt"", ""data/corpus/lichsu_12/lichsu_12.pdf_148.jpg.txt"", ""data/corpus/lichsu_12/lichsu_12.pdf_149.jpg.txt"", ""data/corpus/lichsu_12/lichsu_12.pdf_150.jpg.txt"", ""data/corpus/lichsu_12/lichsu_12.pdf_151.jpg.txt""]","TAY NINH PHONH NHINH THU DÂU MỘT PHAN RÍ K BIẾN HOÀ PHAN THIẾT SÀI GÒN CHÂU ĐỐC HÀ TIÊN VĨNH LÔNG Đ. Phú Quốc BỆN TRE RACH GIA CẦN THỜ BACLIEU QQ Thổ Chu Đ. Con Sgu 04 hon Khoai 10gh Đã Đầu tháng 2 ? 1954, quân ta tiến công địch ở Bắc Tây Nguyên, loại khói vòng chiến đấu 2 000 địch, giải phóng toàn tỉnh Kon Tum, một vùng rộng lớn với 20 vạn dân bao vây uy hiếp Playku Thi pháp buốc phái bó dở cuốc tuế công Tuy Hoà (Phú Yên) để tăng cường Nhưng lưc lương cho Plâyku và Plâyku trở thành nơi tấp trun",,,,,
entity,lichsu_10_s180_001:e1,Place,Pháp,Quốc gia ở châu Âu,Pháp,0.95,[],lichsu_10_s180_001,lichsu_10,Bài,"1. Tĩnh hĩnh kinh tế, xã hội","[151, 152]","[""data/corpus/lichsu_10/lichsu_10.pdf_151.jpg.txt"", ""data/corpus/lichsu_10/lichsu_10.pdf_152.jpg.txt""]","chế độ phong kiến, mở đường cho chủ nghĩa tư bản phát triển ở Pháp, góp phần đẩy mạnh cuộc đấu tranh chống phong kiến ở châu Âu. Quần chúng nhân dân là động lực chủ yếu thúc đầy cách mạng tiến lên. 1. Tĩnh hĩnh kinh tế, xã hội Cuối thế kỉ XVIII, Pháp vẫn nha là một nước nông nghiệp Công cụ và phương thức canh tác thô sơ, lạc hậu, năng suất thu hoạch rất thấp. Dân cư chủ yếu sống bằng nghề nông. Nông dân nhận ruộng đất của lãnh chúa để cày cấy và phải nộp địa tô hết sức nặng nề phải thực hiện mọi",,,,,
entity,lichsu_12_s71_bai7_sec4_002:e6,Place,Thụy Điển,một quốc gia có nhân dân và chính phủ phản đối chiến tranh của Mĩ ở Việt Nam,Thụy Điển,0.95,[],lichsu_12_s71_bai7_sec4_002,lichsu_12,Bài 7,1. Các nước Tây Âu đã áp dụng những thành tưu của cuộc cách mạng khoa học,"[47, 48]","[""data/corpus/lichsu_12/lichsu_12.pdf_47.jpg.txt"", ""data/corpus/lichsu_12/lichsu_12.pdf_48.jpg.txt""]","c, chu ý phát triên quan hê với Liên Xô và các nước xã hội chú nghĩa khác. Đặc biệt, năm 1966 Pháp rút khỏi Bộ Chỉ huy NATO và yêu cầu Trong rút tất cá căn cứ quân sư và quân đôi Mĩ ra khói nước Pháp. Nhân dân và 19 thuy chính phú các nước Phap, Thuy Điển, Phân Lan vv đều phán đồi cuốc chiến tranh của Mĩ ở Việt Nam Trong giai đoạn 1950 ? 1973, nhiều thuộc địa của Anh, Pháp, Hà Lan tuyên bố độc lập, đánh dầu thời kì ?phi thực dân phạm vi thế giới Tây Au ?",,,,,
entity,lichsu_10_s145_001:e10,Place,Gia Định thành,"Một trong ba vùng được vua Gia Long chia, gồm các trấn thuộc Nam Bộ ngày nay.",Gia Định thành (các trấn thuộc Nam Bộ ngày nay),0.95,[],lichsu_10_s145_001,lichsu_10,Bài,VĂN HOÁ DƯỚI TRIÊU NGUYÊN,"[123, 125, 126]","[""data/corpus/lichsu_10/lichsu_10.pdf_123.jpg.txt"", ""data/corpus/lichsu_10/lichsu_10.pdf_125.jpg.txt"", ""data/corpus/lichsu_10/lichsu_10.pdf_126.jpg.txt""]","cả ở Đàng Ngoài, Đàng Trong. Nhiều làng có phường tuồng, phường chèo. Bên cạnh đó, phổ biến hàng loạt làn điệu dân ca mang tính địa phương đậm nét như quan họ, hát giặm, hò, vè, lí, si, lượn v.v. VĂN HOÁ DƯỚI TRIÊU NGUYÊN (Nửa đầu thế kỉ XIX) Năm 1802, nhà Nguyễn được thành lập. Trong nửa thế kỉ thống trị, trên một đất nước vừa trải qua nhiều biến động Người lớn, nhà Nguyễn ra sức củng cố quyền thống trị, phục hồi kinh tế, chấn chỉnh văn hoá. Tuy nhiên, trong điều kiện của giai đoạn suy tàn của ",,,,,
entity,lichsu_10_s40_001:e7,Place,Đông Nam Á,"khu vực địa lí, lịch sử, văn hoá riêng biệt, còn gọi là khu vực châu Á gió mùa",Đông Nam Á,0.95,[],lichsu_10_s40_001,lichsu_10,Bài,Ở ĐÔNG NAM Á,"[43, 44, 45, 46]","[""data/corpus/lichsu_10/lichsu_10.pdf_43.jpg.txt"", ""data/corpus/lichsu_10/lichsu_10.pdf_44.jpg.txt"", ""data/corpus/lichsu_10/lichsu_10.pdf_45.jpg.txt"", ""data/corpus/lichsu_10/lichsu_10.pdf_46.jpg.txt""]","Họ đã lập các điểm buôn bán như Điu, Đa-man... Vua cuối của Vương triều là Ao-reng-dép đã phải đối diện với thực dân Anh và bước đầu để mất Ma-đrát, Bom-bay. t Những nét chính về Vương triều Mô-gôn Ở ĐÔNG NAM Á Đông Nam Á từ lâu vẫn được coi là một khu vực địa lí liện lịch sử ? văn hoá riêng biệt và còn được gọi là khu vực châu A gió mùa kèm theo mưa rất thuận lợi cho việc phát triển nền nông nghiệp lúa nước, Trên cơ sở thu nha phát triển của đồ sắt và nền kinh tế nông nghiệp lúa nước, từ những ",,,,,
entity,lichsu_11_s122_bai21_sec5_002:e10,Place,Yên Thế,Nơi nghĩa quân Đề Thám hoạt động,Yên Thế,0.95,[],lichsu_11_s122_bai21_sec5_002,lichsu_11,Bài 21,CÂN VƯƠNG VÀ PHONG TRÀO ĐẦU TRANH TỰ VÊ CUỐI THẾ KỈ XIX,"[124, 128, 129]","[""data/corpus/lichsu_11/lichsu_11.pdf_124.jpg.txt"", ""data/corpus/lichsu_11/lichsu_11.pdf_128.jpg.txt"", ""data/corpus/lichsu_11/lichsu_11.pdf_129.jpg.txt""]","ồn bốc và thực hiên chính sách ""ddng người Việt trị người Việt để cô lập nghĩa quân ở cần cứ Bgia quân chiến đấu rất dũng cảm, nhưng lực lượng ngày càng giảm sút và rơi dân vào thế bi bao vây, cô lập. Cuối Chu nguyên Thiên Thuất phai láng lrung Quốc (7 1889) và mất tai đó vào năm 1926 Cuối tháng 7 - 1889, căn cứ Hai Sông cũng bi Pháp bao vây. Đốc Tít chí huy nghĩa quân chống tra quyết liệt, nhưng bi đánh bại bản doanh (1844 1926) Trai Sơn. Trong thể cùng, ông phảng giác (12 8 1889), sau bi chúng",,,,,
entity,lichsu_12_s38_bai3_sec4_001:e8,Place,Canađa,Quốc gia có diện tích lớn hơn Trung Quốc.,sau Nga và Canađa,0.95,[],lichsu_12_s38_bai3_sec4_001,lichsu_12,Bài 3,II - TRUNG QUỐC,"[19, 20]","[""data/corpus/lichsu_12/lichsu_12.pdf_19.jpg.txt"", ""data/corpus/lichsu_12/lichsu_12.pdf_20.jpg.txt""]","thành nền kinh tế lớn thứ hai thế giới, Trong những năm 80 ? 90 của thế kỉ XX và những năm đầu của thế kỉ XXI, nền kinh tế Trung Quốc có tốc đô tăng trưởng nhanh và cao nhất thế giới như the nào ? II - TRUNG QUỐC Trung Quốc là nước rộng thứ ba thế giới (sau Nga và Canađa) với diên tích gần 19,6 triêu km? và dân số đông nhất thế giới với 1,26 tỉ người (2000)",,,,,
entity,lichsu_10_s40_001:e1,Place,Điu,điểm buôn bán,Điu,0.95,[],lichsu_10_s40_001,lichsu_10,Bài,Ở ĐÔNG NAM Á,"[43, 44, 45, 46]","[""data/corpus/lichsu_10/lichsu_10.pdf_43.jpg.txt"", ""data/corpus/lichsu_10/lichsu_10.pdf_44.jpg.txt"", ""data/corpus/lichsu_10/lichsu_10.pdf_45.jpg.txt"", ""data/corpus/lichsu_10/lichsu_10.pdf_46.jpg.txt""]","Họ đã lập các điểm buôn bán như Điu, Đa-man... Vua cuối của Vương triều là Ao-reng-dép đã phải đối diện với thực dân Anh và bước đầu để mất Ma-đrát, Bom-bay. t Những nét chính về Vương triều Mô-gôn Ở ĐÔNG NAM Á Đông Nam Á từ lâu vẫn được coi là một khu vực địa lí liện lịch sử ? văn hoá riêng biệt và còn được gọi là khu vực châu A gió mùa kèm theo mưa rất thuận lợi cho việc phát triển nền nông nghiệp lúa nước, Trên cơ sở thu nha phát triển của đồ sắt và nền kinh tế nông nghiệp lúa nước, từ những ",,,,,
entity,lichsu_12_s37_bai3_sec3_001:e1,Place,Đông Bắc Á,"Khu vực rộng lớn với tổng diện tích 10,2 triệu km², đông dân nhất thế giới (khoảng 1,47 tỉ người - năm 2000) và có nguồn tài nguyên thiên nhiên phong phú.","Đông Bắc Á là khu vực rông lớn (với tổng diện tích 10,2 triệu km?), đông dân nhất thế giới (khoảng 1,47 tỉ người - năm 2000) và có nguôn tài nguyên thiên nhiên phong phú",0.95,[2000],lichsu_12_s37_bai3_sec3_001,lichsu_12,Bài 3,NÉT CHUNG VỀ KHU VỰC ĐÔNG BẮC Á,"[19, 20]","[""data/corpus/lichsu_12/lichsu_12.pdf_19.jpg.txt"", ""data/corpus/lichsu_12/lichsu_12.pdf_20.jpg.txt""]","nước trên bán đảo Triều Tiên Người và sự thành lấp nước Công hoà Nhân dân Trung Hoa Các quốc gia trong khu vưc đã đạt được những thành tựu quan trong trong công cuộc xây dựng và phát triển đất nước NÉT CHUNG VỀ KHU VỰC ĐÔNG BẮC Á Đông Bắc Á là khu vực rông lớn (với tổng diện tích 10,2 triệu km?), đông dân nhất thế giới (khoảng 1,47 tỉ người - năm 2000) và có nguôn tài nguyên thiên nhiên phong phú, Trước Chiến tranh thế giới thứ hai, các nước Đông Bắc Á (trừ Nhật Bản) điều đều bị chủ nghĩa thực d",,,,,
entity,lichsu_11_s16_bai5_sec5_001:e2,Place,Mê hi cô,Quốc gia Mê hi cô,Mê hi cô,0.95,[],lichsu_11_s16_bai5_sec5_001,lichsu_11,Bài 5,CHIẾN TRANH THẾ GIỚI THỨ NHẤT (1914 - 1918),"[29, 30, 31]","[""data/corpus/lichsu_11/lichsu_11.pdf_29.jpg.txt"", ""data/corpus/lichsu_11/lichsu_11.pdf_30.jpg.txt"", ""data/corpus/lichsu_11/lichsu_11.pdf_31.jpg.txt""]","- 1915) và 2 lần đem quân dánh Mê hi cô (1914 và 1916), Dưới danh nghĩa đoàn kết với các nước châu Mĩ, chính quyền Oa-sinh-tơn đã khống chế, biến khu vực Mĩ Latinh thành ""sân sau"" của để quốc Mĩ. CHIẾN TRANH THẾ GIỚI THỨ NHẤT (1914 - 1918) Từ năm 1914 đến năm 1918, nhân loại đã phải trải qua một cuộc chiến tranh thế giới tàn khốc, lôi cuốn vào vòng chục nước, chủ yếu là ở châu Âu, đã gây nên những thiệt hại to lớn về người và của",,,,,
entity,lichsu_11_s73_bai16_sec4_001:e5,Place,Xu-ma-tơ-ra,Địa điểm diễn ra cuộc khởi nghĩa vũ trang do Đảng Cộng sản In-đô-nê-xi-a lãnh đạo,Xu ma tơ ra,0.95,[],lichsu_11_s73_bai16_sec4_001,lichsu_11,Bài 16,THỊ PHONG TRÀO ĐỘC LẬP DÂN TỘC Ở IN-ĐÔ NÊ XI-A,"[83, 84, 85, 86]","[""data/corpus/lichsu_11/lichsu_11.pdf_83.jpg.txt"", ""data/corpus/lichsu_11/lichsu_11.pdf_84.jpg.txt"", ""data/corpus/lichsu_11/lichsu_11.pdf_85.jpg.txt"", ""data/corpus/lichsu_11/lichsu_11.pdf_86.jpg.txt""]","Xô viết Nghệ Tĩnh Riêng ở Việt Nam, từ tháng 2 - 1930 quyền lãnh đạo cách mạng thuộc về chính đảng của giai cấp vô sản Nét mới trong phong trào độc lập dân tộc ở Đông Nam Á giữa hai cuộc chiến tranh THỊ PHONG TRÀO ĐỘC LẬP DÂN TỘC Ở IN-ĐÔ NÊ XI-A 1 Phong trào độc lập dân tộc trong thập niên 20 của thế kỉ XX Sau Chiến tranh thế giới thứ nhất, cùng với phong trào độc lập dân lộc, sự phat triển của phong trào công nhân và việc truyền bá chủ nghĩa Mác - Lênin vào In đô nê xi-a đã dẫn tới việc thành l",,,,,
entity,lichsu_10_s104_001:e12,Place,Sông Bạch Đằng,Nơi diễn ra trận đại bại nặng nề nhất của quân xâm lược vào năm 1288,trận đại bại trên Sống Bạch Đăng năm 1288,0.95,[1288],lichsu_10_s104_001,lichsu_10,Bài,Ở THẾ KỈ XIII,"[96, 98, 99]","[""data/corpus/lichsu_10/lichsu_10.pdf_96.jpg.txt"", ""data/corpus/lichsu_10/lichsu_10.pdf_98.jpg.txt"", ""data/corpus/lichsu_10/lichsu_10.pdf_99.jpg.txt""]","đã chiến đấu anh dũng, đánh tan quân Xâm lược Tống ngay trên vùng Đông Bắc Nhiều tướng giặc bị bắt Nhà Tống buộc phải rút quân, bỏ mộng xâm lược nước ta, Quan hệ Việt - Tổng trở lại bình thường. B Ở THẾ KỈ XIII Dưới thời Trần, nhân dân Đại Việt phải đương đầu với một thử thách hiểm nghèo : trong vòng 30 năm phải tiến hàng chiến chống quân xâm Lược Mông - Nguyên hung bạo (1258, 1285, 1288) Di thười sự lãnh đạo của các vị vua Trân Thái Lông, Trân Thánh Tông, Trân Nam Nhân Tông, Thái sư Trần Thủ Độ",,,,,
entity,lichsu_12_s31_bai2_sec12_002:e1,Place,Liên Xô,Một quốc gia có nền kinh tế - xã hội được đề cập trong đoạn văn.,Liên Xô,0.9,[],lichsu_12_s31_bai2_sec12_002,lichsu_12,Bài 2,ADẮCXTAN TÊN NƯỚC,"[14, 15, 16, 17]","[""data/corpus/lichsu_12/lichsu_12.pdf_14.jpg.txt"", ""data/corpus/lichsu_12/lichsu_12.pdf_15.jpg.txt"", ""data/corpus/lichsu_12/lichsu_12.pdf_16.jpg.txt"", ""data/corpus/lichsu_12/lichsu_12.pdf_17.jpg.txt""]","kinh tế - xã hôi của Liên Xô và các nước Đông Âu. Nhưng dần dần, chính những sai lầm và khuyết tật đã làm xói mòn, dẫn tới sự tan rã của chế độ xã hội chủ nghĩa ở châu Au trong những nam 1989 ? 1991. Nguyên nhân trước hết là do đường lối lãnh đạo mang tính chủ quan the duy y chí, cùng với cơ chế lập trung quan liêu bao cấp làm cho sản xuất trì trê, đời sống ngân dân không được cải thiên Thêm vào đó, sự thiếu dân chủ và công băng người đã làm tăng thêm sự bất mãn trong quân chúng, Hai là, kip bướ",,,,,
entity,lichsu_12_s230_bai20_sec10_001:e9,Place,Béclin,Địa điểm diễn ra Hội nghị Ngoại trưởng bốn nước.,Béclin,0.95,[],lichsu_12_s230_bai20_sec10_001,lichsu_12,Bài 20,HOÀ BÌNH Ở ĐỒNG DƯƠNG,"[151, 152, 153, 154, 155]","[""data/corpus/lichsu_12/lichsu_12.pdf_151.jpg.txt"", ""data/corpus/lichsu_12/lichsu_12.pdf_152.jpg.txt"", ""data/corpus/lichsu_12/lichsu_12.pdf_153.jpg.txt"", ""data/corpus/lichsu_12/lichsu_12.pdf_154.jpg.txt"", ""data/corpus/lichsu_12/lichsu_12.pdf_155.jpg.txt""]","cho cuộc đấu tranh ngoại giao của ta giành tháng lợi của quân dân ta - Chiến dịch lịch sử Điên Biên Phủ đã được chuẩn bị và giành thăng Người lợi như thế nào 7 Nêu y nghĩa của chiến thăng Điên Phú HOÀ BÌNH Ở ĐỒNG DƯƠNG 1.Hội nghị Giơnevơ Bước vào đông - xuân 1953 ? 1954, đồng thời với cuộc tiến công quân sự, ta đẩy mạnh cuộc đấu tranh ngoại giao, mở ra khả năng giải quyết bằng con đường hoà bình cuộc chiến tranh ở Đông Dương Ngày 26 11 1953, Chủ tích Hồ Chi Minh tuyên bố ""Nếu thực dân Pháp thiếp",,,,,
entity,lichsu_12_s59_bai5_sec8_001:e5,Place,Nam châu Mĩ,Một phần của khu vực Mĩ Latinh,"toàn bộ các nước ở Trung, Nam châu Mĩ",0.8,[],lichsu_12_s59_bai5_sec8_001,lichsu_12,Bài 5,1. Vài nét về quá trình gảo vệ độc lập,[38],"[""data/corpus/lichsu_12/lichsu_12.pdf_38.jpg.txt""]","LATINH Khu vực Mĩ Latinh gồm 33 nước (trong đó một nước ở Bắc Mĩ là M?hicô cùng toàn bộ các nước ở Trung, Nam châu Mĩ và vùng biển Caribê), diên tích trên 20,5 triêu km? dân số 517 triêu người (2000) 1. Vài nét về quá trình gảo vệ độc lập Khác với châu Á và châu Phi, nhiều nước ở Mĩ Latinh sớm giành được độc lập từ lay thực dân Tây Ban Nha và Bồ Đào Nha từ đầu thế kỉ XIX, nhưng sau đó lai 1000 BOTTER HOA KI BAHAMA MEHICỔ IZZ CUBA1973 1959 1981 HAMAICA ĐỘMINICANA TRINH VÀ NEVIT SIBELIXE E GOATỀMA",,,,,
entity,lichsu_12_s285_bai23_sec12_004:e6,Place,miền Nam,Khu vực các tỉnh còn lại được giải phóng sau Sài Gòn,miền Nam,0.95,[],lichsu_12_s285_bai23_sec12_004,lichsu_12,Bài 23,2. Cuộc Tổng tiến công và nối dậy Xuân 1975,"[192, 193, 194, 195, 196]","[""data/corpus/lichsu_12/lichsu_12.pdf_192.jpg.txt"", ""data/corpus/lichsu_12/lichsu_12.pdf_193.jpg.txt"", ""data/corpus/lichsu_12/lichsu_12.pdf_194.jpg.txt"", ""data/corpus/lichsu_12/lichsu_12.pdf_195.jpg.txt"", ""data/corpus/lichsu_12/lichsu_12.pdf_196.jpg.txt""]","ng thống ngày 28 ? 4, đã phải tuyên bố đầu hàng không điều kiên. Đến 11 giơ 30 phút cùng ngày là cờ cách mạng tung bay trên nóc Dinh Độc Lập, báo hiêu sư toàn tháng của chiến dịch Hồ Chí Minh lích sử. Sau khi giải phông Sài Gòn, lực lương vũ trang và nhân dân các tỉnh còn lại thờ miền Nam thừa thắng nhất lề đứng lên tiến công và nổi dây, theo phương thức thu người ""xã giái phóng xã, huyên giải phóng huyên, tỉnh giải phóng tỉnh"" Đến ngày 2-55 Châu Đốc là tỉnh cuối cùng được giái phóng Đảng ta đã ",,,,,
entity,lichsu_10_s187_001:e2,Place,Anh,Quốc gia đầu tiên tiến hành cách mạng công nghiệp.,Anh là nước đầu tiên tiến hành cách mạng công nghiệp,0.95,[],lichsu_10_s187_001,lichsu_10,Bài,1. Cách mạng công nghiệp ở Anh,"[159, 160, 161]","[""data/corpus/lichsu_10/lichsu_10.pdf_159.jpg.txt"", ""data/corpus/lichsu_10/lichsu_10.pdf_160.jpg.txt"", ""data/corpus/lichsu_10/lichsu_10.pdf_161.jpg.txt""]","nền sản xuất thay thế cho lao động thủ công. Về thiệt thực chất, đây là cuộc cách mạng kĩ thuật của chủ nghĩa nha tư bản nhằm tạo ra một năng suất lao động cao hơn, củng cố nền tảng của chế độ mới 1. Cách mạng công nghiệp ở Anh Anh là nước đầu tiên tiến hành cách mạng công nghiệp do cách mạng tư sản nổ ra sớm, tạo những điều kiện thuận lợi để đầy mạnh sản xuất : tư bản, nhân công và sự phát triển kĩ thuật. Cách mạng công nghiệp ở Anh bắt đầu từ những năm 60 của thế kỉ XVIII và kết thúc vào những",,,,,
entity,lichsu_11_s58_bai13_sec4_001:e1,Place,Mĩ,Quốc gia nơi cuộc khủng hoảng kinh tế diễn ra,nước Mĩ,0.9,[],lichsu_11_s58_bai13_sec4_001,lichsu_11,Bài 13,HI NƯỚC MI TRONG NĂM 1929 1939,"[69, 70, 71, 72, 73]","[""data/corpus/lichsu_11/lichsu_11.pdf_69.jpg.txt"", ""data/corpus/lichsu_11/lichsu_11.pdf_70.jpg.txt"", ""data/corpus/lichsu_11/lichsu_11.pdf_71.jpg.txt"", ""data/corpus/lichsu_11/lichsu_11.pdf_72.jpg.txt"", ""data/corpus/lichsu_11/lichsu_11.pdf_73.jpg.txt""]","nghĩa tư do thái quá đã đưa đến sư phát triển không nghiệp đông bô giữa các ngành công nghiệp, giữa công nghiệp với nông nghiệp, và không có kế hoạch dài hạn cho sự cân đối giữa sản xuất và tiêu dùng HI NƯỚC MI TRONG NĂM 1929 1939 1 Cuộc khúng hoảng kinh tế (1933) ở Mi Trong khi giai cấp tư sản Mĩ đang hết lời ca ngơi sự phốn vinh của nền kinh tế thì cuộc khủng hoảng kinh tế chưa từng thấy bất ngờ bùng nổ vào tháng 10 1929 chấm dứt thời kì hoàng kinh tế Mĩ Cuốc khùng hoáng bất đầu trong lĩnh vực",,,,,
entity,lichsu_10_s192_bai33_sec5_001:e9,Place,Tây Ban Nha,Một quốc gia ở châu Âu,Tây Ban Nha,0.9,[],lichsu_10_s192_bai33_sec5_001,lichsu_10,Bài 33,PHONH MUA CỦA TBY BAN NHA,"[163, 164, 167, 168, 169]","[""data/corpus/lichsu_10/lichsu_10.pdf_163.jpg.txt"", ""data/corpus/lichsu_10/lichsu_10.pdf_164.jpg.txt"", ""data/corpus/lichsu_10/lichsu_10.pdf_167.jpg.txt"", ""data/corpus/lichsu_10/lichsu_10.pdf_168.jpg.txt"", ""data/corpus/lichsu_10/lichsu_10.pdf_169.jpg.txt""]","Đúc Biên giới Liên bang Bắc Đúc năm 1847 PHAP Cuộc tấn cũng của quân đội Phd Vào Dan Mạch, An, Pháp UNINTERMANIANT Cúc bang gia nhập liên bang Bắc Đúc năm 1070 THỤY ST Biển giới đế quốc Dức năm 1871 PHONH MUA CỦA TBY BAN NHA 10 1545-1846 nghiêm 1811 - 1818) BÌNH DƯƠNG Mê hi công VỊNH MÊ HI CÓ Thi Tri Miền Đông Bắc nước Mĩ là vùng phát triển công nghiệp, miền Nam là vùng nông nghiệp đồn điền, miền Tây là vùng đất bao la, nơi thu hút dân di cư mới. Bằng biên pháp mua lại đất đai của Pháp, Anh, của",,,,,
entity,lichsu_10_s207_003:e3,Place,Sơ-lê-din,Vùng nơi công nhân dệt khởi nghĩa,vùng Sơ-lê din,0.95,[],lichsu_10_s207_003,lichsu_10,Bài,1. Sự ra đời và tình cảnh của giai cấp vô sản công nghiệp,"[183, 184, 185]","[""data/corpus/lichsu_10/lichsu_10.pdf_183.jpg.txt"", ""data/corpus/lichsu_10/lichsu_10.pdf_184.jpg.txt"", ""data/corpus/lichsu_10/lichsu_10.pdf_185.jpg.txt""]","Năm 1844, công nhân dệt vùng Sơ-lê din khởi nghĩa, phá huỷ nhà xưởng, Cuộc khởi nghĩa chiến không duy trì được lâu nhưng có tác dụng mở đầu phong trào đấu tranh sôi nổi cha của công nhân Đức sau này. 19 Những cuộc đấu tranh trên của giai cấp công nhân Anh, Pháp, Đức đều thất bại vì thiếu sự lãnh đạo đúng đần và chưa có đường lối chính trị rõ ràng, song đã đánh dấu sự trưởng thành của công nhân, tạo điều kiện quan trọng cho sự ra đời của lí luận khoa học sau này. B Những cuộc đấu tranh của công n",,,,,
entity,lichsu_12_s60_bai5_sec9_002:e11,Place,Triniđát và Tôbagô,Quốc đảo giành được độc lập,Triniđát và Tôbagô 1962,0.95,[1962],lichsu_12_s60_bai5_sec9_002,lichsu_12,Bài 5,ĐÔM NGA ANT CHA THO NGAY,"[38, 39, 40, 41]","[""data/corpus/lichsu_12/lichsu_12.pdf_38.jpg.txt"", ""data/corpus/lichsu_12/lichsu_12.pdf_39.jpg.txt"", ""data/corpus/lichsu_12/lichsu_12.pdf_40.jpg.txt"", ""data/corpus/lichsu_12/lichsu_12.pdf_41.jpg.txt""]","ranh vũ trang lật đổ chế độ độc tài, thành lập Nước Cộng hoà Cuba Nhâm ngăn chăn ảnh hưởng của cách mang Cuba, tháng 8 1961, Mĩ để xướng việc tổ chức Liên minh vì tiền bộ lôi kéo các nước Minh Latinh. Nhưng từ các thập k0, phong trào điều đầu tranh chông Mi và chế đô đốc tài thân Mi giành độc lập ở khu vực ngày càng phát triển và giành nhiều tháng lợi Năm 1964, phong trào đấu tranh của nhân dân Panama đòi thu hồi chủ quyền kênh đào diễn ra sôi nối, buốc Mĩ phái từ bo quyền chiếm kênh đào và trả ",,,,,
entity,lichsu_10_s29_001:e6,Place,Ấn Độ,"Lãnh thổ có hình tam giác ngược, hai bên giáp biển, cạnh phía bắc nối với châu Á, ngăn cách bởi dãy núi Hi-ma-lay-a, còn được gọi là tiểu lục địa Nam Á. Diện tích hơn 3 triệu km², gấp khoảng 10 lần Việt Nam và gần 15 lần nước Anh.","Lãnh thổ Ấn Độ như hình ""tam giác ngược"", hai bên giáp biển, cạnh phía bắc nối với châu Á, nhưng lại ngăn cách bởi dãy núi cao nhất thế giới ? dãy Hi-ma-lay-a, nên còn được gọi là tiểu lục địa Nam Á. Diện tích Ân Độ khá Trong lớn, hơn 3 triệu km?, gấp khoảng 10 lần Việt Nam nhưng và gần 15 lần nước Anh.",0.9,[],lichsu_10_s29_001,lichsu_10,Bài,Bài,"[28, 29, 30, 31, 37, 38, 39]","[""data/corpus/lichsu_10/lichsu_10.pdf_28.jpg.txt"", ""data/corpus/lichsu_10/lichsu_10.pdf_29.jpg.txt"", ""data/corpus/lichsu_10/lichsu_10.pdf_30.jpg.txt"", ""data/corpus/lichsu_10/lichsu_10.pdf_31.jpg.txt"", ""data/corpus/lichsu_10/lichsu_10.pdf_37.jpg.txt"", ""data/corpus/lichsu_10/lichsu_10.pdf_38.jpg.txt"", ""data/corpus/lichsu_10/lichsu_10.pdf_39.jpg.txt""]","đó, miên Bắc Tổng lại bị nước Kim đánh chiếm. Đến cuối thế kỉ XIII, cả hai nước Kim và Nam Tống lần lượt bị Mông Cổ tiêu diêt partically Những biểu hiện sự thịnh trị về kinh tế, chính trị của xã hội Bài TRUYÊN THỐNG ÂN ĐÔ Lãnh thổ Ấn Độ như hình """"tam giác ngược?, hai bên giáp biển, cạnh phía bắc nối với châu Á, nhưng lại ngăn cách bởi dãy núi cao nhất thế giới ? dãy Hi-ma-lay-a, nên còn được gọi là tiểu lục địa Nam Á. Diện tích Ân Độ khá Trong lớn, hơn 3 triệu km?, gấp khoảng 10 lần Việt Nam nh",,,,,
entity,lichsu_10_s208_001:e8,Place,Anh,Nơi Rô-be Ô-oen là đại biểu xuất sắc của chủ nghĩa xã hội không tưởng và nơi ông sinh trưởng.,ở Anh,0.95,[],lichsu_10_s208_001,lichsu_10,Bài,3. Chủ nghĩa xã hội không tưởng,"[183, 184, 185, 186, 187]","[""data/corpus/lichsu_10/lichsu_10.pdf_183.jpg.txt"", ""data/corpus/lichsu_10/lichsu_10.pdf_184.jpg.txt"", ""data/corpus/lichsu_10/lichsu_10.pdf_185.jpg.txt"", ""data/corpus/lichsu_10/lichsu_10.pdf_186.jpg.txt"", ""data/corpus/lichsu_10/lichsu_10.pdf_187.jpg.txt""]","đánh dấu sự trưởng thành của công nhân, tạo điều kiện quan trọng cho sự ra đời của lí luận khoa học sau này. B Những cuộc đấu tranh của công nhân Anh, Pháp, Đức hồi nửa đầu thế kỉ XIX phản ánh đình ? 3. Chủ nghĩa xã hội không tưởng Nghi thi Đầu thế kỉ XIX, chủ nghĩa tư bản đang trên đà phát triển, một mặt đã sản ""nhà như xuất ra một khối lượng sản phẩm đồ sộ và tốc độ ""đô thị hoá"""" tăng lên rất nhanh, người nhưng mặt khác cũng phơi bày những hạn chế của nó : sự bóc lột tàn nhần của nha và người ",,,,,
entity,lichsu_12_s14_bai1_sec4_002:e10,Place,Trung Quốc,quốc gia cần trở thành thống nhất và dân chủ,Trung Quốc,0.9,[],lichsu_12_s14_bai1_sec4_002,lichsu_12,Bài 1,HỘI NGHỊ IANTA (2?1945) VÀ NHỮNG THOẢ THUẬN CỦA BA CƯỜNG QUỐC,"[4, 5, 6]","[""data/corpus/lichsu_12/lichsu_12.pdf_4.jpg.txt"", ""data/corpus/lichsu_12/lichsu_12.pdf_5.jpg.txt"", ""data/corpus/lichsu_12/lichsu_12.pdf_6.jpg.txt""]","Khôi phuc quyền lơi của nước Nga đã bị mất do cuộc chiến tranh Nga ? Nhật năm 1904 trả lại cho Liên Xô miền Nam đảo Xakhalin Liên Xô chiếm 4 đảo thuộc quân đảo Curin. Quân đội Mĩ chiếm đóng Nhật Bản. Ở bán đảo Triều Tiên, Hồng quân Liên Xô chiếm đóng miền Bắc và quân Mi chiếm đóng miền Nam, lấy vì tuyến 38 làm Tranh giới Trung Quốc cần trở thành một quốc gia thống nhất và dân chủ Chính phủ Trung Hoa Dân quốc cần cải tổ với sự tham gia của 7 đến ngày 1945 , 1945), viếc giải giáp quân Nhất ở Đông ",,,,,
entity,lichsu_12_s60_bai5_sec9_002:e10,Place,Hamaica,Quốc đảo giành được độc lập,Hamaica,0.95,[],lichsu_12_s60_bai5_sec9_002,lichsu_12,Bài 5,ĐÔM NGA ANT CHA THO NGAY,"[38, 39, 40, 41]","[""data/corpus/lichsu_12/lichsu_12.pdf_38.jpg.txt"", ""data/corpus/lichsu_12/lichsu_12.pdf_39.jpg.txt"", ""data/corpus/lichsu_12/lichsu_12.pdf_40.jpg.txt"", ""data/corpus/lichsu_12/lichsu_12.pdf_41.jpg.txt""]","ranh vũ trang lật đổ chế độ độc tài, thành lập Nước Cộng hoà Cuba Nhâm ngăn chăn ảnh hưởng của cách mang Cuba, tháng 8 1961, Mĩ để xướng việc tổ chức Liên minh vì tiền bộ lôi kéo các nước Minh Latinh. Nhưng từ các thập k0, phong trào điều đầu tranh chông Mi và chế đô đốc tài thân Mi giành độc lập ở khu vực ngày càng phát triển và giành nhiều tháng lợi Năm 1964, phong trào đấu tranh của nhân dân Panama đòi thu hồi chủ quyền kênh đào diễn ra sôi nối, buốc Mĩ phái từ bo quyền chiếm kênh đào và trả ",,,,,
entity,lichsu_11_s72_bai16_sec3_002:e2,Place,In-đô-nê-xi-a,"Quốc gia ở Đông Nam Á, nơi Đảng Dân tộc được thành lập và diễn ra cuộc khởi nghĩa vũ trang.",In đô nê xi a,0.9,[],lichsu_11_s72_bai16_sec3_002,lichsu_11,Bài 16,TI TÌNH HÌNH CÁC NƯỚC ĐÔNG NAM Á SAU CHIẾN TRANH THỨ NHẤT,"[83, 84, 85]","[""data/corpus/lichsu_11/lichsu_11.pdf_83.jpg.txt"", ""data/corpus/lichsu_11/lichsu_11.pdf_84.jpg.txt"", ""data/corpus/lichsu_11/lichsu_11.pdf_85.jpg.txt""]","h trị, đòi quyền dùng tiếng mẹ đẻ trong nhà trường Một số chính đảng tư sản được thành lập và có ảnh hội rộng rãi như Đảng Dân tộc ở In đô nê xi a, phong trào Thakin ở Miến Điên, Đại hội toàn Mã Lai.. Đồng thời, từ thập niên 20 giai cấp vô sản trẻ tuổi ở Đông Nam A cũng bát đầu Thi trương thành, Một số đảng công sản được thành lập, đầu tiên là Đảng Công san In đô nê xi a (5 - 1920) tiếp theo, trong năm 1930, các đảng công sản ra đời ở Viết Nam, Mã Lai, Xiêm và Phi-líp-pin Dưới sự lãnh đạo của Đả",,,,,
entity,lichsu_11_s86_bai17_sec9_001:e2,Place,Nam Tư,Quốc gia bị quân Đức thôn tính,Nam Tư,0.95,[],lichsu_11_s86_bai17_sec9_001,lichsu_11,Bài 17,(TỪ THÁNG 6 1941 ĐẾN THÁNG 11 - 1942),"[93, 94, 95]","[""data/corpus/lichsu_11/lichsu_11.pdf_93.jpg.txt"", ""data/corpus/lichsu_11/lichsu_11.pdf_94.jpg.txt"", ""data/corpus/lichsu_11/lichsu_11.pdf_95.jpg.txt""]","Đức chiếm đóng, Bằng vũ lực, quân Đức thôn tính Nam Tư và Hi Lạp. Đến mùa hè năm 1941, phe phát xít đã thống trị phần lớn châu Âu, Phát xít Đức đã chuẩn bi xong mọi điều kiên cần thiết để tấn Xô. (TỪ THÁNG 6 1941 ĐẾN THÁNG 11 - 1942) Phát xít Đức tấn công Liên Sự ở Bắc Phi Ngay từ tháng 12 1940, Hít-le đã thông qua kế hoạch tấn Xô với chiến lược ?chiến tranh chớp nhoáng"", đánh nhanh, tân dụng ưu thế về trang thiết bị ki thuật và yếu tố bất ngờ Rang sáng 22 - 6 - 1941, phát xít Đức tấn Xô ""Ba đạo",,,,,
entity,lichsu_10_s191_bai33_sec4_002:e2,Place,Đức,quốc gia,nước Đức,0.95,[],lichsu_10_s191_bai33_sec4_002,lichsu_10,Bài 33,1. Cuộc đấu tranh thống nhất nước Đức,"[163, 164]","[""data/corpus/lichsu_10/lichsu_10.pdf_163.jpg.txt"", ""data/corpus/lichsu_10/lichsu_10.pdf_164.jpg.txt""]","Hoàng đế. Bi-xmác trở thành Thủ tướng nước Đức, Tháng 4 ? 1871, Hiến pháp mới được ban hành, quy định nước Đức là một liên bang gồm 22 bang và 3 thành phố tự do, củng cố vai trò của quý tộc quân phổ.. nhi Như vậy, việc thống nhất nước Đức mang tính chất một cuộc cách mạng the trư sản, tạo điều kiện cho kinh tế tư bản chủ nghĩa phát triền mạnh mẽ ở Đức LIT MACH BA BIỂN BAN TÍCH BIỂN BẮC NGY av Biên giới cóc quốc gla đấn năm 1864 Nước Phổ đến năm 1864 ẢO SOCC Vũng đất xát nhập vào Phổ đến năm 1866",,,,,
entity,lichsu_10_s114_001:e11,Place,tháp Phổ Minh,Công trình nghệ thuật Phật giáo được xây dựng,tháp Phổ Minh,0.9,[],lichsu_10_s114_001,lichsu_10,Bài,3. Nghệ thuật,"[103, 104, 105]","[""data/corpus/lichsu_10/lichsu_10.pdf_103.jpg.txt"", ""data/corpus/lichsu_10/lichsu_10.pdf_104.jpg.txt"", ""data/corpus/lichsu_10/lichsu_10.pdf_105.jpg.txt""]","XI ? XII) đều phát triển với sự xuất hiện của hàng loạt tập thơ của Nguyễn Trãi, Lê Thánh Tông, Lý Tử Tấn v.v.. có nội dung ca ngợi đất nước phát triển. B - Đặc điểm của thơ văn các thế kỉ XI - XV. 3. Nghệ thuật Nghệ thuật cũng có những bước phát triển mới, Trong các thế kỉ X- XIV, người những công trình nghệ thuật Phật giáo được xây dựng ở kháp mọi nơi như chùa Một Cột (Diên Hựu), chùa Dâu, chùa Phật Tích, chùa Dạm, tháp Báo Thiên, tháp Phổ Minh, Chuông, tượng cũng được đúc, tạc rất nhiều, Cuối",,,,,
entity,lichsu_12_s45_bai4_sec4_003:e1,Place,Brunây,Một quốc gia ở Đông Nam Á có nền kinh tế dựa vào dầu mỏ và khí tự nhiên.,Nền kinh tế Brunây có nét khác biết Hầu như toàn bô thu nhập của nước này Nguyên đều dựa vào nguôn dầu mỏ và khí tư nhiên.,0.95,[],lichsu_12_s45_bai4_sec4_003,lichsu_12,Bài 4,2. Quá trình xây dựng và phát triển của các nước Đông Nam Á,"[26, 27, 28, 29, 30]","[""data/corpus/lichsu_12/lichsu_12.pdf_26.jpg.txt"", ""data/corpus/lichsu_12/lichsu_12.pdf_27.jpg.txt"", ""data/corpus/lichsu_12/lichsu_12.pdf_28.jpg.txt"", ""data/corpus/lichsu_12/lichsu_12.pdf_29.jpg.txt"", ""data/corpus/lichsu_12/lichsu_12.pdf_30.jpg.txt""]","ng nghiệp Các nước khác ở Đông Nam Á Nền kinh tế Brunây có nét khác biết Hầu như toàn bô thu nhập của nước này Nguyên đều dựa vào nguôn dầu mỏ và khí tư nhiên. Lương thưc, thưc phẩm phải nhập tới 80%. Từ giữa những năm 80 của thế kỉ XX, Chính chính sách đa dang hoa nền kinh tế để tiết kiêm nguồn năng lương dự trữ, gia tăng các mặt hàng tiêu dùng và xuất kháu Sau gần 30 năm thực hiên chính sách tư lực hướng nội của chính quyền quân sự; Mianma có tốc độ tăng trưởng kinh tế châm chạp. Từ cuối năm 1",,,,,
entity,lichsu_10_s35_002:e8,Place,sông Y-a-mu-na,"Sông ở Bắc An Độ, nơi các công trình kiến trúc được xây dựng",trên hai bờ sông Y-a-mu-na,0.8,[],lichsu_10_s35_002,lichsu_10,Bài,3. Vương triều Mô-gôn,"[42, 43, 44]","[""data/corpus/lichsu_10/lichsu_10.pdf_42.jpg.txt"", ""data/corpus/lichsu_10/lichsu_10.pdf_43.jpg.txt"", ""data/corpus/lichsu_10/lichsu_10.pdf_44.jpg.txt""]","ới danh hiệu của Công là Đấng Chí tôn A-cơ ba la Tuy nhiên, hầu hết các vua của nghiệt vương triều này đều dùng quyền chuyên chế, độc đoán để cai trị một đất nước rộng lớn nhưng rất đa dạng, phân tán. Một số vị vua đã dùng biện pháp đàn áp quyết liệt, hình phạt khắc nghiệt để bắt dân chúng phục tùng đóng thuế và lao dịch nặng nề, bắt các quý tộc có ý chống đối pân gilai the nhiện được đối viện được đối viện được đối viện được đối viện được đối viện được đối viện đư Con và cháu của A cơ ba là Gia",,,,,
entity,lichsu_12_s133_bai13_sec4_002:e12,Place,Hà Nội,Nơi có nhà máy Avia và sở ươm cây xảy ra bãi công của công nhân vào năm 1929.,"nhà máy Avia (Hà Nói), sở ươm cây Hà Nội",0.95,[1929],lichsu_12_s133_bai13_sec4_002,lichsu_12,Bài 13,SỰ RA ĐỜI VÀ HOẠT ĐỘNG CỦA BA TỔ CHỨC CÁCH MẠNG,"[83, 84, 85]","[""data/corpus/lichsu_12/lichsu_12.pdf_83.jpg.txt"", ""data/corpus/lichsu_12/lichsu_12.pdf_84.jpg.txt"", ""data/corpus/lichsu_12/lichsu_12.pdf_85.jpg.txt""]","g dân tộc cho cán bộ O Của Hôi Việt Nam Cách mang Thanh để tuyên truyền đến giai cấp công nhân và các tầng lớp nhân dân Việt Nam 031100000119 Hội đã xây dựng tổ chức cơ sở của mình ở hầu khắp cả nước. Các kì bô Trung Ki, Nam Ki của Hội lần lượt ra đời vào năm 1928, Hội có gần 300 hội viên 1929 Đường Kách mệnh có khoảng 1 700 hội viên và còn xây dựng cơ sở trong Việt kiểu ở Xiêm (Thái Lan) Tại Quảng Châu, ngày 9 - 7 - 1925, Nguyễn Ai Quốc đã cùng một số nhà yêu nước Triều Tiên, Inđônêxia v.v. lập",,,,,
entity,lichsu_11_s34_bai10_sec1_001:e3,Place,Liên Xô,Quốc gia đã đạt được những thành tựu to lớn về mọi mặt và trở thành một cường quốc công nghiệp xã hội chủ nghĩa,Liên Xô,0.95,[],lichsu_11_s34_bai10_sec1_001,lichsu_11,Bài 10,Bài 10,"[52, 53]","[""data/corpus/lichsu_11/lichsu_11.pdf_52.jpg.txt"", ""data/corpus/lichsu_11/lichsu_11.pdf_53.jpg.txt""]","Mười đã làm thay đổi cục diên thế giới, cổ vũ mạnh mế và để lại nhiều bài học quý báu cho phong trào cách mang của giai cấp công nhân, nhân dân lao đông và các dân tộc bi áp bức trên toàn thế giới Ba Bài 10 (1921 1941) Để khôi phục đất nước sau chiến tranh, nhân dân Xô viết đã thực hiên thành công Chính sách kinh tế mới (1921 - 1925) và triển khai công cuộc xây dựng chủ nghĩa xã hội, Trải qua hai kế hoạch 5 năm đầu tiên, Liên Xô đã đạt được những thành tựu to lớn về mọi mặt và trở thành một cườn",,,,,
entity,lichsu_11_s9_bai4_sec1_001:e4,Place,Xiêm,quốc gia ở Đông Nam Á giữ được độc lập nhưng bị lệ thuộc nước ngoài về nhiều mặt,trừ Xiêm ? là giữ được độc lập nhưng bị lệ thuộc nước ngoài về nhiều mặt,0.9,[],lichsu_11_s9_bai4_sec1_001,lichsu_11,Bài 4,Bài 4,"[8, 9, 10, 17, 18]","[""data/corpus/lichsu_11/lichsu_11.pdf_10.jpg.txt"", ""data/corpus/lichsu_11/lichsu_11.pdf_17.jpg.txt"", ""data/corpus/lichsu_11/lichsu_11.pdf_18.jpg.txt"", ""data/corpus/lichsu_11/lichsu_11.pdf_8.jpg.txt"", ""data/corpus/lichsu_11/lichsu_11.pdf_9.jpg.txt""]","dai bác rôi băn cho tan xác. Mác dù thất bai, cuốc khới nghĩa Xipay có ý nghia Nhiện lon, tiêu biểu cho tỉnh thần dấu tranh bất khuất của nhân dân Ân Độ chống chủ nghĩa thực dân, giải phóng dân tộc Bài4 Cuối thế kỉ xix dâu thế kỉ xx) Đông Nam Á là một khu vực khá rông, bao gồm nhiều quốc gia trên lục địa và hải đảo, sớm trở thành mục tiêu xâm lược của các nước thực dân phương Tây, Từ nửa sau thế kỉ XIX, các nước ở Đông Nam Á đều trở thành thuộc địa, trừ Xiêm ? là giữ được độc lập nhưng bị lệ thu",,,,,
entity,lichsu_12_s120_bai12_sec3_001:e5,Place,Việt Nam,Quốc gia Việt Nam,Việt Nam,0.95,[],lichsu_12_s120_bai12_sec3_001,lichsu_12,Bài 12,TỪ NĂM 1919 ĐẾN NĂM 1925,"[73, 74, 76]","[""data/corpus/lichsu_12/lichsu_12.pdf_73.jpg.txt"", ""data/corpus/lichsu_12/lichsu_12.pdf_74.jpg.txt"", ""data/corpus/lichsu_12/lichsu_12.pdf_76.jpg.txt""]","thành những điều kiên thuận lợi, những xu thế khách quan để các dân tộc cùng nhau xây dưng một thế giới hoà bình, ổn định, hợp tác phát triển, bảo đảm những quyền cơ bản cóa mỗi dân tốc và con người TỪ NĂM 1919 ĐẾN NĂM 1925 Nhưng thay đổi của tình hình thế giới và tác động của cuộc khai thác thuốc địa lần thứ hai của thực dân Pháp đã tao ra những chuyển biến mới về kinh tế, xã hôi, văn hoá, giáo dục ở Việt Nam Phong trào dân tộc dân chủ ở Việt Nam trong những năm 1919 - 1925 cũng có bước phát tr",,,,,
entity,lichsu_12_s29_bai2_sec10_001:e10,Place,Liên Xô,Liên Xô giữ vai trò quyết định trong khối SEV và là một trong các nước ký kết Hiệp ước Vácsava.,Liên Xô,0.95,[],lichsu_12_s29_bai2_sec10_001,lichsu_12,Bài 2,"Vi Sau này, Hội đồng tương trợ kinh tế kết nạp thêm Mông Có (1962) và Việt Nam (1978)","[13, 14]","[""data/corpus/lichsu_12/lichsu_12.pdf_13.jpg.txt"", ""data/corpus/lichsu_12/lichsu_12.pdf_14.jpg.txt""]","nước thành viên năm 1973 tăng 5,7 lần so với năm"" 1950 Liên Xô giữ vai trò quyết định trong khối SEV Từ năm 1949 đến năm 1970, Liên Xô đã viên trơ không hoàn lai cho các nước thành viên tới 20 tỉ rúp Vi Sau này, Hội đồng tương trợ kinh tế kết nạp thêm Mông Có (1962) và Việt Nam (1978) Thuy nhiên, Hội đông tương trơ kinh tế cũng bóc lô một số thiêu sót như - không nghi phoà nhập với đời sống kinh tế thế giới, chưa coi trong đây đủ việc áp dung những chiến thiến bộ của khoa học và công nghê, sư hợ",,,,,
entity,lichsu_11_s122_bai21_sec5_001:e4,Place,Hải Dương,Vùng hoạt động của nghĩa quân,Hải Dương,0.95,[],lichsu_11_s122_bai21_sec5_001,lichsu_11,Bài 21,CÂN VƯƠNG VÀ PHONG TRÀO ĐẦU TRANH TỰ VÊ CUỐI THẾ KỈ XIX,"[124, 128, 129]","[""data/corpus/lichsu_11/lichsu_11.pdf_124.jpg.txt"", ""data/corpus/lichsu_11/lichsu_11.pdf_128.jpg.txt"", ""data/corpus/lichsu_11/lichsu_11.pdf_129.jpg.txt""]","đối hai hiệp ước 1883 và 1884 diễn ra rất sôi nổi. Nhiều toán nghĩa quân hoạt động mạnh ở các vùng xung quanh Hà Nội như Bắc Ninh, Sơn Tây, Hải Dương.. khiến cho quân Pháp ăn không ngon ngu không yên CÂN VƯƠNG VÀ PHONG TRÀO ĐẦU TRANH TỰ VÊ CUỐI THẾ KỈ XIX Khởi nghĩa Bãi Sậy (1883 1892) Phủ Lạng Thượt Luc Na S Hồng BẮC NINH CĂN CỨ HAI SÔNG HÀ NOIO HÁI DƯƠNG Uông Bí Văn Lâm Văn Giangly Mĩ Mi Hào CĂN CÚ Khoái Châu BÁI SÂY PHƯNG YÊN O BIEN SA So THÁI BINH ĐÔNG NAM ĐỊNH trong nơi hoạt động của nghĩa ",,,,,
entity,lichsu_11_s48_bai11_sec2_001:e2,Place,Liên Xô,quốc gia đạt được những thành tựu to lớn trong những năm 1925 - 1941,Liên Xô,0.95,"[1925, 1941]",lichsu_11_s48_bai11_sec2_001,lichsu_11,Bài 11,GIỮA HAI CUỘC CHIÊN TRANH THẾ GIỚI (1919 - 1939),"[56, 57, 58, 59, 60]","[""data/corpus/lichsu_11/lichsu_11.pdf_56.jpg.txt"", ""data/corpus/lichsu_11/lichsu_11.pdf_57.jpg.txt"", ""data/corpus/lichsu_11/lichsu_11.pdf_58.jpg.txt"", ""data/corpus/lichsu_11/lichsu_11.pdf_59.jpg.txt"", ""data/corpus/lichsu_11/lichsu_11.pdf_60.jpg.txt""]","nghĩa xã hội ở Liên Xô trong những năm 1925 - 1941 vẫn dạt được những thành tựu to lớn, tạo nên những biến đổi về nhiều mặt, có lợi cho nhân dân, xây dựng lực lương vũ trang hùng manh để tổ quốc Lan GIỮA HAI CUỘC CHIÊN TRANH THẾ GIỚI (1919 - 1939) Sau Chiến tranh thế giới thứ nhất, trong sự phát triển chung của các Xã cường quốc, các nước tư bán Mĩ, Anh, Pháp, Đức, Ta Nin Thát Bàn đã trải qua một quá trình phát triển với nhiều biến động to lớn, dẫn tới Chiến tranh thế giới thứ hai Thiết lập trật",,,,,
entity,lichsu_11_s35_bai10_sec2_001:e5,Place,Nga Xô viết,Quốc gia bước vào thời kì hoà bình xây dựng đất nước trong hoàn cảnh cực kì khó khăn vào năm 1921,nước Nga Xô viết,0.9,[1921],lichsu_11_s35_bai10_sec2_001,lichsu_11,Bài 10,THI CHÍNH SÁCH KINH TẾ MỚI VÀ CÔNG CUỘC KIÔH TẾ,"[53, 54, 55]","[""data/corpus/lichsu_11/lichsu_11.pdf_53.jpg.txt"", ""data/corpus/lichsu_11/lichsu_11.pdf_54.jpg.txt"", ""data/corpus/lichsu_11/lichsu_11.pdf_55.jpg.txt""]","triển khai công cuộc xây dựng chủ nghĩa xã hội, Trải qua hai kế hoạch 5 năm đầu tiên, Liên Xô đã đạt được những thành tựu to lớn về mọi mặt và trở thành một cường quốc công nghiệp xã hội chủ nghĩa. THI CHÍNH SÁCH KINH TẾ MỚI VÀ CÔNG CUỘC KIÔH TẾ (1921 1925) Chính sách kinh tế mới Năm 1921, nước Nga Xô viết bước vào thời kì hoà bình xây dựng đất nước trong hoàn cảnh cực kì khó khăn, Nền kinh tế quốc dân bị tàn phá nghiêm trong tình hình chính tri không ổn đỉnh, các lực lượng phản cách mạng điên c",,,,,
entity,lichsu_10_s26_003:e5,Place,bán đảo Triều Tiên,Vùng lãnh thổ bị nhà Đường chinh phục,bán đảo Triều Tiên,0.9,[],lichsu_10_s26_003,lichsu_10,Bài,"1. Trung Quốc thời Tần, Hán","[28, 29, 30, 31]","[""data/corpus/lichsu_10/lichsu_10.pdf_28.jpg.txt"", ""data/corpus/lichsu_10/lichsu_10.pdf_29.jpg.txt"", ""data/corpus/lichsu_10/lichsu_10.pdf_30.jpg.txt"", ""data/corpus/lichsu_10/lichsu_10.pdf_31.jpg.txt""]","ời làm việc Vào thời Đường, từ các tuyến đường giao thông đã được hình thành trong các ""the trong thế kỉ trước, hai ?con đường tơ lụa"" trên đất liền và trên biển cũng được thiết """""""""""""""" lập, mở rộng. Về chính trị, nhà Đường tiếp tục củng cố chính quyền trung ương, làm cho các biện bộ máy cai trị phong kiến được hoàn chính. Các hoàng để nhà Đường cử người và thiên thân tín cai quản các địa phương, đặc biệt giao cho các công thần hoặc người 19 thu nhiên thân tộc giữ chức Tiết độ sứ, trần ải các m",,,,,
entity,lichsu_11_s6_001:e2,Place,Nhật Bản,"Quốc gia ở châu Á, nơi diễn ra cuộc Duy tân Minh Trị và có chế độ Mạc phủ Tô-ku-ga-oa.",Nhật Bản,0.95,[],lichsu_11_s6_001,lichsu_11,Bài,Bài,"[4, 5, 6]","[""data/corpus/lichsu_11/lichsu_11.pdf_4.jpg.txt"", ""data/corpus/lichsu_11/lichsu_11.pdf_5.jpg.txt"", ""data/corpus/lichsu_11/lichsu_11.pdf_6.jpg.txt""]","Bài NHẬT BẢN Cuộc Duy tân Minh Trị năm 1868 có ý nghĩa như một cuộc cách mạng tư sản, đã đưa Nhật Bản phát triển theo con đường của các nước phương Tây và trở thành một nước đế quốc duy nhất ở châu Á. 1 Nhật Bản từ đầu thế kỉ XIX đến trước năm 1868 Đên giữa thế kỉ XIX, sau hơn 200 năm thống trị, chế độ Mac phủ Tô-ku-ga-oa ở Nhật Bản, đứng đầu là Sôgun (Tướng quân), đã lâm vào tình trang khủng hoảng suy yếu nghiêm trong, Đây là thời kì trong lòng xã hội phong kiến Nhật Bản chứa dưng nhiều mâu thu",,,,,
entity,lichsu_12_s55_bai5_sec4_001:e16,Place,Môdámbích,giành thắng lợi trong cuộc đấu tranh chống thực dân Bồ Đào Nha năm 1975,"Năm 1975, với tháng lợi của nhân dân Môdámbích",0.95,[1975],lichsu_12_s55_bai5_sec4_001,lichsu_12,Bài 5,1. Vài nét về cuộc đấu tranh gộc lập,"[35, 36]","[""data/corpus/lichsu_12/lichsu_12.pdf_35.jpg.txt"", ""data/corpus/lichsu_12/lichsu_12.pdf_36.jpg.txt""]","CÁC NƯỚC CHÂU PHI Châu Phi là châu lục lớn thứ ba thế giới (sau châu A và châu Mi), gồm 54 nước với diên tích khoảng 30,3 triêu km?, dân số 800 triêu người (2000) 1. Vài nét về cuộc đấu tranh gộc lập Chiến tranh thế giới thứ hai chấm dút cũng là thời điểm bùng nổ cuộc đấu tranh giành độc lập của nhân dân các nước châu Phi, Phong trào đấu tranh chống chủ nghĩa thực dân ở châu Phi đặc biệt phát triển từ những năm 50 của thế kỉ XX, trước hết là khu vực Bắc Phi, sau đó lan ra các khu vưc khác. Mở đầ",,,,,
entity,lichsu_11_s140_bai24_sec6_003:e7,Place,Trung Quốc,Quốc gia Trung Quốc,Trung Quốc,0.9,[],lichsu_11_s140_bai24_sec6_003,lichsu_11,Bài 24,SƠ KẾT LỊCH SỬ VIỆT NAM (1858 1918),"[152, 153, 154, 155, 156]","[""data/corpus/lichsu_11/lichsu_11.pdf_152.jpg.txt"", ""data/corpus/lichsu_11/lichsu_11.pdf_153.jpg.txt"", ""data/corpus/lichsu_11/lichsu_11.pdf_154.jpg.txt"", ""data/corpus/lichsu_11/lichsu_11.pdf_155.jpg.txt"", ""data/corpus/lichsu_11/lichsu_11.pdf_156.jpg.txt""]","XX, ở Viết Nam đã xuất hiên những những thành phần kinh lễ tư bán chủ nghĩa, dù còn non yếu, Thành thị mọc lên. Một số cơ sở công nghiệp ra đòi. Cơ cấu xã hội biến đông, một số tầng lớp mới xuất hiên. Giai cấp công nhân Viết Nam thời kì này văn đang trong giai đoạn tư phát Trong Tư sản và tiểu tư sản thành thị lớn lên cùng với sự này sinh các nhân tổ mới, song văn các thời chưa trở thành giai cấp thực thu, Mặc dù vây, các tâng lớp, đác biết là bông phận sĩ phu đang trên con đường tư sản hoá, đã ",,,,,
entity,lichsu_11_s104_bai19_sec5_001:e9,Place,Gia Định,Địa điểm diễn ra cuộc khởi nghĩa của Lê Văn Khôi,Gia Định,0.95,[],lichsu_11_s104_bai19_sec5_001,lichsu_11,Bài 19,MIÊN ĐÔNG NAM KÌ TỪ NĂM 1859 ĐẾN NĂM 1862,"[106, 107, 109, 110, 111]","[""data/corpus/lichsu_11/lichsu_11.pdf_106.jpg.txt"", ""data/corpus/lichsu_11/lichsu_11.pdf_107.jpg.txt"", ""data/corpus/lichsu_11/lichsu_11.pdf_109.jpg.txt"", ""data/corpus/lichsu_11/lichsu_11.pdf_110.jpg.txt"", ""data/corpus/lichsu_11/lichsu_11.pdf_111.jpg.txt""]","cuốc khoi nghĩa chống triều đình đã nổ ra như Phan Bác Vành ở Nam Định, Thái Bình (1821), của Lê Duy Lương ở Ninh Bình (1833) Lê Văn Khôi ở Gia Định (1833), của Nông Văn Quang, Cao Bảng (1833 - 1835) MIÊN ĐÔNG NAM KÌ TỪ NĂM 1859 ĐẾN NĂM 1862 1 Kháng chiến ở Gia Định Thấy không thể chiếm được Đà Năng, Pháp quyết định đưa quân vào Gia Định Gia Định và Nam Ki là vựa lúa của Việt Nam, có vị trí chiến lược quan tho gia trong Hê thông giao thông đương thuy ở đây rất thuận lợi. Từ Gia Định có thể sang ",,,,,
entity,lichsu_10_s54_bai11_sec3_002:e8,Place,Thái Bình Dương,Đại dương được Ma-gien-lan đặt tên.,ông đặt tên là Thái Bình Dương,0.95,[],lichsu_10_s54_bai11_sec3_002,lichsu_10,Bài 11,1. Những cuộc phát kiến địa lĩ,"[60, 61, 62]","[""data/corpus/lichsu_10/lichsu_10.pdf_60.jpg.txt"", ""data/corpus/lichsu_10/lichsu_10.pdf_61.jpg.txt"", ""data/corpus/lichsu_10/lichsu_10.pdf_62.jpg.txt""]","sở huyền thoại của hương liệu và vàng Ở phương Đông, Tháng 5 ? 1498, ông đã đến Ca-li-cút thuộc bờ Tây Nam Ấn Độ Trở về Li xbon, Va xcô đơ Ga ma được phong làm Phó vương Ấn Độ Ph. Ma-gien-lan (1480 ? 1521) là người đã thực hiện chuyến đò đầu tiên vòng quanh thế giới bằng đường biển từ năm 1519 đến năm 1522, Đoàn tàu của ông đi và vòng qua điểm cực Nam của Nam Mĩ (sau này được gọi là eo biển Ma-gien-lan) tiến vào đại dương, mà ông đặt tên là Thái Bình Dương, Tại Phi-líp pin, ông bị và thiệt mạng ",,,,,
entity,lichsu_11_s104_bai19_sec5_002:e1,Place,Chí Hoà,phòng tuyến mới được xây dựng,phòng tuyến Chí Hoà mới được xây dựng,0.9,[],lichsu_11_s104_bai19_sec5_002,lichsu_11,Bài 19,MIÊN ĐÔNG NAM KÌ TỪ NĂM 1859 ĐẾN NĂM 1862,"[106, 107, 109, 110, 111]","[""data/corpus/lichsu_11/lichsu_11.pdf_106.jpg.txt"", ""data/corpus/lichsu_11/lichsu_11.pdf_107.jpg.txt"", ""data/corpus/lichsu_11/lichsu_11.pdf_109.jpg.txt"", ""data/corpus/lichsu_11/lichsu_11.pdf_110.jpg.txt"", ""data/corpus/lichsu_11/lichsu_11.pdf_111.jpg.txt""]","triều đình vân đóng trong phòng tuyến Chí Hoà mới được xây dựng trong tư thể thú hiêm Hinh 50. Quân Pháp đánh chiếm thành Gia Đinh Từ tháng 3 1860, Nguyễn Trị Phương được lệnh từ Đà Năng vào Gia Định. Ông đã huy động hàng van quân và dân bình xây dựng Đại đồng Chí Hoà, vừa đồ sô vừa vững chắc, nhưng vì không chủ động tân công nên gần 1 000 quân Pháp vẫn yên ổn ngay bên cạnh phòng tuyến của quân ta với một lực lương tù 10 000 đến 12 000 người Không bi đông đối phó như quân đôi triều đình, hàng ng",,,,,
entity,lichsu_12_s31_bai2_sec12_001:e2,Place,Liên Xô,quốc gia nơi chế độ xã hội chủ nghĩa chấm dứt sau 74 năm tồn tại,Liên Xô,0.9,[],lichsu_12_s31_bai2_sec12_001,lichsu_12,Bài 2,ADẮCXTAN TÊN NƯỚC,"[14, 15, 16, 17]","[""data/corpus/lichsu_12/lichsu_12.pdf_14.jpg.txt"", ""data/corpus/lichsu_12/lichsu_12.pdf_15.jpg.txt"", ""data/corpus/lichsu_12/lichsu_12.pdf_16.jpg.txt"", ""data/corpus/lichsu_12/lichsu_12.pdf_17.jpg.txt""]",đánh dấu sự châm dứt chế đô xã hội chủ nghĩa ở Liên Xô sau 74 năm tôn tại Divrangly BẮC BĂNG DƯƠNG BIEN BERINH D Công đông các quốc gia độc lập (SNG) LÃNH THỔ ĐÁNH SỐ Các nước khác TRÊN LƯỢC ĐỒ ADẮCXTAN TÊN NƯỚC 1.ADÉCBAIGIAN Biên giới Liên Xô đến ngày 25 - 12 - 1991 2.Caliningral (LB. NGA) Biên giới quốc gia hiện nay 22 Sự khủng hoảng của chế độ xã hội chủ nghĩa ở các nước Đông Âu Cuộc khủng hoảng dầu mỏ năm 1973 tác đông mạnh đến nền kinh tế của các nước Đông Âu Vào những năm cuối của thập kỉ ,,,,,
entity,lichsu_12_s173_bai16_sec15_003:e2,Place,Sài Gòn,Thành phố nơi Xứ ủy Nam Kì quyết định khởi nghĩa và giành chính quyền,"Tai Sài Gòn, Xứ uỷ Nam Kì quyết định khởi nghĩa ở Sài Gòn",0.95,[],lichsu_12_s173_bai16_sec15_003,lichsu_12,Bài 16,3. Tổng khới nghĩa tháng Tám năm 1945,"[112, 113, 114, 115, 116, 117]","[""data/corpus/lichsu_12/lichsu_12.pdf_112.jpg.txt"", ""data/corpus/lichsu_12/lichsu_12.pdf_113.jpg.txt"", ""data/corpus/lichsu_12/lichsu_12.pdf_114.jpg.txt"", ""data/corpus/lichsu_12/lichsu_12.pdf_115.jpg.txt"", ""data/corpus/lichsu_12/lichsu_12.pdf_116.jpg.txt"", ""data/corpus/lichsu_12/lichsu_12.pdf_117.jpg.txt""]","8. Hàng vạn nhân dân nội, ngoại thành kéo về biểu tình thị uy, chiếm các công sở, giành chính quyền về tay nhân dân Tai Sài Gòn, Xứ uỷ Nam Kì quyết định khởi nghĩa ở Sài Gòn và các tỉnh vào ngày 25 8. Sáng 25 - 8, các đơn vi ""Xung phong công đoàn"", ""Thanh niên tiền phong"" 19 thông công nhân, nông dân các tỉnh Gia Đình, Biên Hoà, Thủ Dầu Một, Mĩ Tho kéo về thành phố, Quần chúng chiếm Sở Mật thám, Sở Cảnh sát, nhà ga, bưu điên, nhà máy điên v.v. giành chính quyền ở Sài Gòn Khỏi nghĩa thắng lơi ở b",,,,,
entity,lichsu_12_s56_bai5_sec5_001:e1,Place,Nam Phi,Quốc gia ở châu Phi,Nam Phi,0.95,[],lichsu_12_s56_bai5_sec5_001,lichsu_12,Bài 5,XAO TÔMÊ VÀ PRINXIP THENG,"[35, 36, 37]","[""data/corpus/lichsu_12/lichsu_12.pdf_35.jpg.txt"", ""data/corpus/lichsu_12/lichsu_12.pdf_36.jpg.txt"", ""data/corpus/lichsu_12/lichsu_12.pdf_37.jpg.txt""]",T XUĐĂNG PHAXO Gall 1960 1956 GHINÊ 1960 GIBUTL NIGIERIA 11977 19581 XÔMALI ETIOPIA 1960 TRUNG PHI 1974 SP CAMORUN 1960 GHINÊN 1960 STAR UGAINĐA XÍCH ĐAQ4975 01/115000000199 1962 KÊN ANH VINIIGNINE XAO TÔMÊ VÀ PRINXIP THENG 1963 1968 CHDOS 1962 BURUNDI JANDALITICAL CÔNGGÔ EN 1960 1962 1960 TANDANIA Hó T 1964 VĂNGG LI TH CÔMO MALAUY 1975 D 1975 DẦMBIẠT 1964 1964 Q DIMBABUÊ MADAGAXCA NAMIBIA 1980 1960 1990 BỐTXOAN 1975 MÔRIXƠ 1966 I 1968 Các nước châu Phi ROADILEN Các nước khác K LÊ XỐ THÔ NIGIÊ T,,,,,
entity,lichsu_12_s212_bai19_sec3_001:e4,Place,Bắc Bộ,chiến trường chính,chiến trường chính (Bắc Bộ),0.95,[],lichsu_12_s212_bai19_sec3_001,lichsu_12,Bài 19,TOÀN QUỐC CHONG THỨC DÂN PHÁP,"[136, 137, 138, 139]","[""data/corpus/lichsu_12/lichsu_12.pdf_136.jpg.txt"", ""data/corpus/lichsu_12/lichsu_12.pdf_137.jpg.txt"", ""data/corpus/lichsu_12/lichsu_12.pdf_138.jpg.txt"", ""data/corpus/lichsu_12/lichsu_12.pdf_139.jpg.txt""]","được khai thông, quân đội ta đã giành được thế chủ động trên chiến trường chính (Bắc Bộ), mở ra bước phát triển mới của cuộc kháng chiến hoàn cảnh Nêu diên biên, két quả và ý nghĩa của chiến dịch TOÀN QUỐC CHONG THỨC DÂN PHÁP (1951 - 1953) Bước sang giai đoan từ năm 1951 đến năm 1953, cuốc chiên tranh xâm lược của thưc dân Pháp, có sự giúp đờ của đế quốc Mĩ được đấy manh , lực lương kháng chiên của ta trương thành về quân dân ta giành nhiều thắng lơi to lớn và toàn diên, tiếp tục giữ vững quyền ",,,,,
entity,lichsu_12_s14_bai1_sec4_002:e7,Place,Nhật Bản,quốc gia bị Quân đội Mĩ chiếm đóng,Nhật Bản,0.9,[],lichsu_12_s14_bai1_sec4_002,lichsu_12,Bài 1,HỘI NGHỊ IANTA (2?1945) VÀ NHỮNG THOẢ THUẬN CỦA BA CƯỜNG QUỐC,"[4, 5, 6]","[""data/corpus/lichsu_12/lichsu_12.pdf_4.jpg.txt"", ""data/corpus/lichsu_12/lichsu_12.pdf_5.jpg.txt"", ""data/corpus/lichsu_12/lichsu_12.pdf_6.jpg.txt""]","Khôi phuc quyền lơi của nước Nga đã bị mất do cuộc chiến tranh Nga ? Nhật năm 1904 trả lại cho Liên Xô miền Nam đảo Xakhalin Liên Xô chiếm 4 đảo thuộc quân đảo Curin. Quân đội Mĩ chiếm đóng Nhật Bản. Ở bán đảo Triều Tiên, Hồng quân Liên Xô chiếm đóng miền Bắc và quân Mi chiếm đóng miền Nam, lấy vì tuyến 38 làm Tranh giới Trung Quốc cần trở thành một quốc gia thống nhất và dân chủ Chính phủ Trung Hoa Dân quốc cần cải tổ với sự tham gia của 7 đến ngày 1945 , 1945), viếc giải giáp quân Nhất ở Đông ",,,,,
entity,lichsu_10_s29_001:e12,Place,sông Hằng,"lưu vực sông Hằng (Gan ga) rộng lớn và màu mỡ, là quê hương, nơi sinh trưởng nền văn hoá truyền thống của văn minh Ấn Độ","lưu vực sông Hằng (Gan ga) rộng lớn và màu mỡ, là người quê hương, nơi sinh trưởng nền văn hoá truyền thống của văn minh Ân Độ",0.9,[],lichsu_10_s29_001,lichsu_10,Bài,Bài,"[28, 29, 30, 31, 37, 38, 39]","[""data/corpus/lichsu_10/lichsu_10.pdf_28.jpg.txt"", ""data/corpus/lichsu_10/lichsu_10.pdf_29.jpg.txt"", ""data/corpus/lichsu_10/lichsu_10.pdf_30.jpg.txt"", ""data/corpus/lichsu_10/lichsu_10.pdf_31.jpg.txt"", ""data/corpus/lichsu_10/lichsu_10.pdf_37.jpg.txt"", ""data/corpus/lichsu_10/lichsu_10.pdf_38.jpg.txt"", ""data/corpus/lichsu_10/lichsu_10.pdf_39.jpg.txt""]","đó, miên Bắc Tổng lại bị nước Kim đánh chiếm. Đến cuối thế kỉ XIII, cả hai nước Kim và Nam Tống lần lượt bị Mông Cổ tiêu diêt partically Những biểu hiện sự thịnh trị về kinh tế, chính trị của xã hội Bài TRUYÊN THỐNG ÂN ĐÔ Lãnh thổ Ấn Độ như hình """"tam giác ngược?, hai bên giáp biển, cạnh phía bắc nối với châu Á, nhưng lại ngăn cách bởi dãy núi cao nhất thế giới ? dãy Hi-ma-lay-a, nên còn được gọi là tiểu lục địa Nam Á. Diện tích Ân Độ khá Trong lớn, hơn 3 triệu km?, gấp khoảng 10 lần Việt Nam nh",,,,,
entity,lichsu_11_s81_bai17_sec4_002:e3,Place,Xuy-đét,Vùng đất của Tiệp Khắc có cư dân gốc Đức sinh sống,vùng Xuy-đết của Tiệp Khắc,0.9,[],lichsu_11_s81_bai17_sec4_002,lichsu_11,Bài 17,"I ta-li-a tiến hành xâm lược E-ti-ô-pi-a (1935), cùng với Đức tham chiến","[90, 91, 92]","[""data/corpus/lichsu_11/lichsu_11.pdf_90.jpg.txt"", ""data/corpus/lichsu_11/lichsu_11.pdf_91.jpg.txt"", ""data/corpus/lichsu_11/lichsu_11.pdf_92.jpg.txt""]","goài châu Mi Chính quyền các nước phát xít đã lợi dụng tình hình đó để thực hiên mục tiêu gây chiến tranh xâm lược. B Các nước phát xít trong giai đoạn 1931 - 1937 đã có những hoạt động xâm lược nào ? 2 Từ Hội nghị Muy ních đến chiến tranh thế giới Sau khi sáp nhập nước Áo vào lãnh thổ Đức (3 - 1938), Hít-le gây ra vụ Xuy đét để thôn tính Tiếp Khác Bảng cách xúi giục các cư dân gốc Đức sinh sống ở vùng Xuy-đết của Tiệp Khắc nổi dậy đồi li khai, Hít le tráng trơn yêu cầu Chính phủ Tiệp Khắc trao ",,,,,
entity,lichsu_10_s207_003:e10,Place,Pháp,Quốc gia có công nhân tham gia đấu tranh,công nhân Pháp,0.95,[],lichsu_10_s207_003,lichsu_10,Bài,1. Sự ra đời và tình cảnh của giai cấp vô sản công nghiệp,"[183, 184, 185]","[""data/corpus/lichsu_10/lichsu_10.pdf_183.jpg.txt"", ""data/corpus/lichsu_10/lichsu_10.pdf_184.jpg.txt"", ""data/corpus/lichsu_10/lichsu_10.pdf_185.jpg.txt""]","Năm 1844, công nhân dệt vùng Sơ-lê din khởi nghĩa, phá huỷ nhà xưởng, Cuộc khởi nghĩa chiến không duy trì được lâu nhưng có tác dụng mở đầu phong trào đấu tranh sôi nổi cha của công nhân Đức sau này. 19 Những cuộc đấu tranh trên của giai cấp công nhân Anh, Pháp, Đức đều thất bại vì thiếu sự lãnh đạo đúng đần và chưa có đường lối chính trị rõ ràng, song đã đánh dấu sự trưởng thành của công nhân, tạo điều kiện quan trọng cho sự ra đời của lí luận khoa học sau này. B Những cuộc đấu tranh của công n",,,,,
entity,lichsu_12_s249_bai21_sec15_003:e2,Place,Bắc ? Hưng - Hải,Công trình thủy nông tiêu biểu được xây dựng,công trình Bắc ? Hưng - Hải,0.8,[],lichsu_12_s249_bai21_sec15_003,lichsu_12,Bài 21,1. Đại hội đại biểu toàn quốc lần thứ III của Đảng (9 - 1960),"[162, 163, 164, 165, 166, 167, 168]","[""data/corpus/lichsu_12/lichsu_12.pdf_162.jpg.txt"", ""data/corpus/lichsu_12/lichsu_12.pdf_163.jpg.txt"", ""data/corpus/lichsu_12/lichsu_12.pdf_164.jpg.txt"", ""data/corpus/lichsu_12/lichsu_12.pdf_165.jpg.txt"", ""data/corpus/lichsu_12/lichsu_12.pdf_166.jpg.txt"", ""data/corpus/lichsu_12/lichsu_12.pdf_167.jpg.txt"", ""data/corpus/lichsu_12/lichsu_12.pdf_168.jpg.txt""]","hợp tác xã sản xuất nông nghiệp bậc cao. Nông dân áp dung khoa học - ki thuật vào sản xuất Hê thống thuy nông phát triển, nhiều công trình mới được xây dưng, tiêu biểu như công trình Bắc ? Hưng - Hải. Nhiều hợp tác xã đạt và vươt năng suất 5 tấn thóc trên 1 hécla gieo trong Trong Thương nghiệp quốc doanh được Nhà nước ưu tiên phát triển nên đã chiếm linh được thị trường, góp phần vào phát triển kinh tế, củng cố quan hê sản xuất mới, ổn định và cái thiện đòi sống nhân dân Hê thông giao thông đườn",,,,,
entity,lichsu_10_s35_002:e4,Place,A gra,Địa điểm xây dựng công trình kiến trúc,ở A gra,0.8,[],lichsu_10_s35_002,lichsu_10,Bài,3. Vương triều Mô-gôn,"[42, 43, 44]","[""data/corpus/lichsu_10/lichsu_10.pdf_42.jpg.txt"", ""data/corpus/lichsu_10/lichsu_10.pdf_43.jpg.txt"", ""data/corpus/lichsu_10/lichsu_10.pdf_44.jpg.txt""]","ới danh hiệu của Công là Đấng Chí tôn A-cơ ba la Tuy nhiên, hầu hết các vua của nghiệt vương triều này đều dùng quyền chuyên chế, độc đoán để cai trị một đất nước rộng lớn nhưng rất đa dạng, phân tán. Một số vị vua đã dùng biện pháp đàn áp quyết liệt, hình phạt khắc nghiệt để bắt dân chúng phục tùng đóng thuế và lao dịch nặng nề, bắt các quý tộc có ý chống đối pân gilai the nhiện được đối viện được đối viện được đối viện được đối viện được đối viện được đối viện đư Con và cháu của A cơ ba là Gia",,,,,
entity,lichsu_10_s114_001:e12,Place,thành nhà Hồ,"Công trình nghệ thuật xây thành ở nước ta, được xây dựng cuối thế kỉ XIV",thành nhà Hồ (Vĩnh Lộc ? Thanh Hoá) được xây dựng,0.9,[],lichsu_10_s114_001,lichsu_10,Bài,3. Nghệ thuật,"[103, 104, 105]","[""data/corpus/lichsu_10/lichsu_10.pdf_103.jpg.txt"", ""data/corpus/lichsu_10/lichsu_10.pdf_104.jpg.txt"", ""data/corpus/lichsu_10/lichsu_10.pdf_105.jpg.txt""]","XI ? XII) đều phát triển với sự xuất hiện của hàng loạt tập thơ của Nguyễn Trãi, Lê Thánh Tông, Lý Tử Tấn v.v.. có nội dung ca ngợi đất nước phát triển. B - Đặc điểm của thơ văn các thế kỉ XI - XV. 3. Nghệ thuật Nghệ thuật cũng có những bước phát triển mới, Trong các thế kỉ X- XIV, người những công trình nghệ thuật Phật giáo được xây dựng ở kháp mọi nơi như chùa Một Cột (Diên Hựu), chùa Dâu, chùa Phật Tích, chùa Dạm, tháp Báo Thiên, tháp Phổ Minh, Chuông, tượng cũng được đúc, tạc rất nhiều, Cuối",,,,,
entity,lichsu_12_s263_bai22_sec11_002:e5,Place,xã Hoà Lạc,"Một xã thuộc huyện Kim Sơn, tỉnh Ninh Bình.",xã Hoà Lạc,0.8,[],lichsu_12_s263_bai22_sec11_002,lichsu_12,Bài 22,"2. Miền Bắc vừa chiến đấu chống chiến tranh phá hoại, vừa sản xuất","[178, 179, 180]","[""data/corpus/lichsu_12/lichsu_12.pdf_178.jpg.txt"", ""data/corpus/lichsu_12/lichsu_12.pdf_179.jpg.txt"", ""data/corpus/lichsu_12/lichsu_12.pdf_180.jpg.txt""]","ác cơ sở các công nghiệp lớn đã kịp thời sơ tán, phân tán, sớm đi vào sản xuất, đáp ứng nhu cầu thiết yếu của chiến đấu, sản xuất và đời sống công nghiệp địa phương và công nghiệp quốc phòng đều phát triển, Mỗi tỉnh trở thành một đơn vị kinh tế tương đối hoàn chinh Giao thông vân tải, một trong những trong diễm bắn phá của dịch, được quân và dân ta bao đám thường xuyên thông suốt Là hâu phương lớn của cuộc kháng chiến chống Mi, cứu nước, miền Bắc luôn hướng về miền Nam. Vì miền Nam ruột thịt, mi",,,,,
entity,lichsu_12_s73_bai7_sec6_001:e8,Place,Pháp,Quốc gia Pháp,Pháp,0.95,[],lichsu_12_s73_bai7_sec6_001,lichsu_12,Bài 7,IV TÂY ÂU TỪ NĂM 1991 ĐẾN NĂM 2000,"[49, 50]","[""data/corpus/lichsu_12/lichsu_12.pdf_49.jpg.txt"", ""data/corpus/lichsu_12/lichsu_12.pdf_50.jpg.txt""]","kết thúc Chiến tranh lạnh, bức tường Béclin bị phá bỏ (11 ? 1989) và sau đó không lâu, nước Đức đã tái thống nhất (3 - 10 - 1990) về kinh tế và chinh tri - xã hội trong những năm 1973 ? 1991 là gi ? IV TÂY ÂU TỪ NĂM 1991 ĐẾN NĂM 2000 Về kinh tế, bước vào thập kỉ 90, sau khi trải qua một đợt suy thoái ngắn, từ năm 1994 trở đi, kinh tế Tây Au đã có sự phục hồi và phát triển 19 19 1 Năm 2000, mức tăng trướng của kinh tế Pháp là 3,8%, Đức 2,9% và Italia 3,0% N Tây Âu vẫn là một trong ba trung tâm ki",,,,,
entity,lichsu_12_s28_bai2_sec9_001:e7,Place,Ba Lan,Một trong các nước tham gia SEV,Ba Lan,0.95,[],lichsu_12_s28_bai2_sec9_001,lichsu_12,Bài 2,3. Quan hệ hợp tác giữa các nước xã hội chủ nghĩa ở châu Âu,"[12, 13]","[""data/corpus/lichsu_12/lichsu_12.pdf_12.jpg.txt"", ""data/corpus/lichsu_12/lichsu_12.pdf_13.jpg.txt""]","nhu cầu lương thực và thực phẩm của nhân dân, Trình độ khoa học ? kĩ thuật được nâng lên rõ rêt, Từ những nước nghèo, các nước xã hội chủ nghĩa Đông Âu đã trở thành các quốc gia công - nông nghiệp 3. Quan hệ hợp tác giữa các nước xã hội chủ nghĩa ở châu Âu Quan hệ kinh tế, khoa học kĩ thuật Ngày 8 - 1 - 1949, Hội đồng tương trơ kinh tế (thường goi tất là SEV) được thành lập với sự tham gia của các nước xã hôi châu Au là - Liên Xô, Anbani, Ba Lan, Bungan, Hunggan, Tiệp Khắc, Rumani , kết nap thêm",,,,,
entity,lichsu_11_s132_bai23_sec2_002:e8,Place,Quảng Đông,Nơi Phan Bội Châu bị giam giữ,nhà tù Quảng Đông,0.9,[],lichsu_11_s132_bai23_sec2_002,lichsu_11,Bài 23,TỪ ĐẦU THẾ KÍ XX ĐẾN CHIÊN TRANH THỨ NHÁT (1914),"[137, 138, 140, 141]","[""data/corpus/lichsu_11/lichsu_11.pdf_137.jpg.txt"", ""data/corpus/lichsu_11/lichsu_11.pdf_138.jpg.txt"", ""data/corpus/lichsu_11/lichsu_11.pdf_140.jpg.txt"", ""data/corpus/lichsu_11/lichsu_11.pdf_141.jpg.txt""]","hơn 100 người), tuyên bán Duy tân hội, thành lập Viết Nam Quang phục hội, Hội kháng đình tôn chỉ duy nhất Là : ?Đánh đuổi giác Pháp, khôi phục nước Viết Nam, thành lập nước Cộng hoà Dân quốc Việt Nam? Để gây tiếng vang trong nước, thức tỉnh đồng bào, Hội đã cử người bí mật về nhưng nước để trừ khử những tên thực dân đầu sỏ, kể cả Toàn quyền An-be Xa-rô và những tay sai đác lực của chúng. Hoạt đông của Viết Nam Quang phục hội trong buổi đầu đã đạt được một số kết quả nhất đỉnh, khuấy động được dư",,,,,
entity,lichsu_12_s85_bai7_sec18_001:e11,Place,Việt Nam,quốc gia có quan hệ với EU,quan hê EU Viết Nam,0.9,[],lichsu_12_s85_bai7_sec18_001,lichsu_12,Bài 7,PHÁP TÊN NƯỚC,"[51, 52]","[""data/corpus/lichsu_12/lichsu_12.pdf_51.jpg.txt"", ""data/corpus/lichsu_12/lichsu_12.pdf_52.jpg.txt""]","BẮC ANH HÀ LĂN UCRAINA ĐƯC SVAKIA MÔNĐÔVA AO PHÁP RUMANI BIÊN ĐEN FCB BUNGARE Bo ANBA THỔ NHI KI NHA Đ. Xix Sih Đ.Grep CHAUPHI MANTA H Các nước gia nhập EU đến năm 1995 Các nước gia nhập EU năm 2007 PHÁP TÊN NƯỚC Các nước gia nhập EU năm 2004 Các nước khác Biên giới quốc gia STATTING (1) Đến năm 2004, EU kết nạp thêm 10 nước, nằng số thành viên lên 25 nước Năm 2007, thêm 2 nước thành 27 nước. Tháng 6 ? 1979, đã diễn ra cuốc bầu cử Nghi viên châu Au đầu tiên, Tháng 3 ? 1995 bảy nước EU huỷ bỏ sư ",,,,,
entity,lichsu_12_s272_bai22_sec20_002:e4,Place,Hải Phòng,thành phố bị Mỹ tập kích bằng B52,Hải Phòng,0.95,[],lichsu_12_s272_bai22_sec20_002,lichsu_12,Bài 22,PHOÀ BÌNH Ở VIỆT NAM,"[183, 184, 185, 186, 187]","[""data/corpus/lichsu_12/lichsu_12.pdf_183.jpg.txt"", ""data/corpus/lichsu_12/lichsu_12.pdf_184.jpg.txt"", ""data/corpus/lichsu_12/lichsu_12.pdf_185.jpg.txt"", ""data/corpus/lichsu_12/lichsu_12.pdf_186.jpg.txt"", ""data/corpus/lichsu_12/lichsu_12.pdf_187.jpg.txt""]","ĩ đòi quân đôi miền Bắc cũng phải rút khỏi miền Nam và từ chối kí dự thảo Hiệp dinh đã được hai bên thoả thuân (10 ? 1972), để rồi mở cuộc tập kích chiến lược đường không bằng máy bay B52 vào Hà Nội ? Hải Phòng trong 12 ngày đêm cuối năm 1972, với ý đồ buốc phía Viết Nam kí dự thảo Hiệp đinh dưa ra Nhưng Mĩ đã thất bai, Quân dân ta đã đập tan cuộc tập kích chiến lược đường không bằng máy bay B52 của Mĩ, làm nên trân ?Điên Biên Phủ trên không"", buộc Mĩ phải kí Hiệp dinh Pari do Viết Nam dưa ra tr",,,,,
entity,lichsu_12_s174_bai16_sec16_001:e11,Place,Hà Nội,thủ đô của Việt Nam,về đến Hà Nội,0.95,[],lichsu_12_s174_bai16_sec16_001,lichsu_12,Bài 16,IV? NƯỚC VIỆT NAM DÂN CHỦ CỘNG HOÀ ĐƯỢC THÀNH LẬP 1245),"[115, 116, 117, 118]","[""data/corpus/lichsu_12/lichsu_12.pdf_115.jpg.txt"", ""data/corpus/lichsu_12/lichsu_12.pdf_116.jpg.txt"", ""data/corpus/lichsu_12/lichsu_12.pdf_117.jpg.txt"", ""data/corpus/lichsu_12/lichsu_12.pdf_118.jpg.txt""]","trong vòng nửa tháng, từ ngày 14 đến ngày 28 - 8 1945. Chiều 30 - 8, trong cuộc mít tinh lớn có hàng van quần chúng tham gia, vua Bảo Đại tuyên bô thoái vị Chế độ phong kiến Việt Nam hoàn toàn sụp đổ IV? NƯỚC VIỆT NAM DÂN CHỦ CỘNG HOÀ ĐƯỢC THÀNH LẬP 1245) Ngày 25 - 8 - 1945, Chủ tịch Hồ Chí Minh cùng với Trung ương Đảng và Uỷ ban Dân tộc giải phóng Viết Nam từ Tân Trào về đến Hà Nội. Theo đề nghị của Hồ Chí Minh, Uỷ ban Dân tộc giải phóng Việt Nam cải tổ thành Chính phủ lâm thời nước Viết Nam Dâ",,,,,
entity,lichsu_12_s46_bai4_sec5_001:e6,Place,Malaixia,Một trong năm nước thành viên sáng lập ASEAN,Malaixia,0.95,[],lichsu_12_s46_bai4_sec5_001,lichsu_12,Bài 4,3. Sư ra đời và phát triên của tô chức ASEAN,"[28, 29, 30, 31, 32]","[""data/corpus/lichsu_12/lichsu_12.pdf_28.jpg.txt"", ""data/corpus/lichsu_12/lichsu_12.pdf_29.jpg.txt"", ""data/corpus/lichsu_12/lichsu_12.pdf_30.jpg.txt"", ""data/corpus/lichsu_12/lichsu_12.pdf_31.jpg.txt"", ""data/corpus/lichsu_12/lichsu_12.pdf_32.jpg.txt""]","cách kinh tế và """"mó cửa"", do đó nên kinh tế có sự khới sắc, Tốc độ Hoàn tháng trưởng GDP năm 1995 là 7%, năm 2000 là 6,2%. Tuy nhiên, bình quân thu nhấp đầu người ở Mianma còn thấp (Sơ USD năm 2003) 3. Sư ra đời và phát triên của tô chức ASEAN A Sal ASEAN ra đời trong bối cảnh khu vực và thế giới có nhiều biến chuyển to lớn vào nứa sau những năm 60 của thể ki XX (1) Phần này chỉ đề cập nội dung về lịch sử Lào và Campuchia, còn nội dung về Việt Nam sẽ được đề cập kĩ trong các bài lịch sử Việt Na",,,,,
entity,lichsu_12_s246_bai21_sec12_001:e9,Place,Đà Nẵng,Thành phố mà phong trào đấu tranh vì mục tiêu hoà bình lan rộng tới.,Đà Năng,0.95,[],lichsu_12_s246_bai21_sec12_001,lichsu_12,Bài 21,"1. Đấu tranh chống chế độ Mĩ - Diệm, giữ gìn và phát triển lực lượng","[161, 162, 163, 164, 165]","[""data/corpus/lichsu_12/lichsu_12.pdf_161.jpg.txt"", ""data/corpus/lichsu_12/lichsu_12.pdf_162.jpg.txt"", ""data/corpus/lichsu_12/lichsu_12.pdf_163.jpg.txt"", ""data/corpus/lichsu_12/lichsu_12.pdf_164.jpg.txt"", ""data/corpus/lichsu_12/lichsu_12.pdf_165.jpg.txt""]","công cuộc khôi phục kinh tê, hàn gần vết thương chiến tranh ? - Công cuộc cải tao quan hệ sản xuất xã hội chủ nghĩa ở miên Băc từ năm 1958 đến năm 1960 đã đạt được những thành tưu và có han chế gi ? 1. Đấu tranh chống chế độ Mĩ - Diệm, giữ gìn và phát triển lực lượng cách mạng (1954) 1959) Cách mang miền Nam từ giữa năm 1954 chuyển từ đấu tranh vũ trang chống Pháp sang đấu tranh chính trị chống Mĩ - Diêm, đòi thi hành Hiệp định Gionevo năm 1954, bảo vệ hoà bình, giữ gìn và phát triển lực lượng c",,,,,
entity,lichsu_10_s225_001:e9,Place,các nước đế quốc,Nơi diễn ra phong trào đấu tranh đòi dân chủ bị ảnh hưởng bởi Cách mạng 1905 - 1907.,các nước đế quốc,0.95,"[1905, 1907]",lichsu_10_s225_001,lichsu_10,Bài,CÔNG NHÂN NGA ĐẦU THẾ KỈ XX,"[199, 200]","[""data/corpus/lichsu_10/lichsu_10.pdf_199.jpg.txt"", ""data/corpus/lichsu_10/lichsu_10.pdf_200.jpg.txt""]","lãnh đạo các đẳng xã hội dân chủ của các nước trong Quốc nhành thế thứ hai ủng hộ chính phủ tư sản, đẩy quần chúng nhân dân và vô sản các nước vào cuộc chiến tranh vì quyền lợi của bọn đế quốc. 2) CÔNG NHÂN NGA ĐẦU THẾ KỈ XX Cuối thế kỉ XIX - đầu thế kỉ XX, V.. Lê-nin tham gia phong trào công nhân Nga, thành lập chính đảng vô sản, đấu tranh bảo vệ học thuyết Mác Cách mạng 1905 ? 1907 ở Nga đã giáng một đòn mạnh mẽ vào chế độ Nga hoàng, có ảnh hưởng đến phong trào đấu tranh đòi dân chủ ở các nước",,,,,
entity,lichsu_12_s28_bai2_sec9_001:e3,Time,8 - 1 - 1949,Thời điểm thành lập Hội đồng tương trợ kinh tế,Ngày 8 - 1 - 1949,0.95,[1949],lichsu_12_s28_bai2_sec9_001,lichsu_12,Bài 2,3. Quan hệ hợp tác giữa các nước xã hội chủ nghĩa ở châu Âu,"[12, 13]","[""data/corpus/lichsu_12/lichsu_12.pdf_12.jpg.txt"", ""data/corpus/lichsu_12/lichsu_12.pdf_13.jpg.txt""]","nhu cầu lương thực và thực phẩm của nhân dân, Trình độ khoa học ? kĩ thuật được nâng lên rõ rêt, Từ những nước nghèo, các nước xã hội chủ nghĩa Đông Âu đã trở thành các quốc gia công - nông nghiệp 3. Quan hệ hợp tác giữa các nước xã hội chủ nghĩa ở châu Âu Quan hệ kinh tế, khoa học kĩ thuật Ngày 8 - 1 - 1949, Hội đồng tương trơ kinh tế (thường goi tất là SEV) được thành lập với sự tham gia của các nước xã hôi châu Au là - Liên Xô, Anbani, Ba Lan, Bungan, Hunggan, Tiệp Khắc, Rumani , kết nap thêm",,,,,
entity,lichsu_10_s92_001:e10,Time,Năm 1054,Thời điểm vua Lý Thánh Tông đổi tên nước là Đại Việt,Năm 1054,0.95,[1054],lichsu_10_s92_001,lichsu_10,Bài,1. Tổ chức bộ máy nhà nước,"[87, 88, 89]","[""data/corpus/lichsu_10/lichsu_10.pdf_87.jpg.txt"", ""data/corpus/lichsu_10/lichsu_10.pdf_88.jpg.txt"", ""data/corpus/lichsu_10/lichsu_10.pdf_89.jpg.txt""]","toàn thư) Nhà Đình và tiếp sau đó là nhà Tiền Lê đã xây dựng nên một nhà nước quân chủ sơ khai gồm 3 ban: Văn ban, Võ ban và Tăng ban, chia nước thành 10 đạo, tổ chức quân đội theo hướng chính quy. 1. Tổ chức bộ máy nhà nước Đã Đất nước dần dần ổn định. Năm 1009, nhà Lý được thành lập. Năm 1010, vua Là Lý Thái Tổ dời đô từ Hoa Lư về Thăng Long (Hà Nội), mở ra một giai đoạn phát thuy Thi Thiến mới, Năm 1054, vua Lý Thánh Tông quyết định đối tên nước là Đại Việt Nam Từ thế kỉ XI đến thế kỉ XV, trả",,,,,
entity,lichsu_12_s206_bai18_sec12_001:e1,Time,Đầu tháng 12 năm 1947,Thời điểm quân dân Sài Gòn mở hàng loạt cuộc tập kích,Đầu tháng 12 ? 1947,0.9,[1947],lichsu_12_s206_bai18_sec12_001,lichsu_12,Bài 18,2. Đấy mạnh kháng chiến toàn dân,"[133, 134, 135]","[""data/corpus/lichsu_12/lichsu_12.pdf_133.jpg.txt"", ""data/corpus/lichsu_12/lichsu_12.pdf_134.jpg.txt"", ""data/corpus/lichsu_12/lichsu_12.pdf_135.jpg.txt""]","như Gia Lâm Vinh Tuy, Cầu Đuống v.v Đầu tháng 12 ? 1947, quân dân Sài Gòn mở hàng loạt cuộc tập kích vào các đồn bốt, kho tàng của địch ở Thị Nghè, Gia Định, Gò Vấp, Bà Điểm, Phú Lâm Phú Tho V.V. 2. Đấy mạnh kháng chiến toàn dân Đảng và Chính phủ ta chủ trương củng cổ chính quyền dân chủ nhân dân từ trung ngường đến cơ sở, tăng cường lực lượng vũ trang nhân dân, đấy manh cuộc kháng chiến toàn dân, toàn diên Trên mặt trận chính trị, đầu năm 1949, Chính phú quyết đầu cử Hội đồng nhân dân và Uỷ ban",,,,,
entity,lichsu_10_s20_bai4_sec4_001:e4,Time,đầu thiên niên kỉ I TCN,Thời điểm cư dân vùng Địa Trung Hải bắt đầu biết chế tạo công cụ bằng sắt.,"Khoảng đầu thiên niên kỉ I TCN, cư dân vùng Địa Trung Hải bắt đầu biết chế tạo công cụ bằng sắt",0.9,[],lichsu_10_s20_bai4_sec4_001,lichsu_10,Bài 4,1. Thiên nhiên và đời sống của con người,"[20, 21, 22]","[""data/corpus/lichsu_10/lichsu_10.pdf_20.jpg.txt"", ""data/corpus/lichsu_10/lichsu_10.pdf_21.jpg.txt"", ""data/corpus/lichsu_10/lichsu_10.pdf_22.jpg.txt""]","; do đó, từ rất sớm đã có những hoạt động hàng hải, ngư nghiệp và thương nghiệp biển, Trên cơ sở đó, Hi Lạp và Rô-ma đã phát triển cao về kinh tế và xã hội, làm cơ sở cho một nền văn hoá rất rực tỡ. 1. Thiên nhiên và đời sống của con người Cảnh sông, núi, biển ở vùng Địa Trung Hải đẹp đề, muôn màu. Khí hậu ấm áp, trong lành. Ban đầu, các bộ lạc đều sống trong các thung lũng. Ở đấy; những dãy núi cao từ lục địa chạy ra biển đã ngăn cách thung lũng này với nguy thung lũng khác, tạo thành những đồn",,,,,
entity,lichsu_12_s297_bai24_sec7_001:e6,Time,tháng 9 năm 1975,thời điểm diễn ra Hội nghị lần thứ 24 Ban Chấp hành Trung ương,(9 ? 1975),0.95,[1975],lichsu_12_s297_bai24_sec7_001,lichsu_12,Bài 24,HII - HOÀN THÀNH THỐNG NHẤT ĐẤT NƯỚC VỀ MẶT NHÀ NƯỚC (1975 ? 1976),"[200, 201, 202, 203]","[""data/corpus/lichsu_12/lichsu_12.pdf_200.jpg.txt"", ""data/corpus/lichsu_12/lichsu_12.pdf_201.jpg.txt"", ""data/corpus/lichsu_12/lichsu_12.pdf_202.jpg.txt"", ""data/corpus/lichsu_12/lichsu_12.pdf_203.jpg.txt""]","ngoài, đều trở lại hoạt động Các hoạt động văn hoá, giáo dục, y tế v.v. được tiến hành khẩn trương từ những ngày đầu mới giải phóng tranh, khôi phục kinh tế, ổn định tình han sau giải phóng năm 1975 HII - HOÀN THÀNH THỐNG NHẤT ĐẤT NƯỚC VỀ MẶT NHÀ NƯỚC (1975 ? 1976) Và Sau đại tháng mùa Xuân 1975, Tố quốc Viết Nam được thống nhất về mặt lãnh thổi thổ, song ở mỗi miền vẫn tồn tai hình thức tổ chức nhà nước khác nhau, Thưc tế đó Thiến trái vối nguyên vong, tỉnh cảm thiêng liêng của nhân dán hai miề",,,,,
entity,lichsu_12_s311_bai26_sec6_004:e7,Time,1991,"Năm bắt đầu kế hoạch 5 năm và mức lạm phát 67,1%.",1991,0.95,[1991],lichsu_12_s311_bai26_sec6_004,lichsu_12,Bài 26,VI - QUÁ TRÌNH THỰC HIỆN ĐƯỜNG LỐI ĐỐI MỚI (1986 ? 2000),"[208, 209, 210, 211, 212, 213]","[""data/corpus/lichsu_12/lichsu_12.pdf_208.jpg.txt"", ""data/corpus/lichsu_12/lichsu_12.pdf_209.jpg.txt"", ""data/corpus/lichsu_12/lichsu_12.pdf_210.jpg.txt"", ""data/corpus/lichsu_12/lichsu_12.pdf_211.jpg.txt"", ""data/corpus/lichsu_12/lichsu_12.pdf_212.jpg.txt"", ""data/corpus/lichsu_12/lichsu_12.pdf_213.jpg.txt""]","thành tưu thường được được , khắc phục những khó khăn, yếu kém mắc phải trong bước đầu đổi mới , điều chỉnh, bổ sung, phát triển đường lối đổi mói để tiếp tục đưa sư nghiệp đổi mới đất nước tiến lên. Đại hội còn quyết định một số vấn đề về chiến lược lâu dài, đó là thông qua Các tương lĩnh xây dưng đất nước trong thời kì qua độ lên chủ nghĩa xã hội và Chiến chi tược ổn định và phát triển kinh tế đến năm 2000 Bước vào nhiêm ki Đại hội VII của Đảng, tỉnh hình thế giới và trong nước có những thay đ",,,,,
entity,lichsu_11_s82_bai17_sec5_001:e5,Time,tháng 10 - 1935,Thời điểm bắt đầu sự kiện Đức I-ta-li-a gây chiến và bành trướng,tháng 10 - 1935,0.95,[1935],lichsu_11_s82_bai17_sec5_001,lichsu_11,Bài 17,NHINH NƯỚC BỊ PHE TRỤC THÔN TÍNH PHE TRỤC XÂM LƯỢC,"[90, 91, 92]","[""data/corpus/lichsu_11/lichsu_11.pdf_90.jpg.txt"", ""data/corpus/lichsu_11/lichsu_11.pdf_91.jpg.txt"", ""data/corpus/lichsu_11/lichsu_11.pdf_92.jpg.txt""]",DAN LÍT-VA BẮC quy tháng digh MẠCH AILEN Du-blin ANH Béc-lino JAC-SA-VA Luận Đông DƯƠNG ĐỨC EP Su HUYSI BIÊN DEN BUN-GA-RI VHN OVA Ma arit THỔ NHI KI TÂY BAN NHA CHÂU Á CHÂU PIII Nước thuộc phe Trục NHINH NƯỚC BỊ PHE TRỤC THÔN TÍNH PHE TRỤC XÂM LƯỢC Liên minh của Pháp Phe Trục can thiệp 197120 1 2 đức gây hán Hinh 43. Lược đồ Đức I ta li a gây chiến và bành trương (từ tháng 10 - 1935 đến tháng 8 1939),,,,,
entity,lichsu_12_s112_bai11_sec3_001:e3,Time,Năm 1945,mốc thời gian Chiến tranh thế giới thứ hai kết thúc,NĂM 1945,0.95,[1945],lichsu_12_s112_bai11_sec3_001,lichsu_12,Bài 11,TU NĂM 1945 ĐẾN NĂM 2000,"[69, 70, 71]","[""data/corpus/lichsu_12/lichsu_12.pdf_69.jpg.txt"", ""data/corpus/lichsu_12/lichsu_12.pdf_70.jpg.txt"", ""data/corpus/lichsu_12/lichsu_12.pdf_71.jpg.txt""]","quốc gia v.v. Như thế, toàn cầu hoá là thời cơ lịch sử, là cơ hội rất to lớn cho các nước phát triển mạnh mẽ, đồng thời cũng tao ra những thách thức to lớn. Viết Nam cũng năm trong xu thế chung đó. TU NĂM 1945 ĐẾN NĂM 2000 Chiên tranh thế giới thứ hai kết thúc đã mở ra một giai đoạn mới của tích sử thế giới hiên đại Trong lịch sử thế giới, hiếm có giai đoan nào như giai đoan nưa sau thế kí XX mà loài người vừa mới trải qua Chí trong vòng nửa thế ki, tỉnh hình thế giới đã thật sôi đông với bao di",,,,,
entity,lichsu_12_s199_bai18_sec5_001:e3,Time,sáng 20 - 12 - 1946,thời điểm chậm nhất quân Pháp sẽ hành động nếu yêu cầu không được chấp nhận,chậm nhất là sáng 20 - 12 - 1946,0.9,[1946],lichsu_12_s199_bai18_sec5_001,lichsu_12,Bài 18,2. Đường lối kháng chiến chống Pủá Đảng,[130],"[""data/corpus/lichsu_12/lichsu_12.pdf_130.jpg.txt""]","phủ ta phải giải tán lực lượng tự về chiến đấu, để cho quân Pháp làm nhiêm vụ giữ gin trật tự ở Hà Nội. Nếu yêu cầu đó không được chấp nhân, thì chậm nhất là sáng 20 - 12 - 1946, chúng sẽ hành động 2. Đường lối kháng chiến chống Pủá Đảng Tình thế khẩn cấp dòi hỏi Đảng và Chính phủ ta phải có quyết định kip thời. Ngày",,,,,
entity,lichsu_10_s138_bai24_sec4_001:e10,Time,"thời Lý, Trần",Thời kỳ nhà Lý và nhà Trần trong lịch sử Việt Nam,"dưới thời Lý, Trần",0.95,[],lichsu_10_s138_bai24_sec4_001,lichsu_10,Bài 24,"VỀ TƯ TƯỞNG, TÔN GIÁO","[121, 122]","[""data/corpus/lichsu_10/lichsu_10.pdf_121.jpg.txt"", ""data/corpus/lichsu_10/lichsu_10.pdf_122.jpg.txt""]","các thế kỉ XVI XVIII, sự phát triền của ngoại thương, của kinh tế hàng chiết thoá và giao lưu với thế giới bên ngoài cũng tác động lớn đến đời sống văn hoá của nhân dân ở cả Đàng Ngoài và Đàng Trong VỀ TƯ TƯỞNG, TÔN GIÁO Theng tho nho giáo từng bước suy thoái, tôn tỉ trật tự phong kiến không còn được tôn trọng như trước mặc dù các chính quyền Lê ? Trịnh, Nguyễn tìm mọi cách củng cổ, Phật giáo, Đạo giáo có điều kiện khôi phục vị trí của mình nhưng không 19 thần được như dưới thời Lý, Trần, Chùa q",,,,,
entity,lichsu_12_s72_bai7_sec5_001:e9,Time,1992,Năm kết thúc giai đoạn mức tăng trưởng kinh tế của Pháp giảm,đến năm 1992,0.9,[1992],lichsu_12_s72_bai7_sec5_001,lichsu_12,Bài 7,THI TÂY ÂU TỪ NĂM 1973 ĐẾN NĂM 1991,"[47, 48, 49]","[""data/corpus/lichsu_12/lichsu_12.pdf_47.jpg.txt"", ""data/corpus/lichsu_12/lichsu_12.pdf_48.jpg.txt"", ""data/corpus/lichsu_12/lichsu_12.pdf_49.jpg.txt""]","Lan vv đều phán đồi cuốc chiến tranh của Mĩ ở Việt Nam Trong giai đoạn 1950 ? 1973, nhiều thuộc địa của Anh, Pháp, Hà Lan tuyên bố độc lập, đánh dầu thời kì ?phi thực dân phạm vi thế giới Tây Au ? THI TÂY ÂU TỪ NĂM 1973 ĐẾN NĂM 1991 Về kinh tế, do tác đông của cuộc khủng hoáng năng lương thế giới, cũng như Mi và Nhật Bản, từ năm 1973 nhiều nước tư bản chủ yếu ở Tây Au lâm vào tình trang Nguy thoái, khúng hoàng, phát triển không ốn định, kéo dài đến đầu thập kỉ 90 Trong Từ năm 1973 đến năm 1992, ",,,,,
entity,lichsu_12_s64_bai6_sec2_001:e4,Time,năm 1948,Năm sản lượng công nghiệp Mĩ đạt hơn 56%,năm 1948 là hơn 56%,0.95,[1948],lichsu_12_s64_bai6_sec2_001,lichsu_12,Bài 6,NƯỚC MĨ TỪ NĂM 1945 ĐẾN NĂM 1973,[42],"[""data/corpus/lichsu_12/lichsu_12.pdf_42.jpg.txt""]","phát triển mới với tiềm lực kinh tế - tài chính và lực lương quân sự to lớn Dưa vào đó, các giới cầm quyền Mi theo đuổi mưu đồ thông trị toàn thế giới và nô dịch các quốc gia ? dân tộc trên hành tinh NƯỚC MĨ TỪ NĂM 1945 ĐẾN NĂM 1973 Về kinh tế, sau Chiến tranh thế giới thứ hai, nền kinh tế Mĩ phát triển mạnh mẽ Trong khoảng nửa sau những năm 40, sản lượng công nghiệp Mi chiếm tới hơn một nửa sản lượng công nghiệp toàn thế giới (năm 1948 là hơn 56%) Năm 1949, sản lương nông nghiệp Mĩ bằng hai lần",,,,,
entity,lichsu_10_s221_bai39_sec2_001:e5,Time,1876,Năm Quốc tế thứ nhất giải tán.,1876,0.95,[1876],lichsu_10_s221_bai39_sec2_001,lichsu_10,Bài 39,QUỐC TẾ THỨ HAI,"[194, 195, 197, 198]","[""data/corpus/lichsu_10/lichsu_10.pdf_194.jpg.txt"", ""data/corpus/lichsu_10/lichsu_10.pdf_195.jpg.txt"", ""data/corpus/lichsu_10/lichsu_10.pdf_197.jpg.txt"", ""data/corpus/lichsu_10/lichsu_10.pdf_198.jpg.txt""]","làm chủ thành phố Ngày 18-3-1871, lần đầu tiên trong lịch sử, chính quan củp tư sản bị lật đổ Uỷ ban trung ương Quốc dân quân đảm nhận chức năng của chính quyền mới, trở thành chính phủ lâm thời. B QUỐC TẾ THỨ HAI Sau khi Quốc tế thứ nhất giải tán (1876), sự ra đời của nha các chính đảng công nhân ở nhiều nước đòi hỏi phải có một tổ chức quốc tế mới để lãnh đạo phong trào công nhân thế giới ? Quốc tế thứ hai được thành lập. Dưới sự lãnh đạo của Ph. nng-ghen, Quốc tế thứ hai có nhiều đó góp góp q",,,,,
entity,lichsu_12_s50_bai4_sec9_001:e9,Time,những năm 80,Thời điểm Ấn Độ đứng thứ mười trong các nước sản xuất công nghiệp lớn nhất thế giới.,"Trong những năm 80, Ấn Độ đứng hàng thứ mười",0.95,[],lichsu_12_s50_bai4_sec9_001,lichsu_12,Bài 4,2. Công cuộc xây dựng đất nước,"[33, 34, 35]","[""data/corpus/lichsu_12/lichsu_12.pdf_33.jpg.txt"", ""data/corpus/lichsu_12/lichsu_12.pdf_34.jpg.txt"", ""data/corpus/lichsu_12/lichsu_12.pdf_35.jpg.txt""]","1950, An Độ tuyên bố độc lập và thành lập nước cộng hoà Sự thành lập nước Cộng hoà Ân Đấu thắng lọi to lớn của nhân dân Ân Đô, có ảnh hưởng quan trọng đến phong trào giai phóng dân tộc trên thế giới 2. Công cuộc xây dựng đất nước Trong thời kì xây dưng đất nước, Ấn Độợc (1889 1964) nhiều thành tựu về nông nghiệp và công nghiệp, đác biết là công nghiệp nặng, chế tao máy, xây dựng cơ sở hạ tâng hiện đại. Nhờ tiến hành cuộc """"cách mạng xanh? trong nông nghiêp, từ giữa những năm 70 của thế kỉ XX, Ấn",,,,,
entity,lichsu_12_s281_bai23_sec8_001:e11,Time,đầu năm 1975,Thời điểm ta mở đợt hoạt động quân sự.,đầu năm 1975,0.95,[1975],lichsu_12_s281_bai23_sec8_001,lichsu_12,Bài 23,TẠO THẾ VÀ LỰC TIẾN TỚI GIẢI PHÓNG HOÀN TOÀN,"[189, 190, 191, 192]","[""data/corpus/lichsu_12/lichsu_12.pdf_189.jpg.txt"", ""data/corpus/lichsu_12/lichsu_12.pdf_190.jpg.txt"", ""data/corpus/lichsu_12/lichsu_12.pdf_191.jpg.txt"", ""data/corpus/lichsu_12/lichsu_12.pdf_192.jpg.txt""]","khi kinh tế, giao thông vân tái, văn hoá, giáo dục, y tế) và chuân bi cho nhiêm vu tiếp quản vùng giải phóng sau khi chiến tranh kết thúc. năm 1973 về Việt Nam được ki kết ? Nêu két quả và ý nghĩa TẠO THẾ VÀ LỰC TIẾN TỚI GIẢI PHÓNG HOÀN TOÀN Với Hiệp định Pari năm 1973, ta đã ?đánh cho Mĩ cút? Ngày 29 - 3 - 1973 thán lonn lính Mi cuối cùng rút khỏi nước ta, song do ""nguy chưa nhào "", Mĩ vẫn giữ lai hơn 2 vạn cổ vấn quân sự, lập ra Bộ chỉ huy quân sư, tiếp tục viên trợ quân sự; kinh tế cho chính ",,,,,
entity,lichsu_12_s60_bai5_sec9_002:e5,Time,Năm 1964,Thời điểm phong trào đấu tranh của nhân dân Panama đòi thu hồi chủ quyền kênh đào diễn ra sôi nổi,Năm 1964,0.95,[1964],lichsu_12_s60_bai5_sec9_002,lichsu_12,Bài 5,ĐÔM NGA ANT CHA THO NGAY,"[38, 39, 40, 41]","[""data/corpus/lichsu_12/lichsu_12.pdf_38.jpg.txt"", ""data/corpus/lichsu_12/lichsu_12.pdf_39.jpg.txt"", ""data/corpus/lichsu_12/lichsu_12.pdf_40.jpg.txt"", ""data/corpus/lichsu_12/lichsu_12.pdf_41.jpg.txt""]","ranh vũ trang lật đổ chế độ độc tài, thành lập Nước Cộng hoà Cuba Nhâm ngăn chăn ảnh hưởng của cách mang Cuba, tháng 8 1961, Mĩ để xướng việc tổ chức Liên minh vì tiền bộ lôi kéo các nước Minh Latinh. Nhưng từ các thập k0, phong trào điều đầu tranh chông Mi và chế đô đốc tài thân Mi giành độc lập ở khu vực ngày càng phát triển và giành nhiều tháng lợi Năm 1964, phong trào đấu tranh của nhân dân Panama đòi thu hồi chủ quyền kênh đào diễn ra sôi nối, buốc Mĩ phái từ bo quyền chiếm kênh đào và trả ",,,,,
entity,lichsu_12_s169_bai16_sec11_002:e2,Time,Ngày 15/9/1941,Thời điểm Trung đội Cứu quốc quân II ra đời,Ngày 15 99 - 1941,0.95,[1941],lichsu_12_s169_bai16_sec11_002,lichsu_12,Bài 16,4. Chuẩn bị tiến tới khởi nghĩa giành chính quyền,"[108, 109, 110]","[""data/corpus/lichsu_12/lichsu_12.pdf_108.jpg.txt"", ""data/corpus/lichsu_12/lichsu_12.pdf_109.jpg.txt"", ""data/corpus/lichsu_12/lichsu_12.pdf_110.jpg.txt""]","ó phân tán thành nhiêu bộ phân để chấn chỉnh lực lương, gây dưng cơ sở chính tri trong quân chúng tai các tỉnh Thái Nguyên, Tuyên Quang, Lang Sơn. Ngày 15 99 - 1941, Trung đôi Cứu quốc quân ll ra đời. Cuối năm 1941, Nguyễn Ai Quốc quyết định thành lập đôi tư về vũ trang để chu chuẩn bị cho việc xây dựng lực lương vũ trang nhân dân và thúc đẩy cơ sở chinh trị phát triển. Người còn tổ chức các lớp huấn luyện chính trị, quân sự, biên soạn các tài liêu về cách đánh du kích, kinh nghiêm của du kích N",,,,,
entity,lichsu_12_s71_bai7_sec4_001:e7,Time,tháng 4 năm 1969,Thời điểm Tổng thống Đờ Gôn từ chức.,4 1969,0.95,[1969],lichsu_12_s71_bai7_sec4_001,lichsu_12,Bài 7,1. Các nước Tây Âu đã áp dụng những thành tưu của cuộc cách mạng khoa học,"[47, 48]","[""data/corpus/lichsu_12/lichsu_12.pdf_47.jpg.txt"", ""data/corpus/lichsu_12/lichsu_12.pdf_48.jpg.txt""]","lớn của thế giới Chinh (cùng với Mi và Nhật Ban), Các nước tư ở Tây Au đều có trình độ khoa học - kĩ thuất phát triển đai Sử di nên kinh lễ các nước Tây Au phát triển nhanh là do một số yếu lố sau 1. Các nước Tây Âu đã áp dụng những thành tưu của cuộc cách mạng khoa học kĩ thuật hiện đại để tăng năng suất lao đông, nâng cao chất lượng, ha gia thành sản phẩm , 2. Nhà nước có vai trò rất lớn trong việc quản lí, điều tiết, thúc đẩy nền kinh tế; 3. Các nước Tây Âu đã tân dụng tốt các cơ hôi bên ngoà",,,,,
entity,lichsu_12_s165_bai16_sec7_001:e2,Time,ngày 9 - 3 - 1945,Thời điểm Nhật đảo chính Pháp,ngày 9 - 3 - 1945,0.95,[1945],lichsu_12_s165_bai16_sec7_001,lichsu_12,Bài 16,2. Tình hình kinh tế hội,"[103, 104]","[""data/corpus/lichsu_12/lichsu_12.pdf_103.jpg.txt"", ""data/corpus/lichsu_12/lichsu_12.pdf_104.jpg.txt""]","Đông Dương, ngày 9 - 3 - 1945, Nhật đảo chính Pháp. Lơi dụng cơ hôi đó, các đảng phái chính trị ở Viết Nam tăng cường hoạt động, Quần chúng nhân dân suc sôi khí thế cách mang, sắn sàng vên khởi nghĩa 2. Tình hình kinh tế hội Đầu tháng 9 ? 1939, Toàn quyền Catoru ra lênh tổng đông viên nhằm cung cấp cho ""mẫu quốc"""" tiềm lực tối đa của Đông Dương về quân sự, nhân lực, các sản phám và nguyên liêu Thực dân Pháp thi hành chính sách Kinh tế chỉ huy, tăng mức thuế cũ, đặt thêm thuế mới, đồng thời sa th",,,,,
entity,lichsu_12_s48_bai4_sec7_001:e6,Time,Năm 1946,Thời điểm xảy ra 848 cuộc bãi công ở Ấn Độ,"Năm 1946, ở Ấn Độ đã xảy ra 848 cuộc bãi công",0.95,[1946],lichsu_12_s48_bai4_sec7_001,lichsu_12,Bài 4,1. Cuộc đấu tranh giành độc lập,"[30, 31, 32, 33]","[""data/corpus/lichsu_12/lichsu_12.pdf_30.jpg.txt"", ""data/corpus/lichsu_12/lichsu_12.pdf_31.jpg.txt"", ""data/corpus/lichsu_12/lichsu_12.pdf_32.jpg.txt"", ""data/corpus/lichsu_12/lichsu_12.pdf_33.jpg.txt""]","động hợp tác kinh tế, xây dưng Đông Nam Á thành khu vực hoà bình, ổn định, cùng phát triển Tháng 11 - 2007 các nước thành viên đã ki bản Hiến chương ASEAN nhằm xây dựng ASEAN thành một công vững manh 1. Cuộc đấu tranh giành độc lập An Độ là một nước rộng lớn và đông dân thứ hai ở châu Á, với diên tích gần 3,3 triệu km?, dân số 1 tỉ 20 triệu người (2000) Sau Chiến tranh thế giới thứ hai, cuộc đấu tranh chống thực dân Anh, đòi độc lập của nhân dân Ấn Độ dưới sự lãnh đạo của Đảng Quốc đại phát triể",,,,,
entity,lichsu_12_s318_bai27_sec5_001:e3,Time,1945-1954,Thời kì từ sau thắng lợi Cách mạng tháng Tám năm 1945 đến ngày 21-7-1954,Thời kì 1945 1954 (Từ sau thăng lơi Cách mạng tháng Tám năm 1945 đến ngày 21 - 7 - 1954),0.9,"[1945, 1954]",lichsu_12_s318_bai27_sec5_001,lichsu_12,Bài 27,3. Thời kì 1945 1954,"[217, 218, 219]","[""data/corpus/lichsu_12/lichsu_12.pdf_217.jpg.txt"", ""data/corpus/lichsu_12/lichsu_12.pdf_218.jpg.txt"", ""data/corpus/lichsu_12/lichsu_12.pdf_219.jpg.txt""]","năm 1930. Khởi nghĩa được tiến hành theo hình thái phù hợp, từ khởi nghĩa từng phần phát triển lên tổng khỏi nghĩa, Cuộc Tổng khởi nghĩa tháng loi đã giành được độc lập, chính quyền về tay nhân dân 3. Thời kì 1945 1954 Then (Từ sau thăng lơi Cách mạng tháng Tám năm 1945 đến ngày 21 - 7 - 1954) - Sau khi nước Viết Nam Dân chủ Cộng hoà được thành lập, trong tình hình dất nước gắp muôn vàn khó khân thử thách, nhân dân ta vừa xây dưng chính quyền cách mang, giải quyết nan đói, nan dốt và khó khăn về",,,,,
entity,lichsu_10_s227_001:e3,Time,1893,Năm Lê-nin tới Xanh Pê-téc-bua và trở thành người đứng đầu một nhóm mácxít.,Năm 1893,0.95,[1893],lichsu_10_s227_001,lichsu_10,Bài,CÔNG NHÂN NGA,"[200, 201]","[""data/corpus/lichsu_10/lichsu_10.pdf_200.jpg.txt"", ""data/corpus/lichsu_10/lichsu_10.pdf_201.jpg.txt""]","giáng một đòn mạnh mẽ vào chế độ Nga hoàng, có ảnh hưởng đến phong trào đấu tranh đòi dân chủ ở các nước đế quốc và phong trào đấu tranh chống ách áp bức phong kiến, thực dân ở các nước phương Đông CÔNG NHÂN NGA Via-đi-mia I-íích U-Ii-a-nốp, tức Lê nin, sinh ngày 22 - 4 1 7 1 7 1 7 1 7 1 7 1 7 1 2 1 1 1 1 1 1 1 1 1 1 1 1 1 1 1 1 1 1 1 1 1 1 1 1 1 1 1 1 1 1 1 1 1 1 1 1 1 1 trong một gia đình nhà giáo tiến bô Lê-nin giác ngộ cách mang rất sớm và tham gia hoạt đông từ khi còn ở trường trung học Năm",,,,,
entity,lichsu_11_s75_bai16_sec6_001:e7,Time,những năm 1934 - 1936,Thời kỳ diễn ra các cuộc tổng bãi công của công nhân liên tiếp,Trong những năm 1934 - 1936,0.95,"[1934, 1936]",lichsu_11_s75_bai16_sec6_001,lichsu_11,Bài 16,VI VIV - CUỘC ĐẦU TRANH CHÔNG THỰC DÂN ANH Ở MÀÊN ĐIỆN,"[87, 88]","[""data/corpus/lichsu_11/lichsu_11.pdf_87.jpg.txt"", ""data/corpus/lichsu_11/lichsu_11.pdf_88.jpg.txt""]","phong trào dấu tranh dân chủ ở Lào và Cam-pu-chia cho đến khi Chiến tranh thế giới thứ hai bùng nổ Liên minh chiến đấu chống Pháp của nhân dân ba nước Đông Dương được thể hiện ở những sự kiện nào ? VI VIV - CUỘC ĐẦU TRANH CHÔNG THỰC DÂN ANH Ở MÀÊN ĐIỆN Ở Mã Lai, từ đầu thế kỉ XX phong trào đấu tranh chống thực dân Anh đã lan Trong trên khấp bán đảo Mã Lai. Ách áp bức bóc lột năng nề của chủ nghĩa thực dân, người giang nơ nân chông chất đã làm bùng nổ những cuốc đầu tranh của nông dân người Mã La",,,,,
entity,lichsu_12_s174_bai16_sec16_001:e6,Time,25-8-1945,ngày Chủ tịch Hồ Chí Minh cùng Trung ương Đảng và Uỷ ban Dân tộc giải phóng Việt Nam về đến Hà Nội,Ngày 25 - 8 - 1945,0.95,[1945],lichsu_12_s174_bai16_sec16_001,lichsu_12,Bài 16,IV? NƯỚC VIỆT NAM DÂN CHỦ CỘNG HOÀ ĐƯỢC THÀNH LẬP 1245),"[115, 116, 117, 118]","[""data/corpus/lichsu_12/lichsu_12.pdf_115.jpg.txt"", ""data/corpus/lichsu_12/lichsu_12.pdf_116.jpg.txt"", ""data/corpus/lichsu_12/lichsu_12.pdf_117.jpg.txt"", ""data/corpus/lichsu_12/lichsu_12.pdf_118.jpg.txt""]","trong vòng nửa tháng, từ ngày 14 đến ngày 28 - 8 1945. Chiều 30 - 8, trong cuộc mít tinh lớn có hàng van quần chúng tham gia, vua Bảo Đại tuyên bô thoái vị Chế độ phong kiến Việt Nam hoàn toàn sụp đổ IV? NƯỚC VIỆT NAM DÂN CHỦ CỘNG HOÀ ĐƯỢC THÀNH LẬP 1245) Ngày 25 - 8 - 1945, Chủ tịch Hồ Chí Minh cùng với Trung ương Đảng và Uỷ ban Dân tộc giải phóng Viết Nam từ Tân Trào về đến Hà Nội. Theo đề nghị của Hồ Chí Minh, Uỷ ban Dân tộc giải phóng Việt Nam cải tổ thành Chính phủ lâm thời nước Viết Nam Dâ",,,,,
entity,lichsu_12_s134_bai13_sec5_001:e6,Time,Ngày 14 - 7 - 1928,Thời điểm Hội tiến hành đại hội tại Huế và quyết định đổi thành Tân Việt Cách mạng đảng,ngày 14 - 7 - 1928,0.95,[1928],lichsu_12_s134_bai13_sec5_001,lichsu_12,Bài 13,2. Tân Việt Cách mạng đảng,"[83, 84, 85]","[""data/corpus/lichsu_12/lichsu_12.pdf_83.jpg.txt"", ""data/corpus/lichsu_12/lichsu_12.pdf_84.jpg.txt"", ""data/corpus/lichsu_12/lichsu_12.pdf_85.jpg.txt""]","địa phương, một ngành mà đã bắt đầu có sự liên kết thành phong trào chung Cùng với bãi công của công nhân, các cuốc đầu tranh của nông dân, tiểu thương điểu chủ, học sinh cũng diễn ra ở một số nơi 2. Tân Việt Cách mạng đảng Ngày 14 - 7 - 1925, một số tù chính trị ở Trung Kì như Lê Văn Huân, Nguyên Đình Kiên v.v. cùng một nhóm sinh viên Trường Cưo đẳng Sư phạm Hà Nôi lập ra Hội Phục Việt, sau đổi thành Hội Hưng Nam,.. và đến ngày 14 - 7 - 1928 Hội tiến hành đai hội tai Huế, quyết dinh đối thành T",,,,,
entity,lichsu_11_s55_bai13_sec1_001:e3,Time,1918-1939,khoảng thời gian từ năm 1918 đến năm 1939,1918 1939,0.95,"[1918, 1939]",lichsu_11_s55_bai13_sec1_001,lichsu_11,Bài 13,Bài 13,"[66, 67, 68, 69]","[""data/corpus/lichsu_11/lichsu_11.pdf_66.jpg.txt"", ""data/corpus/lichsu_11/lichsu_11.pdf_67.jpg.txt"", ""data/corpus/lichsu_11/lichsu_11.pdf_68.jpg.txt"", ""data/corpus/lichsu_11/lichsu_11.pdf_69.jpg.txt""]","Đức đã trở thành một trại lính khổng lô, chuẩn bị tiến hành các kế hoạch gây chiến tranh xâm lược. Qua bảng thống kê nêu trên, hãy nhận xét về tình hình kinh tế nước Đức so với một số nước châu Âu Bài 13 (1918 1939) Trong những năm 1918 1939, nước Mĩ đã trải qua những bước thăng trầm dây kịch tính: từ sự phôn vinh của nên kinh tế trong thập niên 20 đến cuộc khủng hoảng và suy thoái nặng nề chưa từng thấy trong lịch sử nước Mĩ những năm 1929 - 1933. Chính sách mới của Tổng thống Ru-dơ-ven đã đưa ",,,,,
entity,lichsu_12_s50_bai4_sec9_001:e11,Time,1974,Năm Ấn Độ thử thành công bom nguyên tử.,"Năm 1974, Ân Độ thử thành công bom nguyên tử",0.95,[1974],lichsu_12_s50_bai4_sec9_001,lichsu_12,Bài 4,2. Công cuộc xây dựng đất nước,"[33, 34, 35]","[""data/corpus/lichsu_12/lichsu_12.pdf_33.jpg.txt"", ""data/corpus/lichsu_12/lichsu_12.pdf_34.jpg.txt"", ""data/corpus/lichsu_12/lichsu_12.pdf_35.jpg.txt""]","1950, An Độ tuyên bố độc lập và thành lập nước cộng hoà Sự thành lập nước Cộng hoà Ân Đấu thắng lọi to lớn của nhân dân Ân Đô, có ảnh hưởng quan trọng đến phong trào giai phóng dân tộc trên thế giới 2. Công cuộc xây dựng đất nước Trong thời kì xây dưng đất nước, Ấn Độợc (1889 1964) nhiều thành tựu về nông nghiệp và công nghiệp, đác biết là công nghiệp nặng, chế tao máy, xây dựng cơ sở hạ tâng hiện đại. Nhờ tiến hành cuộc """"cách mạng xanh? trong nông nghiêp, từ giữa những năm 70 của thế kỉ XX, Ấn",,,,,
entity,lichsu_12_s167_bai16_sec9_001:e2,Time,đêm 22 rạng sáng 23 - 11 - 1940,Thời điểm cuộc khởi nghĩa nổ ra.,đúng thời gian quy định là đêm 22 rang sáng 23 - 11 - 1940,0.9,[1940],lichsu_12_s167_bai16_sec9_001,lichsu_12,Bài 16,Vi Nơi quân Pháp bắt và giết hại quân khởi nghĩa,"[104, 105, 106, 107, 108]","[""data/corpus/lichsu_12/lichsu_12.pdf_104.jpg.txt"", ""data/corpus/lichsu_12/lichsu_12.pdf_105.jpg.txt"", ""data/corpus/lichsu_12/lichsu_12.pdf_106.jpg.txt"", ""data/corpus/lichsu_12/lichsu_12.pdf_107.jpg.txt"", ""data/corpus/lichsu_12/lichsu_12.pdf_108.jpg.txt""]","thành lập căn cứ du kích , quyết định đình chỉ khởi nghĩa vũ trang ở Nam Ki vì thời cơ chưa chín muồi Nơi quần chúng và binh lính người Việt N nổi dậy khởi nghĩa Xã thành lập chính quyền cách mạng Vi Nơi quân Pháp bắt và giết hại quân khởi nghĩa Nơi quân Pháp ném bom tàn sát TÂY NINH Dường giao thông SALLY Biên giới quốc gia SU MỖT BIÊN HOÀ CAMPUCHIA VIGGIA ĐỊNH ĐỒNG THÁP SÀI GÒN CHILLING ATTANAN CẦN GIỜ MI THO GRIPPED Phú Quốc LONG XUYÊN GỒ CÔNG BENTRI TRẠCH GIÁ CẦN THƠN CAMAL 3Đ. Côn Sơn hòn K",,,,,
entity,lichsu_12_s312_bai26_sec7_004:e5,Time,2008 – 2009,Nhiệm kì Việt Nam là Uỷ viên không thường trực Hội đồng Bảo an Liên hợp quốc,nhiêm kì 2008 ? 2009,0.95,"[2008, 2009]",lichsu_12_s312_bai26_sec7_004,lichsu_12,Bài 26,Nam A (ASEAN),"[209, 210, 211, 212, 213, 214, 215, 216]","[""data/corpus/lichsu_12/lichsu_12.pdf_209.jpg.txt"", ""data/corpus/lichsu_12/lichsu_12.pdf_210.jpg.txt"", ""data/corpus/lichsu_12/lichsu_12.pdf_211.jpg.txt"", ""data/corpus/lichsu_12/lichsu_12.pdf_212.jpg.txt"", ""data/corpus/lichsu_12/lichsu_12.pdf_213.jpg.txt"", ""data/corpus/lichsu_12/lichsu_12.pdf_214.jpg.txt"", ""data/corpus/lichsu_12/lichsu_12.pdf_215.jpg.txt"", ""data/corpus/lichsu_12/lichsu_12.pdf_216.jpg.txt""]","hiên đai. "" Kê hoach (1) Viết Nam là thành viên thứ 150 của Tổ chức Thương mại thế giới (WTO) từ ngày 7 - 11 - 2006 Việt Nam là Uỷ viên không thường trực Hội đồng Bảo an Liên hợp quốc nhiêm kì 2008 ? 2009 từ ngày 1 - 1 2008 phát triển kinh tế - xã hội 5 năm (2001 - 2005) là rất quan trong đối với việc thực hiện chiến lược 10 năm (2010) Bước vào thực hiên kế hoạch Nhà nước 5 năm đầu tiên của thế kỉ XXI, tỉnh hình trong nước và quốc tế có nhiều thuận lợi và thời co, song cũng có không it khó khăn ",,,,,
entity,lichsu_10_s10_001:e2,Time,6 triệu năm trước đây,Thời điểm vượn cổ xuất hiện,khoảng 6 triêu năm trước dây,0.9,[],lichsu_10_s10_001,lichsu_10,Bài,1. Sự xuất hiện loài người và đời sống bầy người nguyên thuỷ,"[4, 5, 6]","[""data/corpus/lichsu_10/lichsu_10.pdf_4.jpg.txt"", ""data/corpus/lichsu_10/lichsu_10.pdf_5.jpg.txt"", ""data/corpus/lichsu_10/lichsu_10.pdf_6.jpg.txt""]","là Khảo cổ học và Cổ sinh học, đã tìm được nhiều bằng cứ nói lên sự phát triển lâu dài từ động vật cấp thấp lên động vật cấp cao đủnh cao của quá trình thuy này là sự chuyển biến từ vượn thành người. 1. Sự xuất hiện loài người và đời sống bầy người nguyên thuỷ Ở chặng đầu của quá trình hình thành loài người, có một loài vượn cổ, sống 19 khoảng 6 triêu năm trước dây, đã có thế đứng và di bằng hai chân, dùng tay để và chi cầm nắm, ăn hoa quả, củ, lá và cả động vật nhỏ. Xương hoá thạch của chúng Đã",,,,,
entity,lichsu_12_s56_bai5_sec5_001:e3,Time,tháng 11913 1993,Thời điểm Hiến pháp được ban hành,tháng 11913 1993,0.95,[1993],lichsu_12_s56_bai5_sec5_001,lichsu_12,Bài 5,XAO TÔMÊ VÀ PRINXIP THENG,"[35, 36, 37]","[""data/corpus/lichsu_12/lichsu_12.pdf_35.jpg.txt"", ""data/corpus/lichsu_12/lichsu_12.pdf_36.jpg.txt"", ""data/corpus/lichsu_12/lichsu_12.pdf_37.jpg.txt""]",T XUĐĂNG PHAXO Gall 1960 1956 GHINÊ 1960 GIBUTL NIGIERIA 11977 19581 XÔMALI ETIOPIA 1960 TRUNG PHI 1974 SP CAMORUN 1960 GHINÊN 1960 STAR UGAINĐA XÍCH ĐAQ4975 01/115000000199 1962 KÊN ANH VINIIGNINE XAO TÔMÊ VÀ PRINXIP THENG 1963 1968 CHDOS 1962 BURUNDI JANDALITICAL CÔNGGÔ EN 1960 1962 1960 TANDANIA Hó T 1964 VĂNGG LI TH CÔMO MALAUY 1975 D 1975 DẦMBIẠT 1964 1964 Q DIMBABUÊ MADAGAXCA NAMIBIA 1980 1960 1990 BỐTXOAN 1975 MÔRIXƠ 1966 I 1968 Các nước châu Phi ROADILEN Các nước khác K LÊ XỐ THÔ NIGIÊ T,,,,,
entity,lichsu_12_s45_bai4_sec4_001:e12,Time,những năm 60 - 70,Thời điểm các nước chuyển sang chiến lược kinh tế hướng ngoại,những năm 60 ? 70,0.95,"[1960, 1970]",lichsu_12_s45_bai4_sec4_001,lichsu_12,Bài 4,2. Quá trình xây dựng và phát triển của các nước Đông Nam Á,"[26, 27, 28, 29, 30]","[""data/corpus/lichsu_12/lichsu_12.pdf_26.jpg.txt"", ""data/corpus/lichsu_12/lichsu_12.pdf_27.jpg.txt"", ""data/corpus/lichsu_12/lichsu_12.pdf_28.jpg.txt"", ""data/corpus/lichsu_12/lichsu_12.pdf_29.jpg.txt"", ""data/corpus/lichsu_12/lichsu_12.pdf_30.jpg.txt""]","vương, Từ đó, đời sông chính tế của nhân dân Campuchia bước sang một thời kì phát triển mới. Tháng 10 ? 2004, Quốc vương Xihanúc thoái vi, Hoàng tử Xihamôni lên kế ngôi trở thành Quốn của Campuchia 2. Quá trình xây dựng và phát triển của các nước Đông Nam Á Các Nước Đông Nam A sau khi giành độc lập đã bước vào thời kì phát triển kinh Mê với những chiên lược phát triển kháu Nham nhóm năm nước sáng lập ASEAN Thoi kì đầu sau khi giành được độc lập, nhóm năm nước sang lập ASEAN (Indônêxia, Malaixia,",,,,,
entity,lichsu_11_s105_bai19_sec6_001:e12,Time,Năm 1859,Năm Pháp đánh Gia Định,Năm 1859,0.9,[1859],lichsu_11_s105_bai19_sec6_001,lichsu_11,Bài 19,THI CUỘC KHÁNG CHIẾN CỦA NHÁN DÂN NAM KI SAU HIẾP ĐỚC 1862,"[109, 110, 111, 112, 113, 114]","[""data/corpus/lichsu_11/lichsu_11.pdf_109.jpg.txt"", ""data/corpus/lichsu_11/lichsu_11.pdf_110.jpg.txt"", ""data/corpus/lichsu_11/lichsu_11.pdf_111.jpg.txt"", ""data/corpus/lichsu_11/lichsu_11.pdf_112.jpg.txt"", ""data/corpus/lichsu_11/lichsu_11.pdf_113.jpg.txt"", ""data/corpus/lichsu_11/lichsu_11.pdf_114.jpg.txt""]","Long sẽ được trả lại cho triều đình Huế khi nào triều đình chấm dút được các hoạt động chống Pháp ở ba tỉnh miền Đông Hiệp ước Nhâm Tuất giữa Pháp và triều đình Huế (5 -66 1862) được kí kết trong THI CUỘC KHÁNG CHIẾN CỦA NHÁN DÂN NAM KI SAU HIẾP ĐỚC 1862 1 Nhân dân ba tỉnh miền Đông tiếp tục kháng chiến sau Hiệp ước 1862 Thực hiên những điều đã cam kết với Pháp trong Hiệp ước 1862, triều đình Huế Thi Tra lênh giải lan nghĩa binh chống Pháp ở các tính Gia Định, Định Tường, Biên Hoà Mộc dù vây, ph",,,,,
entity,lichsu_12_s193_bai17_sec14_003:e4,Time,14 - 9 - 1946,Thời điểm kí kết Bản Tạm ước,ngày 14 - 9 - 1946,0.95,[1946],lichsu_12_s193_bai17_sec14_003,lichsu_12,Bài 17,3. Hoà hoãn với Pháp nhằm đấy quân Trung Hoa Dân quốc ra khỏi,"[125, 126, 127, 128, 129]","[""data/corpus/lichsu_12/lichsu_12.pdf_125.jpg.txt"", ""data/corpus/lichsu_12/lichsu_12.pdf_126.jpg.txt"", ""data/corpus/lichsu_12/lichsu_12.pdf_127.jpg.txt"", ""data/corpus/lichsu_12/lichsu_12.pdf_128.jpg.txt"", ""data/corpus/lichsu_12/lichsu_12.pdf_129.jpg.txt""]","nước Pháp với thi chi tư cách là thương khách của Chính phủ Pháp, đã kí vối Mutê - đại diên của Chính phủ Pháp - bản Tam ước ngày 14 - 9 - 1946, liếp tục nhân nhương Pháp một số quyền lơi về kinh tế ? văn hoá ở Việt Nam Bản Tam ước đã tạo điều kiện cho ta kéo dài thơi gian hoà hoãn để xây dựng, củng cổ lực lương, chuẩn bi bước vào cuộc kháng chiến toàn quốc chống thực dân Pháp không thể tránh khỏi Đảng và Chính phủ cách mang đã thực hiện chủ trương, sách chi lược - Hiệp định Sơ bộ Việt - Pháp ng",,,,,
entity,lichsu_12_s69_bai7_sec2_001:e1,Time,Năm 1945,Thời điểm sản xuất công nghiệp ở Pháp chỉ bằng 38% và nông nghiệp chỉ bằng 50% so với năm 1938.,"Ở Pháp, năm 1945 sản xuất công nghiệp chỉ bằng 38%, nông nghiệp chỉ bằng 50% so với năm 1938",0.95,"[1938, 1945]",lichsu_12_s69_bai7_sec2_001,lichsu_12,Bài 7,TÂY ÂU TỪ NĂM 1945 ĐẾN NĂM 1950,"[46, 47]","[""data/corpus/lichsu_12/lichsu_12.pdf_46.jpg.txt"", ""data/corpus/lichsu_12/lichsu_12.pdf_47.jpg.txt""]","nền kinh tế bị tàn phá do chiến tranh, các nước Tây Âu đã bước sang một giai đoạn phát triển mới với những thay đổi to lớn mà nổi bật là sự liên kết kinh tế - chính trị của các nước trong khu vưc TÂY ÂU TỪ NĂM 1945 ĐẾN NĂM 1950 Chiến tranh thế giới thứ hai đã để lại cho các nước Tây Âu nhiều hậu quả nặng nề Nhiều thành phố, bến cảng, nhà máy, các trung tâm công nghiệp bị tàn phá Hàng triêu người chết, mất tích hoặc bị tàn phế. Ở Pháp, năm 1945 sản xuất công nghiệp chỉ bằng 38%, nông nghiệp chỉ b",,,,,
entity,lichsu_12_s240_bai21_sec6_001:e7,Time,10 - 10 - 1954,Ngày quân ta tiến vào tiếp quản Hà Nội,ngày 10 - 10 - 1954,0.95,[1954],lichsu_12_s240_bai21_sec6_001,lichsu_12,Bài 21,GIONEVƠ NĂM 1954 VỀ ĐỒNG,"[157, 158]","[""data/corpus/lichsu_12/lichsu_12.pdf_157.jpg.txt"", ""data/corpus/lichsu_12/lichsu_12.pdf_158.jpg.txt""]","nhiêm vu của cách mang trong thời kì quá độ lên chủ nghĩa xã hôi Miền Nam tiếp tục thực hiện những nhiêm vu của cách mạng dân Hóc dân chủ nhân dân, đầu tranh chống để quốc và chính quyền tay sai GIONEVƠ NĂM 1954 VỀ ĐỒNG Hiệp định Giơnevo năm 1954 về Đông Dương được kí kết đã chấm dút cuộc chiến tranh xâm lược ba nước Việt Nam, Lào, Campuchia của thực dân Pháp, có sư giúp sức của đế quốc Mi. Thực hiên Hiệp đinh Gionevo, ngày 10 - 10 - 1954, quân ta tiến vào tiếp quản Hà Nội trong không khí tưng b",,,,,
entity,lichsu_12_s208_bai18_sec14_002:e6,Time,22 - 10 - 1950,Thời điểm Đường số 4 được giải phóng,ngày 22 10 1950,0.95,[1950],lichsu_12_s208_bai18_sec14_002,lichsu_12,Bài 18,2. Chiến dịch Biên giới thu - đông năm 1950,"[135, 136, 137, 138]","[""data/corpus/lichsu_12/lichsu_12.pdf_135.jpg.txt"", ""data/corpus/lichsu_12/lichsu_12.pdf_136.jpg.txt"", ""data/corpus/lichsu_12/lichsu_12.pdf_137.jpg.txt"", ""data/corpus/lichsu_12/lichsu_12.pdf_138.jpg.txt""]","13 - 10 - 1950, rút khỏi Na Sân Trong khi đó, cuộc hành quân của địch lên Thái Nguyên cũng bị quân ta chận đánh Quân Pháp trở nên hoảng loạn, phải rút chay, Đường số 4 được giải phóng ngày 22 10 1950. Quân ta tấn công Quân địch rút chạy Quân ta chăn đánh, truy kích địch Quân địch tiến đánh HA GIANG Hanh lang Đông Tây của địch 4000 Đường giao thông và số dương CAO BĂNG Biên giới quốc gia Đông Khê t Thất Khê TRUNG QUỐC BẮC KAN C Na Sâm TUYÊN QUANG LẠNG SƠN THÁI NGUYÊN Đình Lập VINH PHÚ THO YÊN SLE",,,,,
entity,lichsu_12_s208_bai18_sec14_002:e9,Time,4 - 11 - 1950,Thời điểm địch rút khỏi thị xã Hoà Bình,4 - 11 - 1950,0.95,[1950],lichsu_12_s208_bai18_sec14_002,lichsu_12,Bài 18,2. Chiến dịch Biên giới thu - đông năm 1950,"[135, 136, 137, 138]","[""data/corpus/lichsu_12/lichsu_12.pdf_135.jpg.txt"", ""data/corpus/lichsu_12/lichsu_12.pdf_136.jpg.txt"", ""data/corpus/lichsu_12/lichsu_12.pdf_137.jpg.txt"", ""data/corpus/lichsu_12/lichsu_12.pdf_138.jpg.txt""]","13 - 10 - 1950, rút khỏi Na Sân Trong khi đó, cuộc hành quân của địch lên Thái Nguyên cũng bị quân ta chận đánh Quân Pháp trở nên hoảng loạn, phải rút chay, Đường số 4 được giải phóng ngày 22 10 1950. Quân ta tấn công Quân địch rút chạy Quân ta chăn đánh, truy kích địch Quân địch tiến đánh HA GIANG Hanh lang Đông Tây của địch 4000 Đường giao thông và số dương CAO BĂNG Biên giới quốc gia Đông Khê t Thất Khê TRUNG QUỐC BẮC KAN C Na Sâm TUYÊN QUANG LẠNG SƠN THÁI NGUYÊN Đình Lập VINH PHÚ THO YÊN SLE",,,,,
entity,lichsu_11_s111_bai20_sec5_001:e6,Time,năm 1867,Thời điểm sáu tỉnh Nam Kì rơi vào tay Pháp.,Từ năm 1867,0.95,[1867],lichsu_11_s111_bai20_sec5_001,lichsu_11,Bài 20,KHÁNG CHIẾN LAN RỘNG RA BẮC KÌ,"[115, 116, 117, 118, 119]","[""data/corpus/lichsu_11/lichsu_11.pdf_115.jpg.txt"", ""data/corpus/lichsu_11/lichsu_11.pdf_116.jpg.txt"", ""data/corpus/lichsu_11/lichsu_11.pdf_117.jpg.txt"", ""data/corpus/lichsu_11/lichsu_11.pdf_118.jpg.txt"", ""data/corpus/lichsu_11/lichsu_11.pdf_119.jpg.txt""]","hai, sau đó quyết định đánh thắng vào Huế. Hai bản hiệp ước 1883 và 1884 đánh dấu sự đầu hàng hoàn toàn của triều đình phong kiến Việt Nam và xác lập nên bảo hô của Pháp trên toàn bộ đất nước tai nha KHÁNG CHIẾN LAN RỘNG RA BẮC KÌ Tình hình Việt Nam trước khi Pháp đánh Bắc Kì lần thứ nhất Từ năm 1867, sau khi cả sáu tỉnh Nam Kì rơi vào tay Pháp, tư tưởng dầu hàng điều đã chi phối các quan lại cao cấp trong triều đình Huế. Nhà Nguyễn vẫn tiếp tục chính sách ""bế quan toả cảng"""" tuy đã bắt đầu cử n",,,,,
entity,lichsu_12_s284_bai23_sec11_001:e6,Time,năm 1976,Một trong hai năm dự kiến để giải phóng miền Nam.,hai năm 1975 và 1976,0.95,"[1975, 1976]",lichsu_12_s284_bai23_sec11_001,lichsu_12,Bài 23,"1. Chủ trương, kế hoạch giải phóng miền Nam","[190, 191, 192]","[""data/corpus/lichsu_12/lichsu_12.pdf_190.jpg.txt"", ""data/corpus/lichsu_12/lichsu_12.pdf_191.jpg.txt"", ""data/corpus/lichsu_12/lichsu_12.pdf_192.jpg.txt""]","tân) Các ngành sản xuất công nghiệp, thủ công nghiệp, thương nghiệp, các mật hoạt đông văn hoá, xã hôi, giáo dục, y tế cũng được đấy manh cuộc đấu tranh của nhân dân ta ở miền Nam chống âm mưu, hành 1. Chủ trương, kế hoạch giải phóng miền Nam Cuối năm 1974 ? đầu năm 1975, trong tình hình so sánh lực lượng ở miền Nam thay đổi mau le có lọi cho cách mạng, Bô Chính trị Trung ương Đảng đề ra kế hoạch giải phóng hoàn toàn miền Nam trong hai năm 1975 và 1976. Nhưng Bô Chính trị nhấn mạnh ?cả năm 1975 ",,,,,
entity,lichsu_12_s246_bai21_sec12_001:e10,Time,1957-1959,"Giai đoạn cách mạng miền Nam gặp nhiều khó khăn, tổn thất.",những năm 1957 ? 1959,0.95,"[1957, 1959]",lichsu_12_s246_bai21_sec12_001,lichsu_12,Bài 21,"1. Đấu tranh chống chế độ Mĩ - Diệm, giữ gìn và phát triển lực lượng","[161, 162, 163, 164, 165]","[""data/corpus/lichsu_12/lichsu_12.pdf_161.jpg.txt"", ""data/corpus/lichsu_12/lichsu_12.pdf_162.jpg.txt"", ""data/corpus/lichsu_12/lichsu_12.pdf_163.jpg.txt"", ""data/corpus/lichsu_12/lichsu_12.pdf_164.jpg.txt"", ""data/corpus/lichsu_12/lichsu_12.pdf_165.jpg.txt""]","công cuộc khôi phục kinh tê, hàn gần vết thương chiến tranh ? - Công cuộc cải tao quan hệ sản xuất xã hội chủ nghĩa ở miên Băc từ năm 1958 đến năm 1960 đã đạt được những thành tưu và có han chế gi ? 1. Đấu tranh chống chế độ Mĩ - Diệm, giữ gìn và phát triển lực lượng cách mạng (1954) 1959) Cách mang miền Nam từ giữa năm 1954 chuyển từ đấu tranh vũ trang chống Pháp sang đấu tranh chính trị chống Mĩ - Diêm, đòi thi hành Hiệp định Gionevo năm 1954, bảo vệ hoà bình, giữ gìn và phát triển lực lượng c",,,,,
entity,lichsu_11_s51_bai12_sec2_002:e10,Time,Từ năm 1925,Thời điểm sản xuất công nghiệp Đức phát triển mạnh,Từ năm 1925,0.9,[1925],lichsu_11_s51_bai12_sec2_002,lichsu_11,Bài 12,NHỚC ĐỨC TRONG NĂM 1918 - 1929,"[64, 65]","[""data/corpus/lichsu_11/lichsu_11.pdf_64.jpg.txt"", ""data/corpus/lichsu_11/lichsu_11.pdf_65.jpg.txt""]","g của công nhân Hám buốc tháng 10 - 1923 là âm hưởng cuối cùng của con bão táp cách mạng và ở Đức Tình hình nước Đức trong những năm 1918 - 1923 có những điểm nào nổi bật ? - Hình 32 nói lên điều gì ? 2 Những năm ổn định tạm thời (1929) Các Cuối năm 1923, nước Đức đã vượt qua được thời kì khúng hoàng kinh lễ và chính trị sau chiến tranh, Chính quyền tư sản đã đẩy lùi phong trào cách mạng của quần chúng, từng bước khắc phục tình trang hồn loạn về tài chính, tạo đà cho nền kinh tế khoi phục và phá",,,,,
entity,lichsu_10_s170_002:e4,Time,Tháng 4 - 1572,Thời điểm quân khởi nghĩa làm chủ được các tỉnh phía bắc,Tháng 4 ? 1572,0.95,[1572],lichsu_10_s170_002,lichsu_10,Bài,1. Cách mạng Hà Lan,"[142, 143, 144]","[""data/corpus/lichsu_10/lichsu_10.pdf_142.jpg.txt"", ""data/corpus/lichsu_10/lichsu_10.pdf_143.jpg.txt"", ""data/corpus/lichsu_10/lichsu_10.pdf_144.jpg.txt""]","y quyền Tây Ban Nha Tháng 8 - 1567, Vương triêu Tây Ban Nha đưa quân sang Nê đéc lan và ngày dân áp đã man những người khơi nghia, nhưng không ngắn cán đươc thuy sư phản kháng của quân chúng Tháng 4 ? 1572, quân khơi nghĩa đã làm chú được các tính phía bắc thi Trong Một số quý tộc tư sản hoá ở Nê đéc-lan bất mãn với tâng lớp thống tri Tây Ban Nha đã đứng về phía quân khởi nghĩa, nằm quyền lãnh đao phong trào Tháng 1 - 1579, đại biểu các tỉnh miền Bắc họp hội nghị ở U trếch, tuyên bố thống nhất h",,,,,
entity,lichsu_12_s44_bai4_sec3_003:e5,Time,17 4 1975,Thời điểm thủ đô Phnôm Pênh được giải phóng,Ngày 17 4 1975,0.95,[1975],lichsu_12_s44_bai4_sec3_003,lichsu_12,Bài 4,VIỆT NAM TÊN NƯỚC,"[25, 26, 27, 28]","[""data/corpus/lichsu_12/lichsu_12.pdf_25.jpg.txt"", ""data/corpus/lichsu_12/lichsu_12.pdf_26.jpg.txt"", ""data/corpus/lichsu_12/lichsu_12.pdf_27.jpg.txt"", ""data/corpus/lichsu_12/lichsu_12.pdf_28.jpg.txt""]","18 - 3 - 1970, Chính phủ Xihanúc bị lật đó bởi các thể lực lay sai của Mi Từ đây, nhân dân Campuchia sát cánh cùng nhân dân Vi tào tiến hành Chiến cuộc kháng chiến chống Mi, từng bước giành thăng lơi. Ngày 17 4 1975 thi thủ đô Phnôm Pênh được giải phóng Cuộc kháng chiến chống Mĩ của nhân dân Campuchia kết thúng lơi Ngay sau đó, tập đoàn Khome đỏ do Pôn Pốt cầm đầu đã phản bội cách mang thi hành chính sách diệt chủng, tàn sát hàng triêu người dân vô lôi Nhân dân Campuchia, được sự giúp đô của quâ",,,,,
entity,lichsu_12_s285_bai23_sec12_004:e1,Time,ngày 28/4,Thời điểm diễn ra sự kiện tuyên bố đầu hàng không điều kiện,ngày 28 ? 4,0.95,[],lichsu_12_s285_bai23_sec12_004,lichsu_12,Bài 23,2. Cuộc Tổng tiến công và nối dậy Xuân 1975,"[192, 193, 194, 195, 196]","[""data/corpus/lichsu_12/lichsu_12.pdf_192.jpg.txt"", ""data/corpus/lichsu_12/lichsu_12.pdf_193.jpg.txt"", ""data/corpus/lichsu_12/lichsu_12.pdf_194.jpg.txt"", ""data/corpus/lichsu_12/lichsu_12.pdf_195.jpg.txt"", ""data/corpus/lichsu_12/lichsu_12.pdf_196.jpg.txt""]","ng thống ngày 28 ? 4, đã phải tuyên bố đầu hàng không điều kiên. Đến 11 giơ 30 phút cùng ngày là cờ cách mạng tung bay trên nóc Dinh Độc Lập, báo hiêu sư toàn tháng của chiến dịch Hồ Chí Minh lích sử. Sau khi giải phông Sài Gòn, lực lương vũ trang và nhân dân các tỉnh còn lại thờ miền Nam thừa thắng nhất lề đứng lên tiến công và nổi dây, theo phương thức thu người ""xã giái phóng xã, huyên giải phóng huyên, tỉnh giải phóng tỉnh"" Đến ngày 2-55 Châu Đốc là tỉnh cuối cùng được giái phóng Đảng ta đã ",,,,,
entity,lichsu_12_s84_bai7_sec17_001:e7,Time,năm 1995,Thời điểm các nước gia nhập EU.,năm 1995,0.95,[1995],lichsu_12_s84_bai7_sec17_001,lichsu_12,Bài 7,LIÊN BANG NGA,"[50, 51]","[""data/corpus/lichsu_12/lichsu_12.pdf_50.jpg.txt"", ""data/corpus/lichsu_12/lichsu_12.pdf_51.jpg.txt""]","trị, đối ngoại và an ninh chung Cơ cấu tổ chức của EU gồm năm cơ quan chính là Hội đồng châu Âu, Hôi đồng Bộ trưởng, Uỷ ban châu Âu, Quốc hôi châu Âu, Toà án châu Âu và một số uỷ ban chuyên môn khác. LIÊN BANG NGA BIỂN BẮC ANH HÀ LĂN UCRAINA ĐƯC SVAKIA MÔNĐÔVA AO PHÁP RUMANI BIÊN ĐEN FCB BUNGARE Bo ANBA THỔ NHI KI NHA Đ. Xix Sih Đ.Grep CHAUPHI MANTA H Các nước gia nhập EU đến năm 1995 Các nước gia nhập EU năm 2007",,,,,
entity,lichsu_10_s187_002:e12,Time,năm 1825,thời điểm nước Anh khánh thành đoạn đường sắt đầu tiên,Năm 1825,0.95,[1825],lichsu_10_s187_002,lichsu_10,Bài,1. Cách mạng công nghiệp ở Anh,"[159, 160, 161]","[""data/corpus/lichsu_10/lichsu_10.pdf_159.jpg.txt"", ""data/corpus/lichsu_10/lichsu_10.pdf_160.jpg.txt"", ""data/corpus/lichsu_10/lichsu_10.pdf_161.jpg.txt""]","c sử dụng máy hơi nước đã trở thành phổ biến, do vậy tốc độ sản xuất người và năng suất lao động tăng lên rõ iệt. Máy hơi nước đã tạo ra nguồn động lực mới, làm giảm sức lao động cơ bắp của con người. Lao động bằng tay dần được thay thế bằng máy móc, khởi đầu quá trình công nghiệp hoá ở nước Anh. Nhu cầu dùng máy tăng lên đã thức đẩy ngành chế tạo máy ra đời và thi phát triển, đồng thời đòi hỏi số lương và chất lương kim loại nhiều và cao hơn phát minh về phương pháp nấu than cốc năm 1735 là một",,,,,
entity,lichsu_11_s136_bai24_sec2_001:e1,Time,Ngày 24 12 1913,Thời điểm Phan Bội Châu bị giới quân phiệt Trung Quốc bắt giam.,Ngày 24 12 1913,0.95,[1913],lichsu_11_s136_bai24_sec2_001,lichsu_11,Bài 24,CHIẾN TRANH THẾ GIỚI THU NHÁT (1914 1918),"[140, 141, 146]","[""data/corpus/lichsu_11/lichsu_11.pdf_140.jpg.txt"", ""data/corpus/lichsu_11/lichsu_11.pdf_141.jpg.txt"", ""data/corpus/lichsu_11/lichsu_11.pdf_146.jpg.txt""]","cường khủng bố, nhiều người bị bắt Và Ngày và bi giết Ngày 24 12 1913, Phan Bội Châu bi giới quân phiết Trung Quốc bãi Người giam ở nhà tù Quảng Đông. Cách mang Viết Nam trái qua những ngày khó khăn CHIẾN TRANH THẾ GIỚI THU NHÁT (1914 1918) Trong Chiến tranh thế giới thứ nhất, chính quyền thng cường bóc Một sức người, sức của ở Đông Dương, Các chính sách đó đã làm cho các tầng lớp, giai cấp mới trong xã hội tăng nhanh về số lương, đồng thời này sinh một loạt cuộc khơi nghĩa vũ trang của mọi tầng",,,,,
entity,lichsu_12_s60_bai5_sec9_002:e12,Time,1962,Năm Triniđát và Tôbagô giành được độc lập,1962,0.95,[1962],lichsu_12_s60_bai5_sec9_002,lichsu_12,Bài 5,ĐÔM NGA ANT CHA THO NGAY,"[38, 39, 40, 41]","[""data/corpus/lichsu_12/lichsu_12.pdf_38.jpg.txt"", ""data/corpus/lichsu_12/lichsu_12.pdf_39.jpg.txt"", ""data/corpus/lichsu_12/lichsu_12.pdf_40.jpg.txt"", ""data/corpus/lichsu_12/lichsu_12.pdf_41.jpg.txt""]","ranh vũ trang lật đổ chế độ độc tài, thành lập Nước Cộng hoà Cuba Nhâm ngăn chăn ảnh hưởng của cách mang Cuba, tháng 8 1961, Mĩ để xướng việc tổ chức Liên minh vì tiền bộ lôi kéo các nước Minh Latinh. Nhưng từ các thập k0, phong trào điều đầu tranh chông Mi và chế đô đốc tài thân Mi giành độc lập ở khu vực ngày càng phát triển và giành nhiều tháng lợi Năm 1964, phong trào đấu tranh của nhân dân Panama đòi thu hồi chủ quyền kênh đào diễn ra sôi nối, buốc Mĩ phái từ bo quyền chiếm kênh đào và trả ",,,,,
entity,lichsu_11_s120_bai21_sec3_001:e1,Time,1896,Năm phong trào đấu tranh kéo dài đến,kéo dài đến năm 1896,0.95,[1896],lichsu_11_s120_bai21_sec3_001,lichsu_11,Bài 21,PHONG TRÀO CẦN VƯƠNG NỔ,[124],"[""data/corpus/lichsu_11/lichsu_11.pdf_124.jpg.txt""]","nước) đã diễn ra sôi nổi, kéo dài đến năm 1896. Bên canh đó, còn có những cuộc đấu tranh tự vệ của nông dân và nhân và dân các dân tộc thiểu số vùng núi, tiêu biểu nhất là cuộc khởi nghĩa Yên Thế. PHONG TRÀO CẦN VƯƠNG NỔ Cuộc phản công quân Pháp của phái chủ chiến tại Kinh thành Huế và sự bùng nổ phong trào Cần vương Với các hiệp ước Hác măng và Patonốt, thực dân Pháp đã hoàn thành về cơ bán chu cuộc xâm lược Việt Nam. Chúng bắt đầu xúc tiến viếc thiết lập chế đô bảo hộ và bộ máy chính quyền thự",,,,,
entity,lichsu_11_s86_bai17_sec9_001:e4,Time,mùa hè năm 1941,Thời điểm phe phát xít thống trị phần lớn châu Âu,mùa hè năm 1941,0.95,[1941],lichsu_11_s86_bai17_sec9_001,lichsu_11,Bài 17,(TỪ THÁNG 6 1941 ĐẾN THÁNG 11 - 1942),"[93, 94, 95]","[""data/corpus/lichsu_11/lichsu_11.pdf_93.jpg.txt"", ""data/corpus/lichsu_11/lichsu_11.pdf_94.jpg.txt"", ""data/corpus/lichsu_11/lichsu_11.pdf_95.jpg.txt""]","Đức chiếm đóng, Bằng vũ lực, quân Đức thôn tính Nam Tư và Hi Lạp. Đến mùa hè năm 1941, phe phát xít đã thống trị phần lớn châu Âu, Phát xít Đức đã chuẩn bi xong mọi điều kiên cần thiết để tấn Xô. (TỪ THÁNG 6 1941 ĐẾN THÁNG 11 - 1942) Phát xít Đức tấn công Liên Sự ở Bắc Phi Ngay từ tháng 12 1940, Hít-le đã thông qua kế hoạch tấn Xô với chiến lược ?chiến tranh chớp nhoáng"", đánh nhanh, tân dụng ưu thế về trang thiết bị ki thuật và yếu tố bất ngờ Rang sáng 22 - 6 - 1941, phát xít Đức tấn Xô ""Ba đạo",,,,,
entity,lichsu_11_s18_bai5_sec7_001:e7,Time,1915,Thời điểm I-ta-li-a rời khỏi Liên minh,1915,0.95,[1915],lichsu_11_s18_bai5_sec7_001,lichsu_11,Bài 5,"I ta-li-a rời khỏi Liên minh (1915), chống lại Đức","[31, 32]","[""data/corpus/lichsu_11/lichsu_11.pdf_31.jpg.txt"", ""data/corpus/lichsu_11/lichsu_11.pdf_32.jpg.txt""]","chiếm hầu hết lãnh thổ châu Âu, vươn ra các thuộc địa của Anh và Pháp ở châu Phi và châu Á. Năm 1882, Đức cùng Áo Hung và I-ta-li-a thành lập liên minh tay ba, được gọi là phe Liên minh. Sau này, I ta-li-a rời khỏi Liên minh (1915), chống lại Đức Đôi phó với âm mưu của Đức, Anh cũng chuẩn bị kế hoạch chiến tranh Anh, Pháp, Nga tuy có tranh chấp về thuộc địa, nhưng phải nhân nhương lẫn nhau, kí những bản hiệp ước tay đôi : Pháp Nga (1890), Anh Pháp (1904), Anh Nga (1907), hình thành phe Hiệp ước ",,,,,
entity,lichsu_10_s54_bai11_sec3_001:e7,Time,1487,Năm B. Đi-a-xơ dẫn đầu đoàn thám hiểm đi vòng qua cực Nam châu Phi,Năm 1487,0.9,[1487],lichsu_10_s54_bai11_sec3_001,lichsu_10,Bài 11,1. Những cuộc phát kiến địa lĩ,"[60, 61, 62]","[""data/corpus/lichsu_10/lichsu_10.pdf_60.jpg.txt"", ""data/corpus/lichsu_10/lichsu_10.pdf_61.jpg.txt"", ""data/corpus/lichsu_10/lichsu_10.pdf_62.jpg.txt""]","đấu tranh, xây dựng một nền văn hoá mới trong phong trào Văn hoá Phục hưng, tiến hành tôn giáo Phong trào đấu tranh của nông dân ra sôi nổi Ở nước Đức, báo hiệu cho sự suy vong của chế độ phong kiến 1. Những cuộc phát kiến địa lĩ Sự phát triển nhanh chóng của lực lượng sản xuất đã làm cho nhu cầu về 19 thương liệu, vàng bạc, thị trường ngày một tăng. Nhưng từ thế kỉ XV, con đường giao lưu buôn bán qua Tây Á và Địa Trung Hải lại do người A-rập độc chiếm. Vấn đề cấp thiết đang được đặt ra là phải ",,,,,
entity,lichsu_10_s96_001:e2,Time,thế kỉ XV,Thời kỳ kết thúc vào thế kỉ XV,cho đến thế kỉ XV,0.9,[],lichsu_10_s96_001,lichsu_10,Bài,TRONG CÁC THẾ KỈ X - XV,"[88, 89, 91]","[""data/corpus/lichsu_10/lichsu_10.pdf_88.jpg.txt"", ""data/corpus/lichsu_10/lichsu_10.pdf_89.jpg.txt"", ""data/corpus/lichsu_10/lichsu_10.pdf_91.jpg.txt""]","thắng mở thì chân nho mới có"" Thiếu (Lịch triều hiến chương loai chi) Quý tộc, quan lại được ban phẩm hàm, cấp lương bổng và ruộng đất B Những thay đổi qua cuộc cải cách hành chính thời Lê Thánh Tông TRONG CÁC THẾ KỈ X - XV Với niềm tự hào chân chính và ý thức vươn lên, từ thế kỉ X cho đến thế kỉ XV, nhân dân Việt Nam đã cần cù lao động, xây dựng và phát triển một nền kinh tế tự chủ, toàn diện. Ruộng đất ngày càng, thủ công nghiệp ngày càng phát triển tạo điều kiện cho sự phát triển của thương n",,,,,
entity,lichsu_12_s15_bai1_sec5_001:e9,Time,31 - 10 - 1947,Ngày Đại hội đồng Liên hợp quốc quyết định lấy ngày 24 tháng 10 hằng năm làm Ngày Liên hợp quốc.,Ngày 31 - 10 - 1947,0.95,[1947],lichsu_12_s15_bai1_sec5_001,lichsu_12,Bài 1,II - SỰ THÀNH LẬP LIÊN HỢP QUỐC,"[4, 5, 6, 7, 8]","[""data/corpus/lichsu_12/lichsu_12.pdf_4.jpg.txt"", ""data/corpus/lichsu_12/lichsu_12.pdf_5.jpg.txt"", ""data/corpus/lichsu_12/lichsu_12.pdf_6.jpg.txt"", ""data/corpus/lichsu_12/lichsu_12.pdf_7.jpg.txt"", ""data/corpus/lichsu_12/lichsu_12.pdf_8.jpg.txt""]","phía Bắc Toàn bộ những quyết định của Hội nghi lanta cùng những thoả thuân sau đó của ba cho ba cường quốc đã trở thành khuôn khổ của trật tư thế giới mới, thường được goi là trật tự hai cưc lanta. II - SỰ THÀNH LẬP LIÊN HỢP QUỐC Sau Hội nghi Tanta không lâu, từ ngày 25 - 4 đến ngày 26 - 6 - 1945, một thôi nghi quốc tế họp tai Xan Phranxixcô (Mi) với sư tham gia của đại biểu 50 nước; để thông qua bản Hiến chương và tuyên bố thành lập tổ chức Liên hợp quốc Ngày 24 - 10 ? 1945, sau khi được Quốc h",,,,,
entity,lichsu_12_s249_bai21_sec15_001:e2,Time,tháng 9 năm 1960,Thời điểm diễn ra Đại hội đại biểu toàn quốc lần thứ III của Đảng.,(9 - 1960),0.9,[1960],lichsu_12_s249_bai21_sec15_001,lichsu_12,Bài 21,1. Đại hội đại biểu toàn quốc lần thứ III của Đảng (9 - 1960),"[162, 163, 164, 165, 166, 167, 168]","[""data/corpus/lichsu_12/lichsu_12.pdf_162.jpg.txt"", ""data/corpus/lichsu_12/lichsu_12.pdf_163.jpg.txt"", ""data/corpus/lichsu_12/lichsu_12.pdf_164.jpg.txt"", ""data/corpus/lichsu_12/lichsu_12.pdf_165.jpg.txt"", ""data/corpus/lichsu_12/lichsu_12.pdf_166.jpg.txt"", ""data/corpus/lichsu_12/lichsu_12.pdf_167.jpg.txt"", ""data/corpus/lichsu_12/lichsu_12.pdf_168.jpg.txt""]","uỷ ban nhân dân tự quản vũ trang giải phóng miền Nam Việt Nam - Phong trào đấu tranh chống chế độ Mĩ - Diệm của nhân dân ta ở miên Nam đã diễn ra Nêu diên biển, kết quả và ý nghĩa của phong trào 1. Đại hội đại biểu toàn quốc lần thứ III của Đảng (9 - 1960) Giữa lúc cách mạng ở hai miền Nam - Bắc có những bước tiến quan trong Đảng Lao động Việt Nam tổ chức Đại hội dại biểu toàn quốc lần thứ III Đai hội họp từ ngày 5 đến ngày 10 - 9 - 1960 tại Hà Nội, đã đề ra nhiêm vụ (9 - 1960) chiến lược của cá",,,,,
entity,lichsu_10_s145_001:e2,Time,Năm 1802,Thời điểm nhà Nguyễn được thành lập và Nguyễn Ánh lên ngôi vua.,Năm 1802,0.95,[1802],lichsu_10_s145_001,lichsu_10,Bài,VĂN HOÁ DƯỚI TRIÊU NGUYÊN,"[123, 125, 126]","[""data/corpus/lichsu_10/lichsu_10.pdf_123.jpg.txt"", ""data/corpus/lichsu_10/lichsu_10.pdf_125.jpg.txt"", ""data/corpus/lichsu_10/lichsu_10.pdf_126.jpg.txt""]","cả ở Đàng Ngoài, Đàng Trong. Nhiều làng có phường tuồng, phường chèo. Bên cạnh đó, phổ biến hàng loạt làn điệu dân ca mang tính địa phương đậm nét như quan họ, hát giặm, hò, vè, lí, si, lượn v.v. VĂN HOÁ DƯỚI TRIÊU NGUYÊN (Nửa đầu thế kỉ XIX) Năm 1802, nhà Nguyễn được thành lập. Trong nửa thế kỉ thống trị, trên một đất nước vừa trải qua nhiều biến động Người lớn, nhà Nguyễn ra sức củng cố quyền thống trị, phục hồi kinh tế, chấn chỉnh văn hoá. Tuy nhiên, trong điều kiện của giai đoạn suy tàn của ",,,,,
entity,lichsu_12_s226_bai20_sec6_001:e7,Time,Ngày 10 - 12 - 1953,Thời điểm quân chủ lực Việt Nam tiến công thị xã Lai Châu,Ngày 10 - 12 - 1953,0.95,[1953],lichsu_12_s226_bai20_sec6_001,lichsu_12,Bài 20,VÀ CHIẾN DỊCH ĐIỆN PHÚ NĂM 1954,"[145, 146, 147, 148, 149, 150, 151]","[""data/corpus/lichsu_12/lichsu_12.pdf_145.jpg.txt"", ""data/corpus/lichsu_12/lichsu_12.pdf_146.jpg.txt"", ""data/corpus/lichsu_12/lichsu_12.pdf_147.jpg.txt"", ""data/corpus/lichsu_12/lichsu_12.pdf_148.jpg.txt"", ""data/corpus/lichsu_12/lichsu_12.pdf_149.jpg.txt"", ""data/corpus/lichsu_12/lichsu_12.pdf_150.jpg.txt"", ""data/corpus/lichsu_12/lichsu_12.pdf_151.jpg.txt""]","được Chính phủ Pháp mà cả những người bạn Mĩ cùng tán thành. Nó cho phép hi vọng đủ mọi điều"" 1) 1953 - 1954 như thế nào 11 Đô Thiên - Đình Kim Khánh, Tiếng Sấm Điện Biên Phú, Nhân dân, H, 1984, 1.61 VÀ CHIẾN DỊCH ĐIỆN PHÚ NĂM 1954 1.Cuộc Tiến công chiến lược Đông - Xuân 1953 - 1954 Cuối tháng 9 ? 1953, Bộ Chính trị Ban Chấp hành Trung họp ở Viết Bắc để bàn về kế hoạch quân sự trong đông - xuân 1953 - 1954 Năm vững nhiệm vu tiêu diệt địch là chính, phương hược của ta trong đông - xuân 1953 ? 195",,,,,
entity,lichsu_12_s172_bai16_sec14_003:e11,Time,15 tháng 5 năm 1945,Thời điểm Việt Nam Cứu quốc quân và Việt Nam Tuyên truyền Giải phóng quân thống nhất thành Việt Nam Giải phóng quân.,ngày 15 5 1945,0.95,[1945],lichsu_12_s172_bai16_sec14_003,lichsu_12,Bài 16,1. Khởi nghĩa từng phần (từ tháng 3 đến giữa tháng 8 ? 1945),"[110, 111, 112, 113, 114]","[""data/corpus/lichsu_12/lichsu_12.pdf_110.jpg.txt"", ""data/corpus/lichsu_12/lichsu_12.pdf_111.jpg.txt"", ""data/corpus/lichsu_12/lichsu_12.pdf_112.jpg.txt"", ""data/corpus/lichsu_12/lichsu_12.pdf_113.jpg.txt"", ""data/corpus/lichsu_12/lichsu_12.pdf_114.jpg.txt""]","ngày Tông khới nghĩa nha Để đẩy manh hơn nữa công tác chuẩn bi khới nghĩa vũ trang, từ ngày 15 đến Ngày 20 1 4 1945, Ban Thường vu Trung ương Đảng triêu tập Hôi nghi Quân sư các thi cách mang Bắc Ki. Hội nghi quyết đình thống nhất các lực lượng vũ trang, phát triển người hơn nữa lực lượng vũ trang và nửa vũ trang, mở trường đào tao cấp tốc cán bộ quân sự và chính tri, tích cực phát triển chiến tranh du kích, xây dưng chiến khu, chuẩn bi cho cuộc tổng khỏi nghĩa khi thời cơ đến Uỷ ban Quân sự các",,,,,
entity,lichsu_11_s80_bai17_sec3_001:e10,Time,năm 1937,Thời điểm Nhật Bản mở rộng chiến tranh xâm lược trên toàn lãnh thổ Trung Quốc.,từ năm 1937,0.95,[1937],lichsu_11_s80_bai17_sec3_001,lichsu_11,Bài 17,I CON ĐƯỜNG DÂN ĐẾN TRANH,[90],"[""data/corpus/lichsu_11/lichsu_11.pdf_90.jpg.txt""]","chiến tranh đã bao trùm gần như toàn bộ các châu lục và diễn ra trên nhiều mặt trận thế giới thứ hai kết thúc với sự thất bại hoàn toàn của phe phát xít, dẫn đến nổữ căn bản trong tình hình thế giới I CON ĐƯỜNG DÂN ĐẾN TRANH Các nước phát xít dấy mạnh xâm lược (1937) Trong những năm 30 của thế kỉ XX, các nước phát xít Đức, Tta-lia và Nhật Bản đã liên kết với nhau thành liên minh phát xít, còn được goi là Trục Béc lin Rô-ma - Tô-ki ô hay phe Trục. Khối này tăng cường các hoạt đông quân sự và gây ",,,,,
entity,lichsu_12_s140_bai14_sec2_001:e2,Time,những năm 1929 - 1933,Khoảng thời gian từ năm 1929 đến năm 1933,Trong những năm 1929 - 1933,0.95,"[1929, 1933]",lichsu_12_s140_bai14_sec2_001,lichsu_12,Bài 14,PHONG TRÀO CÁCH MANG 1930 - 1935,"[86, 87, 88, 89, 90]","[""data/corpus/lichsu_12/lichsu_12.pdf_86.jpg.txt"", ""data/corpus/lichsu_12/lichsu_12.pdf_87.jpg.txt"", ""data/corpus/lichsu_12/lichsu_12.pdf_88.jpg.txt"", ""data/corpus/lichsu_12/lichsu_12.pdf_89.jpg.txt"", ""data/corpus/lichsu_12/lichsu_12.pdf_90.jpg.txt""]","độc lập của dân tộc, cho tự do của nhân dân(1) Đảng ra đời là sự chuẩn bị tất yếu đầu tiên có tính quyết định cho những bước phát triển nháy vot mới trong lích sứ phát triển của dân tộc Viết Nam I PHONG TRÀO CÁCH MANG 1930 - 1935 Trong những năm 1929 - 1933, kinh tế Việt Nam phải gánh chiu những hâu quả năng nề của cuộc khủng hoảng kinh tế ở nước Pháp. Đời sống của các tầng lớp nhân dân gặp nhiều khó khăn, Trong thời gian này các thưc dân Pháp đàn áp đã man cuốc khới nghia Yên Bai khiên cho tinh",,,,,
entity,lichsu_12_s270_bai22_sec18_002:e3,Time,Ngày 14 - 12 - 1972,Thời điểm Nichxơn phê chuẩn kế hoạch mở cuộc tập kích chiến lược đường không,Ngày 14 - 12 - 1972,0.9,[1972],lichsu_12_s270_bai22_sec18_002,lichsu_12,Bài 22,1. Miền Bắc khôi phục và phát triển kinh tôi,"[181, 182, 183, 184, 185]","[""data/corpus/lichsu_12/lichsu_12.pdf_181.jpg.txt"", ""data/corpus/lichsu_12/lichsu_12.pdf_182.jpg.txt"", ""data/corpus/lichsu_12/lichsu_12.pdf_183.jpg.txt"", ""data/corpus/lichsu_12/lichsu_12.pdf_184.jpg.txt"", ""data/corpus/lichsu_12/lichsu_12.pdf_185.jpg.txt""]","ố phong toả cảng Hải Phòng cùng các cửa sông, luồng lạch, vùng biển miền Bắc. Nhờ được chuẩn bị trước và với tư thế luôn sắn sàng chiến dấu, miền Bắc đã chủ động kip thời chống trả địch ngay trần đầu. Trong điều kiên chiến tranh ác liết, các hoạt đông sản xuất, xây dưng ở miền Bắc vẫn không bi ngừng trê, giao thông vân tải bảo dảm thông suốt Ngày 14 - 12 - 1972, gân hai tháng sau khi tuyên bố ngừng ném bom băn phá miền Bắc từ vì tuyến 20 trở ra, để hồ trợ cho mưu dồ chính tri - ngoai giao mới, N",,,,,
entity,lichsu_12_s156_bai15_sec6_002:e6,Time,Đầu năm 1937,Thời điểm phái viên của Chính phủ Pháp G. Gôđa sang điều tra tình hình Đông Dương,Đầu năm 1937,0.95,[1937],lichsu_12_s156_bai15_sec6_002,lichsu_12,Bài 15,1. Hội nghị Ban Chấp hành Trung ướng Đảng Cộng Dương,"[98, 99, 100, 101]","[""data/corpus/lichsu_12/lichsu_12.pdf_100.jpg.txt"", ""data/corpus/lichsu_12/lichsu_12.pdf_101.jpg.txt"", ""data/corpus/lichsu_12/lichsu_12.pdf_98.jpg.txt"", ""data/corpus/lichsu_12/lichsu_12.pdf_99.jpg.txt""]","triêu tập Đông Dương Đại hội (8 1936) Các uỷ ban hành động được thành lập kháp nơi trong nước, Quần chúng sôi nổi tham gia các cuộc mít tinh, hội họp Trước sư phát triển của phong trào, giữa tháng 9 ? 1936, chính quyền thưc dân thi tra lênh giải tán các uý ban hành đông, cầm các cuốc hôi họp của nhân dân Mặc dù phái đoàn của Quốc hội Pháp không sang, phong trào Đông Dương Đai ngoài hai bi câm hoat đông, song đông đáo quân chúng lao đông đã thức tính, Đảng đã tháng đã thiết tích luỹ được một số k",,,,,
entity,lichsu_12_s14_bai1_sec4_001:e2,Time,Đầu năm 1945,Thời điểm Chiến tranh thế giới thứ hai bước vào giai đoạn kết thúc,Đầu năm 1945,0.95,[1945],lichsu_12_s14_bai1_sec4_001,lichsu_12,Bài 1,HỘI NGHỊ IANTA (2?1945) VÀ NHỮNG THOẢ THUẬN CỦA BA CƯỜNG QUỐC,"[4, 5, 6]","[""data/corpus/lichsu_12/lichsu_12.pdf_4.jpg.txt"", ""data/corpus/lichsu_12/lichsu_12.pdf_5.jpg.txt"", ""data/corpus/lichsu_12/lichsu_12.pdf_6.jpg.txt""]","đầu môi phe Các quốc gia trên thế giới trong những năm đầu sau chiến tranh dần dần bị phân hoá theo đặc trưng đó Liên hợp quốc ra đời như một công cu duy tri trật tư thế giới mới vừa được hinh thành HỘI NGHỊ IANTA (2?1945) VÀ NHỮNG THOẢ THUẬN CỦA BA CƯỜNG QUỐC Đầu năm 1945, Chiến tranh thế giới thứ hai bước vào giai đoạn kết thúc Nhiều vấn đề quan trong và cấp bách đất ra trước các cường quốc Đồng minh Đó là: 1. Nhanh chóng đánh bai hoàn toàn các nước phát xít , 2. Tổ chức lại thế Nguy giới sau ",,,,,
entity,lichsu_11_s18_bai5_sec7_001:e12,Time,đầu thế kỉ XX,Thời điểm hình thành hai khối quân sự đối đầu ở châu Âu,đến đầu thế kỉ XX,0.95,[],lichsu_11_s18_bai5_sec7_001,lichsu_11,Bài 5,"I ta-li-a rời khỏi Liên minh (1915), chống lại Đức","[31, 32]","[""data/corpus/lichsu_11/lichsu_11.pdf_31.jpg.txt"", ""data/corpus/lichsu_11/lichsu_11.pdf_32.jpg.txt""]","chiếm hầu hết lãnh thổ châu Âu, vươn ra các thuộc địa của Anh và Pháp ở châu Phi và châu Á. Năm 1882, Đức cùng Áo Hung và I-ta-li-a thành lập liên minh tay ba, được gọi là phe Liên minh. Sau này, I ta-li-a rời khỏi Liên minh (1915), chống lại Đức Đôi phó với âm mưu của Đức, Anh cũng chuẩn bị kế hoạch chiến tranh Anh, Pháp, Nga tuy có tranh chấp về thuộc địa, nhưng phải nhân nhương lẫn nhau, kí những bản hiệp ước tay đôi : Pháp Nga (1890), Anh Pháp (1904), Anh Nga (1907), hình thành phe Hiệp ước ",,,,,
entity,lichsu_10_s26_003:e17,Time,cuối thế kỉ XIII,Thời điểm nước Kim và Nam Tống bị Mông Cổ tiêu diệt,cuối thế kỉ XIII,0.9,[],lichsu_10_s26_003,lichsu_10,Bài,"1. Trung Quốc thời Tần, Hán","[28, 29, 30, 31]","[""data/corpus/lichsu_10/lichsu_10.pdf_28.jpg.txt"", ""data/corpus/lichsu_10/lichsu_10.pdf_29.jpg.txt"", ""data/corpus/lichsu_10/lichsu_10.pdf_30.jpg.txt"", ""data/corpus/lichsu_10/lichsu_10.pdf_31.jpg.txt""]","ời làm việc Vào thời Đường, từ các tuyến đường giao thông đã được hình thành trong các ""the trong thế kỉ trước, hai ?con đường tơ lụa"" trên đất liền và trên biển cũng được thiết """""""""""""""" lập, mở rộng. Về chính trị, nhà Đường tiếp tục củng cố chính quyền trung ương, làm cho các biện bộ máy cai trị phong kiến được hoàn chính. Các hoàng để nhà Đường cử người và thiên thân tín cai quản các địa phương, đặc biệt giao cho các công thần hoặc người 19 thu nhiên thân tộc giữ chức Tiết độ sứ, trần ải các m",,,,,
entity,lichsu_10_s202_001:e2,Time,1871,Năm đất nước Đức thống nhất.,Sau khi đất nước thống nhất (1871),0.95,[1871],lichsu_10_s202_001,lichsu_10,Bài,1. Nước Đức,"[174, 175, 178, 179]","[""data/corpus/lichsu_10/lichsu_10.pdf_174.jpg.txt"", ""data/corpus/lichsu_10/lichsu_10.pdf_175.jpg.txt"", ""data/corpus/lichsu_10/lichsu_10.pdf_178.jpg.txt"", ""data/corpus/lichsu_10/lichsu_10.pdf_179.jpg.txt""]","sản xuất nông nghiệp Trong những năm 60 của thế kỉ XIX, nước Anh tự cấp được 3/4 số lúa mì mỗi năm , từ thập niên 70 trở đi, giảm xuống còn 1/3, nghĩa là lương thực của Anh chỉ tự túc được 4 tháng B 1. Nước Đức a) Tình hình kinh tế Sau khi đất nước thống nhất (1871), nền kinh tế Đức phát triển với tốc độ đội mau lẹ, Từ năm 1870 đến năm 1900, sản xuất than tăng 4,4 lần, gang tăng 6 lầng Độ di độ dài đường sắt tăng hơn gấp đôi. Đức đã vượt Pháp và gần đuổi kịp Anh. Trong những ngành công nghiệp mớ",,,,,
entity,lichsu_12_s187_bai17_sec8_001:e2,Time,Cuối năm 1945,"Thời điểm lực lượng dân quân, tự vệ tăng lên hàng chục vạn người.",Cuối năm 1945,0.95,[1945],lichsu_12_s187_bai17_sec8_001,lichsu_12,Bài 17,2. Giải quyết nạn đói,"[122, 123, 124]","[""data/corpus/lichsu_12/lichsu_12.pdf_122.jpg.txt"", ""data/corpus/lichsu_12/lichsu_12.pdf_123.jpg.txt"", ""data/corpus/lichsu_12/lichsu_12.pdf_124.jpg.txt""]","quốc đoàn được đổi thành Quân đội Quốc gia Việt Nam, Cuối năm 1945, lực lương dân quân, tự về đã tang lên hàng chục vạn người, có mạt ở hầu hết các thôn, xã, đường phố, xí nghiệp trên kháp cả nước. 2. Giải quyết nạn đói Để giải quyết nạn đói, Chính phủ đề ra nhiều biên pháp cấp thời như tổ chức quyên góp, điều hoà thóc gao giữa các dia phương trong cả nước, nghiêm tri những kẻ đầu cơ tích trữ gao, Chủ tịch Hồ Chí Minh kêu gọi nhân dân cả nước ""nhường cơm sẻ áo? MỘT NẮM KHI ĐÓI BẢNGMOTGOION ở Bắc",,,,,
entity,lichsu_11_s113_bai20_sec7_001:e6,Time,những năm 70 của thế kỉ XIX,Giai đoạn những năm 1870 của thế kỉ 19,những năm 70 của thế kỉ XIX,0.95,[1870],lichsu_11_s113_bai20_sec7_001,lichsu_11,Bài 20,CUỘC KHÁNG CHIÊN Ở BẮC KÌ VÀ TRUNG KI,"[116, 117, 118, 119, 120]","[""data/corpus/lichsu_11/lichsu_11.pdf_116.jpg.txt"", ""data/corpus/lichsu_11/lichsu_11.pdf_117.jpg.txt"", ""data/corpus/lichsu_11/lichsu_11.pdf_118.jpg.txt"", ""data/corpus/lichsu_11/lichsu_11.pdf_119.jpg.txt"", ""data/corpus/lichsu_11/lichsu_11.pdf_120.jpg.txt""]","An, Hà Tỉnh do Trân Tân, Đăng Như Mai, Nguyên Huy Điền lãnh đao Cuộc kháng chiến ở Bắc Kì lần thứ nhất có điểm gì đáng chú ý ? Trận Cầu Giấy ngày 21 - 12 - 1873 ảnh hưởng đến cục diên chiến tranh như CUỘC KHÁNG CHIÊN Ở BẮC KÌ VÀ TRUNG KI TRONG NHUNG NĂM 1884 1 Quân Pháp đánh chiếm Hà Nội và các tỉnh Bắc Ki lần thứ hai (1882 1883) Từ những năm 70 của thế kỉ XIX, nước Pháp chuyển sang giai đoạn đế quốc chủ nghĩa, Yêu cầu về thị trường, nguyên liêu, nhân công và lợi nhuận được đặt ra ngày càng cấp ",,,,,
entity,lichsu_11_s56_bai13_sec2_001:e6,Time,thập niên 20 của thế kỉ XX,thời kì phồn vinh của kinh tế Mĩ,thời kì phồn vinh trong thập niên 20 của thế kỉ XX,0.95,[],lichsu_11_s56_bai13_sec2_001,lichsu_11,Bài 13,NHỚI NƯỚC MĨ TRONG NĂM 1918 1929,"[69, 70]","[""data/corpus/lichsu_11/lichsu_11.pdf_69.jpg.txt"", ""data/corpus/lichsu_11/lichsu_11.pdf_70.jpg.txt""]","nặng nề chưa từng thấy trong lịch sử nước Mĩ những năm 1929 - 1933. Chính sách mới của Tổng thống Ru-dơ-ven đã đưa nước Mĩ thoát ra khỏi khủng hoảng và duy trì được sự phát triển của chủ nghĩa tư bản NHỚI NƯỚC MĨ TRONG NĂM 1918 1929 Tình hình kinh tế Chiến tranh thế giới thứ nhất đã đem lại ""những cơ hội vàng"""" cho nước Mi Với nguyên kinh lễ đại mức tăng trưởng cao trong suối những năm trong và sau chiến tranh Mĩ trở thành nước tư bản giàu mạnh nhất Cùng với lợi thể đó, việc cải tiến kí thuật th",,,,,
entity,lichsu_12_s293_bai24_sec3_001:e2,Time,năm 1975,Năm 1975,năm 1975,0.95,[1975],lichsu_12_s293_bai24_sec3_001,lichsu_12,Bài 24,"CỦA CUỘC KHÁNG CHIẾN CHÔNG MÌ, CỨU NƯỚC","[197, 199]","[""data/corpus/lichsu_12/lichsu_12.pdf_197.jpg.txt"", ""data/corpus/lichsu_12/lichsu_12.pdf_199.jpg.txt""]","trọng quốc tế to lớn và có tính thời đại sâu sắc"" (1) Đảng Cộng sản Việt Nam, Báo cáo chính trị của Ban Chấp hành Trung ương Đẳng tại Đại hội đai biểu toàn quốc lần thứ IV, NXB Sư thất, H. 5 6 6. CỦA CUỘC KHÁNG CHIẾN CHÔNG MÌ, CỨU NƯỚC NĂM 1975 Sau thắng lơi của cuốc kháng chiên chống Mi, cứu nước năm 1975 nhiêm vụ của cách mạng Việt Nam trong năm đầu là khắc phục hâu quả chiến tranh, khôi phuc và phát triển kinh lê hai miền hoàn thành thống nhất đất nước về mặt nhà nước",,,,,
entity,lichsu_12_s232_bai20_sec12_001:e4,Time,năm 1954,Thời điểm diễn ra Giơnevơ về Đông Dương,Giơnevơ năm 1954,0.95,[1954],lichsu_12_s232_bai20_sec12_001,lichsu_12,Bài 20,CHỐNG THỰC DÂN PHÁP (1945 - 1954),"[153, 154, 155]","[""data/corpus/lichsu_12/lichsu_12.pdf_153.jpg.txt"", ""data/corpus/lichsu_12/lichsu_12.pdf_154.jpg.txt"", ""data/corpus/lichsu_12/lichsu_12.pdf_155.jpg.txt""]","Đông Dương, Pháp buộc phải chấm dứt chiến tranh xâm lược, rút hết quân đội về nước Mĩ thất bại trong âm mưu kéo dài mở rông, quốc tế hoá chiến tranh xâm lược Đông Dương Giơnevơ năm 1954 về Đông Dương CHỐNG THỰC DÂN PHÁP (1945 - 1954) Nguyễn nhân thăng lợi Tháng lợi của cuộc kháng chiến chống thực dân Pháp là nhờ có sự lãnh đạo sang Suốt của Đảng, đứng đầu là Chủ tịch Hồ Chí Minh, với đường lối kháng chiến dúng đấn, sáng tao , toàn dân, toàn quân ta đoàn kết một lòng, dũng cảm trong chiến đấu cần",,,,,
entity,lichsu_10_s101_001:e8,Time,thế kỉ X - XV,thời kỳ xây dựng đất nước và chống ngoại xâm,thế kỉ X - XV,0.9,[],lichsu_10_s101_001,lichsu_10,Bài,CHÔNG NGOAI XÂM Ở CÁC,"[94, 95, 96]","[""data/corpus/lichsu_10/lichsu_10.pdf_94.jpg.txt"", ""data/corpus/lichsu_10/lichsu_10.pdf_95.jpg.txt"", ""data/corpus/lichsu_10/lichsu_10.pdf_96.jpg.txt""]","dân. Nhiều cuộc đấu tha tranh của nông dân đã bùng lên, nhất là vào cuối thế kỉ XIV. Nhà Trần suy vong Tề tướng Hồ Quý Ly thực hiện một cuộc cải cách lớn để cứu văn tình thế ? nhà Hồ được thành lập CHÔNG NGOAI XÂM Ở CÁC THẾ KỈ X - XV Trong những thế kỉ xây dựng đất nước, nhân dân ta vẫn phải liên tục tiến hành các cuộc kháng chiến chống ngoại xâm. Với lòng yêu nước nồng nàn, với tinh thần chiến đấu kiên cường, anh dũng, nhân dại Việt đã làm nên biết bao chiến thắng huy hoàng, giữ vững nền độc lậ",,,,,
entity,lichsu_12_s319_bai27_sec6_001:e1,Time,1975-2000,"Thời kì từ sau thắng lợi của cuộc kháng chiến chống Mĩ, cứu nước năm 1975 đến năm 2000","Thời kì 1975 2000 (Từ sau thăng lợi của cuộc kháng chiến chống Mĩ, cứu nước năm 1975 đến năm 2000)",0.95,"[1975, 2000]",lichsu_12_s319_bai27_sec6_001,lichsu_12,Bài 27,5. Thời kì 1975 2000,"[218, 219]","[""data/corpus/lichsu_12/lichsu_12.pdf_218.jpg.txt"", ""data/corpus/lichsu_12/lichsu_12.pdf_219.jpg.txt""]","lần : lần thứ nhất bát đầu từ ngày 5 - 8 - 1964, chính thức từ ngày 7 - 2 - 1965 đến ngày 1 11 - 1968 Lần thứ hai bắt đầu từ ngày 6 ? 4 - 1972, chính thức từ ngày 16 - 4 - 1972 đến ngày 15 - 1 1973 5. Thời kì 1975 2000 Theng (Từ sau thăng lợi của cuộc kháng chiến chống Mĩ, cứu nước năm 1975 đến năm 2000) - Cách mang Viết Nam chuyển sang thời kì cách mạng xã hội chủ nghĩa trong cả nước từ sau khi đất nước độc lập và thống nhất Trong 10 năm đầu (1976 - 1986) đi lên chủ nghĩa xã hội, thực hiên hai ",,,,,
entity,lichsu_12_s23_bai2_sec4_001:e4,Time,1946 - 1950,Thời gian thực hiện kế hoạch 5 năm khôi phục kinh tế của Liên Xô.,kế hoach 5 năm khôi phục kinh tế (1946 - 1950),0.95,"[1946, 1950]",lichsu_12_s23_bai2_sec4_001,lichsu_12,Bài 2,THI LIÊN XÔ VÀ CÁC NƯỚC ĐÔNG ÂU TỪ NĂM 1945 ĐẾN GIỮA NHỮNG NĂM 7000,"[10, 11, 12]","[""data/corpus/lichsu_12/lichsu_12.pdf_10.jpg.txt"", ""data/corpus/lichsu_12/lichsu_12.pdf_11.jpg.txt"", ""data/corpus/lichsu_12/lichsu_12.pdf_12.jpg.txt""]","chính trị và kinh tế - xã hôi ở Liên Xô và các nước Đông Âu đa dần đến sư tan rã của chế độ xã hôi chủ nghĩa ở các nước này, Nhà nước Liên bang Nga kê thừa địa vị và quyền lợi hợp pháp của Liên Xô THI LIÊN XÔ VÀ CÁC NƯỚC ĐÔNG ÂU TỪ NĂM 1945 ĐẾN GIỮA NHỮNG NĂM 7000 11 Liên Xô a) Công cuộc khôi phục kinh tế (1945 ) 1950) Liên Xô là nước chíu tổn thất nặng nề nhất trong Chiến tranh thế giới thứ hai: khoảng 27 triêu người chết, 1 710 thành phố, hơn 7 van làng mạc, gần 32 000 xí nghiệp bị tàn phá nặn",,,,,
entity,lichsu_10_s217_001:e5,Time,Giữa thế kỉ XIX,Thời điểm sự phát triển mạnh mẽ của nền đại công nghiệp tư bản chủ nghĩa làm cho đội ngũ công nhân càng thêm đông đảo.,"Giữa thế kỉ XIX, sự phát triển mạnh mẽ của nền đại công nghiệp tư bản chủ nghĩa làm cho đội ngũ công nhân càng thêm đông đảo và tập trung tới mức độ khá cao",0.95,[],lichsu_10_s217_001,lichsu_10,Bài,1. Hoàn cảnh ra đời,"[188, 189, 192]","[""data/corpus/lichsu_10/lichsu_10.pdf_188.jpg.txt"", ""data/corpus/lichsu_10/lichsu_10.pdf_189.jpg.txt"", ""data/corpus/lichsu_10/lichsu_10.pdf_192.jpg.txt""]","1844 đến năm 1847, những tác phẩm của Mác và Áng-ghen cho thấy chiến thi sự chín muồi về những quan điểm triết học, kinh tế ? chính trị học và chủ nghĩa xã hội khoa học, từng bước hình thuyết Mác. B 1. Hoàn cảnh ra đời Giữa thế kỉ XIX, sự phát triển mạnh mẽ của nền đại công nghiệp tư bản chủ nghĩa làm cho đội ngũ công nhân càng thêm đông đảo và tập trung tới mức độ khá cao, đặc biệt ở những trung tâm công nghiệp. Ach áp bức, bóc lột đối với công nhân cũng tăng thêm, Do đó, những cuộc đấu tranh m",,,,,
entity,lichsu_12_s226_bai20_sec6_002:e8,Time,Cuối tháng 1 năm 1954,Thời điểm liên quân Lào - Việt tiến công địch ở Thượng Lào,Cuối tháng 1 - 1954,0.95,[1954],lichsu_12_s226_bai20_sec6_002,lichsu_12,Bài 20,VÀ CHIẾN DỊCH ĐIỆN PHÚ NĂM 1954,"[145, 146, 147, 148, 149, 150, 151]","[""data/corpus/lichsu_12/lichsu_12.pdf_145.jpg.txt"", ""data/corpus/lichsu_12/lichsu_12.pdf_146.jpg.txt"", ""data/corpus/lichsu_12/lichsu_12.pdf_147.jpg.txt"", ""data/corpus/lichsu_12/lichsu_12.pdf_148.jpg.txt"", ""data/corpus/lichsu_12/lichsu_12.pdf_149.jpg.txt"", ""data/corpus/lichsu_12/lichsu_12.pdf_150.jpg.txt"", ""data/corpus/lichsu_12/lichsu_12.pdf_151.jpg.txt""]",", Điện Biên Phủ trở thành nơi tập trung binh lực thứ hai của Pháp Đầu tháng 12 ? 1953, liên quân Lào - Việt mở cuộc tiến công địch ở Trung Lào tiêu diệt trên 3 tiểu đoàn Âu ? Phi, giải phóng 4 van km? và thị xã Thà Khet, bao vày uy hiếp Xavannakhét và căn cứ Xênô Nam Nava buốc phái tăng cường lực lương cho Xênô và Xênô trở thành nơi tấp trung binh lực thứ ba của Pháp Cuối tháng 1 - 1954, liên quân Lào - Viết tiến công địch ở Thượng Lào, giai 19 thung phóng lưu vực sông Nâm Hu, toàn tỉnh Phongxal",,,,,
entity,lichsu_11_s7_bai2_sec1_001:e11,Time,khoảng 25 năm cuối thế kỉ XIX,"Thời kỳ xảy ra những nạn đói liên tiếp ở Ấn Độ, làm gần 26 triệu người chết.",Trong khoảng 25 năm cuối thế kỉ XIX,0.95,[],lichsu_11_s7_bai2_sec1_001,lichsu_11,Bài 2,Bài 2,"[4, 5, 6, 8, 9, 10]","[""data/corpus/lichsu_11/lichsu_11.pdf_10.jpg.txt"", ""data/corpus/lichsu_11/lichsu_11.pdf_4.jpg.txt"", ""data/corpus/lichsu_11/lichsu_11.pdf_5.jpg.txt"", ""data/corpus/lichsu_11/lichsu_11.pdf_6.jpg.txt"", ""data/corpus/lichsu_11/lichsu_11.pdf_8.jpg.txt"", ""data/corpus/lichsu_11/lichsu_11.pdf_9.jpg.txt""]","sự nước ngoài... Về giáo dục - Chính phủ thi hành chính sách giáo dục bất buộc, chú trong nội dung khoa học - kĩ thuật trong chương trình giảng day, cử những học sinh giỏi đi du học ở phương Tây.. Bài2 ÂN ĐỘ Từ giữa thế kỉ XIX, mâu thuẫn giữa đông đảo nhân dân Ấn Độ với thực dân Anh ngày càng trở nên sâu sác, Các cuộc đấu tranh giành độc lập dân tộc diễn ra quyết liệt dưới nhiều hình thức, lôi cuốn đông đảo các tầng lớp nhân dân tham gia. Điển hình là cuộc khởi nghĩa Xipay (1857 1859), phong trà",,,,,
entity,lichsu_12_s309_bai26_sec4_001:e1,Time,2000,Năm nhân dân ta đã thực hiện ba kế hoạch kinh tế 5 năm,đến năm 2000,0.95,[2000],lichsu_12_s309_bai26_sec4_001,lichsu_12,Bài 26,ĐƯỜNG LỐI ĐỔI MỚI CỦA ĐẢNG,[208],"[""data/corpus/lichsu_12/lichsu_12.pdf_208.jpg.txt""]","đến năm 2000 nhân dân ta đã thưc hiên ba kế hoạch kinh tế 5 năm 1986 1990, bước đầu công cuộc đổi mới ; 1991 - 1995, tiếp tục sự nghiệp đổi mới và 1996 ? 2000, đẩy mạnh công nghiệp hoá, hiện đai hoá ĐƯỜNG LỐI ĐỔI MỚI CỦA ĐẢNG 1.Hoàn cảnh lịch sử mới Trong thời gian thực hiên hai kê hoạch Nhà nước 5 năm (1976 - 1985), cách mạng xã hội chủ nghĩa ở nước ta đạt được những thành tựu đáng kể trên các lĩnh vực của đời sống xã hội, song cũng gáp không ít khó khăn Đất nước lâm vào tình trang khủng hoảng,",,,,,
entity,lichsu_12_s319_bai27_sec6_001:e12,Time,2001,Năm bắt đầu thực hiện tiếp các kế hoạch 5 năm,từ năm 2001 thực hiện tiếp các kế hoạch 5 năm,0.95,[2001],lichsu_12_s319_bai27_sec6_001,lichsu_12,Bài 27,5. Thời kì 1975 2000,"[218, 219]","[""data/corpus/lichsu_12/lichsu_12.pdf_218.jpg.txt"", ""data/corpus/lichsu_12/lichsu_12.pdf_219.jpg.txt""]","lần : lần thứ nhất bát đầu từ ngày 5 - 8 - 1964, chính thức từ ngày 7 - 2 - 1965 đến ngày 1 11 - 1968 Lần thứ hai bắt đầu từ ngày 6 ? 4 - 1972, chính thức từ ngày 16 - 4 - 1972 đến ngày 15 - 1 1973 5. Thời kì 1975 2000 Theng (Từ sau thăng lợi của cuộc kháng chiến chống Mĩ, cứu nước năm 1975 đến năm 2000) - Cách mang Viết Nam chuyển sang thời kì cách mạng xã hội chủ nghĩa trong cả nước từ sau khi đất nước độc lập và thống nhất Trong 10 năm đầu (1976 - 1986) đi lên chủ nghĩa xã hội, thực hiên hai ",,,,,
entity,lichsu_12_s66_bai6_sec4_001:e1,Time,tháng 5 - 1972,Thời điểm Nixon thăm Liên Xô,Đến tháng 5 - 1972,0.95,[1972],lichsu_12_s66_bai6_sec4_001,lichsu_12,Bài 6,NGƯỜI NƯỚC MĨ TỪ NĂM 1973 ĐẾN NĂM 1991,"[42, 43, 44, 45]","[""data/corpus/lichsu_12/lichsu_12.pdf_42.jpg.txt"", ""data/corpus/lichsu_12/lichsu_12.pdf_43.jpg.txt"", ""data/corpus/lichsu_12/lichsu_12.pdf_44.jpg.txt"", ""data/corpus/lichsu_12/lichsu_12.pdf_45.jpg.txt""]","Quốc được thiết lập. Đến tháng 5 - 1972, Nichxơn Xô, thực thiến hiên sách lước hoà hoãn với hai nước lớn để chống lại phong trào đấu tranh cách mang của các dân tộc. nhanh trong giai doan 1945 - 1973 NGƯỜI NƯỚC MĨ TỪ NĂM 1973 ĐẾN NĂM 1991 Ngày Năm 1973, do tác đông của cuộc khủng hoảng thế giới, kinh tế Mi nghi tâm vào tình trang khúng hoàng và suy thoái kéo dài tối năm 1982 Năng suất lao động từ năm 1974 đến năm 1981 giảm xuống còn 0,43%/năm Hê thống tài chính tiên tê tín dụng bị rối loạn , dự ",,,,,
entity,lichsu_12_s212_bai19_sec3_001:e2,Time,1951 - 1953,giai đoạn từ năm 1951 đến năm 1953,giai đoan từ năm 1951 đến năm 1953,0.95,"[1951, 1953]",lichsu_12_s212_bai19_sec3_001,lichsu_12,Bài 19,TOÀN QUỐC CHONG THỨC DÂN PHÁP,"[136, 137, 138, 139]","[""data/corpus/lichsu_12/lichsu_12.pdf_136.jpg.txt"", ""data/corpus/lichsu_12/lichsu_12.pdf_137.jpg.txt"", ""data/corpus/lichsu_12/lichsu_12.pdf_138.jpg.txt"", ""data/corpus/lichsu_12/lichsu_12.pdf_139.jpg.txt""]","được khai thông, quân đội ta đã giành được thế chủ động trên chiến trường chính (Bắc Bộ), mở ra bước phát triển mới của cuộc kháng chiến hoàn cảnh Nêu diên biên, két quả và ý nghĩa của chiến dịch TOÀN QUỐC CHONG THỨC DÂN PHÁP (1951 - 1953) Bước sang giai đoan từ năm 1951 đến năm 1953, cuốc chiên tranh xâm lược của thưc dân Pháp, có sự giúp đờ của đế quốc Mĩ được đấy manh , lực lương kháng chiên của ta trương thành về quân dân ta giành nhiều thắng lơi to lớn và toàn diên, tiếp tục giữ vững quyền ",,,,,
entity,lichsu_12_s279_bai23_sec6_001:e5,Time,1965,Năm mà tổng sản phẩm xã hội năm 1973 cao hơn.,năm 1965,0.95,"[1965, 1973]",lichsu_12_s279_bai23_sec6_001,lichsu_12,Bài 23,Y TẾ KINH TẾ CÓ BƯỚC PHÁT TRIỂN,"[188, 189]","[""data/corpus/lichsu_12/lichsu_12.pdf_188.jpg.txt"", ""data/corpus/lichsu_12/lichsu_12.pdf_189.jpg.txt""]","biển, trên sông, bảo đảm đi lại bình thường Sau hai năm 1973 - 1974, về cơ bản miên Bắc khôi phúc xong các cơ sở kinh tế thống tế thống thuỷ nông, mạng lưới giao thông, công trình văn hoá, giáo dục, Y TẾ KINH TẾ CÓ BƯỚC PHÁT TRIỂN Tổng sản phẩm xã hội năm 1973 cao hơn năm 1965, năm 1974 cao hơn năm 1973 là 12,4%. Sán lương lúa năm 1973 là 5 triều tấn , đến năm 1974, mắc the trong du có những khó khăn do thiên tai, miên Bác cũng đạt được 4,8 triêu tân Năm 1974, giá tri tổng sản lượng công nghiệp ",,,,,
entity,lichsu_12_s189_bai17_sec10_001:e5,Time,Ngày 23 - 11 - 1946,Thời điểm Quốc hội quyết định cho lưu hành tiền Việt Nam trong cả nước.,Ngày 23 - 11 - 1946,0.95,[1946],lichsu_12_s189_bai17_sec10_001,lichsu_12,Bài 17,4. Giải quyết khó kàă chính,"[124, 125]","[""data/corpus/lichsu_12/lichsu_12.pdf_124.jpg.txt"", ""data/corpus/lichsu_12/lichsu_12.pdf_125.jpg.txt""]","thông và đại học sóm được khai giảng nhằm đào tạo những công dân và cán bộ Thung trung thành, có năng lực phung sư Tố quốc Nội dung và phương pháp giáo dục bước đầu được đối mới theo tinh tốc dân chủ 4. Giải quyết khó kàă chính Để khắc phục tình trạng trống rồng về ngân sách, Chính phủ kêu gọi tình thần tư nguyên đóng góp của nhân dân cả nước, Hưởng ứng cuộc vân đông xây dưng Quý độc lập"", phong trào ""Tuần lễ vàng"""" do Chính phủ phát động, nhân dân ta hăng hái đóng góp tiền của, vàng, bạc ủng hộ",,,,,
entity,lichsu_12_s216_bai19_sec7_001:e1,Time,3 đến 7 tháng 3 năm 1951,Thời gian diễn ra Đại hội toàn quốc thống nhất Mặt trận Việt Minh và Hội Liên Việt,từ ngày 3 đến ngày 7 - 3 ? 1951,0.95,[1951],lichsu_12_s216_bai19_sec7_001,lichsu_12,Bài 19,HIU HẬU PHƯƠNG KHÁNG CHIẾN MỌI MẶT,"[140, 141, 142, 143]","[""data/corpus/lichsu_12/lichsu_12.pdf_140.jpg.txt"", ""data/corpus/lichsu_12/lichsu_12.pdf_141.jpg.txt"", ""data/corpus/lichsu_12/lichsu_12.pdf_142.jpg.txt"", ""data/corpus/lichsu_12/lichsu_12.pdf_143.jpg.txt""]","biểu lần thứ II đánh dấu bước phát triển mới trong quá trình trướng ""chinh và lãnh đạo cách mạng của Đảng ta, là ?Đại hôi kháng cơi"" I Đại hội đại biểu lần thứ II của Đảng đã có những quyết định gì ? HIU HẬU PHƯƠNG KHÁNG CHIẾN MỌI MẶT Về chính trị, từ ngày 3 đến ngày 7 - 3 ? 1951, Đại hội toàn quốc thống nhất Mặt trận Việt Minh và Hội Liên Việt thành một mặt trận duy nhất, lấy tên là Trong Mặt trân Liên hiệp quốc dân Việt Nam (Mặt trận Liên Việt) do Tôn Đức Thắng làm Chủ tịch, Hồ Chí Minh làm Ch",,,,,
entity,lichsu_11_s35_bai10_sec2_002:e6,Time,1921,Năm sản lượng ngũ cốc là 37.6 triệu tấn,Năm 1921,0.95,[1921],lichsu_11_s35_bai10_sec2_002,lichsu_11,Bài 10,THI CHÍNH SÁCH KINH TẾ MỚI VÀ CÔNG CUỘC KIÔH TẾ,"[53, 54, 55]","[""data/corpus/lichsu_11/lichsu_11.pdf_53.jpg.txt"", ""data/corpus/lichsu_11/lichsu_11.pdf_54.jpg.txt"", ""data/corpus/lichsu_11/lichsu_11.pdf_55.jpg.txt""]","nước ngoài đầu tư, kinh doanh ở Nga Nhà nước năm các ngành kinh tế chủ chốt như công nghiệp, giao thông vận tải, ngàn hàng, ngoại thương Nhà nước chấn chỉnh việc tổ chức, quản lí sản xuất công nghiệp. Phần lớn các xí nghiệp chuyển sang chế độ tự hạch tế, cải tiến chế độ tiền lương nhâm nâng cao năng suất lao động Trong lính vực thương nghiệp và tiên tê, tư nhân được tự do buôn bán, trao đổi, mở lại các chơ, khôi phục và đẩy mạnh mối liên hệ giữa thành thị và nông thôn Năm 1924, Nhà nước phát hàn",,,,,
entity,lichsu_12_s246_bai21_sec12_003:e3,Time,20 - 12,Thời điểm Mặt trận Dân tộc giải phóng miền Nam Việt Nam ra đời,20 - 126-,0.95,[],lichsu_12_s246_bai21_sec12_003,lichsu_12,Bài 21,"1. Đấu tranh chống chế độ Mĩ - Diệm, giữ gìn và phát triển lực lượng","[161, 162, 163, 164, 165]","[""data/corpus/lichsu_12/lichsu_12.pdf_161.jpg.txt"", ""data/corpus/lichsu_12/lichsu_12.pdf_162.jpg.txt"", ""data/corpus/lichsu_12/lichsu_12.pdf_163.jpg.txt"", ""data/corpus/lichsu_12/lichsu_12.pdf_164.jpg.txt"", ""data/corpus/lichsu_12/lichsu_12.pdf_165.jpg.txt""]","mạng miền Nam chuyển từ thế giữ gìn lực lượng sang thế tiến công Từ trong khí thế đó, Mặt trân STATELED Dân tốc giải phóng miên Nam Việt Nam ra đời (20 - 126-) do Luật sư Nguyễn Hữu Tho làm Chủ tịch. Mặt trận chu trương đoàn kết toàn dân, đấu tranh chống để quốc Mĩ xâm lươc và chính quyền Ngô Đình Diêm thành lập chính quyền cách mang dưới hình thức những uỷ ban nhân dân tự quản vũ trang giải phóng miền Nam Việt Nam - Phong trào đấu tranh chống chế độ Mĩ - Diệm của nhân dân ta ở miên Nam đã diễn ",,,,,
entity,lichsu_12_s218_bai19_sec9_001:e12,Time,14 - 11,Thời điểm Đờ Lát đơ Tátxinhi tiến đánh Hoà Bình,đến ngày 14 - 11,0.95,[],lichsu_12_s218_bai19_sec9_001,lichsu_12,Bài 19,1. Các chiến dịch ở trung du và đồng bằng Bắc Bộ (từ cuối năm 1950,"[141, 142, 143, 144]","[""data/corpus/lichsu_12/lichsu_12.pdf_141.jpg.txt"", ""data/corpus/lichsu_12/lichsu_12.pdf_142.jpg.txt"", ""data/corpus/lichsu_12/lichsu_12.pdf_143.jpg.txt"", ""data/corpus/lichsu_12/lichsu_12.pdf_144.jpg.txt""]","xây dưng S Từ sau chiến thắng Biên giới thu ? đông năm 1950 đến trước đông - xuân 1953 - 1954, hâu phương kháng chiến đã phát triển như như thế nào trên các mắt chính tri, kinh tế, văn hoá, y tế 1 1. Các chiến dịch ở trung du và đồng bằng Bắc Bộ (từ cuối năm 1950 đến giữa năm 1951) Để giữ vững quyền chủ động đánh địch trên chiến trường chính Bắc Bộ và đẩy thi chi địch lùi sâu vào thế bị đông đối phó, trong thời gian từ cuối năm 1950 đến giữa năm 1951, quân ta liên tục mở ba chiến dịch Trần Hưng ",,,,,
entity,lichsu_12_s30_bai2_sec11_001:e11,Time,Ngày 21 - 12 - 1991,thời điểm các nước cộng hòa trong Liên bang ký hiệp định thành lập Cộng đồng các quốc gia độc lập,Ngày 21 - 12 - 1991,0.95,[1991],lichsu_12_s30_bai2_sec11_001,lichsu_12,Bài 2,THI LIÊN XO VÀ CÁC NƯỚC ĐÔNG ÂU TỪ GIỮA NHƯNG NĂM 700,"[13, 14, 15]","[""data/corpus/lichsu_12/lichsu_12.pdf_13.jpg.txt"", ""data/corpus/lichsu_12/lichsu_12.pdf_14.jpg.txt"", ""data/corpus/lichsu_12/lichsu_12.pdf_15.jpg.txt""]","ninh ở châu Âu và thế giới Sự lớn mạnh của Liên Xô và các nước thành viên đã tao nên thế cân bằng về sức mạnh quân sự giữa các nước xã hội chủ nghĩa và các nước tư bản chủ nghĩa vào đầu những năm 70. THI LIÊN XO VÀ CÁC NƯỚC ĐÔNG ÂU TỪ GIỮA NHƯNG NĂM 700 ĐẾN NĂM 1991 11 Sự khúng hoáng đầu những năm 80, nền kinh tế Liên bộc lộ những dấu hiêu suy thoái Đời sống chính trị có những diễn biến phức tạp, xuất hiên tư tưởng và một số nhóm đối lập chống lại Đảng Cộng sản và Nhà nước Xô viết. Tháng 3 - 198",,,,,
entity,lichsu_12_s16_bai1_sec6_001:e3,Time,tháng 10 năm 1971,Thời điểm Công hoà Nhân dân Trung Hoa có đại diện.,tháng 10 ? 1971,0.9,[1971],lichsu_12_s16_bai1_sec6_001,lichsu_12,Bài 1,VII - SỰ HÌNH THÀNH HAI HỆ THÔNG XÃ LẬP,"[6, 7, 8, 9]","[""data/corpus/lichsu_12/lichsu_12.pdf_6.jpg.txt"", ""data/corpus/lichsu_12/lichsu_12.pdf_7.jpg.txt"", ""data/corpus/lichsu_12/lichsu_12.pdf_8.jpg.txt"", ""data/corpus/lichsu_12/lichsu_12.pdf_9.jpg.txt""]","Điền Đài Loan, từ tháng 10 ? 1971 là đại diên của Công hoà Nhân dân Trung Hoa Ngày 16 - 10 ? 2007, Đại hội đồng Liên hợp quốc đã bầu Việt Nam làm Uý viên Không thương trực Hội đông Bảo an, nhiêm k009 VII - SỰ HÌNH THÀNH HAI HỆ THÔNG XÃ LẬP Ngay sau Chiến tranh thế giới thứ hai, trên thế giới đã diễn ra nhiều sự kiên quan thi trong với xu hướng hình thành hai phe ? tư bản chủ nghĩa và xã hôi chủ nghĩa ? đống lấp nhau gay gắt. Trong Tương lai của nước Đức trở thành vấn đề trung lâm trong nhiều cuộ",,,,,
entity,lichsu_12_s40_bai3_sec6_002:e11,Time,những năm 80 của thế kỉ XX,Thời điểm Trung Quốc bình thường hóa quan hệ ngoại giao với một số nước,Từ những năm 80 của thế kỉ XX,0.95,[1980],lichsu_12_s40_bai3_sec6_002,lichsu_12,Bài 3,3. Công cuộc cải cách - mở cứa (từ năm 1978),"[20, 21, 22, 23, 24]","[""data/corpus/lichsu_12/lichsu_12.pdf_20.jpg.txt"", ""data/corpus/lichsu_12/lichsu_12.pdf_21.jpg.txt"", ""data/corpus/lichsu_12/lichsu_12.pdf_22.jpg.txt"", ""data/corpus/lichsu_12/lichsu_12.pdf_23.jpg.txt"", ""data/corpus/lichsu_12/lichsu_12.pdf_24.jpg.txt""]","nguyên tử Chương trình thám hiểm không gian được thực hiên từ năm 1992, Từ tháng 11 - 1999 đến tháng 2003, Trung Quốc đã phóng 4 con tàu ""Thân Chế đô tư đông và ngày 15 10 2003, con tàu ""Thần Châu 5? cùng nhà du hành vũ trụ Dương Lơi Vĩ đã bay vào không gian vũ trụ Sự kiện này đưa Trung Quốc trở thành quốc gia thứ ba trên thế giới (sau Nga, M) có tàu cùng với con người bay vào vũ tru Về đối ngoại, chính sách của Trung Quốc có nhiều thay đổi, vai trò và địa vị quốc tế của nước này ngày càng được ",,,,,
entity,lichsu_12_s297_bai24_sec7_002:e1,Time,24-6 đến 3-7-1976,Thời gian Quốc hội khoá VI nước Việt Nam thống nhất họp kì đầu tiên,Từ ngày 24 - 6 đến ngày 3 - 7 - 1976,0.95,[1976],lichsu_12_s297_bai24_sec7_002,lichsu_12,Bài 24,HII - HOÀN THÀNH THỐNG NHẤT ĐẤT NƯỚC VỀ MẶT NHÀ NƯỚC (1975 ? 1976),"[200, 201, 202, 203]","[""data/corpus/lichsu_12/lichsu_12.pdf_200.jpg.txt"", ""data/corpus/lichsu_12/lichsu_12.pdf_201.jpg.txt"", ""data/corpus/lichsu_12/lichsu_12.pdf_202.jpg.txt"", ""data/corpus/lichsu_12/lichsu_12.pdf_203.jpg.txt""]","Hơn 23 tnêu cử tri (chiếm 98,8% tổng số cử in) đi bó phiếu và bầu ra 492 đai biểu Fr Parting Từ ngày 24 - 6 đến ngày 3 - 7 - 1976, Quốc hội khoá VI nước Viết Nam thống nhất họp kì đầu tiên tại Hà Nôi. Quốc hội thông qua chính sách đối nội và đối ngoại của Nhà nước Viết Nam nghi thống nhất, quyết đỉnh tên nước là Cộng hoà xã hội chủ nghĩa Viết Nam (từ ngày 2-1?1976), quyết đình Quốc huy mang dòng chữ Cộng hoà xã hội chủ nghĩa Việt Nam, Quốc kì là là cờ đỏ sao vàng, Quốc ca là bài Tiến quân ca, th",,,,,
entity,lichsu_12_s262_bai22_sec10_001:e10,Time,Ngày 7 - 2 1965,Thời điểm Mỹ cho máy bay ném bom phá hoại thị xã Đông Hới và đảo Cồn Cỏ.,Ngày 7 - 2 1965,0.95,[1965],lichsu_12_s262_bai22_sec10_001,lichsu_12,Bài 22,1. Mĩ tiến hành chiến tranh bằng không quân và hả hoại,"[173, 178]","[""data/corpus/lichsu_12/lichsu_12.pdf_173.jpg.txt"", ""data/corpus/lichsu_12/lichsu_12.pdf_178.jpg.txt""]","quân sự mới ""tim diệt"" cố giành lại thế chủ động trên chiến trường, đẩy lực lượng vũ trang của ta trở về phòng ngự, buộc ta phải phân tán nhỏ, hoặc rút về biên giới, làm cho chiến tranh tàn lụi dần 1. Mĩ tiến hành chiến tranh bằng không quân và hả hoại miền Bắc Chu Cuối năm 1964 - đầu năm 1965, đông thời với việc đấy mạnh xâm lược miền Nam, Mĩ mở rộng chiến tranh bằng không quân phá hoại miền Bắc Ngày 5 - 8 1964, sau khi dưng lên ""sự kiên Vinh Bắc Bộ"", Mĩ cho máy Thi may ném bom bản phá một số n",,,,,
entity,lichsu_11_s138_bai24_sec4_001:e12,Time,năm 1916,Thời điểm Việt Nam Quang phục hội tan rã sau đợt khủng bố lớn của thực dân Pháp và tay sai.,vào năm 1916,0.95,[1916],lichsu_11_s138_bai24_sec4_001,lichsu_11,Bài 24,THI PHONG TRÀO ĐẦU TRANH VŨ TRANG TRONG CHIẾN TRANH,"[146, 147, 148, 149]","[""data/corpus/lichsu_11/lichsu_11.pdf_146.jpg.txt"", ""data/corpus/lichsu_11/lichsu_11.pdf_147.jpg.txt"", ""data/corpus/lichsu_11/lichsu_11.pdf_148.jpg.txt"", ""data/corpus/lichsu_11/lichsu_11.pdf_149.jpg.txt""]","đến mức mùa màng gần như mất tráng, Giữa năm này; đề vỡ ở hầu hết các sông lớn thuộc Bắc Kì, làm ngập tối 22 000 ha Chính sách khai thác thuộc địa của thực dân Pháp trong chiến tranh đã tác động như THI PHONG TRÀO ĐẦU TRANH VŨ TRANG TRONG CHIẾN TRANH 1 Hoạt động của Việt Nam Quang phục hội Sau những hoạt động không thành công trong năm 1913, Viết Nam Quang phục hội gần như nằm im. Khi chiến tranh bùng nổ, do tình hình thay đổi, Hội đã tổ chức nhiều cuộc bạo động Tháng 9 - 1914, hội viên Đỗ Chân ",,,,,
entity,lichsu_12_s40_bai3_sec6_001:e6,Time,Tháng 2 năm 1972,thời điểm Tổng thống Mĩ Nichxơn sang thăm Trung Quốc,Tháng 2 1972,0.95,[1972],lichsu_12_s40_bai3_sec6_001,lichsu_12,Bài 3,3. Công cuộc cải cách - mở cứa (từ năm 1978),"[20, 21, 22, 23, 24]","[""data/corpus/lichsu_12/lichsu_12.pdf_20.jpg.txt"", ""data/corpus/lichsu_12/lichsu_12.pdf_21.jpg.txt"", ""data/corpus/lichsu_12/lichsu_12.pdf_22.jpg.txt"", ""data/corpus/lichsu_12/lichsu_12.pdf_23.jpg.txt"", ""data/corpus/lichsu_12/lichsu_12.pdf_24.jpg.txt""]","ra cuộc xung đột biên giới giữa Trung Quốc với Ân Độ (1962), giữa Trung Quốc với Liên Xô (1969), Tháng 2 1972, Tổng thông Mir. Nichxơn sang thăm Trung Quốc, mở đó theo hướng hoà diu giữa hai nước. 3. Công cuộc cải cách - mở cứa (từ năm 1978) Tháng 12 - 1978, Trung ương Đang Công Sản Trung Quống lối mới Thi thu do Đăng Tiểu Bình khới xướng, mớ đầu cho công cuốc cái cách kinh tế - xã hôi người của đất nước. Đường lối này được nàng lên thành đường lối chung của Đại hôi Xi 1982) 19 29 29 29 2 1982),",,,,,
entity,lichsu_12_s208_bai18_sec14_001:e3,Time,tháng 6 - 1950,Thời điểm Đảng và Chính phủ quyết định mở chiến dịch Biên giới.,tháng 6 - 1950,0.9,[1950],lichsu_12_s208_bai18_sec14_001,lichsu_12,Bài 18,2. Chiến dịch Biên giới thu - đông năm 1950,"[135, 136, 137, 138]","[""data/corpus/lichsu_12/lichsu_12.pdf_135.jpg.txt"", ""data/corpus/lichsu_12/lichsu_12.pdf_136.jpg.txt"", ""data/corpus/lichsu_12/lichsu_12.pdf_137.jpg.txt"", ""data/corpus/lichsu_12/lichsu_12.pdf_138.jpg.txt""]","lang Đông - Tây"" (Hải Phòng - Hà Nội Hoà Bình - Sơn La), Trên cơ sở đó, Pháp chuẩn bi một kế hoạch quy mô lớn tiền công Việt Bắc lần thứ hai, mong giành tháng lơi để nhanh chóng kết thúc chiến tranh 2. Chiến dịch Biên giới thu - đông năm 1950 Việc Pháp thực hiên kế hoạch Rove đã làm cho vùng tự do của ta bị thu hẹp, căn chi chi cứ địa Viết Bắc bị bao vây, Để khắc phục khó khân, đưa cuốc kháng chiến phát triển lên một bước mới, tháng 6 - 1950, Đảng và Chính phủ quyết định mở chiến dich Biên giới ",,,,,
entity,lichsu_10_s158_002:e2,Time,Năm 1070,Thời điểm nền giáo dục Đại Việt chính thức ra đời,Năm 1070,0.9,[1070],lichsu_10_s158_002,lichsu_10,Bài,1. Thời kĩ dựng nước đầu tiên,"[133, 134, 135]","[""data/corpus/lichsu_10/lichsu_10.pdf_133.jpg.txt"", ""data/corpus/lichsu_10/lichsu_10.pdf_134.jpg.txt"", ""data/corpus/lichsu_10/lichsu_10.pdf_135.jpg.txt""]","n xuất. Chinh Công thương nghiệp phát triển đa dạng, Sản phẩm thủ công như tơ lụa, gốm nha và sa, đồ vàng bạc v.v.. có chất lượng cao, mẫu mã đẹp, thương nhân nước ngoài. Mạng lưới chợ làng rộng khắp. Kinh thành Thăng Long trở thành Trong một đô thị phồn thịnh với 36 phố phường - Thuyền buốn Trung Quốc và các nước thiến phía nam thường xuyên qua lại trao đổi buôn bán Thiện Năm 1070, nền giáo dục Đại Việt chính thức ra đời và ngày càng phát triển; vừa đào tạo các bậc ""hiền tài"""" cho đất nước vừa ",,,,,
entity,lichsu_12_s45_bai4_sec4_001:e8,Time,1961-1966,Thời gian thực hiện kế hoạch phát triển kinh tế 6 năm của Thái Lan,1961 1966,0.95,"[1961, 1966]",lichsu_12_s45_bai4_sec4_001,lichsu_12,Bài 4,2. Quá trình xây dựng và phát triển của các nước Đông Nam Á,"[26, 27, 28, 29, 30]","[""data/corpus/lichsu_12/lichsu_12.pdf_26.jpg.txt"", ""data/corpus/lichsu_12/lichsu_12.pdf_27.jpg.txt"", ""data/corpus/lichsu_12/lichsu_12.pdf_28.jpg.txt"", ""data/corpus/lichsu_12/lichsu_12.pdf_29.jpg.txt"", ""data/corpus/lichsu_12/lichsu_12.pdf_30.jpg.txt""]","vương, Từ đó, đời sông chính tế của nhân dân Campuchia bước sang một thời kì phát triển mới. Tháng 10 ? 2004, Quốc vương Xihanúc thoái vi, Hoàng tử Xihamôni lên kế ngôi trở thành Quốn của Campuchia 2. Quá trình xây dựng và phát triển của các nước Đông Nam Á Các Nước Đông Nam A sau khi giành độc lập đã bước vào thời kì phát triển kinh Mê với những chiên lược phát triển kháu Nham nhóm năm nước sáng lập ASEAN Thoi kì đầu sau khi giành được độc lập, nhóm năm nước sang lập ASEAN (Indônêxia, Malaixia,",,,,,
entity,lichsu_11_s132_bai23_sec2_002:e5,Time,Ngày 24 12 1913,Thời điểm Phan Bội Châu bị bắt,Ngày 24 12 1913,0.9,[1913],lichsu_11_s132_bai23_sec2_002,lichsu_11,Bài 23,TỪ ĐẦU THẾ KÍ XX ĐẾN CHIÊN TRANH THỨ NHÁT (1914),"[137, 138, 140, 141]","[""data/corpus/lichsu_11/lichsu_11.pdf_137.jpg.txt"", ""data/corpus/lichsu_11/lichsu_11.pdf_138.jpg.txt"", ""data/corpus/lichsu_11/lichsu_11.pdf_140.jpg.txt"", ""data/corpus/lichsu_11/lichsu_11.pdf_141.jpg.txt""]","hơn 100 người), tuyên bán Duy tân hội, thành lập Viết Nam Quang phục hội, Hội kháng đình tôn chỉ duy nhất Là : ?Đánh đuổi giác Pháp, khôi phục nước Viết Nam, thành lập nước Cộng hoà Dân quốc Việt Nam? Để gây tiếng vang trong nước, thức tỉnh đồng bào, Hội đã cử người bí mật về nhưng nước để trừ khử những tên thực dân đầu sỏ, kể cả Toàn quyền An-be Xa-rô và những tay sai đác lực của chúng. Hoạt đông của Viết Nam Quang phục hội trong buổi đầu đã đạt được một số kết quả nhất đỉnh, khuấy động được dư",,,,,
entity,lichsu_12_s39_bai3_sec5_002:e5,Time,Ngày 18 - 1 - 1950,Thời điểm Trung Quốc thiết lập quan hệ ngoại giao với Việt Nam.,Ngày 18 - 1 - 1950,0.95,[1950],lichsu_12_s39_bai3_sec5_002,lichsu_12,Bài 3,1. Sự thành lập nước Cộng hoà Nhân dân Trung Hoa và thành tựu,"[20, 21, 22, 23]","[""data/corpus/lichsu_12/lichsu_12.pdf_20.jpg.txt"", ""data/corpus/lichsu_12/lichsu_12.pdf_21.jpg.txt"", ""data/corpus/lichsu_12/lichsu_12.pdf_22.jpg.txt"", ""data/corpus/lichsu_12/lichsu_12.pdf_23.jpg.txt""]","ến năm 1957, sản lương công nghiệp tăng 140%, sản lương ngày nghiệp nghiệp tăng 25% (so với năm 1952), Trung Quốc đã tư sán xuất được 60% số máy móc cần thiết Văn hoá, giáo dục có những bước tiến lớn. Đời sống nhân dân được cái thiện Và Về đối ngoai, Trung Quốc thi hành chính sách tích cực nhằm củng cổ hoà bình và thúc đấy sự phát triển của phong trào cách mang thế giới Ngày 18 - 1 - 1950, Trung Quốc thiết lập quan hê ngoai giao với Viết Nam Trung Quốc những năm không ôn định (1978) Về đối nội, ",,,,,
entity,lichsu_12_s84_bai7_sec17_001:e8,Time,năm 2007,Thời điểm các nước gia nhập EU.,năm 2007,0.95,[2007],lichsu_12_s84_bai7_sec17_001,lichsu_12,Bài 7,LIÊN BANG NGA,"[50, 51]","[""data/corpus/lichsu_12/lichsu_12.pdf_50.jpg.txt"", ""data/corpus/lichsu_12/lichsu_12.pdf_51.jpg.txt""]","trị, đối ngoại và an ninh chung Cơ cấu tổ chức của EU gồm năm cơ quan chính là Hội đồng châu Âu, Hôi đồng Bộ trưởng, Uỷ ban châu Âu, Quốc hôi châu Âu, Toà án châu Âu và một số uỷ ban chuyên môn khác. LIÊN BANG NGA BIỂN BẮC ANH HÀ LĂN UCRAINA ĐƯC SVAKIA MÔNĐÔVA AO PHÁP RUMANI BIÊN ĐEN FCB BUNGARE Bo ANBA THỔ NHI KI NHA Đ. Xix Sih Đ.Grep CHAUPHI MANTA H Các nước gia nhập EU đến năm 1995 Các nước gia nhập EU năm 2007",,,,,
entity,lichsu_12_s66_bai6_sec4_001:e10,Time,1983,Năm kinh tế Mỹ bắt đầu phục hồi và phát triển trở lại,Từ năm 1983,0.95,[1983],lichsu_12_s66_bai6_sec4_001,lichsu_12,Bài 6,NGƯỜI NƯỚC MĨ TỪ NĂM 1973 ĐẾN NĂM 1991,"[42, 43, 44, 45]","[""data/corpus/lichsu_12/lichsu_12.pdf_42.jpg.txt"", ""data/corpus/lichsu_12/lichsu_12.pdf_43.jpg.txt"", ""data/corpus/lichsu_12/lichsu_12.pdf_44.jpg.txt"", ""data/corpus/lichsu_12/lichsu_12.pdf_45.jpg.txt""]","Quốc được thiết lập. Đến tháng 5 - 1972, Nichxơn Xô, thực thiến hiên sách lước hoà hoãn với hai nước lớn để chống lại phong trào đấu tranh cách mang của các dân tộc. nhanh trong giai doan 1945 - 1973 NGƯỜI NƯỚC MĨ TỪ NĂM 1973 ĐẾN NĂM 1991 Ngày Năm 1973, do tác đông của cuộc khủng hoảng thế giới, kinh tế Mi nghi tâm vào tình trang khúng hoàng và suy thoái kéo dài tối năm 1982 Năng suất lao động từ năm 1974 đến năm 1981 giảm xuống còn 0,43%/năm Hê thống tài chính tiên tê tín dụng bị rối loạn , dự ",,,,,
entity,lichsu_12_s311_bai26_sec6_005:e4,Time,năm 1995,Năm 1995,năm 1995,0.9,[1995],lichsu_12_s311_bai26_sec6_005,lichsu_12,Bài 26,VI - QUÁ TRÌNH THỰC HIỆN ĐƯỜNG LỐI ĐỐI MỚI (1986 ? 2000),"[208, 209, 210, 211, 212, 213]","[""data/corpus/lichsu_12/lichsu_12.pdf_208.jpg.txt"", ""data/corpus/lichsu_12/lichsu_12.pdf_209.jpg.txt"", ""data/corpus/lichsu_12/lichsu_12.pdf_210.jpg.txt"", ""data/corpus/lichsu_12/lichsu_12.pdf_211.jpg.txt"", ""data/corpus/lichsu_12/lichsu_12.pdf_212.jpg.txt"", ""data/corpus/lichsu_12/lichsu_12.pdf_213.jpg.txt""]","xuất khẩu lớn như dâu thô, gao, cà phê, hải sản, may mặc, (1) Đảng Công sản Việt Nam, Văn kiên Đai hội đai biểu toàn quốc lần thứn trị quốc gia, H. 1996, tr. 154 - 166. nhiều nhập khẩu trên 21 tỉ USD. Quan hê mậu dịch mở rông với trên 100 nước và tiếp cân với nhiều thị trường mới Vốn đầu tư trực tiếp của nước ngoài trong 5 năm lăng nhanh, bình quân hăng nguyen năm là 50%. Đến cuối năm 1995, tổng số vốn đăng kí cho các dự án đầu tư trực tiếp chi thi của nước ngoài đạt trên 19 6 USD, trong đó có k",,,,,
entity,lichsu_10_s160_001:e11,Time,hơn 1000 năm,Khoảng thời gian nhân dân Việt cổ nổi dậy chống chế độ đô hộ,suốt hơn 1000 năm,0.95,[1000],lichsu_10_s160_001,lichsu_10,Bài,II - CÔNG CUỘC KHÁNG CHIẾN BẢO VỆ TỔ QUỐC,"[135, 136]","[""data/corpus/lichsu_10/lichsu_10.pdf_135.jpg.txt"", ""data/corpus/lichsu_10/lichsu_10.pdf_136.jpg.txt""]","độc tôn của Nho giáo, Văn học chiến chữ Nôm lại phát triển mạnh mẽ Các cuộc khởi nghĩa nông dân nối tiếp nhau bùng lên. Năm 1858, thực dân Pháp nổ súng xâm lược. Đất nước bước sang một thời kì mới. II - CÔNG CUỘC KHÁNG CHIẾN BẢO VỆ TỔ QUỐC Song song với quá trình xây dựng đất nước, nhân dân Việt Nam liên tục phải chiến cầm vũ khí chiến đấu chống ngoại xâm, bảo vệ nền độc lập của Tổ quốc tháng Thi Tr Từ cuối thế kỉ III TCN, nhân dân Lạc Việt và Tây Âu (Au Việt) đã phải hợp lực chiến đấu lâu dài c",,,,,
entity,lichsu_11_s10_bai4_sec2_001:e8,Time,đầu thế kỉ XX,Giai đoạn đầu thế kỉ 20,Đến đầu thế kỉ XX,0.95,[],lichsu_11_s10_bai4_sec2_001,lichsu_11,Bài 4,(THÁI LAN) TÊN QUỐC GIA NGÀY NAY,"[17, 18, 19]","[""data/corpus/lichsu_11/lichsu_11.pdf_17.jpg.txt"", ""data/corpus/lichsu_11/lichsu_11.pdf_18.jpg.txt"", ""data/corpus/lichsu_11/lichsu_11.pdf_19.jpg.txt""]","biên quân đáo này thành thuộc địa của mình TRUNG QUỐC THÁI MIẾN ẤN ĐỘ BINH DƯƠNG LIPPING BLEA ĐỘ IN-DACK DƯƠNG (A) Thuộc Anh PP Thuộc Phap (H) Thuộc Hà Lan (T) Thuộc Tây Ban Nha (B) Thuộc Bô Đào Nha (THÁI LAN) TÊN QUỐC GIA NGÀY NAY Đống Biên giới quốc gia ngày nay Hinh 9. Lắcc đồ Đông Nam Á cuối thế kỉ XIX - đầu thế kỉ XX Ở Miền Điện (nay là Mi-an-ma), từ năm 1824 đến năm 1885, thực dân Anh đã tiến hành 3 cuộc chiến tranh xâm 1885, Anh thôn tính Miên Điện rồi sáp nhập nước này vào thành một tỉnh",,,,,
entity,lichsu_11_s19_bai5_sec8_002:e8,Time,tháng 2,Thời điểm bắt đầu chiến sự tại Véc-đoong,từ tháng 2,0.95,[],lichsu_11_s19_bai5_sec8_002,lichsu_11,Bài 5,HI DIÊN BIẾN CỦA CHIẾN TRANH,"[32, 33]","[""data/corpus/lichsu_11/lichsu_11.pdf_32.jpg.txt"", ""data/corpus/lichsu_11/lichsu_11.pdf_33.jpg.txt""]","h tế bi ảnh hưởng nghiêm trọng Năm 1916, không tiêu diệt được quân Nga, Đức lại chuyển trọng tâm hoạt đông về Mặt trân phía Tây, mở chiến dịch tấn công Véc-đoong, hòng tiêu diệt quân chủ lực của Pháp. Chiến sự ở đây diễn ra hết sức quyết liêt, kéo dài từ tháng 2 đến tháng",,,,,
entity,lichsu_11_s124_bai21_sec7_001:e10,Time,1896,năm những thủ lĩnh cuối cùng của cuộc khởi nghĩa rơi vào tay Pháp,Năm 1896,0.95,[1896],lichsu_11_s124_bai21_sec7_001,lichsu_11,Bài 21,"17 - 10 - 1894, họ giành được tháng loi lớn trong trân phục kích đuc đuang","[132, 133]","[""data/corpus/lichsu_11/lichsu_11.pdf_132.jpg.txt"", ""data/corpus/lichsu_11/lichsu_11.pdf_133.jpg.txt""]","đường tiên quân về tỉnh lị Nghê An, Cao Thắng đã bị trúng dan và hì sinh năm 29 tuổi Đây là một tổn thất lớn của nghĩa quân Trước sức mạnh áp đảo của giác, nghĩa quân vẫn kiên trì chiến đấu, Ngay 17 - 10 - 1894, họ giành được tháng loi lớn trong trân phục kích đuc đuang hàng chục tên giác đã bi tiêu diệt Sau trân đánh này, đôi quân tay sai của Pháp do Nguyễn Thân chỉ huy tiếp tục tổ chức cuộc vây hãm núi Vu Quang. Nghĩa quân bị triết đường tiếp tế, quân số giảm sút nhiều Trong một trân ác chiến,",,,,,
entity,lichsu_12_s136_bai13_sec7_004:e6,Time,8 tháng 2 năm 1930,Thời điểm các đại biểu dự Hội nghị hợp nhất về nước.,Ngày 8 - 2 - 1930,0.95,[1930],lichsu_12_s136_bai13_sec7_004,lichsu_12,Bài 13,II - ĐẢNG CỘNG SẢN VIỆT NAM RA ĐỜI,"[85, 86, 87, 88, 89]","[""data/corpus/lichsu_12/lichsu_12.pdf_85.jpg.txt"", ""data/corpus/lichsu_12/lichsu_12.pdf_86.jpg.txt"", ""data/corpus/lichsu_12/lichsu_12.pdf_87.jpg.txt"", ""data/corpus/lichsu_12/lichsu_12.pdf_88.jpg.txt"", ""data/corpus/lichsu_12/lichsu_12.pdf_89.jpg.txt""]","này Nhân dịp Đảng ra đời, Nguyễn Ai Quốc ra Lời kêu goi công nhân, nông dân binh linh, thanh nien, hoc sinh, anh chi em bi ap bức, boc lot Lời kêu gọi có đoan Đảng Công sản Viết Nam đã được thành lập. Đó là Đảng của giai cấp vô sản Điển Đảng sẽ diu dất giai cấp vô sản lãnh đao cách mang An Nam đấu tranh nhâm giải phóng cho toàn thể anh chị em bị áp bức, bóc lột của chúng ta'(1) Hội nghị hợp nhất các tổ chức cộng sản Viết Nam mang tầm vóc lịch sử của một đại hội thành lập Đảng, Ngày 8 - 2 - 1930,",,,,,
entity,lichsu_11_s24_bai7_sec1_002:e9,Time,cuối thế kỉ XVIII,thời điểm diễn ra Cách mạng tư sản Pháp,cuối thế kỉ XVIII,0.9,[],lichsu_11_s24_bai7_sec1_002,lichsu_11,Bài 7,Bài 7,"[36, 37, 38, 39]","[""data/corpus/lichsu_11/lichsu_11.pdf_36.jpg.txt"", ""data/corpus/lichsu_11/lichsu_11.pdf_37.jpg.txt"", ""data/corpus/lichsu_11/lichsu_11.pdf_38.jpg.txt"", ""data/corpus/lichsu_11/lichsu_11.pdf_39.jpg.txt""]","tiêng thế kỉ XVII về tranh chân dung, tranh phong cảnh với nhiều chất liêu - sơn dầu, khắc kim loại... Về tổ tổng, trào lưu Triết học Anh sáng thế kỉ XVII XXIII đã sản sinh ra nhiều nhà tư tưởng lớn ? các nhà Khai sáng, có vai trò quan trọng trong sự thắng lơi của Cách mang tư sản Pháp cuối thế kỉ XVIII và sự phát triển tư tưởng của châu Âu Đó là Mông le xki o (1689 1755), Vôn-le (1694 1778), Rút xô (1712 - 1778) nhà tư tưởng cấp tiến Mê-liê (1644 - 1729) và nhóm Bách khư do Đi-dơ-rô (1713 1784)",,,,,
entity,lichsu_11_s111_bai20_sec5_002:e2,Time,năm 1867,Thời điểm sau đó tình hình nước ta có những diễn biến đáng chú ý.,sau năm 1867,0.95,[1867],lichsu_11_s111_bai20_sec5_002,lichsu_11,Bài 20,KHÁNG CHIẾN LAN RỘNG RA BẮC KÌ,"[115, 116, 117, 118, 119]","[""data/corpus/lichsu_11/lichsu_11.pdf_115.jpg.txt"", ""data/corpus/lichsu_11/lichsu_11.pdf_116.jpg.txt"", ""data/corpus/lichsu_11/lichsu_11.pdf_117.jpg.txt"", ""data/corpus/lichsu_11/lichsu_11.pdf_118.jpg.txt"", ""data/corpus/lichsu_11/lichsu_11.pdf_119.jpg.txt""]","Nguyễn Trường Tô, đã manh dạn dâng lên triều đình những bản điều trần, bày tổ ý kiến cải cách duy tân lớn các đề nghị cái cách đã không được thực hiên Tinh hình nước ta sau năm 1867 có gi đáng chú ý ? 2 Thực dân Pháp đánh chiếm Bắc Kì lần thứ nhất (1873) Sau khi chiếm được các tỉnh Nam Kì, thực dân Pháp từng bước thiết lập bộ máy chi chi cai tri, biến nơi đây thành bàn đạp chuẩn bi mỏ rộng cuộc chiến tranh ra cả nước Chúng phái gián điệp ra Bắc, điều tra tình hình bố phong của ta, bát liên lạc v",,,,,
entity,lichsu_10_s124_001:e1,Time,Thế kỉ XVI,Giai đoạn đất nước có nhiều biến động lớn.,"Thế kỉ XVI, đất nước có nhiều biến động lớn.",0.95,[1500],lichsu_10_s124_001,lichsu_10,Bài,1. Tình hình nông nghiệp ở các thế kỉ XVI - XVIII,[111],"[""data/corpus/lichsu_10/lichsu_10.pdf_111.jpg.txt""]","CÁC THẾ KỈ XVI - XVIII Thế kỉ XVI, đất nước có nhiều biến động lớn. Tuy nhiên, trong do nhiều điều kiên khác nhau nên nền kinh tế tiếp tục phát triển với những biểu hiện có ý nghĩa xã hội quan trọng. 1. Tình hình nông nghiệp ở các thế kỉ XVI - XVIII Từ cuối thế kỉ XV đến đầu thế kỉ XVI, ruộng đất ngày càng tập trung vào tay thát tầng lớp địa chủ, quan lại. Nhà nước không quan tâm đến sản xuất như trước Mất mùa, đói kém xảy ra liên miên. Cuộc sống của nông dân trở nên khổ cực; họ đã nổi dậy đấu t",,,,,
entity,lichsu_12_s173_bai16_sec15_001:e3,Time,Đầu tháng 8 năm 1945,Thời điểm quân Đồng minh tiến công mạnh mẽ vào các vị trí của quân đội Nhật Bản,Đầu tháng 8 ? 1945,0.95,[1945],lichsu_12_s173_bai16_sec15_001,lichsu_12,Bài 16,3. Tổng khới nghĩa tháng Tám năm 1945,"[112, 113, 114, 115, 116, 117]","[""data/corpus/lichsu_12/lichsu_12.pdf_112.jpg.txt"", ""data/corpus/lichsu_12/lichsu_12.pdf_113.jpg.txt"", ""data/corpus/lichsu_12/lichsu_12.pdf_114.jpg.txt"", ""data/corpus/lichsu_12/lichsu_12.pdf_115.jpg.txt"", ""data/corpus/lichsu_12/lichsu_12.pdf_116.jpg.txt"", ""data/corpus/lichsu_12/lichsu_12.pdf_117.jpg.txt""]","cứ địa chính của cách mang cả nước và là hình ảnh thu nhỏ của nước Việt Nam mới Công cuộc chuẩn bị được gấp rút hoàn thành Toàn dân tộc đã sắn sàng đốn chờ thời cơ vùng dây tiến hành tổng khơi nghĩa 3. Tổng khới nghĩa tháng Tám năm 1945 Nam a la là là nhật đầu hàng Đồng minh, lệnh Tổng khởi nghĩa được ban bố Đã Đầu tháng 8 ? 1945, quân Đông minh tiến công mạnh mê vào các vị trí của quân đội Nhật Bản ở châu Á - Thái Bình Dương, Để uy hiếp quân Nhật, ngày 6 và 1995 1945, Mĩ đã ném hai quả bom nguy",,,,,
entity,lichsu_12_s168_bai16_sec10_001:e5,Time,từ ngày 10 đến ngày 19-5-1941,Thời gian diễn ra Hội nghị lần thứ 8 Ban Chấp hành Trung ương Đảng,từ ngày 10 đến ngày 19-55-1941,0.95,[1941],lichsu_12_s168_bai16_sec10_001,lichsu_12,Bài 16,"3. Nguyễn Ái Quốc về nước trực tiếp lãnh đạo cách mạng, Hội nghị lần","[106, 107, 108, 109]","[""data/corpus/lichsu_12/lichsu_12.pdf_106.jpg.txt"", ""data/corpus/lichsu_12/lichsu_12.pdf_107.jpg.txt"", ""data/corpus/lichsu_12/lichsu_12.pdf_108.jpg.txt"", ""data/corpus/lichsu_12/lichsu_12.pdf_109.jpg.txt""]","ba miền của đất nước, do nhiều tầng lớp nhân dân và binh lính tham gia, đã đó là những tiếng súng báo hiêu cho cuộc khởi nghĩa toàn quốc, là bước đầu đấu tranh bằng vũ lực của các dân tộc Đông Dương"" 3. Nguyễn Ái Quốc về nước trực tiếp lãnh đạo cách mạng, Hội nghị lần thứ 8 Ban Chấp hành Trung ương Đảng Cộng sản Đông Dương (5?1941) Ngày 28 - 1 - 1941, Nguyễn Ai Quốc về nước trực tiếp lãnh đạo cách mạng Sau một thời gian chuẩn bị, Người chủ trì Hội nghị lần thứ 8 Ban Chấp hành Trung Thương Đáng t",,,,,
entity,lichsu_12_s72_bai7_sec5_001:e10,Time,1991,"Năm kinh tế Anh tăng trưởng 1,8%",năm 1991,0.9,[1991],lichsu_12_s72_bai7_sec5_001,lichsu_12,Bài 7,THI TÂY ÂU TỪ NĂM 1973 ĐẾN NĂM 1991,"[47, 48, 49]","[""data/corpus/lichsu_12/lichsu_12.pdf_47.jpg.txt"", ""data/corpus/lichsu_12/lichsu_12.pdf_48.jpg.txt"", ""data/corpus/lichsu_12/lichsu_12.pdf_49.jpg.txt""]","Lan vv đều phán đồi cuốc chiến tranh của Mĩ ở Việt Nam Trong giai đoạn 1950 ? 1973, nhiều thuộc địa của Anh, Pháp, Hà Lan tuyên bố độc lập, đánh dầu thời kì ?phi thực dân phạm vi thế giới Tây Au ? THI TÂY ÂU TỪ NĂM 1973 ĐẾN NĂM 1991 Về kinh tế, do tác đông của cuộc khủng hoáng năng lương thế giới, cũng như Mi và Nhật Bản, từ năm 1973 nhiều nước tư bản chủ yếu ở Tây Au lâm vào tình trang Nguy thoái, khúng hoàng, phát triển không ốn định, kéo dài đến đầu thập kỉ 90 Trong Từ năm 1973 đến năm 1992, ",,,,,
entity,lichsu_12_s312_bai26_sec7_001:e8,Time,kế hoạch 5 năm 1996 - 2000,Kế hoạch được Đại hội đại biểu toàn quốc lần thứ VIII của Đảng đề ra.,kế hoạch 5 năm 1996 - 2000,0.95,"[1996, 2000]",lichsu_12_s312_bai26_sec7_001,lichsu_12,Bài 26,Nam A (ASEAN),"[209, 210, 211, 212, 213, 214, 215, 216]","[""data/corpus/lichsu_12/lichsu_12.pdf_209.jpg.txt"", ""data/corpus/lichsu_12/lichsu_12.pdf_210.jpg.txt"", ""data/corpus/lichsu_12/lichsu_12.pdf_211.jpg.txt"", ""data/corpus/lichsu_12/lichsu_12.pdf_212.jpg.txt"", ""data/corpus/lichsu_12/lichsu_12.pdf_213.jpg.txt"", ""data/corpus/lichsu_12/lichsu_12.pdf_214.jpg.txt"", ""data/corpus/lichsu_12/lichsu_12.pdf_215.jpg.txt"", ""data/corpus/lichsu_12/lichsu_12.pdf_216.jpg.txt""]","hơn 50 nước và vùng lãnh thổ đã đầu tư trực tiếp vào nước ta. Tháng 7 1995. Việt Nam và Mĩ bình thường hoá quan hệ ngoai giao.Ngày 28 7 1995 Việt Nam chính thức gia nhập Hiệp hội các quốc gia Đông Nam A (ASEAN) của Hiệp hội các quốc gia Đông Nam Á (ASEAN) Sau 5 năm thực hiên kế hoạch, bên canh thành tựu và tiến bộ, còn nhiều khó khăn và hạn chế chưa được giai quyết Lực lượng sản xuất còn nhỏ bé, cơ sở vật chất ki thuật lạc hậu , trình đô khoa học và công nghệ chuyển biển châm - hiệu quả sản xuất",,,,,
