audit_kind,item_id,relation_type,source_id,source_type,source_name,target_id,target_type,target_name,description,evidence_text,confidence,chunk_id,book,chapter,section,pages,source_files,chunk_text_preview,is_valid,type_correct,evidence_support,direction_correct,notes
relation,lichsu_11_s97_bai18_sec6_001:8:e10-AFTER-e8,AFTER,e10,Time,1918-1923,e8,Event,Cách mạng tháng Mười Nga,Cao trào cách mạng ở các nước tư bản châu Âu bùng nổ sau Cách mạng tháng Mười Nga.,"Ở các nước tư bản châu Âu, một cao trào cách mang đã bùng nổ trong người những năm 1918 1923.",0.95,lichsu_11_s97_bai18_sec6_001,lichsu_11,Bài 18,THI NHỮNG NỘI DUNG CHÍNH CỦA LỊCH SỬ THẾ GIỚI HIỆN ĐAI,"[102, 103, 104]","[""data/corpus/lichsu_11/lichsu_11.pdf_102.jpg.txt"", ""data/corpus/lichsu_11/lichsu_11.pdf_103.jpg.txt"", ""data/corpus/lichsu_11/lichsu_11.pdf_104.jpg.txt""]","mạng dân chủ Tổng bãi công chính trị ở Lật đổ chế độ tu san Pê tơ rô grát Nga hoàng Khởi nghĩa vũ trang Hai chính quyền song Nga hoàng bị lật đổ song tồn tai Cách mang dân chủ tư sản kiểu mới 10 1917 THI NHỮNG NỘI DUNG CHÍNH CỦA LỊCH SỬ THẾ GIỚI HIỆN ĐAI (1917 1945) Trong gân 30 năm (1917 1945), nội dung lịch sử thế giới hiên đại nổi bật với những vấn đề chính sau đây 1 Trong thời kì này đã diễn ra những chuyển biến quan trọng trong sản xuất vật chiến chất của nhân loại Những tiến bô về khoa học",,,,,
relation,lichsu_10_s83_001:10:e11-AFTER-e10,AFTER,e11,Event,khởi nghĩa Lý Bí,e10,Event,khởi nghĩa Bà Triệu,Khởi nghĩa Lý Bí diễn ra sau khởi nghĩa Bà Triệu.,"khởi nghĩa Bà Triệu (năm 248), khởi nghĩa Lý Bí (năm 542)",0.95,lichsu_10_s83_001,lichsu_10,Bài,1. Khái quát phong trào đấu tranh từ thế kỉ 1 đến đầu thế kỉ x,"[81, 82, 83, 84, 85, 86]","[""data/corpus/lichsu_10/lichsu_10.pdf_81.jpg.txt"", ""data/corpus/lichsu_10/lichsu_10.pdf_82.jpg.txt"", ""data/corpus/lichsu_10/lichsu_10.pdf_83.jpg.txt"", ""data/corpus/lichsu_10/lichsu_10.pdf_84.jpg.txt"", ""data/corpus/lichsu_10/lichsu_10.pdf_85.jpg.txt"", ""data/corpus/lichsu_10/lichsu_10.pdf_86.jpg.txt""]","trực tiếp tới cấp huyên, tổ chức các đơn vị hành chính chính đến cấp hương, xã, nhưng không khống chế nổi các làng xóm người Việt Làng xóm trở thành nơi xuất phát các cuộc đấu tranh giành độc lập. B 1. Khái quát phong trào đấu tranh từ thế kỉ 1 đến đầu thế kỉ x Năm 40, cuộc khởi nghĩa chống ách đô hộ dầu tiên của nhân dân Âu Lạc the thu bùng nổ. Từ đó cho đến đầu thế kỉ X, nhiều cuộc khởi nghĩa đã liên tiếp nổ ra ở ba quận Giao Chỉ, Cửu Chân và Nhật Nam Từ sau cuộc khởi nghĩa Hai Bà Trưng năm 40",,,,,
relation,lichsu_12_s148_bai14_sec10_001:8:e12-AFTER-e1,AFTER,e12,Time,Cuối năm 1933,e1,Event,Cuộc đấu tranh phục hồi phong trào cách mạng,"Các tổ chức của Đảng dần được khôi phục và củng cố vào cuối năm 1933, sau khi phong trào đấu tranh được phục hồi.","Cuối năm 1933, các tổ chức của Đảng dân dần được khôi phục và củng cố.",0.9,lichsu_12_s148_bai14_sec10_001,lichsu_12,Bài 14,1. Cuộc đấu tranh phục hồi phong trào cách mạng,"[95, 96, 97]","[""data/corpus/lichsu_12/lichsu_12.pdf_95.jpg.txt"", ""data/corpus/lichsu_12/lichsu_12.pdf_96.jpg.txt"", ""data/corpus/lichsu_12/lichsu_12.pdf_97.jpg.txt""]","công nông và mặt trận dân tốc 19 thống nhất, về tổ chức, lãnh đạo quần chúng đầu tranh. Póoý nghĩa nhu Các chố cuốc lập dươt đầu tiên của Đảng và quân chúng cho Tổng khới nghĩa tháng Tâm sau này L 1. Cuộc đấu tranh phục hồi phong trào cách mạng Cuộc khủng bố của thực dân Pháp đã làm cho lực lương cách mạng bị tổn thất nặng nề Hàng vàn người bị bắt, bị tù đày, Các nhà tò (Hà Nội), Khám Lớn (Sai Gòn), Côn Đảo, Kon Tum, Lao Bào, Sơn La v.v. chính tn, hâu hết Chinh Các uỷ viên Ban Chấp hành Trung ươ",,,,,
relation,lichsu_12_s114_bai11_sec5_003:4:e8-AFTER-e1,AFTER,e8,Event,cách mạng kĩ thuật,e1,Event,Chiến tranh thế giới thứ hai,Cách mạng kĩ thuật diễn ra sau Chiến tranh thế giới thứ hai,"Từ sau Chiến tranh thế giới thứ hai, một cuộc cách mang kĩ thuật",0.95,lichsu_12_s114_bai11_sec5_003,lichsu_12,Bài 11,"1. Sau Chiến tranh thế giới thứ hai, một trật tư thế giới mói đã được xác lập. Đó","[71, 72, 73]","[""data/corpus/lichsu_12/lichsu_12.pdf_71.jpg.txt"", ""data/corpus/lichsu_12/lichsu_12.pdf_72.jpg.txt"", ""data/corpus/lichsu_12/lichsu_12.pdf_73.jpg.txt""]","đây, chưa bao giờ các quan hê quốc tế được mở rông và đa dạng như trong nửa sau thế kỉ XX Những nét nổi bật của quan hê quốc lê từ sau Chiến tranh thế giới thứ hai là Tình trang đối đầu gay gắt giữa hai siêu cường, hai phe mà đình cao là tình trang chiến tranh lạnh kéo dài tới hơn thập niên Thuy nhiên, phân lớn các quốc gia tiên thế giới vân cùng tôn tại hoà bình, vừa đầu tranh vừa hợp tác, Cả hai siêu cường cũng như các nước khác đều có ý thức về chiến những hiểm hoa khùng khiếp không lường hết",,,,,
relation,lichsu_12_s318_bai27_sec5_001:4:e6-AFTER-e7,AFTER,e6,Event,kháng chiến chống Pháp,e7,Time,cuối năm 1946,Kháng chiến chống Pháp diễn ra sau khi Pháp mở rộng xâm lược cuối năm 1946,"từ cuối năm 1946, chống thực dân Pháp mớ rộng xâm lược ca nước. - Cuộc kháng chiến chống Pháp (1945 ? 1954)",0.8,lichsu_12_s318_bai27_sec5_001,lichsu_12,Bài 27,3. Thời kì 1945 1954,"[217, 218, 219]","[""data/corpus/lichsu_12/lichsu_12.pdf_217.jpg.txt"", ""data/corpus/lichsu_12/lichsu_12.pdf_218.jpg.txt"", ""data/corpus/lichsu_12/lichsu_12.pdf_219.jpg.txt""]","năm 1930. Khởi nghĩa được tiến hành theo hình thái phù hợp, từ khởi nghĩa từng phần phát triển lên tổng khỏi nghĩa, Cuộc Tổng khởi nghĩa tháng loi đã giành được độc lập, chính quyền về tay nhân dân 3. Thời kì 1945 1954 Then (Từ sau thăng lơi Cách mạng tháng Tám năm 1945 đến ngày 21 - 7 - 1954) - Sau khi nước Viết Nam Dân chủ Cộng hoà được thành lập, trong tình hình dất nước gắp muôn vàn khó khân thử thách, nhân dân ta vừa xây dưng chính quyền cách mang, giải quyết nan đói, nan dốt và khó khăn về",,,,,
relation,lichsu_10_s158_001:7:e17-AFTER-e15,AFTER,e17,Event,đổi quốc hiệu thành Đại Việt,e15,Event,xác định quốc hiệu Đại Cồ Việt,Sự kiện đổi quốc hiệu thành Đại Việt diễn ra sau khi quốc hiệu Đại Cồ Việt được xác định.,"Năm 968, quốc hiệu Đại Cồ Việt được xác định, Tiến thêm một bước, năm 1054, quốc hiệu được đổi thành Đại Việt",0.95,lichsu_10_s158_001,lichsu_10,Bài,1. Thời kĩ dựng nước đầu tiên,"[133, 134, 135]","[""data/corpus/lichsu_10/lichsu_10.pdf_133.jpg.txt"", ""data/corpus/lichsu_10/lichsu_10.pdf_134.jpg.txt"", ""data/corpus/lichsu_10/lichsu_10.pdf_135.jpg.txt""]","đã trải qua một quá trình và lao động và chiến đấu đầy hi sinh, gian khổ nhưng hết sức kiên cường, anh dũng, sáng tạo để xây dựng đất nước và bảo vệ vững chắc nền độc lập và thống nhất của Tổ quốc. 1. Thời kĩ dựng nước đầu tiên Vào khoảng thế kỉ VII TCN, sau hàng chục vạn năm sinh sống và mở rộng vùng cư trú, các tộc người Việt cổ trên đất Bắc Việt Nam đã hợp nhất lại, dựng nên quốc gia đầu tiên : Văn Lang và sau đó là Âu Lạc. Một nền văn minh lúa nhước hình thành với nhiều thành tựu văn hắc đượ",,,,,
relation,lichsu_12_s243_bai21_sec9_001:8:e5-AFTER-e2,AFTER,e5,Time,1960,e2,Time,1957,Năm 1960 sau năm 1957,"So với năm 1957, năm 1960",0.9,lichsu_12_s243_bai21_sec9_001,lichsu_12,Bài 21,"2. Cải tạo quan hệ sản xuất, bước đầu pián tế - xã hội","[158, 159, 160, 161, 162]","[""data/corpus/lichsu_12/lichsu_12.pdf_158.jpg.txt"", ""data/corpus/lichsu_12/lichsu_12.pdf_159.jpg.txt"", ""data/corpus/lichsu_12/lichsu_12.pdf_160.jpg.txt"", ""data/corpus/lichsu_12/lichsu_12.pdf_161.jpg.txt"", ""data/corpus/lichsu_12/lichsu_12.pdf_162.jpg.txt""]","cổ chính quyền dân chủ nhân dân, tăng cường khá năng phòng thủ đất nước, mở rộng mặt trận dân tộc thống nhất và quan hê ngoại giao với nhiều nước trên đường sắt Hà Nội - Mục Nam Quan (1957) thế giới. 2. Cải tạo quan hệ sản xuất, bước đầu pián tế - xã hội (1958 - 1960) Trong ba năm (1958 ? 1960), miền Bắc lấy cải tạo xã hội chủ nghĩa làm trọng tâm : cải tao đối với nông nghiệp, thủ công nghiệp, thương nghiệp nhỏ, công thương nghiệp tư bản tư doanh, khâu chính là hợp tác hoá nông nghiệp. Thực hiên",,,,,
relation,lichsu_10_s187_002:8:e10-BEFORE-e12,BEFORE,e10,Time,năm 1814,e12,Time,năm 1825,năm 1814 trước năm 1825,"Năm 1814, Xt-phen-xơn chế tạo thành công chiếc đầu máy xe lửa đầu tiên Năm 1825, nước Anh khánh thành đoan đường sắt đầu tên",0.95,lichsu_10_s187_002,lichsu_10,Bài,1. Cách mạng công nghiệp ở Anh,"[159, 160, 161]","[""data/corpus/lichsu_10/lichsu_10.pdf_159.jpg.txt"", ""data/corpus/lichsu_10/lichsu_10.pdf_160.jpg.txt"", ""data/corpus/lichsu_10/lichsu_10.pdf_161.jpg.txt""]","c sử dụng máy hơi nước đã trở thành phổ biến, do vậy tốc độ sản xuất người và năng suất lao động tăng lên rõ iệt. Máy hơi nước đã tạo ra nguồn động lực mới, làm giảm sức lao động cơ bắp của con người. Lao động bằng tay dần được thay thế bằng máy móc, khởi đầu quá trình công nghiệp hoá ở nước Anh. Nhu cầu dùng máy tăng lên đã thức đẩy ngành chế tạo máy ra đời và thi phát triển, đồng thời đòi hỏi số lương và chất lương kim loại nhiều và cao hơn phát minh về phương pháp nấu than cốc năm 1735 là một",,,,,
relation,lichsu_12_s318_bai27_sec5_002:3:e3-BEFORE-e4,BEFORE,e3,Event,Chiến tranh cục bộ,e4,Event,Việt Nam hoá chiến tranh,Chiến tranh cục bộ diễn ra trước Việt Nam hoá chiến tranh,"1965 - 1968, đánh bai chiến lược ""Chiến tranh cục bô"" , 1969 ? 1973, đánh bại về cơ bản chiến lược ""Việt Nam hoá chiến tranh""",0.9,lichsu_12_s318_bai27_sec5_002,lichsu_12,Bài 27,3. Thời kì 1945 1954,"[217, 218, 219]","[""data/corpus/lichsu_12/lichsu_12.pdf_217.jpg.txt"", ""data/corpus/lichsu_12/lichsu_12.pdf_218.jpg.txt"", ""data/corpus/lichsu_12/lichsu_12.pdf_219.jpg.txt""]","c thực dân mới 1960 1954 - 1954 - 1960, đánh bai chiến tranh đơn phương"" , 1961 - 1965 chiến đánh bại chiến lược ?Chiến tranh đặc biệt"" , 1965 - 1968, đánh bai chiến lược ""Chiến tranh cục bô"""", 1969 ? 1973, đánh bại về cơ bản chiến lược ""Việt Nam hoá chiến tranh"", buốc Mĩ phái rút quân khói miền Nam , 1973 - 1975, đánh bại hoàn thành toàn chiến lược ""Viết Nam hoa chiến tranh"", giải phóng hoàn toàn miền Nam, thống nhất dất nước. - Ở miên Bắc, thực hiện những nhiêm vụ của cách mạng trong thời kì q",,,,,
relation,lichsu_12_s263_bai22_sec11_001:4:e4-BEFORE-e5,BEFORE,e4,Time,5/8/1964,e5,Time,1/11/1968,Giai đoạn từ 5/8/1964 đến 1/11/1968.,Trong hơn 4 năm (từ ngày 5 8 1964 đến ngày 1 11 1968),0.9,lichsu_12_s263_bai22_sec11_001,lichsu_12,Bài 22,"2. Miền Bắc vừa chiến đấu chống chiến tranh phá hoại, vừa sản xuất","[178, 179, 180]","[""data/corpus/lichsu_12/lichsu_12.pdf_178.jpg.txt"", ""data/corpus/lichsu_12/lichsu_12.pdf_179.jpg.txt"", ""data/corpus/lichsu_12/lichsu_12.pdf_180.jpg.txt""]","phá công cuốc xây dưng chủ nghĩa xã hôi ở miền Bác, ngàôn chi viên từ bên ngoài vào miên Bắc và từ miền Bắc vào miền Nam , uy hiếp tình thần, làm lung lay ý chí chống Mĩ của nhân dân ta ở hai mước. 2. Miền Bắc vừa chiến đấu chống chiến tranh phá hoại, vừa sản xuất và làm nghĩa vụ hậu phương Ngay từ ngày đầu Mĩ mở rông chiến tranh, miên Bắc đã kịp thời chuyển mọi hoạt động sang thời chiến, thưc hiên quân sự hoá toàn dân, dào đấp công sư chiến đấu, hầm hào phòng tránh, triệt để sơ tán, phân tán nh",,,,,
relation,lichsu_10_s119_001:1:e1-BEFORE-e2,BEFORE,e1,Event,chiến tranh Nam - Bắc triều,e2,Event,chiến tranh Trịnh - Nguyễn,chiến tranh Nam - Bắc triều xảy ra trước chiến tranh Trịnh - Nguyễn,xảy ra cuộc chiến tranh Nam ? Bắc triều và tiếp đó là chiến tranh Trịnh - Nguyễn,0.9,lichsu_10_s119_001,lichsu_10,Bài,1. Sự sụp đổ của triều Lê sơ. Nhà Mạc được thành lập,"[106, 107]","[""data/corpus/lichsu_10/lichsu_10.pdf_106.jpg.txt"", ""data/corpus/lichsu_10/lichsu_10.pdf_107.jpg.txt""]","chưa được bao lâu thì xảy ra cuộc chiến tranh Nam ? Bắc triều và tiếp đó là chiến tranh Trịnh - Nguyễn. Hai chính quyền ở Đàng Ngoài và Đàng Trong được hình thành, tại nhang cho đến cuối thế kỉ xviil 1. Sự sụp đổ của triều Lê sơ. Nhà Mạc được thành lập Đầu thế kỉ XVI, triều Lê sơ suy sụp. Sau khi vua Lê Hiến Tông chết, các vua Uy Mục, Tương Dực không còn quan tâm đến việc triều chính, chỉ lo ăn chơi, sa đoạ, Quan lại, địa chủ nhân đó hoành hành, hạch sách nhân dân, chiếm đoạt ruộng đất: Nhân dân",,,,,
relation,lichsu_12_s285_bai23_sec12_002:6:e5-BEFORE-e6,BEFORE,e5,Event,Chiến dịch Tây Nguyên,e6,Event,Chiến dịch Huế - Đà Nẵng,Chiến dịch Tây Nguyên đang tiếp diễn khi Bộ Chính trị quyết định kế hoạch giải phóng Huế - Đà Nẵng,"ngay khi chiến dịch Thi Thy Nguyên đang tiếp diên, Bộ Chính tn có quyết định kịp thời kế hoach giái phóng Sài Gòn và toàn miền Nam, trước tiên là tiến hành chiến dịch giải phóng Huế - Đà Năng",0.95,lichsu_12_s285_bai23_sec12_002,lichsu_12,Bài 23,2. Cuộc Tổng tiến công và nối dậy Xuân 1975,"[192, 193, 194, 195, 196]","[""data/corpus/lichsu_12/lichsu_12.pdf_192.jpg.txt"", ""data/corpus/lichsu_12/lichsu_12.pdf_193.jpg.txt"", ""data/corpus/lichsu_12/lichsu_12.pdf_194.jpg.txt"", ""data/corpus/lichsu_12/lichsu_12.pdf_195.jpg.txt"", ""data/corpus/lichsu_12/lichsu_12.pdf_196.jpg.txt""]","h mất tinh thần, hàng nối loan Ngày 14 - 3 - 1975, Nguyên Văn Thiêu ra lênh rút toàn bộ quân khỏi Tây Nguyên về giữ vùng duyên hải miền Trung Trên đường rút chay, chúng bị quân ta truy kích tiêu diệt. Đến ngày 24 - 3 - 1975, Tây Nguyên rông lớn với 60 van dân hoàn toàn được giải phóng Chiến dịch Tây Nguyên thắng loi đã chuyển cuộc kháng chiến chông Mĩ, cứu nước sang giai đoạn mới - từ tiến công chiến lược ở Tây Nguyên phát triển thành tổng tiến công chiến lược trên toàn chiến trường miền Nam Thu",,,,,
relation,lichsu_12_s108_bai10_sec5_002:3:e4-CAUSES-e3,CAUSES,e4,Concept,lực lượng sản xuất,e3,Concept,toàn cầu hoá,Sự tăng tiến mạnh mẽ của lực lượng sản xuất là nguyên nhân của toàn cầu hóa.,"Kết quá của quá trình tang tiến manh mễ của lực lương sản xuất, toàn cầu hoá là xu thế khách quan",0.95,lichsu_12_s108_bai10_sec5_002,lichsu_12,Bài 10,VII - XU THẾ TOÀN CẦU HOÁ VÀ ẢNH HƯỚNG CỦA NÓ,"[66, 67, 68, 69, 70]","[""data/corpus/lichsu_12/lichsu_12.pdf_66.jpg.txt"", ""data/corpus/lichsu_12/lichsu_12.pdf_67.jpg.txt"", ""data/corpus/lichsu_12/lichsu_12.pdf_68.jpg.txt"", ""data/corpus/lichsu_12/lichsu_12.pdf_69.jpg.txt"", ""data/corpus/lichsu_12/lichsu_12.pdf_70.jpg.txt""]","ác kinh tế châu Á - Thái Bình Dương (APEC), Diễn đàn hợp tác Á - Âu (ASEM) V.V Các tổ chức này có vai trò ngày càng quan trong trong việc giải quyết những vấn để kinh tế chung của thế giới và khu vực. Là Là Kết quá của quá trình tang tiến manh mễ của lực lương sản xuất, toàn cầu hoá là xu thế khách quan, là một thực tế không thể đảo ngược được, Nó có mặt tích cực và mặt tiêu cực, nhất là đối với các nước đang phát triển Về mặt tích cực, đó là thúc đẩy rất manh, rất nhanh sự phát triển và xã hôi ",,,,,
relation,lichsu_10_s26_003:7:e12-CAUSES-e13,CAUSES,e12,Person,Triệu Khuông Dẫn,e13,Organization,nhà Tống,Triệu Khuông Dẫn lập ra nhà Tống,"Triệu Khuông Dẫn lại tiêu diệt được các thế lực phong kiến khác, Ngày Hập ra nhà Tổng vào năm 960",0.9,lichsu_10_s26_003,lichsu_10,Bài,"1. Trung Quốc thời Tần, Hán","[28, 29, 30, 31]","[""data/corpus/lichsu_10/lichsu_10.pdf_28.jpg.txt"", ""data/corpus/lichsu_10/lichsu_10.pdf_29.jpg.txt"", ""data/corpus/lichsu_10/lichsu_10.pdf_30.jpg.txt"", ""data/corpus/lichsu_10/lichsu_10.pdf_31.jpg.txt""]","ời làm việc Vào thời Đường, từ các tuyến đường giao thông đã được hình thành trong các ""the trong thế kỉ trước, hai ?con đường tơ lụa"" trên đất liền và trên biển cũng được thiết """""""""""""""" lập, mở rộng. Về chính trị, nhà Đường tiếp tục củng cố chính quyền trung ương, làm cho các biện bộ máy cai trị phong kiến được hoàn chính. Các hoàng để nhà Đường cử người và thiên thân tín cai quản các địa phương, đặc biệt giao cho các công thần hoặc người 19 thu nhiên thân tộc giữ chức Tiết độ sứ, trần ải các m",,,,,
relation,lichsu_10_s26_003:6:e9-CAUSES-e3,CAUSES,e9,Event,khởi nghĩa do Hoàng Sào lãnh đạo,e3,Organization,nhà Đường,Cuộc khởi nghĩa Hoàng Sào dẫn đến việc nhà Đường bị lật đổ,Nhà Đường bị lật đó,0.9,lichsu_10_s26_003,lichsu_10,Bài,"1. Trung Quốc thời Tần, Hán","[28, 29, 30, 31]","[""data/corpus/lichsu_10/lichsu_10.pdf_28.jpg.txt"", ""data/corpus/lichsu_10/lichsu_10.pdf_29.jpg.txt"", ""data/corpus/lichsu_10/lichsu_10.pdf_30.jpg.txt"", ""data/corpus/lichsu_10/lichsu_10.pdf_31.jpg.txt""]","ời làm việc Vào thời Đường, từ các tuyến đường giao thông đã được hình thành trong các ""the trong thế kỉ trước, hai ?con đường tơ lụa"" trên đất liền và trên biển cũng được thiết """""""""""""""" lập, mở rộng. Về chính trị, nhà Đường tiếp tục củng cố chính quyền trung ương, làm cho các biện bộ máy cai trị phong kiến được hoàn chính. Các hoàng để nhà Đường cử người và thiên thân tín cai quản các địa phương, đặc biệt giao cho các công thần hoặc người 19 thu nhiên thân tộc giữ chức Tiết độ sứ, trần ải các m",,,,,
relation,lichsu_10_s119_001:14:e11-CAUSES-e10,CAUSES,e11,Organization,nhà Minh,e10,Organization,nhà Mạc,nhà Minh cho quân tiến xuống khiến nhà Mạc phải dâng sổ sách và thần phục,"vua Minh cho quân tiến xuống, phao tin xâm chiếm nước ta. Nhà Mạc lúng túng, đã buộc phải dâng số sách cho quân Minh, chịu thần phục để yên mặt Bắc",0.9,lichsu_10_s119_001,lichsu_10,Bài,1. Sự sụp đổ của triều Lê sơ. Nhà Mạc được thành lập,"[106, 107]","[""data/corpus/lichsu_10/lichsu_10.pdf_106.jpg.txt"", ""data/corpus/lichsu_10/lichsu_10.pdf_107.jpg.txt""]","chưa được bao lâu thì xảy ra cuộc chiến tranh Nam ? Bắc triều và tiếp đó là chiến tranh Trịnh - Nguyễn. Hai chính quyền ở Đàng Ngoài và Đàng Trong được hình thành, tại nhang cho đến cuối thế kỉ xviil 1. Sự sụp đổ của triều Lê sơ. Nhà Mạc được thành lập Đầu thế kỉ XVI, triều Lê sơ suy sụp. Sau khi vua Lê Hiến Tông chết, các vua Uy Mục, Tương Dực không còn quan tâm đến việc triều chính, chỉ lo ăn chơi, sa đoạ, Quan lại, địa chủ nhân đó hoành hành, hạch sách nhân dân, chiếm đoạt ruộng đất: Nhân dân",,,,,
relation,lichsu_11_s7_bai2_sec1_001:7:e2-CAUSES-e1,CAUSES,e2,Organization,thực dân Anh,e1,Place,Ấn Độ,Thực dân Anh hoàn thành việc xâm lược và đặt ách cai trị ở Ấn Độ.,thực dân Anh đã hoàn thành việc xâm lược và đặt ách cai trị ở Ân Độ,0.95,lichsu_11_s7_bai2_sec1_001,lichsu_11,Bài 2,Bài 2,"[4, 5, 6, 8, 9, 10]","[""data/corpus/lichsu_11/lichsu_11.pdf_10.jpg.txt"", ""data/corpus/lichsu_11/lichsu_11.pdf_4.jpg.txt"", ""data/corpus/lichsu_11/lichsu_11.pdf_5.jpg.txt"", ""data/corpus/lichsu_11/lichsu_11.pdf_6.jpg.txt"", ""data/corpus/lichsu_11/lichsu_11.pdf_8.jpg.txt"", ""data/corpus/lichsu_11/lichsu_11.pdf_9.jpg.txt""]","sự nước ngoài... Về giáo dục - Chính phủ thi hành chính sách giáo dục bất buộc, chú trong nội dung khoa học - kĩ thuật trong chương trình giảng day, cử những học sinh giỏi đi du học ở phương Tây.. Bài2 ÂN ĐỘ Từ giữa thế kỉ XIX, mâu thuẫn giữa đông đảo nhân dân Ấn Độ với thực dân Anh ngày càng trở nên sâu sác, Các cuộc đấu tranh giành độc lập dân tộc diễn ra quyết liệt dưới nhiều hình thức, lôi cuốn đông đảo các tầng lớp nhân dân tham gia. Điển hình là cuộc khởi nghĩa Xipay (1857 1859), phong trà",,,,,
relation,lichsu_11_s19_bai5_sec8_001:5:e6-CAUSES-e4,CAUSES,e6,Organization,Áo,e4,Event,Chiến tranh thế giới thứ nhất,Giới quân phiệt Áo chớp cơ hội gây Chiến tranh thế giới thứ nhất,"Giới quân phiệt Đức, Ao chớp lấy cơ hội đó để gây chiến tranh",0.95,lichsu_11_s19_bai5_sec8_001,lichsu_11,Bài 5,HI DIÊN BIẾN CỦA CHIẾN TRANH,"[32, 33]","[""data/corpus/lichsu_11/lichsu_11.pdf_32.jpg.txt"", ""data/corpus/lichsu_11/lichsu_11.pdf_33.jpg.txt""]","hội cho chiến tranh bùng nổ. Ngày 28 - 6 1914, Thái tử Áo - Hung bi một người Xéc bi ám sát tại Bô xni a. Chiến tranh thể giơi thư nhất Giới quân phiết Đức, Ao chớp lấy cơ hội đó để gây chiến tranh HI DIÊN BIẾN CỦA CHIẾN TRANH 1 Giai doạn thứ nhất (1914 1916) Ngày 28 - 7 1914, Ao - Hung tuyên chiến với Xéc-bi. Ngày 1 -8, Đức tuyên chiến với Nga, ngày 3 - 8 tuyên chiến với Pháp. Ngày 4 8, Anh tuyên chiến với Điều Đức Chiến tranh đế quốc đã bùng nổ và nhanh chóng lan rông thành chiến tranh thế giớ",,,,,
relation,lichsu_12_s183_bai17_sec4_001:10:e12-CAUSES-e2,CAUSES,e12,Event,nạn đói cuối năm 1944 - đầu năm 1945,e2,Place,Việt Nam Dân chủ Cộng hoà,nạn đói cuối năm 1944 - đầu năm 1945 gây hậu quả nặng nề cho Việt Nam Dân chủ Cộng hoà,hậu quả của nan đói cuối năm 1944 - đầu năm 1945,0.95,lichsu_12_s183_bai17_sec4_001,lichsu_12,Bài 17,THÌNH HÌNH NƯỚC TA SAU CÁCH MẠNG THÁNG TÁM NĂM 1945,"[121, 122]","[""data/corpus/lichsu_12/lichsu_12.pdf_121.jpg.txt"", ""data/corpus/lichsu_12/lichsu_12.pdf_122.jpg.txt""]","xây dưng chính quyền cách mang, diệt giác đốt, khắc phục khó khăn về tài chính, đầu tranh chống ngoai xâm, nôi phản, bảo về chính quyền là những nhiêm vu cấp bách của Đảng, Chính phủ và nhân dân ta THÌNH HÌNH NƯỚC TA SAU CÁCH MẠNG THÁNG TÁM NĂM 1945 Nước Việt Nam Dân chủ Công hoà vừa ra dòi đã phải đối mặt với muôn vàn khó khăn, thử thách, Quân đội các nước Đồng minh dưới danh nghĩa giái giáp quân Nhật đã lũ lượt kéo vào nước ta. Từ vĩ tuyến 16 trở ra Bắc, gần 20 van quân Trung Hoa Dân quốc kéo ",,,,,
relation,lichsu_12_s310_bai26_sec5_001:1:e1-CAUSES-e3,CAUSES,e1,Concept,cách mạng khoa học kĩ thuật,e3,Organization,Đảng và Nhà nước ta,cách mạng khoa học kĩ thuật trở thành xu thế thế giới đòi hỏi Đảng và Nhà nước ta phải tiến hành đổi mới,"cách mạng khoa học ? kĩ thuật trở thành xu thế thế giới ; cuộc khủng hoảng toàn diện, trầm trọng ở Liên Xô và các nước xã hội chủ nghĩa khác cũng đòi hỏi Đảng và Nhà nước ta phải tiến hành đổi mới",0.8,lichsu_12_s310_bai26_sec5_001,lichsu_12,Bài 26,2. Đường lối đổi mới của Đảng,"[208, 209]","[""data/corpus/lichsu_12/lichsu_12.pdf_208.jpg.txt"", ""data/corpus/lichsu_12/lichsu_12.pdf_209.jpg.txt""]","cách mạng khoa học ? kĩ thuật trở thành xu thế thế giới ; cuộc khủng hoảng toàn diện, trầm trọng ở Liên Xô và các nước xã hội chủ nghĩa khác cũng đòi hỏi Đảng và Nhà nước ta phải tiến hành đổi mới 2. Đường lối đổi mới của Đảng Đường lối đối mới của Đảng được đề ra lân đầu tiên tại Đại hội VI (12 - 1986) được điều chỉnh, bổ sung và phát triển tại Đại hội VII (6 - 1991), Đại hội VIII (6 1996), Đai hội IX (4001) (1) Đảng Công sản Việt Nam, Văn kiện Đại hội đại biểu toàn quốc lần thứ VI NXB Sư thất,",,,,,
relation,lichsu_10_s26_002:4:e5-CAUSES-e6,CAUSES,e5,Person,Lưu Bang,e6,Organization,nhà Hán,Lưu Bang lập ra nhà Hán,"Lưu Bang, một địa chủ phong kiến lên ngôi, lập ra nhà Hán",0.95,lichsu_10_s26_002,lichsu_10,Bài,"1. Trung Quốc thời Tần, Hán","[28, 29, 30, 31]","[""data/corpus/lichsu_10/lichsu_10.pdf_28.jpg.txt"", ""data/corpus/lichsu_10/lichsu_10.pdf_29.jpg.txt"", ""data/corpus/lichsu_10/lichsu_10.pdf_30.jpg.txt"", ""data/corpus/lichsu_10/lichsu_10.pdf_31.jpg.txt""]","goài Hoàng đế chia đất nước thành các quận, huyện ; đặt các chức quan Thái thú (ở quận) và Huyên lệnh (ở huyện), Các quan lại phải hoàn toàn tuân theo mệnh lệnh của Hoàng đế và luật pháp của nhà nước. Nhà Tần tồn tại được 15 năm, rồi bị cuộc khởi nghĩa nông dân do Trần Thắng Ngô Quảng lãnh đạo làm cho suy sụp. Lưu Bang, một địa chủ phong kiến lên ngôi, lập ra nhà Hán (206 TCN 220) Các hoàng đế triều Hán tiếp tục củng cố bộ máy cai trị, mở rộng hình thức tiến cử cả con em gia đình địa chủ tham gi",,,,,
relation,lichsu_12_s270_bai22_sec18_002:2:e4-CAUSES-e5,CAUSES,e4,Person,Nichxơn,e5,Event,cuộc tập kích chiến lược đường không bằng máy bay B52,Nichxơn phê chuẩn kế hoạch mở cuộc tập kích chiến lược đường không,Nichxơn phê chuẩn kế hoạch mở cuộc tập kích chiến lược đường không bằng máy bay B52,0.9,lichsu_12_s270_bai22_sec18_002,lichsu_12,Bài 22,1. Miền Bắc khôi phục và phát triển kinh tôi,"[181, 182, 183, 184, 185]","[""data/corpus/lichsu_12/lichsu_12.pdf_181.jpg.txt"", ""data/corpus/lichsu_12/lichsu_12.pdf_182.jpg.txt"", ""data/corpus/lichsu_12/lichsu_12.pdf_183.jpg.txt"", ""data/corpus/lichsu_12/lichsu_12.pdf_184.jpg.txt"", ""data/corpus/lichsu_12/lichsu_12.pdf_185.jpg.txt""]","ố phong toả cảng Hải Phòng cùng các cửa sông, luồng lạch, vùng biển miền Bắc. Nhờ được chuẩn bị trước và với tư thế luôn sắn sàng chiến dấu, miền Bắc đã chủ động kip thời chống trả địch ngay trần đầu. Trong điều kiên chiến tranh ác liết, các hoạt đông sản xuất, xây dưng ở miền Bắc vẫn không bi ngừng trê, giao thông vân tải bảo dảm thông suốt Ngày 14 - 12 - 1972, gân hai tháng sau khi tuyên bố ngừng ném bom băn phá miền Bắc từ vì tuyến 20 trở ra, để hồ trợ cho mưu dồ chính tri - ngoai giao mới, N",,,,,
relation,lichsu_10_s221_bai39_sec2_002:6:e11-CAUSES-e3,CAUSES,e11,Concept,học thuyết Mác,e3,Organization,Đảng Công nhân Pháp,Việc truyền bá học thuyết Mác dẫn đến sự thành lập của Đảng Công nhân Pháp.,"do kết quả của việc truyền bá học thuyết Mác ở nghiên nhiều nước tư bản tiên tiến, các dảng công nhân, đảng xã hội hay các nhóm có thi chi khuynh hướng tiền bộ cách mạng của giai cấp công nhân được thành lập : Đảng Công nhân Pháp (1879)",0.8,lichsu_10_s221_bai39_sec2_002,lichsu_10,Bài 39,QUỐC TẾ THỨ HAI,"[194, 195, 197, 198]","[""data/corpus/lichsu_10/lichsu_10.pdf_194.jpg.txt"", ""data/corpus/lichsu_10/lichsu_10.pdf_195.jpg.txt"", ""data/corpus/lichsu_10/lichsu_10.pdf_197.jpg.txt"", ""data/corpus/lichsu_10/lichsu_10.pdf_198.jpg.txt""]","sự lớn manh của công nhân Pháp (1) Theo đạo luật này, các tổ chức công nhân bị giải tán, các toà báo công nhân bị đóng cửa, hàng loạt đảng viên Đảng Công nhân xã hội dân chủ Đức bị bắt bó và tra tấn. Ở Anh, những cuộc bãi công của công nhân đòi tăng lương, thưc hiện ngày làm 8 giờ và đòi cải thiện đời sống liên tục diễn ra, điển hình là nguyen cuộc bãi công của hàng van công nhân khuân vác ở bến tàu Luân Đôn vào cuối thập niên 80 Nét nổi bật của phong trào công nhân Mĩ hồi cuối thế kỉ XIX gắn li",,,,,
relation,lichsu_12_s238_bai21_sec4_001:1:e4-CAUSES-e6,CAUSES,e4,Organization,đế quốc Mĩ,e6,Concept,chia cắt đất nước,Âm mưu của đế quốc Mĩ gây ra việc chia cắt đất nước,"âm mưu của đế quốc Mĩ và chính quyền Ngô Đình Diêm, nước ta lam thời bị chia cắt",0.9,lichsu_12_s238_bai21_sec4_001,lichsu_12,Bài 21,SÀI GÒN Ở MIỀN NAM - 1965),"[156, 157]","[""data/corpus/lichsu_12/lichsu_12.pdf_156.jpg.txt"", ""data/corpus/lichsu_12/lichsu_12.pdf_157.jpg.txt""]","khổ chống đế quốc Mĩ nhằm hoàn thành cuộc cách mạng dân tộc dân chủ nhân dân, thông nhất đất nước. D Phân tích nguyên nhân thắng lợi và ý nghĩa lịch sử của cuộc kháng chiến chống thực dân Pháp (1954) SÀI GÒN Ở MIỀN NAM - 1965) Do âm mưu của đế quốc Mĩ và chính quyền Ngô Đình Diêm, nước ta lam thời bị chia cắt làm hai miên với hai chế độ chính trị xã hôi khác nhau Trong tinh hình đó, mừa tiếp tục thực hiên những nhiêm vu con lai của cách mang dân tộc dân chủ nhân dân, vưa thực hiên những nhiêm vu",,,,,
relation,lichsu_12_s107_bai10_sec4_003:6:e8-CAUSES-e10,CAUSES,e8,Concept,Cách mạng khoa học - công nghệ,e10,Concept,Trái Đất nóng dần lên,Cách mạng khoa học - công nghệ gây ra hiện tượng Trái Đất nóng dần lên,hiện tượng Trái Đất nóng dần lên,0.95,lichsu_12_s107_bai10_sec4_003,lichsu_12,Bài 10,CUỘC CÁCH MẠNG KHOA HỌC - CÔNG NGHỆ,"[66, 67, 68, 69]","[""data/corpus/lichsu_12/lichsu_12.pdf_66.jpg.txt"", ""data/corpus/lichsu_12/lichsu_12.pdf_67.jpg.txt"", ""data/corpus/lichsu_12/lichsu_12.pdf_68.jpg.txt"", ""data/corpus/lichsu_12/lichsu_12.pdf_69.jpg.txt""]","ặt trời, năng lượng gió và nhất là năng lượng nguyên tử v.v.) những vật liệu mới (như chất pôlime chất dẻo với nhiều loại hình khác nhau các loại vật liêu siêu sạch, siêu cứng siêu bên, siêu dân...... công nghệ sinh học với những đột phá phi thường công nghê di truyền, công nghê tế bào, công nghê vì sinh và công nghê enzim, dẫn tới ""nghiệp cuốc """"cách mang xanh"""" trong nông nghiệp với những giống lúa mói có năng suất cao; chiến chịu bênh tốt , những tiến bộ thân kì trong thông tin liên lạc và gi",,,,,
relation,lichsu_11_s7_bai2_sec1_001:10:e11-CAUSES-e2,CAUSES,e11,Time,khoảng 25 năm cuối thế kỉ XIX,e2,Organization,thực dân Anh,"Lương thực của Ấn Độ bị vơ vét đưa về nước Anh, gây ra nạn đói.",lương thực của Ấn Độ bị vơ vét đưa về nước Anh ngày càng nhiều,0.95,lichsu_11_s7_bai2_sec1_001,lichsu_11,Bài 2,Bài 2,"[4, 5, 6, 8, 9, 10]","[""data/corpus/lichsu_11/lichsu_11.pdf_10.jpg.txt"", ""data/corpus/lichsu_11/lichsu_11.pdf_4.jpg.txt"", ""data/corpus/lichsu_11/lichsu_11.pdf_5.jpg.txt"", ""data/corpus/lichsu_11/lichsu_11.pdf_6.jpg.txt"", ""data/corpus/lichsu_11/lichsu_11.pdf_8.jpg.txt"", ""data/corpus/lichsu_11/lichsu_11.pdf_9.jpg.txt""]","sự nước ngoài... Về giáo dục - Chính phủ thi hành chính sách giáo dục bất buộc, chú trong nội dung khoa học - kĩ thuật trong chương trình giảng day, cử những học sinh giỏi đi du học ở phương Tây.. Bài2 ÂN ĐỘ Từ giữa thế kỉ XIX, mâu thuẫn giữa đông đảo nhân dân Ấn Độ với thực dân Anh ngày càng trở nên sâu sác, Các cuộc đấu tranh giành độc lập dân tộc diễn ra quyết liệt dưới nhiều hình thức, lôi cuốn đông đảo các tầng lớp nhân dân tham gia. Điển hình là cuộc khởi nghĩa Xipay (1857 1859), phong trà",,,,,
relation,lichsu_12_s140_bai14_sec2_001:6:e8-CAUSES-e1,CAUSES,e8,Organization,thực dân Pháp,e1,Event,Phong trào cách mạng 1930 - 1935,"Thực dân Pháp tập trung lực lượng đàn áp, phong trào bị tổn thất nghiêm trọng","Thực dân Pháp tập trung lực lương đàn áp, phong trào bị tốn thất nghiêm trong",0.95,lichsu_12_s140_bai14_sec2_001,lichsu_12,Bài 14,PHONG TRÀO CÁCH MANG 1930 - 1935,"[86, 87, 88, 89, 90]","[""data/corpus/lichsu_12/lichsu_12.pdf_86.jpg.txt"", ""data/corpus/lichsu_12/lichsu_12.pdf_87.jpg.txt"", ""data/corpus/lichsu_12/lichsu_12.pdf_88.jpg.txt"", ""data/corpus/lichsu_12/lichsu_12.pdf_89.jpg.txt"", ""data/corpus/lichsu_12/lichsu_12.pdf_90.jpg.txt""]","độc lập của dân tộc, cho tự do của nhân dân(1) Đảng ra đời là sự chuẩn bị tất yếu đầu tiên có tính quyết định cho những bước phát triển nháy vot mới trong lích sứ phát triển của dân tộc Viết Nam I PHONG TRÀO CÁCH MANG 1930 - 1935 Trong những năm 1929 - 1933, kinh tế Việt Nam phải gánh chiu những hâu quả năng nề của cuộc khủng hoảng kinh tế ở nước Pháp. Đời sống của các tầng lớp nhân dân gặp nhiều khó khăn, Trong thời gian này các thưc dân Pháp đàn áp đã man cuốc khới nghia Yên Bai khiên cho tinh",,,,,
relation,lichsu_12_s303_bai25_sec5_001:4:e6-CAUSES-e4,CAUSES,e6,Event,Hoàn thành thống nhất đất nước về mặt nhà nước,e4,Event,Cách mạng Việt Nam chuyển sang giai đoạn mới,Hoàn thành thống nhất đất nước về mặt nhà nước là nguyên nhân để Cách mạng Việt Nam chuyển sang giai đoạn mới,"Sau thắng lợi của cuộc kháng chiến chống Mĩ, cứu nước và hoàn thành thống nhất đất nước về mặt nhà nước, nước ta chuyển sang giai đoạn đất nước độc lập thống nhất, đi lên chủ nghĩa xã hội.",0.95,lichsu_12_s303_bai25_sec5_001,lichsu_12,Bài 25,1. Cách mạng Việt Nam chuyển sang giai đoạn mới,"[203, 204, 205, 206]","[""data/corpus/lichsu_12/lichsu_12.pdf_203.jpg.txt"", ""data/corpus/lichsu_12/lichsu_12.pdf_204.jpg.txt"", ""data/corpus/lichsu_12/lichsu_12.pdf_205.jpg.txt"", ""data/corpus/lichsu_12/lichsu_12.pdf_206.jpg.txt""]","1976 đến năm 1986 qua hai kế hoạch nhà nước 5 năm (1976 - 1980 và 1981 - 1985), nhân dân la thực hiên những nhiêm vụ kinh tế - xã hòi nhằm xây dưng đất nước, đồng thời với đầu tranh bảo vệ Tổ quốc 1. Cách mạng Việt Nam chuyển sang giai đoạn mới Sau thắng lợi của cuộc kháng chiến chống Mĩ, cứu nước và hoàn thành thống nhất đất nước về mặt nhà nước, nước ta chuyển sang giai đoạn đất nước độc lập thống nhất, đi lên chủ nghĩa xã hội. Điều độc lập và thông nhất là điều kiên tiên quyết để đất nước tiê",,,,,
relation,lichsu_11_s67_bai15_sec2_001:10:e11-CAUSES-e10,CAUSES,e11,Organization,Quốc tế Công sản,e10,Organization,Đảng Cộng Sản Trung Quốc,Quốc tế Công sản giúp đỡ sự ra đời của Đảng Cộng Sản Trung Quốc,"Với sự giúp đô của Quốc tế Công sản, năm 1920 Thi một số nhóm công sản đã ra đời, Tiên cơ sở các nhóm này, tháng 7 - 1921 Đảng Công Sản Trung Quốc được thành lập",0.9,lichsu_11_s67_bai15_sec2_001,lichsu_11,Bài 15,PHONG TRÀO CÁCH MẠNG QUỐC (1919 - 1939),"[79, 80]","[""data/corpus/lichsu_11/lichsu_11.pdf_79.jpg.txt"", ""data/corpus/lichsu_11/lichsu_11.pdf_80.jpg.txt""]","phong trào Ngũ tứ đã mở đầu thời kì cách mạng dân chủ mới. Ở Ân Độ, Đảng Quốc đại, dứng đầu là Ma-hát-ma Gan-đi, đã lãnh đạo phong trào giải phóng dân tộc theo đường lối bất bạo động, bất hợp tác. PHONG TRÀO CÁCH MẠNG QUỐC (1919 - 1939) Phong trào Ngũ tứ và sự thành lập Đảng Cộng Sản Trung Quốc Phong trào Ngũ tứ bùng nổ ngày 4 - 5 - 1919, nhàm phản đối âm mưu xâu xé Trung Quốc của các nước để quốc, Mở đầu phong trào là cuộc biểu tình của 3 000 học sinh, sinh viên yêu nước Bắc Kinh tai Quảng trườ",,,,,
relation,lichsu_10_s16_001:1:e1-CAUSES-e2,CAUSES,e1,Concept,công cụ bằng kim loại,e2,Concept,chế độ công xã thị tộc,Sự xuất hiện của công cụ kim loại báo hiệu sự tan rã của chế độ công xã thị tộc.,Sự xuất hiện công cụ bằng kim loại đã báo hiệu sự tan võ hoàn toàn của chế nhà độ công xã thi tộc,0.9,lichsu_10_s16_001,lichsu_10,Bài,1. Điều kiện tự nhiên và sự phát triển kinh tế,"[12, 13]","[""data/corpus/lichsu_10/lichsu_10.pdf_12.jpg.txt"", ""data/corpus/lichsu_10/lichsu_10.pdf_13.jpg.txt""]","hành và được cha truyền, con nối. Phương Đông cũng là cái nôi của văn minh nhân loại nơi mà lần đầu tiên con người đã biết sáng tạo ra chữ và viết, văn học, nghệ thuật và nhiêu tri thức khoa hoc khác 1. Điều kiện tự nhiên và sự phát triển kinh tế Sự xuất hiện công cụ bằng kim loại đã báo hiệu sự tan võ hoàn toàn của chế nhà độ công xã thi tộc và là khởi đầu của thời đại văn minh ? thời đại con người thi thi sản xuất ra ngày càng nhiều của cải, biết xây dựng những công trình kiến trúc đồ sộ, có c",,,,,
relation,lichsu_10_s182_001:3:e6-CAUSES-e7,CAUSES,e6,Concept,khủng hoảng xã hội sâu sắc,e7,Event,Cách mạng bùng nổ nền quân chủ lập hiến,Khủng hoảng xã hội báo hiệu cách mạng,báo hiệu một cuộc cách mạng đang đến gần,0.9,lichsu_10_s182_001,lichsu_10,Bài,1. Cách mạng bùng nổ nền quân chủ lập hiến,"[151, 152, 153, 154, 155]","[""data/corpus/lichsu_10/lichsu_10.pdf_151.jpg.txt"", ""data/corpus/lichsu_10/lichsu_10.pdf_152.jpg.txt"", ""data/corpus/lichsu_10/lichsu_10.pdf_153.jpg.txt"", ""data/corpus/lichsu_10/lichsu_10.pdf_154.jpg.txt"", ""data/corpus/lichsu_10/lichsu_10.pdf_155.jpg.txt""]","mâu thuẫn về quyền lợi kinh tế và địa vị chính trị giữa Đẳng cấp thứ ba với đẳng cấp Tăng lữ và Quý tộc, nước Pháp lâm vào cuộc khủng hoảng xã hội sâu sắc, báo hiệu một cuộc cách mạng đang đến gần. 1. Cách mạng bùng nổ nền quân chủ lập hiến Sự khủng hoảng trầm trọng của nền tài chính quốc gia buộc Lu-i XVI phải triệu tập Hội nghị ba đẳng cấp ngày 5 - 5 ? 1789 tại cung điện Véc-xai để đề xuất vấn đề vay tiền và ban hành thêm thuế mới Phản đối ý định ban hành thuế mới của nhà vua, ngày 17-6, đại b",,,,,
relation,lichsu_12_s30_bai2_sec11_001:4:e6-CAUSES-e7,CAUSES,e6,Person,M. Goócbachốp,e7,Event,công cuộc cải tổ,M. Goócbachốp tiến hành công cuộc cải tổ,tiên hành công cuộc cải tổ đãi nước,0.9,lichsu_12_s30_bai2_sec11_001,lichsu_12,Bài 2,THI LIÊN XO VÀ CÁC NƯỚC ĐÔNG ÂU TỪ GIỮA NHƯNG NĂM 700,"[13, 14, 15]","[""data/corpus/lichsu_12/lichsu_12.pdf_13.jpg.txt"", ""data/corpus/lichsu_12/lichsu_12.pdf_14.jpg.txt"", ""data/corpus/lichsu_12/lichsu_12.pdf_15.jpg.txt""]","ninh ở châu Âu và thế giới Sự lớn mạnh của Liên Xô và các nước thành viên đã tao nên thế cân bằng về sức mạnh quân sự giữa các nước xã hội chủ nghĩa và các nước tư bản chủ nghĩa vào đầu những năm 70. THI LIÊN XO VÀ CÁC NƯỚC ĐÔNG ÂU TỪ GIỮA NHƯNG NĂM 700 ĐẾN NĂM 1991 11 Sự khúng hoáng đầu những năm 80, nền kinh tế Liên bộc lộ những dấu hiêu suy thoái Đời sống chính trị có những diễn biến phức tạp, xuất hiên tư tưởng và một số nhóm đối lập chống lại Đảng Cộng sản và Nhà nước Xô viết. Tháng 3 - 198",,,,,
relation,lichsu_10_s175_001:1:e1-CAUSES-e2,CAUSES,e1,Event,chiến tranh giải phóng,e2,Organization,chính quyền thực dân Anh,chiến tranh giải phóng nhằm lật đổ sự thống trị của chính quyền thực dân Anh,một cuộc chiến tranh giải phóng nhằm lật đồ sự thống trị của chính quyền thực dân Anh,0.95,lichsu_10_s175_001,lichsu_10,Bài,1. Sự phát triển của chủ nghĩa tư bản ở Bắc Mĩ. Nguyên nhân,"[146, 147]","[""data/corpus/lichsu_10/lichsu_10.pdf_146.jpg.txt"", ""data/corpus/lichsu_10/lichsu_10.pdf_147.jpg.txt""]","một cuộc chiến tranh giải phóng nhằm lật đồ sự thống trị của chính quyền thực dân Anh mở đường cho chủ nghĩa tư bản phát triển ở Bắc Mĩ, dẫn đến sự ra đời của một quốc gia mới - Hợp chúng quốc Mi. 1. Sự phát triển của chủ nghĩa tư bản ở Bắc Mĩ. Nguyên nhân bũng nổ chiến tranh Sau phát kiến của Cri xtốp Cô-lôm bô, nhiều người dân châu Âu di cư sang vùng Bắc Mi. Đến nửa đầu thế kỉ XVIII, người Anh đã lập được 13 thuộc địa dọc theo bờ Đại Tây Dương ở Bắc Mĩ với số dân khoảng 1,3 triều người CCA NA ",,,,,
relation,lichsu_11_s6_003:10:e4-CAUSES-e12,CAUSES,e4,Organization,chính phủ mới,e12,Concept,chính sách giáo dục bắt buộc,Chính phủ thi hành chính sách giáo dục bắt buộc,Chính phủ thi hành chính sách giáo dục bất buộc,0.95,lichsu_11_s6_003,lichsu_11,Bài,Bài,"[4, 5, 6]","[""data/corpus/lichsu_11/lichsu_11.pdf_4.jpg.txt"", ""data/corpus/lichsu_11/lichsu_11.pdf_5.jpg.txt"", ""data/corpus/lichsu_11/lichsu_11.pdf_6.jpg.txt""]","ách tiến bộ nhâm đưa Nhật Bản thoát khỏi tình trang một nước phong kiến lạc hậu. Đó là cuộc Duy tân Minh Tri được tiến hành trên tất cả các lĩnh vực : chính tri, kinh tế, quân sự, văn hoá - giáo dục.. Hinh 1 Thiên hoàng Minh Tri (1852 - 1912) Về chính trị - Nhật hoàng tuyên bố thủ tiêu chế độ Mạc phủ, thành lập chính phủ mới, trong đó đại biểu của tầng lớp quý tộc tư sản hoá đóng vai trò quan trong thực hiên quyền bình đẳng giữa các công dân Năm 1889, Hiến pháp mới được ban hành, chế độ quân chủ",,,,,
relation,lichsu_12_s23_bai2_sec4_002:5:e7-CAUSES-e5,CAUSES,e7,Event,cuộc tiến công truy kích quân phát xít của Hồng quân Liên Xô,e5,Event,Sự ra đời các nhà nước dân chủ nhân dân Đông Âu,Cuộc tiến công truy kích quân phát xít của Hồng quân Liên Xô cùng với sự nổi dậy của nhân dân Đông Âu dẫn đến sự ra đời các nhà nước dân chủ nhân dân Đông Âu,"cùng với cuộc tiến công truy kích qộâ phát xít của Hồng quân Liên Xô, nhân dân các nước Đông Au đã nổi dậy gianh (1934 - 1968) chính quyền, thành lập nhà nước dân chú nhân dân",0.95,lichsu_12_s23_bai2_sec4_002,lichsu_12,Bài 2,THI LIÊN XÔ VÀ CÁC NƯỚC ĐÔNG ÂU TỪ NĂM 1945 ĐẾN GIỮA NHỮNG NĂM 7000,"[10, 11, 12]","[""data/corpus/lichsu_12/lichsu_12.pdf_10.jpg.txt"", ""data/corpus/lichsu_12/lichsu_12.pdf_11.jpg.txt"", ""data/corpus/lichsu_12/lichsu_12.pdf_12.jpg.txt""]","h phục vũ tru của loài người Về xã hội, đất nước Liên Xô cũng có IN nhiều biến đoi. Tỉ lệ công nhân chiếm hơn L 55% số người lao động cả nước. Trình độ học vấn của người dân không ngùng được nâng cao. Về đối ngoại, Liên Xô thực hiên chính sách bảo về hoà bình thế giới, ủng hộ phong trào giải phóng dân tộc và giúp đờ các nước xã hội chủ nghĩa. 2.Các nước Đông Âu a) Sự ra đời các nhà nước dân chủ nhân dân Đông Âu Trong những năm 1944, cùng với cuộc tiến công truy kích qộâ phát xít của Hồng quân Li",,,,,
relation,lichsu_10_s133_bai23_sec8_001:1:e1-CAUSES-e2,CAUSES,e1,Person,Huệ,e2,Event,trận Rạch Gầm - Xoài Mút,Huệ đã tổ chức trận Rạch Gầm - Xoài Mút,Huệ đã tố chức trận Rạch Gầm - Xoài Mút,0.95,lichsu_10_s133_bai23_sec8_001,lichsu_10,Bài 23,2. Kháng chiến chống Thanh (1789),"[117, 118, 119]","[""data/corpus/lichsu_10/lichsu_10.pdf_117.jpg.txt"", ""data/corpus/lichsu_10/lichsu_10.pdf_118.jpg.txt"", ""data/corpus/lichsu_10/lichsu_10.pdf_119.jpg.txt""]","Huệ đã tố chức trận Rạch Gầm - Xoài Mút đánh tan tành Thi nhu quân xâm lược Nguyễn Ánh theo cánh tàn quân Xiêm chạy thoát. Miền Nam trớ lại yên bình. B - Em biết gì thêm về trận Rạch Gầm - Xoài Mút ? 2. Kháng chiến chống Thanh (1789) Sau khi bị quân Tây Sơn đánh bại, vua Lê Chiêu Thống cùng một số đại thần Thuy thân cận bỏ chạy lên phía bắc, cho người sang Trung Quốc câu cứu nhà Thanh Nhang Nhận Nhận thấy đây là một thời cơ thuận lợi để xâm lược, vua Thanh sai tướng đem 192 199 vạn quân, theo sự",,,,,
relation,lichsu_12_s66_bai6_sec4_001:3:e5-CAUSES-e6,CAUSES,e5,Concept,khủng hoảng thế giới,e6,Place,Mĩ,Khủng hoảng thế giới khiến kinh tế Mỹ rơi vào khủng hoảng,"do tác đông của cuộc khủng hoảng thế giới, kinh tế Mi nghi tâm vào tình trang khúng hoàng và suy thoái",0.95,lichsu_12_s66_bai6_sec4_001,lichsu_12,Bài 6,NGƯỜI NƯỚC MĨ TỪ NĂM 1973 ĐẾN NĂM 1991,"[42, 43, 44, 45]","[""data/corpus/lichsu_12/lichsu_12.pdf_42.jpg.txt"", ""data/corpus/lichsu_12/lichsu_12.pdf_43.jpg.txt"", ""data/corpus/lichsu_12/lichsu_12.pdf_44.jpg.txt"", ""data/corpus/lichsu_12/lichsu_12.pdf_45.jpg.txt""]","Quốc được thiết lập. Đến tháng 5 - 1972, Nichxơn Xô, thực thiến hiên sách lước hoà hoãn với hai nước lớn để chống lại phong trào đấu tranh cách mang của các dân tộc. nhanh trong giai doan 1945 - 1973 NGƯỜI NƯỚC MĨ TỪ NĂM 1973 ĐẾN NĂM 1991 Ngày Năm 1973, do tác đông của cuộc khủng hoảng thế giới, kinh tế Mi nghi tâm vào tình trang khúng hoàng và suy thoái kéo dài tối năm 1982 Năng suất lao động từ năm 1974 đến năm 1981 giảm xuống còn 0,43%/năm Hê thống tài chính tiên tê tín dụng bị rối loạn , dự ",,,,,
relation,lichsu_10_s124_001:4:e6-CAUSES-e7,CAUSES,e6,Concept,"mất mùa, đói kém",e7,Concept,nông dân nổi dậy đấu tranh,"Mất mùa, đói kém khiến cuộc sống nông dân khổ cực và họ nổi dậy đấu tranh.","Mất mùa, đói kém xảy ra liên miên. Cuộc sống của nông dân trở nên khổ cực; họ đã nổi dậy đấu tranh.",0.95,lichsu_10_s124_001,lichsu_10,Bài,1. Tình hình nông nghiệp ở các thế kỉ XVI - XVIII,[111],"[""data/corpus/lichsu_10/lichsu_10.pdf_111.jpg.txt""]","CÁC THẾ KỈ XVI - XVIII Thế kỉ XVI, đất nước có nhiều biến động lớn. Tuy nhiên, trong do nhiều điều kiên khác nhau nên nền kinh tế tiếp tục phát triển với những biểu hiện có ý nghĩa xã hội quan trọng. 1. Tình hình nông nghiệp ở các thế kỉ XVI - XVIII Từ cuối thế kỉ XV đến đầu thế kỉ XVI, ruộng đất ngày càng tập trung vào tay thát tầng lớp địa chủ, quan lại. Nhà nước không quan tâm đến sản xuất như trước Mất mùa, đói kém xảy ra liên miên. Cuộc sống của nông dân trở nên khổ cực; họ đã nổi dậy đấu t",,,,,
relation,lichsu_12_s40_bai3_sec6_001:8:e10-CAUSES-e11,CAUSES,e10,Organization,Trung ương Đảng Cộng sản Trung Quốc,e11,Concept,đường lối đổi mới,Trung ương Đảng Cộng sản Trung Quốc đề ra đường lối đổi mới,Trung ương Đang Công Sản Trung Quống lối mới,0.95,lichsu_12_s40_bai3_sec6_001,lichsu_12,Bài 3,3. Công cuộc cải cách - mở cứa (từ năm 1978),"[20, 21, 22, 23, 24]","[""data/corpus/lichsu_12/lichsu_12.pdf_20.jpg.txt"", ""data/corpus/lichsu_12/lichsu_12.pdf_21.jpg.txt"", ""data/corpus/lichsu_12/lichsu_12.pdf_22.jpg.txt"", ""data/corpus/lichsu_12/lichsu_12.pdf_23.jpg.txt"", ""data/corpus/lichsu_12/lichsu_12.pdf_24.jpg.txt""]","ra cuộc xung đột biên giới giữa Trung Quốc với Ân Độ (1962), giữa Trung Quốc với Liên Xô (1969), Tháng 2 1972, Tổng thông Mir. Nichxơn sang thăm Trung Quốc, mở đó theo hướng hoà diu giữa hai nước. 3. Công cuộc cải cách - mở cứa (từ năm 1978) Tháng 12 - 1978, Trung ương Đang Công Sản Trung Quống lối mới Thi thu do Đăng Tiểu Bình khới xướng, mớ đầu cho công cuốc cái cách kinh tế - xã hôi người của đất nước. Đường lối này được nàng lên thành đường lối chung của Đại hôi Xi 1982) 19 29 29 29 2 1982),",,,,,
relation,lichsu_12_s31_bai2_sec12_001:1:e4-CAUSES-e5,CAUSES,e4,Event,khủng hoảng dầu mỏ,e5,Place,Đông Âu,khủng hoảng dầu mỏ tác động mạnh đến nền kinh tế các nước Đông Âu,Cuộc khủng hoảng dầu mỏ năm 1973 tác đông mạnh đến nền kinh tế của các nước Đông Âu,0.9,lichsu_12_s31_bai2_sec12_001,lichsu_12,Bài 2,ADẮCXTAN TÊN NƯỚC,"[14, 15, 16, 17]","[""data/corpus/lichsu_12/lichsu_12.pdf_14.jpg.txt"", ""data/corpus/lichsu_12/lichsu_12.pdf_15.jpg.txt"", ""data/corpus/lichsu_12/lichsu_12.pdf_16.jpg.txt"", ""data/corpus/lichsu_12/lichsu_12.pdf_17.jpg.txt""]",đánh dấu sự châm dứt chế đô xã hội chủ nghĩa ở Liên Xô sau 74 năm tôn tại Divrangly BẮC BĂNG DƯƠNG BIEN BERINH D Công đông các quốc gia độc lập (SNG) LÃNH THỔ ĐÁNH SỐ Các nước khác TRÊN LƯỢC ĐỒ ADẮCXTAN TÊN NƯỚC 1.ADÉCBAIGIAN Biên giới Liên Xô đến ngày 25 - 12 - 1991 2.Caliningral (LB. NGA) Biên giới quốc gia hiện nay 22 Sự khủng hoảng của chế độ xã hội chủ nghĩa ở các nước Đông Âu Cuộc khủng hoảng dầu mỏ năm 1973 tác đông mạnh đến nền kinh tế của các nước Đông Âu Vào những năm cuối của thập kỉ ,,,,,
relation,lichsu_12_s310_bai26_sec5_001:2:e2-CAUSES-e3,CAUSES,e2,Event,"khủng hoảng toàn diện, trầm trọng ở Liên Xô và các nước xã hội chủ nghĩa khác",e3,Organization,Đảng và Nhà nước ta,"cuộc khủng hoảng toàn diện, trầm trọng ở Liên Xô và các nước xã hội chủ nghĩa khác đòi hỏi Đảng và Nhà nước ta phải tiến hành đổi mới","cuộc khủng hoảng toàn diện, trầm trọng ở Liên Xô và các nước xã hội chủ nghĩa khác cũng đòi hỏi Đảng và Nhà nước ta phải tiến hành đổi mới",0.8,lichsu_12_s310_bai26_sec5_001,lichsu_12,Bài 26,2. Đường lối đổi mới của Đảng,"[208, 209]","[""data/corpus/lichsu_12/lichsu_12.pdf_208.jpg.txt"", ""data/corpus/lichsu_12/lichsu_12.pdf_209.jpg.txt""]","cách mạng khoa học ? kĩ thuật trở thành xu thế thế giới ; cuộc khủng hoảng toàn diện, trầm trọng ở Liên Xô và các nước xã hội chủ nghĩa khác cũng đòi hỏi Đảng và Nhà nước ta phải tiến hành đổi mới 2. Đường lối đổi mới của Đảng Đường lối đối mới của Đảng được đề ra lân đầu tiên tại Đại hội VI (12 - 1986) được điều chỉnh, bổ sung và phát triển tại Đại hội VII (6 - 1991), Đại hội VIII (6 1996), Đai hội IX (4001) (1) Đảng Công sản Việt Nam, Văn kiện Đại hội đại biểu toàn quốc lần thứ VI NXB Sư thất,",,,,,
relation,lichsu_11_s58_bai13_sec4_001:7:e8-CAUSES-e9,CAUSES,e8,Person,Ru-do-ven,e9,Concept,Chính sách mới,Tổng thống Ru-do-ven đã thực hiện Chính sách mới,"Tổng thống Ru-do-ven da thiện thực hiên một hê thống các chính sách, biên pháp của Nhà nước trên các lĩnh vương kinh tế - tài chính và chính trị - xã hội, được goi chung là Chính sách mới",0.95,lichsu_11_s58_bai13_sec4_001,lichsu_11,Bài 13,HI NƯỚC MI TRONG NĂM 1929 1939,"[69, 70, 71, 72, 73]","[""data/corpus/lichsu_11/lichsu_11.pdf_69.jpg.txt"", ""data/corpus/lichsu_11/lichsu_11.pdf_70.jpg.txt"", ""data/corpus/lichsu_11/lichsu_11.pdf_71.jpg.txt"", ""data/corpus/lichsu_11/lichsu_11.pdf_72.jpg.txt"", ""data/corpus/lichsu_11/lichsu_11.pdf_73.jpg.txt""]","nghĩa tư do thái quá đã đưa đến sư phát triển không nghiệp đông bô giữa các ngành công nghiệp, giữa công nghiệp với nông nghiệp, và không có kế hoạch dài hạn cho sự cân đối giữa sản xuất và tiêu dùng HI NƯỚC MI TRONG NĂM 1929 1939 1 Cuộc khúng hoảng kinh tế (1933) ở Mi Trong khi giai cấp tư sản Mĩ đang hết lời ca ngơi sự phốn vinh của nền kinh tế thì cuộc khủng hoảng kinh tế chưa từng thấy bất ngờ bùng nổ vào tháng 10 1929 chấm dứt thời kì hoàng kinh tế Mĩ Cuốc khùng hoáng bất đầu trong lĩnh vực",,,,,
relation,lichsu_10_s33_001:4:e5-CAUSES-e6,CAUSES,e5,Concept,"chia rẽ, phân tán",e6,Organization,chính quyền trung ương,"Chính quyền trung ương suy yếu là một nguyên nhân của tình trạng chia rẽ, phân tán",Nguyên nhân chi của nó một phần là do chính quyền trung ương suy yếu,0.95,lichsu_10_s33_001,lichsu_10,Bài,"V - VII), được mở rộng trên toàn lãnh thổ Ân Độ, và",[41],"[""data/corpus/lichsu_10/lichsu_10.pdf_41.jpg.txt""]","nền hoáng nhanh niều năng nhiền nhiền hiện viên hoành ninh niều năng nhành niều năng nhà truyền thống Ân Độ - văn hoá Hinđu, Nền văn hoá đó tiếp tục phát triển ở thời Hậu Gúp-ta và Hác-sa (thế kỉ V - VII), được mở rộng trên toàn lãnh thổ Ân Độ, và tiếp tục duy trì ở các thời kì sau cùng với những nền văn hoá khác. 1, Sự phát triển của lịch sử và văn hoá truyền thống trên toàn lãnh thổ Ấn Độ Đến thế kỉ VII, Ấn Độ lại bị rơi vào tình trạng chia rẽ, phân tán. Nguyên nhân chi của nó một phần là do c",,,,,
relation,lichsu_12_s144_bai14_sec6_004:3:e1-CAUSES-e4,CAUSES,e1,Organization,thực dân Pháp,e4,Organization,Đảng,thực dân Pháp phá vỡ nhiều cơ quan lãnh đạo của Đảng,"nhiều cơ quan lãnh đạo của Đảng, cơ sở quần chúng bị phá võ",0.95,lichsu_12_s144_bai14_sec6_004,lichsu_12,Bài 14,VÀ THI PHONG TRAO CÁCH MẠNG 1930 - 1931 VỚI ĐÌNH CAO XÔ VIẾT NGHỆ - TINH,"[90, 91, 92, 93, 94]","[""data/corpus/lichsu_12/lichsu_12.pdf_90.jpg.txt"", ""data/corpus/lichsu_12/lichsu_12.pdf_91.jpg.txt"", ""data/corpus/lichsu_12/lichsu_12.pdf_92.jpg.txt"", ""data/corpus/lichsu_12/lichsu_12.pdf_93.jpg.txt"", ""data/corpus/lichsu_12/lichsu_12.pdf_94.jpg.txt""]","quần chúng nhân dân trong cả nước Trước tác động của phong trào, thưc dân Pháp tập trung lực lương tiến hành khủng bố đã man Chúng điều đông binh lính đồng nhiều đồn bốt ở hai tỉnh Nghê An và Hà Tính. Cùng với việc cho binh lính đi càn quét, bắn giết dân chúng, đốt phá, triết hạ làng mạc, chúng còn dùng nhiều thủ đoạn chia rê, dụ đồ, mua chuộc, Vì vây; nhiều cơ quan lãnh đạo của Đảng, cơ sở quần chúng bị phá võ, nhiều cán bộ, đảng viên, những người yêu nước bi bất, tù đày hoặc bi sát hai Từ giữa",,,,,
relation,lichsu_11_s138_bai24_sec4_001:9:e9-LOCATED_IN-e10,LOCATED_IN,e9,Place,Lao Bảo,e10,Place,Quảng Trị,Ngục Lao Bảo nằm ở Quảng Trị.,ngục Lao Bảo (Quảng Trị),0.95,lichsu_11_s138_bai24_sec4_001,lichsu_11,Bài 24,THI PHONG TRÀO ĐẦU TRANH VŨ TRANG TRONG CHIẾN TRANH,"[146, 147, 148, 149]","[""data/corpus/lichsu_11/lichsu_11.pdf_146.jpg.txt"", ""data/corpus/lichsu_11/lichsu_11.pdf_147.jpg.txt"", ""data/corpus/lichsu_11/lichsu_11.pdf_148.jpg.txt"", ""data/corpus/lichsu_11/lichsu_11.pdf_149.jpg.txt""]","đến mức mùa màng gần như mất tráng, Giữa năm này; đề vỡ ở hầu hết các sông lớn thuộc Bắc Kì, làm ngập tối 22 000 ha Chính sách khai thác thuộc địa của thực dân Pháp trong chiến tranh đã tác động như THI PHONG TRÀO ĐẦU TRANH VŨ TRANG TRONG CHIẾN TRANH 1 Hoạt động của Việt Nam Quang phục hội Sau những hoạt động không thành công trong năm 1913, Viết Nam Quang phục hội gần như nằm im. Khi chiến tranh bùng nổ, do tình hình thay đổi, Hội đã tổ chức nhiều cuộc bạo động Tháng 9 - 1914, hội viên Đỗ Chân ",,,,,
relation,lichsu_10_s29_001:5:e6-LOCATED_IN-e7,LOCATED_IN,e6,Place,Ấn Độ,e7,Place,châu Á,Ấn Độ nối với châu Á ở phía bắc,cạnh phía bắc nối với châu Á,0.9,lichsu_10_s29_001,lichsu_10,Bài,Bài,"[28, 29, 30, 31, 37, 38, 39]","[""data/corpus/lichsu_10/lichsu_10.pdf_28.jpg.txt"", ""data/corpus/lichsu_10/lichsu_10.pdf_29.jpg.txt"", ""data/corpus/lichsu_10/lichsu_10.pdf_30.jpg.txt"", ""data/corpus/lichsu_10/lichsu_10.pdf_31.jpg.txt"", ""data/corpus/lichsu_10/lichsu_10.pdf_37.jpg.txt"", ""data/corpus/lichsu_10/lichsu_10.pdf_38.jpg.txt"", ""data/corpus/lichsu_10/lichsu_10.pdf_39.jpg.txt""]","đó, miên Bắc Tổng lại bị nước Kim đánh chiếm. Đến cuối thế kỉ XIII, cả hai nước Kim và Nam Tống lần lượt bị Mông Cổ tiêu diêt partically Những biểu hiện sự thịnh trị về kinh tế, chính trị của xã hội Bài TRUYÊN THỐNG ÂN ĐÔ Lãnh thổ Ấn Độ như hình """"tam giác ngược?, hai bên giáp biển, cạnh phía bắc nối với châu Á, nhưng lại ngăn cách bởi dãy núi cao nhất thế giới ? dãy Hi-ma-lay-a, nên còn được gọi là tiểu lục địa Nam Á. Diện tích Ân Độ khá Trong lớn, hơn 3 triệu km?, gấp khoảng 10 lần Việt Nam nh",,,,,
relation,lichsu_12_s263_bai22_sec11_002:4:e5-LOCATED_IN-e6,LOCATED_IN,e5,Place,xã Hoà Lạc,e6,Place,huyện Kim Sơn,Xã Hoà Lạc thuộc huyện Kim Sơn.,xã Hoà Lạc Phuyện Kim Sơn,0.8,lichsu_12_s263_bai22_sec11_002,lichsu_12,Bài 22,"2. Miền Bắc vừa chiến đấu chống chiến tranh phá hoại, vừa sản xuất","[178, 179, 180]","[""data/corpus/lichsu_12/lichsu_12.pdf_178.jpg.txt"", ""data/corpus/lichsu_12/lichsu_12.pdf_179.jpg.txt"", ""data/corpus/lichsu_12/lichsu_12.pdf_180.jpg.txt""]","ác cơ sở các công nghiệp lớn đã kịp thời sơ tán, phân tán, sớm đi vào sản xuất, đáp ứng nhu cầu thiết yếu của chiến đấu, sản xuất và đời sống công nghiệp địa phương và công nghiệp quốc phòng đều phát triển, Mỗi tỉnh trở thành một đơn vị kinh tế tương đối hoàn chinh Giao thông vân tải, một trong những trong diễm bắn phá của dịch, được quân và dân ta bao đám thường xuyên thông suốt Là hâu phương lớn của cuộc kháng chiến chống Mi, cứu nước, miền Bắc luôn hướng về miền Nam. Vì miền Nam ruột thịt, mi",,,,,
relation,lichsu_10_s175_001:11:e11-LOCATED_IN-e4,LOCATED_IN,e11,Place,Bô-xtơn,e4,Place,Bắc Mĩ,Bô-xtơn là trung tâm công nghiệp ở Bắc Mĩ,Bô-xtơn trở thành trung tâm công nghiệp thời bấy giờ,0.95,lichsu_10_s175_001,lichsu_10,Bài,1. Sự phát triển của chủ nghĩa tư bản ở Bắc Mĩ. Nguyên nhân,"[146, 147]","[""data/corpus/lichsu_10/lichsu_10.pdf_146.jpg.txt"", ""data/corpus/lichsu_10/lichsu_10.pdf_147.jpg.txt""]","một cuộc chiến tranh giải phóng nhằm lật đồ sự thống trị của chính quyền thực dân Anh mở đường cho chủ nghĩa tư bản phát triển ở Bắc Mĩ, dẫn đến sự ra đời của một quốc gia mới - Hợp chúng quốc Mi. 1. Sự phát triển của chủ nghĩa tư bản ở Bắc Mĩ. Nguyên nhân bũng nổ chiến tranh Sau phát kiến của Cri xtốp Cô-lôm bô, nhiều người dân châu Âu di cư sang vùng Bắc Mi. Đến nửa đầu thế kỉ XVIII, người Anh đã lập được 13 thuộc địa dọc theo bờ Đại Tây Dương ở Bắc Mĩ với số dân khoảng 1,3 triều người CCA NA ",,,,,
relation,lichsu_10_s20_bai4_sec4_002:1:e2-LOCATED_IN-e4,LOCATED_IN,e2,Place,Hi Lạp,e4,Place,Địa Trung Hải,Người Hi Lạp buôn bán ở vùng Địa Trung Hải,"Người Hi Lạp và Rô-ma đem các sản phẩm chi chi của mình như rượu nho, dầu ô liu, đồ mi nghề, đồ dùng kim loại, đồ gồm. nhưng đi bán ở mọi miên ven Địa Trung Hải",0.9,lichsu_10_s20_bai4_sec4_002,lichsu_10,Bài 4,1. Thiên nhiên và đời sống của con người,"[20, 21, 22]","[""data/corpus/lichsu_10/lichsu_10.pdf_20.jpg.txt"", ""data/corpus/lichsu_10/lichsu_10.pdf_21.jpg.txt"", ""data/corpus/lichsu_10/lichsu_10.pdf_22.jpg.txt""]",", Các quan hệ thương mại được mở rộng. Người Hi Lạp và Rô-ma đem các sản phẩm chi chi của mình như rượu nho, dầu ô liu, đồ mi nghề, đồ dùng kim loại, đồ gồm. nhưng đi bán ở mọi miên ven Địa Trung Hải. Sản phẩm mua về là lúa mì, súc vật, 19 thu lông thú từ vùng Hắc Hải, Ai Cập.., tơ lụa, hương liệu, xa xỉ phẩm từ các nước 19 tho nhi phương Đông, Trong xã hội chiếm nô ở vùng này, nô lệ là thứ hàng hoá quang trọng bậc nhất, Nhiều nơi như Đê-lốt, Pi- êê.. trở thành trung tâm buôn bán nô lệ lớn của t",,,,,
relation,lichsu_12_s15_bai1_sec5_002:1:e2-LOCATED_IN-e3,LOCATED_IN,e2,Place,Niu Oóc,e3,Place,Mĩ,Niu Oóc nằm ở Mĩ,Niu Oóc (Mĩ),0.95,lichsu_12_s15_bai1_sec5_002,lichsu_12,Bài 1,II - SỰ THÀNH LẬP LIÊN HỢP QUỐC,"[4, 5, 6, 7, 8]","[""data/corpus/lichsu_12/lichsu_12.pdf_4.jpg.txt"", ""data/corpus/lichsu_12/lichsu_12.pdf_5.jpg.txt"", ""data/corpus/lichsu_12/lichsu_12.pdf_6.jpg.txt"", ""data/corpus/lichsu_12/lichsu_12.pdf_7.jpg.txt"", ""data/corpus/lichsu_12/lichsu_12.pdf_8.jpg.txt""]","Anh Pháp và Trung Quốc 1) mới được thông qua và có giá trị Ban Thư kí - cơ quan hành chính - tổ chức của Liên hợp quốc, đứng đầu là Tổng thư kí với nhiệm kì 5 năm Ngoài ra, Liên hợp quốc còn có nhiều tổ chức chuyên môn khác giúp viếc Tru sở của Liên hợp quốc đất tại Niu Oóc (Mĩ) Trong hơn nửa thế kỉ qua, Liên hợp quốc đã trở thành một diễn đàn quốc tế vừa nhà nhà thop tác, vừa đầu tranh nhâm duy trì hoa bình và an ninh thế giới, Liên hợp quốc đã các chính có nhiều có găng trong việc giải quyết c",,,,,
relation,lichsu_10_s131_bai23_sec6_001:1:e1-LOCATED_IN-e2,LOCATED_IN,e1,Place,ấp Tây Sơn,e2,Place,Bình Định,ấp Tây Sơn nằm ở Bình Định,ấp Tây Sơn (Bình Định),0.9,lichsu_10_s131_bai23_sec6_001,lichsu_10,Bài 23,CUỐI THẾ KỈ XVIII,[116],"[""data/corpus/lichsu_10/lichsu_10.pdf_116.jpg.txt""]","rộ, mở đầu từ ấp Tây Sơn (Bình Định) và trong quá trình đấu tranh kiên cường của mình đã làm nên hai sự nghiệp lớn: bước đầu thống nhất nước và đánh bại giặc ngoại xâm, bảo vệ nền độc lập dân tộc. CUỐI THẾ KỈ XVIII Vào giữa thế kỉ XVIII, chế độ phong kiến Đàng Ngoài khủng hoảng sâu sắc Phong trào nông dân bùng lên rầm rộ, kéo dài trong hơn 10 năm và bị đàn áp Chu Cùng trong thời gian này, ở Đàng Trong, chúa Nguyễn xưng vương, thành lập triều đình riêng, Đất nước bị chia thành hai miền. Nhưng rồi",,,,,
relation,lichsu_12_s173_bai16_sec15_003:5:e7-LOCATED_IN-e2,LOCATED_IN,e7,Place,Gia Định,e2,Place,Sài Gòn,"Công nhân, nông dân Gia Định kéo về Sài Gòn","công nhân, nông dân các tỉnh Gia Đình, Biên Hoà, Thủ Dầu Một, Mĩ Tho kéo về thành phố",0.95,lichsu_12_s173_bai16_sec15_003,lichsu_12,Bài 16,3. Tổng khới nghĩa tháng Tám năm 1945,"[112, 113, 114, 115, 116, 117]","[""data/corpus/lichsu_12/lichsu_12.pdf_112.jpg.txt"", ""data/corpus/lichsu_12/lichsu_12.pdf_113.jpg.txt"", ""data/corpus/lichsu_12/lichsu_12.pdf_114.jpg.txt"", ""data/corpus/lichsu_12/lichsu_12.pdf_115.jpg.txt"", ""data/corpus/lichsu_12/lichsu_12.pdf_116.jpg.txt"", ""data/corpus/lichsu_12/lichsu_12.pdf_117.jpg.txt""]","8. Hàng vạn nhân dân nội, ngoại thành kéo về biểu tình thị uy, chiếm các công sở, giành chính quyền về tay nhân dân Tai Sài Gòn, Xứ uỷ Nam Kì quyết định khởi nghĩa ở Sài Gòn và các tỉnh vào ngày 25 8. Sáng 25 - 8, các đơn vi ""Xung phong công đoàn"", ""Thanh niên tiền phong"" 19 thông công nhân, nông dân các tỉnh Gia Đình, Biên Hoà, Thủ Dầu Một, Mĩ Tho kéo về thành phố, Quần chúng chiếm Sở Mật thám, Sở Cảnh sát, nhà ga, bưu điên, nhà máy điên v.v. giành chính quyền ở Sài Gòn Khỏi nghĩa thắng lơi ở b",,,,,
relation,lichsu_12_s46_bai4_sec5_001:3:e3-LOCATED_IN-e4,LOCATED_IN,e3,Place,Băng Cốc,e4,Place,Thái Lan,Băng Cốc nằm ở Thái Lan,Băng Cóc (Thái Lan),0.95,lichsu_12_s46_bai4_sec5_001,lichsu_12,Bài 4,3. Sư ra đời và phát triên của tô chức ASEAN,"[28, 29, 30, 31, 32]","[""data/corpus/lichsu_12/lichsu_12.pdf_28.jpg.txt"", ""data/corpus/lichsu_12/lichsu_12.pdf_29.jpg.txt"", ""data/corpus/lichsu_12/lichsu_12.pdf_30.jpg.txt"", ""data/corpus/lichsu_12/lichsu_12.pdf_31.jpg.txt"", ""data/corpus/lichsu_12/lichsu_12.pdf_32.jpg.txt""]","cách kinh tế và """"mó cửa"", do đó nên kinh tế có sự khới sắc, Tốc độ Hoàn tháng trưởng GDP năm 1995 là 7%, năm 2000 là 6,2%. Tuy nhiên, bình quân thu nhấp đầu người ở Mianma còn thấp (Sơ USD năm 2003) 3. Sư ra đời và phát triên của tô chức ASEAN A Sal ASEAN ra đời trong bối cảnh khu vực và thế giới có nhiều biến chuyển to lớn vào nứa sau những năm 60 của thể ki XX (1) Phần này chỉ đề cập nội dung về lịch sử Lào và Campuchia, còn nội dung về Việt Nam sẽ được đề cập kĩ trong các bài lịch sử Việt Na",,,,,
relation,lichsu_12_s42_bai4_sec1_001:5:e6-LOCATED_IN-e1,LOCATED_IN,e6,Place,Đài Loan,e1,Place,Trung Quốc,Đài Loan là một bộ phận lãnh thổ của Trung Quốc,Đài Loan là một bộ phận lãnh thổ của Trung Quốc,0.95,lichsu_12_s42_bai4_sec1_001,lichsu_12,Bài 4,Bài 4,"[23, 24, 25]","[""data/corpus/lichsu_12/lichsu_12.pdf_23.jpg.txt"", ""data/corpus/lichsu_12/lichsu_12.pdf_24.jpg.txt"", ""data/corpus/lichsu_12/lichsu_12.pdf_25.jpg.txt""]","giao Trung Quốc đã thu hồi chú quyền đối với Hông Công (7 - 1997) và Ma Cao (12 ? 1999), Đài Loan là một bộ phận lãnh thổ của Trung Quốc, nhưng đến nay vẫn nằm ngoài sự kiểm soát của nước này Us Bài 4 CÁC NƯỚC ĐÔNG NAM VÀ VÀ VÀ VÀ VÀ VÀ VÀ VÀ VÀ VÀ VÀ VÀ VÀ VÀ VÀ VÀ VÀ VÀ VÀ VÀ VÀ VÀ VÀ VÀ VÀ VÀ VÀ VÀ VÀ VÀ VÀ VÀ VÀ VÀ VÀ VÀ VÀ Sau Chiến tranh thế giới thứ hai, tỉnh hình chính tế, xã hôi ở khu vực Đông Nam Á và Nam A có sư thay đối sâu sắc các nước trong khu vực đã giành được độc lập và bước vào",,,,,
relation,lichsu_12_s249_bai21_sec15_002:10:e12-LOCATED_IN-e5,LOCATED_IN,e12,Place,Hà Nội,e5,Place,Miền Bắc,Hà Nội nằm ở miền Bắc,Thượng Đình (Hà Nội),0.95,lichsu_12_s249_bai21_sec15_002,lichsu_12,Bài 21,1. Đại hội đại biểu toàn quốc lần thứ III của Đảng (9 - 1960),"[162, 163, 164, 165, 166, 167, 168]","[""data/corpus/lichsu_12/lichsu_12.pdf_162.jpg.txt"", ""data/corpus/lichsu_12/lichsu_12.pdf_163.jpg.txt"", ""data/corpus/lichsu_12/lichsu_12.pdf_164.jpg.txt"", ""data/corpus/lichsu_12/lichsu_12.pdf_165.jpg.txt"", ""data/corpus/lichsu_12/lichsu_12.pdf_166.jpg.txt"", ""data/corpus/lichsu_12/lichsu_12.pdf_167.jpg.txt"", ""data/corpus/lichsu_12/lichsu_12.pdf_168.jpg.txt""]","chủ nghĩa. Đại hôi bầu Ban Chấp hành Trung ương mới của Đảng, bầu Bộ Chính tri. Hô Chí Minh đã được bầu lại làm Chủ tịch Đảng, Lê Duân được bầu làm Bí thư thư nhất Ban Chấp hành Trung Đảng Thi Thi 2. Miên Bắc thực hiện kê hoạc 5 năm (1961 1965) Bước vào thực hiên kế hoạch Nhà nước 5 năm lần thứ nhất, miền Bắc chuyển sang giai đoan lấy xây dưng chủ nghĩa xã hôi làm trọng tâm Nhiêm vụ cơ bản của kế hoạch 5 năm là ra sức phát triển công nghiệp và nông nghiệp, tiếp tục cải tao xã nghi thôi chủ nghĩa",,,,,
relation,lichsu_12_s218_bai19_sec9_001:9:e8-LOCATED_IN-e6,LOCATED_IN,e8,Place,Hoà Bình,e6,Place,Bắc Bộ,Hoà Bình là cửa ngõ nối liền vùng tự do với vùng đồng bằng Bắc Bộ,Hoà Bình là cửa ngõ nổi liền vùng tư do với vùng đồng bàng Bắc Bộ,0.95,lichsu_12_s218_bai19_sec9_001,lichsu_12,Bài 19,1. Các chiến dịch ở trung du và đồng bằng Bắc Bộ (từ cuối năm 1950,"[141, 142, 143, 144]","[""data/corpus/lichsu_12/lichsu_12.pdf_141.jpg.txt"", ""data/corpus/lichsu_12/lichsu_12.pdf_142.jpg.txt"", ""data/corpus/lichsu_12/lichsu_12.pdf_143.jpg.txt"", ""data/corpus/lichsu_12/lichsu_12.pdf_144.jpg.txt""]","xây dưng S Từ sau chiến thắng Biên giới thu ? đông năm 1950 đến trước đông - xuân 1953 - 1954, hâu phương kháng chiến đã phát triển như như thế nào trên các mắt chính tri, kinh tế, văn hoá, y tế 1 1. Các chiến dịch ở trung du và đồng bằng Bắc Bộ (từ cuối năm 1950 đến giữa năm 1951) Để giữ vững quyền chủ động đánh địch trên chiến trường chính Bắc Bộ và đẩy thi chi địch lùi sâu vào thế bị đông đối phó, trong thời gian từ cuối năm 1950 đến giữa năm 1951, quân ta liên tục mở ba chiến dịch Trần Hưng ",,,,,
relation,lichsu_10_s175_001:7:e8-LOCATED_IN-e9,LOCATED_IN,e8,Place,13 thuộc địa Anh,e9,Place,Đại Tây Dương,13 thuộc địa dọc theo bờ Đại Tây Dương,13 thuộc địa dọc theo bờ Đại Tây Dương,0.95,lichsu_10_s175_001,lichsu_10,Bài,1. Sự phát triển của chủ nghĩa tư bản ở Bắc Mĩ. Nguyên nhân,"[146, 147]","[""data/corpus/lichsu_10/lichsu_10.pdf_146.jpg.txt"", ""data/corpus/lichsu_10/lichsu_10.pdf_147.jpg.txt""]","một cuộc chiến tranh giải phóng nhằm lật đồ sự thống trị của chính quyền thực dân Anh mở đường cho chủ nghĩa tư bản phát triển ở Bắc Mĩ, dẫn đến sự ra đời của một quốc gia mới - Hợp chúng quốc Mi. 1. Sự phát triển của chủ nghĩa tư bản ở Bắc Mĩ. Nguyên nhân bũng nổ chiến tranh Sau phát kiến của Cri xtốp Cô-lôm bô, nhiều người dân châu Âu di cư sang vùng Bắc Mi. Đến nửa đầu thế kỉ XVIII, người Anh đã lập được 13 thuộc địa dọc theo bờ Đại Tây Dương ở Bắc Mĩ với số dân khoảng 1,3 triều người CCA NA ",,,,,
relation,lichsu_11_s105_bai19_sec6_002:6:e7-OCCURRED_AT-e1,OCCURRED_AT,e7,Event,cuộc tấn công quy mô vào căn cứ Tân Hoà,e1,Place,Tân Hoà,Cuộc tấn công quy mô của Pháp diễn ra tại căn cứ Tân Hoà.,giác Pháp mở cuộc tấn công quy mô vào căn cứ này,0.9,lichsu_11_s105_bai19_sec6_002,lichsu_11,Bài 19,THI CUỘC KHÁNG CHIẾN CỦA NHÁN DÂN NAM KI SAU HIẾP ĐỚC 1862,"[109, 110, 111, 112, 113, 114]","[""data/corpus/lichsu_11/lichsu_11.pdf_109.jpg.txt"", ""data/corpus/lichsu_11/lichsu_11.pdf_110.jpg.txt"", ""data/corpus/lichsu_11/lichsu_11.pdf_111.jpg.txt"", ""data/corpus/lichsu_11/lichsu_11.pdf_112.jpg.txt"", ""data/corpus/lichsu_11/lichsu_11.pdf_113.jpg.txt"", ""data/corpus/lichsu_11/lichsu_11.pdf_114.jpg.txt""]","uân về hoạt động ở Tân Hoà (Gò Công), quyết tâm chiến đấu lâu dai Sau Hiệp ước 1862, triều đình ha lênh cho Trương Đình phải bãi binh, mặt khác điều ông di nhận chức Lãnh binh ở An Giang, rồi Phú Yên. Nhưng được sự ủng hội 19 thi của nhân dân, ông đã chông lênh triều đình, quyết lâm ở lại kháng chiến Phát cao (1) Bỏ đi nơi khác sống, không các với Pháp Nguyên lá cờ ""Bình Tây Đại nguyên soái"", hoạt đông của nghĩa quân đã củng cổ niêm tinh của dân chúng, khiến bọn cướp nước và bán nước phải run so",,,,,
relation,lichsu_10_s207_002:9:e11-OCCURRED_AT-e12,OCCURRED_AT,e11,Event,phong trào Hiến chương,e12,Time,1836 - 1848,Phong trào Hiến chương diễn ra trong những năm 1836 - 1848,trong những năm 1836 ? 1848,0.95,lichsu_10_s207_002,lichsu_10,Bài,1. Sự ra đời và tình cảnh của giai cấp vô sản công nghiệp,"[183, 184, 185]","[""data/corpus/lichsu_10/lichsu_10.pdf_183.jpg.txt"", ""data/corpus/lichsu_10/lichsu_10.pdf_184.jpg.txt"", ""data/corpus/lichsu_10/lichsu_10.pdf_185.jpg.txt""]","nhiều công nhân đã tưởng rằng máy the chi móc là nguồn gốc gây nên nổi khố của họ. Phong trào đập phá máy móc, đốt thuyên chinh công xưởng là hình thức đấu tranh tự phát đầu tiên của giai cấp vô sản. Phong Trong trào này diên ra từ cuối thế kỉ XVIII đến dầu thế ki XIX, trước hết ở Anh rồi lan chiết ra các nước khác Song, việc dập phá máy móc không đem lại kết quả gì ngoài thi thi thi thi Trong sự tăng cường đàn áp của giai cấp thống trị. Qua kinh nghiệm của nhiều lần thất bai bại và sự trưởng th",,,,,
relation,lichsu_10_s174_001:3:e5-OCCURRED_AT-e4,OCCURRED_AT,e5,Event,biến động xã hội chính trị to lớn,e4,Time,nửa sau thế kỉ XVIII,biến động xã hội chính trị to lớn bùng nổ vào nửa sau thế kỉ XVIII,"Vào nửa sau thế kỉ XVIII, một cuộc biến động xã hội chính trị to lớn đã bùng nổ",0.95,lichsu_10_s174_001,lichsu_10,Bài,CỦA CÁC THUỐC ĐIA ANH,"[145, 146]","[""data/corpus/lichsu_10/lichsu_10.pdf_145.jpg.txt"", ""data/corpus/lichsu_10/lichsu_10.pdf_146.jpg.txt""]","(1599 ? 1658) phong kiến, mở đường cho chủ nghĩa tư bản phát thiến triển mạnh mẽ hơn. Đây là cuộc cách mạng tư sản có ý nghĩa trọng đại trong thời kì quá độ từ chế độ phong kiến sang chế độ tư bản. S CỦA CÁC THUỐC ĐIA ANH Ở BẮC MĨ Vào nửa sau thế kỉ XVIII, một cuộc biến động xã hội chính trị to lớn đã bùng nổ ở Bắc Mĩ ? đó là cuộc cách mạng tư sản diễn ra dưới hình thức một cuộc chiến tranh giải phóng nhằm lật đồ sự thống trị của chính quyền thực dân Anh mở đường cho chủ nghĩa tư bản phát triển ",,,,,
relation,lichsu_12_s14_bai1_sec4_001:2:e3-OCCURRED_AT-e4,OCCURRED_AT,e3,Event,Hội nghị Ianta,e4,Place,Ianta,Hội nghị Ianta được triệu tập tại Ianta,một hội nghi quốc tế đã được triệu tập tại Ianta (Liên Xô),0.95,lichsu_12_s14_bai1_sec4_001,lichsu_12,Bài 1,HỘI NGHỊ IANTA (2?1945) VÀ NHỮNG THOẢ THUẬN CỦA BA CƯỜNG QUỐC,"[4, 5, 6]","[""data/corpus/lichsu_12/lichsu_12.pdf_4.jpg.txt"", ""data/corpus/lichsu_12/lichsu_12.pdf_5.jpg.txt"", ""data/corpus/lichsu_12/lichsu_12.pdf_6.jpg.txt""]","đầu môi phe Các quốc gia trên thế giới trong những năm đầu sau chiến tranh dần dần bị phân hoá theo đặc trưng đó Liên hợp quốc ra đời như một công cu duy tri trật tư thế giới mới vừa được hinh thành HỘI NGHỊ IANTA (2?1945) VÀ NHỮNG THOẢ THUẬN CỦA BA CƯỜNG QUỐC Đầu năm 1945, Chiến tranh thế giới thứ hai bước vào giai đoạn kết thúc Nhiều vấn đề quan trong và cấp bách đất ra trước các cường quốc Đồng minh Đó là: 1. Nhanh chóng đánh bai hoàn toàn các nước phát xít , 2. Tổ chức lại thế Nguy giới sau ",,,,,
relation,lichsu_12_s88_bai8_sec2_002:10:e10-OCCURRED_AT-e9,OCCURRED_AT,e10,Event,Hiệp ước an ninh Mĩ - Nhật,e9,Time,8-9-1951,Hiệp ước an ninh Mĩ - Nhật được kí kết cùng ngày với Hiệp ước hoà bình Xan Phranxiscô,"Cùng ngày, Hiệp ước an nhinh Mĩ ? Nhật được kí kết",0.95,lichsu_12_s88_bai8_sec2_002,lichsu_12,Bài 8,NHẬT BẢN TỪ NĂM 1945 ĐẾN NĂM 1952,"[52, 53]","[""data/corpus/lichsu_12/lichsu_12.pdf_52.jpg.txt"", ""data/corpus/lichsu_12/lichsu_12.pdf_53.jpg.txt""]","ỉ có lực lương phòng về dân sự bảo đảm an ninh, trong nước Về kinh tế, SCAP đã thực hiên ba cuộc cải cách lớn : một là, thủ tiêu chế độ tập thu nghi trung kinh tế, trước hết là giải lán các ""Daibatxu? (lức là các tập đoàn, công ti lung nhi bản lũng đoạn còn mang nhiều tính chất dòng tộc), hai là, cải cách ruộng đất, quy đinh địa chủ chỉ được sở hữu không quá 3 hécta ruộng, số còn lại Chính phủ đem nguy nha bán cho nông dân , ba là, dân chủ hoá lao đông (thông qua việc thực hiên các dao luật về l",,,,,
relation,lichsu_10_s221_bai39_sec2_001:1:e2-OCCURRED_AT-e1,OCCURRED_AT,e2,Event,chính quyền tư sản bị lật đổ,e1,Time,Ngày 18-3-1871,Sự kiện chính quyền tư sản bị lật đổ xảy ra vào ngày 18-3-1871.,"Ngày 18-3-1871, lần đầu tiên trong lịch sử, chính quan củp tư sản bị lật đổ",0.95,lichsu_10_s221_bai39_sec2_001,lichsu_10,Bài 39,QUỐC TẾ THỨ HAI,"[194, 195, 197, 198]","[""data/corpus/lichsu_10/lichsu_10.pdf_194.jpg.txt"", ""data/corpus/lichsu_10/lichsu_10.pdf_195.jpg.txt"", ""data/corpus/lichsu_10/lichsu_10.pdf_197.jpg.txt"", ""data/corpus/lichsu_10/lichsu_10.pdf_198.jpg.txt""]","làm chủ thành phố Ngày 18-3-1871, lần đầu tiên trong lịch sử, chính quan củp tư sản bị lật đổ Uỷ ban trung ương Quốc dân quân đảm nhận chức năng của chính quyền mới, trở thành chính phủ lâm thời. B QUỐC TẾ THỨ HAI Sau khi Quốc tế thứ nhất giải tán (1876), sự ra đời của nha các chính đảng công nhân ở nhiều nước đòi hỏi phải có một tổ chức quốc tế mới để lãnh đạo phong trào công nhân thế giới ? Quốc tế thứ hai được thành lập. Dưới sự lãnh đạo của Ph. nng-ghen, Quốc tế thứ hai có nhiều đó góp góp q",,,,,
relation,lichsu_12_s22_bai2_sec3_001:9:e12-OCCURRED_AT-e4,OCCURRED_AT,e12,Event,khủng hoảng chính trị và kinh tế - xã hội,e4,Place,Đông Âu,Khủng hoảng chính trị và kinh tế - xã hội xảy ra ở các nước Đông Âu,cuộc khúng hoảng chính trị và kinh tế - xã hôi ở Liên Xô và các nước Đông Âu,0.9,lichsu_12_s22_bai2_sec3_001,lichsu_12,Bài 2,LIÊN BANG NGA (1991 - 2000),"[8, 9, 10]","[""data/corpus/lichsu_12/lichsu_12.pdf_10.jpg.txt"", ""data/corpus/lichsu_12/lichsu_12.pdf_8.jpg.txt"", ""data/corpus/lichsu_12/lichsu_12.pdf_9.jpg.txt""]","Như vậy, ở châu Âu đã xuất hiện sự đối lập về chính trị và kinh tế giữa hai khối nước Tây Âu tư bản chủ nghĩa và Đông Âu xã hội chủ nghĩa Hai nhà nước Cộng hoà Liên bang Đức và Cộng hoà Dân chủ Đức LIÊN BANG NGA (1991 - 2000) Sau khi Chiến tranh thế giới thứ hai kết thúc, Liên Xô đã nhanh chóng khôi phục đất nước, thực hiên nhiều kế hoạch 5 năm xây dưng chủ nghĩa xã hội. Các nước Đông Âu được giải phóng đã tiên hành cách mang dân chủ nhân dân, tiên lên chủ nghĩa xã hôi Từ cuối những năm 80 của t",,,,,
relation,lichsu_11_s20_bai5_sec9_001:2:e1-OCCURRED_AT-e2,OCCURRED_AT,e1,Event,chiến dịch tấn công Véc-đoong,e2,Place,Mặt trận phía Tây,Chiến dịch tấn công Véc-đoong diễn ra ở Mặt trận phía Tây.,"chuyển trọng tâm hoạt đông về Mặt trân phía Tây, mở chiến dịch tấn công Véc-đoong",0.95,lichsu_11_s20_bai5_sec9_001,lichsu_11,Bài 5,"12 - 1916, làm gần 70 vạn người chết và bị thương, Quân Đức vẫn không ha nổi","[33, 34]","[""data/corpus/lichsu_11/lichsu_11.pdf_33.jpg.txt"", ""data/corpus/lichsu_11/lichsu_11.pdf_34.jpg.txt""]","lại chuyển trọng tâm hoạt đông về Mặt trân phía Tây, mở chiến dịch tấn công Véc-đoong, hòng tiêu diệt quân chủ lực của Pháp. Chiến sự ở đây diễn ra hết sức quyết liêt, kéo dài từ tháng 2 đến tháng 12 - 1916, làm gần 70 vạn người chết và bị thương, Quân Đức vẫn không ha nổi thành Véc-đoong. buộc phái rút lui Chiến cuộc năm 1916 không đem lại ưu thế cho bên nào mà vấn duy trì thế cầm Chi Cư. Từ cuối năm 1916 trở đi, Đức, Ao Hung từ thế chủ đông chuyển sang phòng ngư trên cá hai mặt trân Trong giai",,,,,
relation,lichsu_12_s193_bai17_sec14_001:4:e4-OCCURRED_AT-e5,OCCURRED_AT,e4,Event,Hiệp ước Hoa - Pháp,e5,Time,28 - 2 - 1946,Hiệp ước Hoa - Pháp được ký vào ngày 28 tháng 2 năm 1946.,Hiệp ước Hoa ? Pháp (28 - 2 - 1946),0.9,lichsu_12_s193_bai17_sec14_001,lichsu_12,Bài 17,3. Hoà hoãn với Pháp nhằm đấy quân Trung Hoa Dân quốc ra khỏi,"[125, 126, 127, 128, 129]","[""data/corpus/lichsu_12/lichsu_12.pdf_125.jpg.txt"", ""data/corpus/lichsu_12/lichsu_12.pdf_126.jpg.txt"", ""data/corpus/lichsu_12/lichsu_12.pdf_127.jpg.txt"", ""data/corpus/lichsu_12/lichsu_12.pdf_128.jpg.txt"", ""data/corpus/lichsu_12/lichsu_12.pdf_129.jpg.txt""]","trấn áp bọn phản cách mạng Những biên pháp trên đã hạn chế đến mức thấp nhất các hoạt đông chống phá của quân Trung Hoa Dân quốc và tay sai, làm thất bai âm mưu lật đổ chính quyền cách mang của chúng 3. Hoà hoãn với Pháp nhằm đấy quân Trung Hoa Dân quốc ra khỏi nước ta Sau khi chiếm đóng các đô thị ở Nam Bộ và Nam Trung Bộ, thưc dân Pháp thực nhiện kế hoạch tiến quân ra Bắc nhâm thôn tính cả nước ta Để thực hiện ý đồ trên, thực dân Pháp điều đình với Chính phủ Trung Hoa Dân quốc và kí Hiệp ước H",,,,,
relation,lichsu_12_s60_bai5_sec9_003:6:e8-OCCURRED_AT-e6,OCCURRED_AT,e8,Event,khủng hoảng nợ nước ngoài,e6,Place,Mĩ Latinh,Khủng hoảng nợ nước ngoài xảy ra ở Mĩ Latinh.,nọ nước ngoài chồng chất,0.95,lichsu_12_s60_bai5_sec9_003,lichsu_12,Bài 5,ĐÔM NGA ANT CHA THO NGAY,"[38, 39, 40, 41]","[""data/corpus/lichsu_12/lichsu_12.pdf_38.jpg.txt"", ""data/corpus/lichsu_12/lichsu_12.pdf_39.jpg.txt"", ""data/corpus/lichsu_12/lichsu_12.pdf_40.jpg.txt"", ""data/corpus/lichsu_12/lichsu_12.pdf_41.jpg.txt""]","ủ (cải cách ruộng đất, quốc hữu hoá các xí nghiệp của tư bản nước ngoài,..), Đến năm 1961, Chính phủ Cuba thi thuyên bó bắt đầu tiên hành cách mang xã hội chủ nghĩa và xây dưng chủ nghĩa xã Người hói. Với sư nô lực của nhân dân và sư giúp đỡ của các nước xã hôi chủ nghia, Cuba nhưng đạt được nhiều thành tựu to lớn - từ một nền nông nghiệp độc canh (mía) và nên cho công nghiệp đơn nhất (khai thác mỏ), Cuba đã xây dựng được một nên công nghiệp với cơ cấu các ngành hợp lí và nền nông nghiệp với sản",,,,,
relation,lichsu_12_s249_bai21_sec15_001:4:e1-OCCURRED_AT-e5,OCCURRED_AT,e1,Event,Đại hội đại biểu toàn quốc lần thứ III của Đảng,e5,Place,Hà Nội,Đại hội họp tại Hà Nội.,tại Hà Nội,0.9,lichsu_12_s249_bai21_sec15_001,lichsu_12,Bài 21,1. Đại hội đại biểu toàn quốc lần thứ III của Đảng (9 - 1960),"[162, 163, 164, 165, 166, 167, 168]","[""data/corpus/lichsu_12/lichsu_12.pdf_162.jpg.txt"", ""data/corpus/lichsu_12/lichsu_12.pdf_163.jpg.txt"", ""data/corpus/lichsu_12/lichsu_12.pdf_164.jpg.txt"", ""data/corpus/lichsu_12/lichsu_12.pdf_165.jpg.txt"", ""data/corpus/lichsu_12/lichsu_12.pdf_166.jpg.txt"", ""data/corpus/lichsu_12/lichsu_12.pdf_167.jpg.txt"", ""data/corpus/lichsu_12/lichsu_12.pdf_168.jpg.txt""]","uỷ ban nhân dân tự quản vũ trang giải phóng miền Nam Việt Nam - Phong trào đấu tranh chống chế độ Mĩ - Diệm của nhân dân ta ở miên Nam đã diễn ra Nêu diên biển, kết quả và ý nghĩa của phong trào 1. Đại hội đại biểu toàn quốc lần thứ III của Đảng (9 - 1960) Giữa lúc cách mạng ở hai miền Nam - Bắc có những bước tiến quan trong Đảng Lao động Việt Nam tổ chức Đại hội dại biểu toàn quốc lần thứ III Đai hội họp từ ngày 5 đến ngày 10 - 9 - 1960 tại Hà Nội, đã đề ra nhiêm vụ (9 - 1960) chiến lược của cá",,,,,
relation,lichsu_12_s167_bai16_sec9_001:3:e1-OCCURRED_AT-e2,OCCURRED_AT,e1,Event,khởi nghĩa vũ trang ở Nam Kì,e2,Time,đêm 22 rạng sáng 23 - 11 - 1940,Cuộc khởi nghĩa nổ ra vào đêm 22 rạng sáng 23 - 11 - 1940.,cuộc khởi nghĩa vẫn nổ ra đúng thời gian quy định là đêm 22 rang sáng 23 - 11 - 1940,0.9,lichsu_12_s167_bai16_sec9_001,lichsu_12,Bài 16,Vi Nơi quân Pháp bắt và giết hại quân khởi nghĩa,"[104, 105, 106, 107, 108]","[""data/corpus/lichsu_12/lichsu_12.pdf_104.jpg.txt"", ""data/corpus/lichsu_12/lichsu_12.pdf_105.jpg.txt"", ""data/corpus/lichsu_12/lichsu_12.pdf_106.jpg.txt"", ""data/corpus/lichsu_12/lichsu_12.pdf_107.jpg.txt"", ""data/corpus/lichsu_12/lichsu_12.pdf_108.jpg.txt""]","thành lập căn cứ du kích , quyết định đình chỉ khởi nghĩa vũ trang ở Nam Ki vì thời cơ chưa chín muồi Nơi quần chúng và binh lính người Việt N nổi dậy khởi nghĩa Xã thành lập chính quyền cách mạng Vi Nơi quân Pháp bắt và giết hại quân khởi nghĩa Nơi quân Pháp ném bom tàn sát TÂY NINH Dường giao thông SALLY Biên giới quốc gia SU MỖT BIÊN HOÀ CAMPUCHIA VIGGIA ĐỊNH ĐỒNG THÁP SÀI GÒN CHILLING ATTANAN CẦN GIỜ MI THO GRIPPED Phú Quốc LONG XUYÊN GỒ CÔNG BENTRI TRẠCH GIÁ CẦN THƠN CAMAL 3Đ. Côn Sơn hòn K",,,,,
relation,lichsu_11_s74_bai16_sec5_001:4:e6-OCCURRED_AT-e5,OCCURRED_AT,e6,Event,cuộc khởi nghĩa của Ông Keo và Com-ma-đam,e5,Place,Lào,Cuộc khởi nghĩa của Ông Keo và Com-ma-đam nổ ra ở Lào.,"Ở Lào, cuộc khởi nghĩa của Ông Keo và Com-ma-đam nổ ra",0.9,lichsu_11_s74_bai16_sec5_001,lichsu_11,Bài 16,VII PHONG TRÀO ĐẦU TRANH CHỐNG THỰP Ở LÀO,"[85, 86, 87]","[""data/corpus/lichsu_11/lichsu_11.pdf_85.jpg.txt"", ""data/corpus/lichsu_11/lichsu_11.pdf_86.jpg.txt"", ""data/corpus/lichsu_11/lichsu_11.pdf_87.jpg.txt""]","a được thành lập và bày tỏ nguyện vong muốn hợp tác với chính quyền thực dân chống phát xít Nhật Nhưng thực dân Hà Lan đã từ chối những yêu cầu chính đáng của phong trào dân tộc In-đô-nê-xi a. B VII PHONG TRÀO ĐẦU TRANH CHỐNG THỰP Ở LÀO VÀ CAM PU-CHIA Sau Chiến tranh thế giới thứ nhất, thực dân Pháp tăng cường chính sách khai Thi chiết thác thuộc địa, nhất là ở các nước Đông Dương, vốn được coi là quan trong và giàu có nhất trong hệ thống thuộc địa của Pháp. Chính sách khai thác tàn bao và chế đ",,,,,
relation,lichsu_12_s170_bai16_sec12_001:4:e6-OCCURRED_AT-e7,OCCURRED_AT,e6,Event,chiến tranh thế giới chuyển biến,e7,Time,đầu năm 1943,Cuộc chiến tranh thế giới chuyển biến từ đầu năm 1943,"Từ đầu năm 1943, cuộc chiến tranh thế giới chuyển biến",0.95,lichsu_12_s170_bai16_sec12_001,lichsu_12,Bài 16,11 - 1940 chủ trương xây dựng thành căn cứ địa cách mang - sau khi về,"[109, 110, 111, 112]","[""data/corpus/lichsu_12/lichsu_12.pdf_109.jpg.txt"", ""data/corpus/lichsu_12/lichsu_12.pdf_110.jpg.txt"", ""data/corpus/lichsu_12/lichsu_12.pdf_111.jpg.txt"", ""data/corpus/lichsu_12/lichsu_12.pdf_112.jpg.txt""]","nghiêm của du kích Nga, kinh nghiêm của du kích Tàu Xây dưng cản cứ đia - Công tác xây dưng căn cứ đưa cáng được Đang quan tâm. Vùng Bắc Sơn - Võ Nhai được Hôi nghị Ban Chấp hành Trung ương tháng 11 - 1940 chủ trương xây dựng thành căn cứ địa cách mang - sau khi về Trong nước, Nguyên Ai Quốc chơn Cao Bảng đế xây dưng căn cứ địa dựa trên cơ sở lưc nhưng lương chính tn được tổ chức và phát triên, Đó là hai cần cứ đia đầu tiên của cách mang nước ta. ba b) Gấp rút chuẩn bị khởi nghĩa vũ trang giành ",,,,,
relation,lichsu_12_s156_bai15_sec6_002:1:e1-OCCURRED_AT-e3,OCCURRED_AT,e1,Event,Đông Dương Đại hội,e3,Time,tháng 9 năm 1936,Đông Dương Đại hội được triệu tập vào tháng 8 năm 1936,triêu tập Đông Dương Đại hội (8 1936),0.95,lichsu_12_s156_bai15_sec6_002,lichsu_12,Bài 15,1. Hội nghị Ban Chấp hành Trung ướng Đảng Cộng Dương,"[98, 99, 100, 101]","[""data/corpus/lichsu_12/lichsu_12.pdf_100.jpg.txt"", ""data/corpus/lichsu_12/lichsu_12.pdf_101.jpg.txt"", ""data/corpus/lichsu_12/lichsu_12.pdf_98.jpg.txt"", ""data/corpus/lichsu_12/lichsu_12.pdf_99.jpg.txt""]","triêu tập Đông Dương Đại hội (8 1936) Các uỷ ban hành động được thành lập kháp nơi trong nước, Quần chúng sôi nổi tham gia các cuộc mít tinh, hội họp Trước sư phát triển của phong trào, giữa tháng 9 ? 1936, chính quyền thưc dân thi tra lênh giải tán các uý ban hành đông, cầm các cuốc hôi họp của nhân dân Mặc dù phái đoàn của Quốc hội Pháp không sang, phong trào Đông Dương Đai ngoài hai bi câm hoat đông, song đông đáo quân chúng lao đông đã thức tính, Đảng đã tháng đã thiết tích luỹ được một số k",,,,,
relation,lichsu_11_s123_bai21_sec6_001:3:e4-OCCURRED_AT-e5,OCCURRED_AT,e4,Event,Trận tấn công đồn Trường Lưu,e5,Time,tháng 5 năm 1890,Trận tấn công đồn Trường Lưu diễn ra vào tháng 5 năm 1890,trân tấn công đôn Trường Lưu (5 1890),0.95,lichsu_11_s123_bai21_sec6_001,lichsu_11,Bài 21,Vi Diễn Chau,"[128, 129, 132, 133]","[""data/corpus/lichsu_11/lichsu_11.pdf_128.jpg.txt"", ""data/corpus/lichsu_11/lichsu_11.pdf_129.jpg.txt"", ""data/corpus/lichsu_11/lichsu_11.pdf_132.jpg.txt"", ""data/corpus/lichsu_11/lichsu_11.pdf_133.jpg.txt""]","Sơn. Trong thể cùng, ông phảng giác (12 8 1889), sau bi chúng An giê-n Những tướng lĩnh còn lại cố duy trì cuộc khởi nghĩa thêm một thời gian, Đến năm 1892, ho về với nghĩa quân Đề Thám ở Yên Thế Vi Diễn Chau Đồn Nu Thạn Kinh Chương Thành Nghệ An DNQ Hương th Sơn WSghi Xuan Khhinh Hà Tĩnh Q ng Khê z C I SISS ca Căn cứ chính QUẢNG BÌNH của nghĩa quân L Nơi nghĩa quân hoạt động Nghĩa quân Hương Khê được phiên chế thành 15 quân thứ, đặt dưới sự chỉ huy của những tướng lĩnh tài ba. Đại bản doanh cuộ",,,,,
relation,lichsu_12_s50_bai4_sec9_001:2:e3-OCCURRED_AT-e1,OCCURRED_AT,e3,Event,thành lập nước Cộng hoà Ân Đấu,e1,Time,1950,Sự kiện thành lập nước Cộng hòa Ấn Độ xảy ra vào năm 1950.,"1950, An Độ tuyên bố độc lập và thành lập nước cộng hoà",0.95,lichsu_12_s50_bai4_sec9_001,lichsu_12,Bài 4,2. Công cuộc xây dựng đất nước,"[33, 34, 35]","[""data/corpus/lichsu_12/lichsu_12.pdf_33.jpg.txt"", ""data/corpus/lichsu_12/lichsu_12.pdf_34.jpg.txt"", ""data/corpus/lichsu_12/lichsu_12.pdf_35.jpg.txt""]","1950, An Độ tuyên bố độc lập và thành lập nước cộng hoà Sự thành lập nước Cộng hoà Ân Đấu thắng lọi to lớn của nhân dân Ân Đô, có ảnh hưởng quan trọng đến phong trào giai phóng dân tộc trên thế giới 2. Công cuộc xây dựng đất nước Trong thời kì xây dưng đất nước, Ấn Độợc (1889 1964) nhiều thành tựu về nông nghiệp và công nghiệp, đác biết là công nghiệp nặng, chế tao máy, xây dựng cơ sở hạ tâng hiện đại. Nhờ tiến hành cuộc """"cách mạng xanh? trong nông nghiêp, từ giữa những năm 70 của thế kỉ XX, Ấn",,,,,
relation,lichsu_10_s207_003:2:e2-OCCURRED_AT-e3,OCCURRED_AT,e2,Event,khởi nghĩa của công nhân dệt vùng Sơ-lê-din,e3,Place,Sơ-lê-din,Cuộc khởi nghĩa của công nhân dệt diễn ra ở vùng Sơ-lê-din,công nhân dệt vùng Sơ-lê din khởi nghĩa,0.95,lichsu_10_s207_003,lichsu_10,Bài,1. Sự ra đời và tình cảnh của giai cấp vô sản công nghiệp,"[183, 184, 185]","[""data/corpus/lichsu_10/lichsu_10.pdf_183.jpg.txt"", ""data/corpus/lichsu_10/lichsu_10.pdf_184.jpg.txt"", ""data/corpus/lichsu_10/lichsu_10.pdf_185.jpg.txt""]","Năm 1844, công nhân dệt vùng Sơ-lê din khởi nghĩa, phá huỷ nhà xưởng, Cuộc khởi nghĩa chiến không duy trì được lâu nhưng có tác dụng mở đầu phong trào đấu tranh sôi nổi cha của công nhân Đức sau này. 19 Những cuộc đấu tranh trên của giai cấp công nhân Anh, Pháp, Đức đều thất bại vì thiếu sự lãnh đạo đúng đần và chưa có đường lối chính trị rõ ràng, song đã đánh dấu sự trưởng thành của công nhân, tạo điều kiện quan trọng cho sự ra đời của lí luận khoa học sau này. B Những cuộc đấu tranh của công n",,,,,
relation,lichsu_11_s80_bai17_sec3_001:10:e11-OCCURRED_AT-e12,OCCURRED_AT,e11,Event,mở rộng chiến tranh xâm lược trên toàn lãnh thổ Trung Quốc,e12,Place,Trung Quốc,Chiến tranh xâm lược của Nhật Bản diễn ra trên toàn lãnh thổ Trung Quốc.,trên toàn lãnh thổ Trung Quốc,0.9,lichsu_11_s80_bai17_sec3_001,lichsu_11,Bài 17,I CON ĐƯỜNG DÂN ĐẾN TRANH,[90],"[""data/corpus/lichsu_11/lichsu_11.pdf_90.jpg.txt""]","chiến tranh đã bao trùm gần như toàn bộ các châu lục và diễn ra trên nhiều mặt trận thế giới thứ hai kết thúc với sự thất bại hoàn toàn của phe phát xít, dẫn đến nổữ căn bản trong tình hình thế giới I CON ĐƯỜNG DÂN ĐẾN TRANH Các nước phát xít dấy mạnh xâm lược (1937) Trong những năm 30 của thế kỉ XX, các nước phát xít Đức, Tta-lia và Nhật Bản đã liên kết với nhau thành liên minh phát xít, còn được goi là Trục Béc lin Rô-ma - Tô-ki ô hay phe Trục. Khối này tăng cường các hoạt đông quân sự và gây ",,,,,
relation,lichsu_12_s39_bai3_sec5_001:1:e3-OCCURRED_AT-e1,OCCURRED_AT,e3,Event,nội chiến Trung Quốc,e1,Place,Trung Quốc,cuộc nội chiến diễn ra ở Trung Quốc,ở Trung Quốc đã diễn ra cuộc nội chiến,0.95,lichsu_12_s39_bai3_sec5_001,lichsu_12,Bài 3,1. Sự thành lập nước Cộng hoà Nhân dân Trung Hoa và thành tựu,"[20, 21, 22, 23]","[""data/corpus/lichsu_12/lichsu_12.pdf_20.jpg.txt"", ""data/corpus/lichsu_12/lichsu_12.pdf_21.jpg.txt"", ""data/corpus/lichsu_12/lichsu_12.pdf_22.jpg.txt"", ""data/corpus/lichsu_12/lichsu_12.pdf_23.jpg.txt""]","II - TRUNG QUỐC Trung Quốc là nước rộng thứ ba thế giới (sau Nga và Canađa) với diên tích gần 19,6 triêu km? và dân số đông nhất thế giới với 1,26 tỉ người (2000) 1. Sự thành lập nước Cộng hoà Nhân dân Trung Hoa và thành tựu 10 năm đầu xây dựng chế độ mới (1949 - 1959) Sau khi chiến tranh chống Nhật kết thúc, từ năm 1946 đến năm 1949 ở Trung Quốc đã diễn ra cuộc nội chiến giữa Quốc dân đảng cộng sản Ngày 20 7 1946, Tưởng Giới Thạch phát động cuộc chiến tranh chống Đảng Cộng sản Trung Quốc. Sau g",,,,,
relation,lichsu_11_s74_bai16_sec5_001:7:e8-OCCURRED_AT-e5,OCCURRED_AT,e8,Event,Cuộc khởi nghĩa của người Mèo,e5,Place,Lào,Cuộc khởi nghĩa của người Mèo diễn ra ở Bắc Lào.,ở Bắc Lào,0.9,lichsu_11_s74_bai16_sec5_001,lichsu_11,Bài 16,VII PHONG TRÀO ĐẦU TRANH CHỐNG THỰP Ở LÀO,"[85, 86, 87]","[""data/corpus/lichsu_11/lichsu_11.pdf_85.jpg.txt"", ""data/corpus/lichsu_11/lichsu_11.pdf_86.jpg.txt"", ""data/corpus/lichsu_11/lichsu_11.pdf_87.jpg.txt""]","a được thành lập và bày tỏ nguyện vong muốn hợp tác với chính quyền thực dân chống phát xít Nhật Nhưng thực dân Hà Lan đã từ chối những yêu cầu chính đáng của phong trào dân tộc In-đô-nê-xi a. B VII PHONG TRÀO ĐẦU TRANH CHỐNG THỰP Ở LÀO VÀ CAM PU-CHIA Sau Chiến tranh thế giới thứ nhất, thực dân Pháp tăng cường chính sách khai Thi chiết thác thuộc địa, nhất là ở các nước Đông Dương, vốn được coi là quan trong và giàu có nhất trong hệ thống thuộc địa của Pháp. Chính sách khai thác tàn bao và chế đ",,,,,
relation,lichsu_12_s262_bai22_sec10_001:1:e3-OCCURRED_AT-e1,OCCURRED_AT,e3,Event,chiến tranh bằng không quân phá hoại miền Bắc,e1,Time,Cuối năm 1964 - đầu năm 1965,Chiến tranh bằng không quân phá hoại miền Bắc diễn ra vào cuối năm 1964 - đầu năm 1965.,"Cuối năm 1964 - đầu năm 1965, đông thời với việc đấy mạnh xâm lược miền Nam, Mĩ mở rộng chiến tranh bằng không quân phá hoại miền Bắc",0.95,lichsu_12_s262_bai22_sec10_001,lichsu_12,Bài 22,1. Mĩ tiến hành chiến tranh bằng không quân và hả hoại,"[173, 178]","[""data/corpus/lichsu_12/lichsu_12.pdf_173.jpg.txt"", ""data/corpus/lichsu_12/lichsu_12.pdf_178.jpg.txt""]","quân sự mới ""tim diệt"" cố giành lại thế chủ động trên chiến trường, đẩy lực lượng vũ trang của ta trở về phòng ngự, buộc ta phải phân tán nhỏ, hoặc rút về biên giới, làm cho chiến tranh tàn lụi dần 1. Mĩ tiến hành chiến tranh bằng không quân và hả hoại miền Bắc Chu Cuối năm 1964 - đầu năm 1965, đông thời với việc đấy mạnh xâm lược miền Nam, Mĩ mở rộng chiến tranh bằng không quân phá hoại miền Bắc Ngày 5 - 8 1964, sau khi dưng lên ""sự kiên Vinh Bắc Bộ"", Mĩ cho máy Thi may ném bom bản phá một số n",,,,,
relation,lichsu_12_s192_bai17_sec13_003:6:e8-OCCURRED_AT-e9,OCCURRED_AT,e8,Event,kì họp đầu tiên của Quốc hội khoá I,e9,Time,2-3-1946,kì họp đầu tiên của Quốc hội khoá I diễn ra vào tháng 2 hoặc 3 năm 1946,kì họp đầu tiên (2 ? 3 ? 1946),0.9,lichsu_12_s192_bai17_sec13_003,lichsu_12,Bài 17,1. Kháng chiến chống thực dân Pháp trở lại xâm lược ở Nam Bộ,"[125, 126, 127]","[""data/corpus/lichsu_12/lichsu_12.pdf_125.jpg.txt"", ""data/corpus/lichsu_12/lichsu_12.pdf_126.jpg.txt"", ""data/corpus/lichsu_12/lichsu_12.pdf_127.jpg.txt""]","dành cho chúng một số ghế trong Quốc hội không qua bầu cử, đòi những người cộng sản ra khỏi Chính phủ v.v Nhàm hạn chế sự phá hoại của quân Trung Hoa Dân quốc và tay sai, tại kì họp đầu tiên (2 ? 3 ? 1946), Quốc hôi khoá I đồng ý nhường cho các đảng Viết Quốc; Viêt Cách 70 ghế trong Quốc hội không qua bầu cử cùng với 4 ghế bô trưởng trong Chính phủ liên hiệp, Nguyễn Hải Thân (lãnh tụ Việt Cách) giữ chức Phó Chủ tích người nước , đồng thời nhân nhương cho quân Trung Hoa Dân quốc một số quyền lơi ",,,,,
relation,lichsu_12_s56_bai5_sec5_001:3:e4-OCCURRED_AT-e1,OCCURRED_AT,e4,Event,cuộc bầu cử dân chủ,e1,Place,Nam Phi,Cuộc bầu cử dân chủ diễn ra ở Nam Phi,Các cuốc bầu cứ dân chủ giữa các chủng tốc ở Nam Phi (4 - 1994),0.95,lichsu_12_s56_bai5_sec5_001,lichsu_12,Bài 5,XAO TÔMÊ VÀ PRINXIP THENG,"[35, 36, 37]","[""data/corpus/lichsu_12/lichsu_12.pdf_35.jpg.txt"", ""data/corpus/lichsu_12/lichsu_12.pdf_36.jpg.txt"", ""data/corpus/lichsu_12/lichsu_12.pdf_37.jpg.txt""]",T XUĐĂNG PHAXO Gall 1960 1956 GHINÊ 1960 GIBUTL NIGIERIA 11977 19581 XÔMALI ETIOPIA 1960 TRUNG PHI 1974 SP CAMORUN 1960 GHINÊN 1960 STAR UGAINĐA XÍCH ĐAQ4975 01/115000000199 1962 KÊN ANH VINIIGNINE XAO TÔMÊ VÀ PRINXIP THENG 1963 1968 CHDOS 1962 BURUNDI JANDALITICAL CÔNGGÔ EN 1960 1962 1960 TANDANIA Hó T 1964 VĂNGG LI TH CÔMO MALAUY 1975 D 1975 DẦMBIẠT 1964 1964 Q DIMBABUÊ MADAGAXCA NAMIBIA 1980 1960 1990 BỐTXOAN 1975 MÔRIXƠ 1966 I 1968 Các nước châu Phi ROADILEN Các nước khác K LÊ XỐ THÔ NIGIÊ T,,,,,
relation,lichsu_11_s139_bai24_sec5_001:2:e2-OCCURRED_AT-e3,OCCURRED_AT,e2,Event,cuộc vận động khởi nghĩa năm 1916,e3,Place,Huế,cuộc vận động khởi nghĩa diễn ra ở Huế,khởi nghĩa năm 1916 ở Huế,0.9,lichsu_11_s139_bai24_sec5_001,lichsu_11,Bài 24,HI SỰ XUẤT HIỆN KHUYNH HƯỚC MỚI,"[148, 149, 152, 153]","[""data/corpus/lichsu_11/lichsu_11.pdf_148.jpg.txt"", ""data/corpus/lichsu_11/lichsu_11.pdf_149.jpg.txt"", ""data/corpus/lichsu_11/lichsu_11.pdf_152.jpg.txt"", ""data/corpus/lichsu_11/lichsu_11.pdf_153.jpg.txt""]","3 người đều bị giác bắt. Nghĩa bình ở Thừa Thiên, Quảng Ngãi nổi dậy, nhưng thiếu người lãnh đạo nên tan rã nhanh chóng B Việc vua Duy Tân tham gia cuộc vận động khởi nghĩa năm 1916 ở Huế có ý nghĩa HI SỰ XUẤT HIỆN KHUYNH HƯỚC MỚI 1 Phong trào công nhân Trong những năm Chiến tranh thế giới thứ nhất, công nhân đã kết hợp đấu tranh đòi quyền lợi kinh tế với bao động vũ trang Ngày 22 2 - 1916, nữ công nhân nhà máy sàng Kế Bào (Quảng Ninh) nghi viêc 77 ngày chống cúp phạt lương, Cũng trong năm này, ",,,,,
relation,lichsu_12_s136_bai13_sec7_001:1:e2-OCCURRED_AT-e1,OCCURRED_AT,e2,Event,Phong trào đấu tranh,e1,Time,Năm 1929,Phong trào đấu tranh phát triển vào năm 1929.,"Năm 1929, phong trào đấu tranh của công nhân, nông dân, tiểu tư sản và các thi tháng lớp nhân dân yêu nước khác đã phát triển",0.95,lichsu_12_s136_bai13_sec7_001,lichsu_12,Bài 13,II - ĐẢNG CỘNG SẢN VIỆT NAM RA ĐỜI,"[85, 86, 87, 88, 89]","[""data/corpus/lichsu_12/lichsu_12.pdf_85.jpg.txt"", ""data/corpus/lichsu_12/lichsu_12.pdf_86.jpg.txt"", ""data/corpus/lichsu_12/lichsu_12.pdf_87.jpg.txt"", ""data/corpus/lichsu_12/lichsu_12.pdf_88.jpg.txt"", ""data/corpus/lichsu_12/lichsu_12.pdf_89.jpg.txt""]","cách là một chính đảng cách người mang trong phong trào dân tộc vừa mới xuất hiên đã châm dứt cùng với sự thất ban của khơi nghĩa Yên Bái. và Việt Nam Quốc dân đảng đã ra đời và hoạt động như thế nào II - ĐẢNG CỘNG SẢN VIỆT NAM RA ĐỜI 1.Sự xuất hiện các tổ chức cộng sản năm 1929 Năm 1929, phong trào đấu tranh của công nhân, nông dân, tiểu tư sản và các thi tháng lớp nhân dân yêu nước khác đã phát triển, kết thành một làn sóng dân tộc dân chủ ngày càng lan rộng Cuối tháng 3 ? 1929, một số hội viê",,,,,
relation,lichsu_10_s187_002:7:e11-OCCURRED_AT-e12,OCCURRED_AT,e11,Event,khánh thành đoạn đường sắt đầu tiên,e12,Time,năm 1825,sự kiện khánh thành đoạn đường sắt đầu tiên xảy ra vào năm 1825,"Năm 1825, nước Anh khánh thành đoạn đường sắt đầu tiên",0.95,lichsu_10_s187_002,lichsu_10,Bài,1. Cách mạng công nghiệp ở Anh,"[159, 160, 161]","[""data/corpus/lichsu_10/lichsu_10.pdf_159.jpg.txt"", ""data/corpus/lichsu_10/lichsu_10.pdf_160.jpg.txt"", ""data/corpus/lichsu_10/lichsu_10.pdf_161.jpg.txt""]","c sử dụng máy hơi nước đã trở thành phổ biến, do vậy tốc độ sản xuất người và năng suất lao động tăng lên rõ iệt. Máy hơi nước đã tạo ra nguồn động lực mới, làm giảm sức lao động cơ bắp của con người. Lao động bằng tay dần được thay thế bằng máy móc, khởi đầu quá trình công nghiệp hoá ở nước Anh. Nhu cầu dùng máy tăng lên đã thức đẩy ngành chế tạo máy ra đời và thi phát triển, đồng thời đòi hỏi số lương và chất lương kim loại nhiều và cao hơn phát minh về phương pháp nấu than cốc năm 1735 là một",,,,,
relation,lichsu_12_s15_bai1_sec5_001:3:e3-OCCURRED_AT-e4,OCCURRED_AT,e3,Event,Hội nghị quốc tế thành lập Liên hợp quốc,e4,Place,Xan Phranxixcô,Hội nghị quốc tế thành lập Liên hợp quốc họp tại Xan Phranxixcô.,một thôi nghi quốc tế họp tai Xan Phranxixcô (Mi),0.95,lichsu_12_s15_bai1_sec5_001,lichsu_12,Bài 1,II - SỰ THÀNH LẬP LIÊN HỢP QUỐC,"[4, 5, 6, 7, 8]","[""data/corpus/lichsu_12/lichsu_12.pdf_4.jpg.txt"", ""data/corpus/lichsu_12/lichsu_12.pdf_5.jpg.txt"", ""data/corpus/lichsu_12/lichsu_12.pdf_6.jpg.txt"", ""data/corpus/lichsu_12/lichsu_12.pdf_7.jpg.txt"", ""data/corpus/lichsu_12/lichsu_12.pdf_8.jpg.txt""]","phía Bắc Toàn bộ những quyết định của Hội nghi lanta cùng những thoả thuân sau đó của ba cho ba cường quốc đã trở thành khuôn khổ của trật tư thế giới mới, thường được goi là trật tự hai cưc lanta. II - SỰ THÀNH LẬP LIÊN HỢP QUỐC Sau Hội nghi Tanta không lâu, từ ngày 25 - 4 đến ngày 26 - 6 - 1945, một thôi nghi quốc tế họp tai Xan Phranxixcô (Mi) với sư tham gia của đại biểu 50 nước; để thông qua bản Hiến chương và tuyên bố thành lập tổ chức Liên hợp quốc Ngày 24 - 10 ? 1945, sau khi được Quốc h",,,,,
relation,lichsu_10_s150_001:7:e8-OCCURRED_AT-e9,OCCURRED_AT,e8,Event,khởi nghĩa chống phong kiến,e9,Time,giữa thế kỉ XIX,Các cuộc khởi nghĩa chống phong kiến kéo dài cho đến giữa thế kỉ XIX.,kéo dài cho đến giữa thế kỉ XIX.,0.85,lichsu_10_s150_001,lichsu_10,Bài,ĐẤU TRANH CỦA NHÂN DÂN,"[126, 127, 130]","[""data/corpus/lichsu_10/lichsu_10.pdf_126.jpg.txt"", ""data/corpus/lichsu_10/lichsu_10.pdf_127.jpg.txt"", ""data/corpus/lichsu_10/lichsu_10.pdf_130.jpg.txt""]","đình Nguyễn chịu phục tùng, nhưng đối với Lào và Chân Lạp lại bắt họ thần phục Trước sự nhòm ngó của các nước phương Tây, nhà Nguyễn chủ trương "" đóng cửa?, không chấp nhận việc đặt quan hệ với họ. B ĐẤU TRANH CỦA NHÂN DÂN Đất nước trở lại thống nhất, tạm thời yên bình dưới sự thống trị của một nhà nước mới. Nhưng những thể chế cũ của chế độ phong kiến vẫn được duy trì, không tạo ngo điều kiện vượt qua khủng hoảng cuộc sống của nhân dân ngày càng thêm khổ cực. Mâu thuẫn giai cấp thống trị và nhâ",,,,,
relation,lichsu_12_s133_bai13_sec4_002:11:e10-OCCURRED_AT-e11,OCCURRED_AT,e10,Event,bãi công của công nhân,e11,Place,Hải Phòng,Bãi công của công nhân nổ ra ở nhà máy chai Hải Phòng.,nhà may chai Hai Phòng,0.95,lichsu_12_s133_bai13_sec4_002,lichsu_12,Bài 13,SỰ RA ĐỜI VÀ HOẠT ĐỘNG CỦA BA TỔ CHỨC CÁCH MẠNG,"[83, 84, 85]","[""data/corpus/lichsu_12/lichsu_12.pdf_83.jpg.txt"", ""data/corpus/lichsu_12/lichsu_12.pdf_84.jpg.txt"", ""data/corpus/lichsu_12/lichsu_12.pdf_85.jpg.txt""]","g dân tộc cho cán bộ O Của Hôi Việt Nam Cách mang Thanh để tuyên truyền đến giai cấp công nhân và các tầng lớp nhân dân Việt Nam 031100000119 Hội đã xây dựng tổ chức cơ sở của mình ở hầu khắp cả nước. Các kì bô Trung Ki, Nam Ki của Hội lần lượt ra đời vào năm 1928, Hội có gần 300 hội viên 1929 Đường Kách mệnh có khoảng 1 700 hội viên và còn xây dựng cơ sở trong Việt kiểu ở Xiêm (Thái Lan) Tại Quảng Châu, ngày 9 - 7 - 1925, Nguyễn Ai Quốc đã cùng một số nhà yêu nước Triều Tiên, Inđônêxia v.v. lập",,,,,
relation,lichsu_12_s215_bai19_sec6_001:1:e1-OCCURRED_AT-e2,OCCURRED_AT,e1,Event,Đại hội đại biểu lần thứ II của Đảng Cộng Sản Đông Dương,e2,Time,11 đến 19 tháng 2 năm 1951,Đại hội đại biểu lần thứ II của Đảng Cộng Sản Đông Dương diễn ra vào thời gian này.,Từ ngày 11 đến ngày 19 ? 2 - 1951,0.9,lichsu_12_s215_bai19_sec6_001,lichsu_12,Bài 19,II ĐẠI HỘI ĐẠI BIỂU LẦN THỨ II CỦA ĐẢNG (2?1951),"[139, 140, 141]","[""data/corpus/lichsu_12/lichsu_12.pdf_139.jpg.txt"", ""data/corpus/lichsu_12/lichsu_12.pdf_140.jpg.txt"", ""data/corpus/lichsu_12/lichsu_12.pdf_141.jpg.txt""]","tí phrăng ngân sách. Các phái đoàn viên trơ kinh tế, cổ văn quân sự Mĩ đến Việt Nam ngày càng nhiều Các trung tâm và các trường huấn luyên của Mĩ bắt đầu tuyển chon, đưa người Việt Nam sang học ở Mĩ II ĐẠI HỘI ĐẠI BIỂU LẦN THỨ II CỦA ĐẢNG (2?1951) Từ ngày 11 đến ngày 19 ? 2 - 1951, Đại hôi đại biểu lần thứ II của Đảng Cộng Sản Đông Dương họp ở xã Vinh Quang (Chiêm Hoa - Tuyên Quang) Đại hội thông qua hai báo cáo quan trọng Bao cáo chính tri, do Chủ tịch Hô Chí Minh trình bày, đã lông kết kinh ng",,,,,
relation,lichsu_12_s53_bai5_sec2_001:3:e4-OCCURRED_AT-e1,OCCURRED_AT,e4,Event,thiết lập quan hệ ngoại giao,e1,Time,Ngày 7 - 1 - 1972,Sự kiện thiết lập quan hệ ngoại giao diễn ra vào ngày 7 - 1 - 1972,"Ngày 7 - 1 - 1972, Ân Độ chính thức thiết lập quan hệ ngoại giao",0.95,lichsu_12_s53_bai5_sec2_001,lichsu_12,Bài 5,CÁC NƯỚC CHÂU PHI VÌ LATINH,"[34, 35]","[""data/corpus/lichsu_12/lichsu_12.pdf_34.jpg.txt"", ""data/corpus/lichsu_12/lichsu_12.pdf_35.jpg.txt""]","của củng hộ cuộc đấu tranh giành độc lập của các dân tộc. Ngày 7 - 1 - 1972, Ân Độ chính thức thiết lập quan hệ ngoại giao với Việt Nam Cuộc đấu tranh giành độc lập của nhân dân Ấn Độ trong những CÁC NƯỚC CHÂU PHI VÌ LATINH Sau Chiến tranh thế giới thứ hai, phong trào giải phóng dân tộc và bảo về đóc lập của nhân dân châu Phi và Mĩ Latinh bùng nổ, đã giành được thắng lơi to lớn Bản đó chính trị của hai khu vực này có sự thay đối căn bản : một loạt các quốc gia đóc lập ra đời, tỉnh hình kinh tê ?",,,,,
relation,lichsu_10_s207_002:5:e7-OCCURRED_AT-e5,OCCURRED_AT,e7,Event,khởi nghĩa của công nhân dệt thành phố Li-ông,e5,Place,Pháp,Khởi nghĩa của công nhân dệt thành phố Li-ông diễn ra ở Pháp,"Ở Pháp, năm 1831, do bị bóc lột nặng nề và đời sống quá khó khăn, công nhân dệt thành phố Li ông khởi nghĩa",0.95,lichsu_10_s207_002,lichsu_10,Bài,1. Sự ra đời và tình cảnh của giai cấp vô sản công nghiệp,"[183, 184, 185]","[""data/corpus/lichsu_10/lichsu_10.pdf_183.jpg.txt"", ""data/corpus/lichsu_10/lichsu_10.pdf_184.jpg.txt"", ""data/corpus/lichsu_10/lichsu_10.pdf_185.jpg.txt""]","nhiều công nhân đã tưởng rằng máy the chi móc là nguồn gốc gây nên nổi khố của họ. Phong trào đập phá máy móc, đốt thuyên chinh công xưởng là hình thức đấu tranh tự phát đầu tiên của giai cấp vô sản. Phong Trong trào này diên ra từ cuối thế kỉ XVIII đến dầu thế ki XIX, trước hết ở Anh rồi lan chiết ra các nước khác Song, việc dập phá máy móc không đem lại kết quả gì ngoài thi thi thi thi Trong sự tăng cường đàn áp của giai cấp thống trị. Qua kinh nghiệm của nhiều lần thất bai bại và sự trưởng th",,,,,
relation,lichsu_11_s123_bai21_sec6_001:6:e9-OCCURRED_AT-e10,OCCURRED_AT,e9,Event,Trận tấn công đồn Nu (Thanh Chương),e10,Place,Đồn Nu (Thanh Chương),Trận tấn công đồn Nu diễn ra tại Thanh Chương,đồn Nu (Thanh Chương),0.95,lichsu_11_s123_bai21_sec6_001,lichsu_11,Bài 21,Vi Diễn Chau,"[128, 129, 132, 133]","[""data/corpus/lichsu_11/lichsu_11.pdf_128.jpg.txt"", ""data/corpus/lichsu_11/lichsu_11.pdf_129.jpg.txt"", ""data/corpus/lichsu_11/lichsu_11.pdf_132.jpg.txt"", ""data/corpus/lichsu_11/lichsu_11.pdf_133.jpg.txt""]","Sơn. Trong thể cùng, ông phảng giác (12 8 1889), sau bi chúng An giê-n Những tướng lĩnh còn lại cố duy trì cuộc khởi nghĩa thêm một thời gian, Đến năm 1892, ho về với nghĩa quân Đề Thám ở Yên Thế Vi Diễn Chau Đồn Nu Thạn Kinh Chương Thành Nghệ An DNQ Hương th Sơn WSghi Xuan Khhinh Hà Tĩnh Q ng Khê z C I SISS ca Căn cứ chính QUẢNG BÌNH của nghĩa quân L Nơi nghĩa quân hoạt động Nghĩa quân Hương Khê được phiên chế thành 15 quân thứ, đặt dưới sự chỉ huy của những tướng lĩnh tài ba. Đại bản doanh cuộ",,,,,
relation,lichsu_12_s133_bai13_sec4_002:10:e10-OCCURRED_AT-e3,OCCURRED_AT,e10,Event,bãi công của công nhân,e3,Time,năm 1929,Các cuộc bãi công của công nhân nổ ra vào năm 1929.,"Năm 1929, bãi công của công nhân nó ra",0.95,lichsu_12_s133_bai13_sec4_002,lichsu_12,Bài 13,SỰ RA ĐỜI VÀ HOẠT ĐỘNG CỦA BA TỔ CHỨC CÁCH MẠNG,"[83, 84, 85]","[""data/corpus/lichsu_12/lichsu_12.pdf_83.jpg.txt"", ""data/corpus/lichsu_12/lichsu_12.pdf_84.jpg.txt"", ""data/corpus/lichsu_12/lichsu_12.pdf_85.jpg.txt""]","g dân tộc cho cán bộ O Của Hôi Việt Nam Cách mang Thanh để tuyên truyền đến giai cấp công nhân và các tầng lớp nhân dân Việt Nam 031100000119 Hội đã xây dựng tổ chức cơ sở của mình ở hầu khắp cả nước. Các kì bô Trung Ki, Nam Ki của Hội lần lượt ra đời vào năm 1928, Hội có gần 300 hội viên 1929 Đường Kách mệnh có khoảng 1 700 hội viên và còn xây dựng cơ sở trong Việt kiểu ở Xiêm (Thái Lan) Tại Quảng Châu, ngày 9 - 7 - 1925, Nguyễn Ai Quốc đã cùng một số nhà yêu nước Triều Tiên, Inđônêxia v.v. lập",,,,,
relation,lichsu_11_s124_bai21_sec7_001:3:e3-OCCURRED_AT-e4,OCCURRED_AT,e3,Event,trận phục kích,e4,Time,17 - 10 - 1894,trận phục kích diễn ra vào ngày 17 - 10 - 1894,"Ngay 17 - 10 - 1894, họ giành được tháng loi lớn trong trân phục kích",0.95,lichsu_11_s124_bai21_sec7_001,lichsu_11,Bài 21,"17 - 10 - 1894, họ giành được tháng loi lớn trong trân phục kích đuc đuang","[132, 133]","[""data/corpus/lichsu_11/lichsu_11.pdf_132.jpg.txt"", ""data/corpus/lichsu_11/lichsu_11.pdf_133.jpg.txt""]","đường tiên quân về tỉnh lị Nghê An, Cao Thắng đã bị trúng dan và hì sinh năm 29 tuổi Đây là một tổn thất lớn của nghĩa quân Trước sức mạnh áp đảo của giác, nghĩa quân vẫn kiên trì chiến đấu, Ngay 17 - 10 - 1894, họ giành được tháng loi lớn trong trân phục kích đuc đuang hàng chục tên giác đã bi tiêu diệt Sau trân đánh này, đôi quân tay sai của Pháp do Nguyễn Thân chỉ huy tiếp tục tổ chức cuộc vây hãm núi Vu Quang. Nghĩa quân bị triết đường tiếp tế, quân số giảm sút nhiều Trong một trân ác chiến,",,,,,
relation,lichsu_12_s285_bai23_sec12_002:5:e5-OCCURRED_AT-e4,OCCURRED_AT,e5,Event,Chiến dịch Tây Nguyên,e4,Time,Ngày 24 - 3 - 1975,Chiến dịch Tây Nguyên kết thúc với việc giải phóng Tây Nguyên vào ngày 24-3-1975,"Đến ngày 24 - 3 - 1975, Tây Nguyên rông lớn với 60 van dân hoàn toàn được giải phóng Chiến dịch Tây Nguyên thắng loi",0.95,lichsu_12_s285_bai23_sec12_002,lichsu_12,Bài 23,2. Cuộc Tổng tiến công và nối dậy Xuân 1975,"[192, 193, 194, 195, 196]","[""data/corpus/lichsu_12/lichsu_12.pdf_192.jpg.txt"", ""data/corpus/lichsu_12/lichsu_12.pdf_193.jpg.txt"", ""data/corpus/lichsu_12/lichsu_12.pdf_194.jpg.txt"", ""data/corpus/lichsu_12/lichsu_12.pdf_195.jpg.txt"", ""data/corpus/lichsu_12/lichsu_12.pdf_196.jpg.txt""]","h mất tinh thần, hàng nối loan Ngày 14 - 3 - 1975, Nguyên Văn Thiêu ra lênh rút toàn bộ quân khỏi Tây Nguyên về giữ vùng duyên hải miền Trung Trên đường rút chay, chúng bị quân ta truy kích tiêu diệt. Đến ngày 24 - 3 - 1975, Tây Nguyên rông lớn với 60 van dân hoàn toàn được giải phóng Chiến dịch Tây Nguyên thắng loi đã chuyển cuộc kháng chiến chông Mĩ, cứu nước sang giai đoạn mới - từ tiến công chiến lược ở Tây Nguyên phát triển thành tổng tiến công chiến lược trên toàn chiến trường miền Nam Thu",,,,,
relation,lichsu_12_s208_bai18_sec14_001:5:e4-OCCURRED_AT-e7,OCCURRED_AT,e4,Event,chiến dịch Biên giới,e7,Time,Sáng sớm 16 999--91050,Chiến dịch Biên giới bắt đầu vào sáng sớm ngày 16 tháng 9 năm 1950.,"Sáng sớm 16 999--91050, các đơn vị quân đôi ta nổ súng mở đầu chiến dịch",0.9,lichsu_12_s208_bai18_sec14_001,lichsu_12,Bài 18,2. Chiến dịch Biên giới thu - đông năm 1950,"[135, 136, 137, 138]","[""data/corpus/lichsu_12/lichsu_12.pdf_135.jpg.txt"", ""data/corpus/lichsu_12/lichsu_12.pdf_136.jpg.txt"", ""data/corpus/lichsu_12/lichsu_12.pdf_137.jpg.txt"", ""data/corpus/lichsu_12/lichsu_12.pdf_138.jpg.txt""]","lang Đông - Tây"" (Hải Phòng - Hà Nội Hoà Bình - Sơn La), Trên cơ sở đó, Pháp chuẩn bi một kế hoạch quy mô lớn tiền công Việt Bắc lần thứ hai, mong giành tháng lơi để nhanh chóng kết thúc chiến tranh 2. Chiến dịch Biên giới thu - đông năm 1950 Việc Pháp thực hiên kế hoạch Rove đã làm cho vùng tự do của ta bị thu hẹp, căn chi chi cứ địa Viết Bắc bị bao vây, Để khắc phục khó khân, đưa cuốc kháng chiến phát triển lên một bước mới, tháng 6 - 1950, Đảng và Chính phủ quyết định mở chiến dich Biên giới ",,,,,
relation,lichsu_12_s252_bai21_sec18_003:3:e1-OCCURRED_AT-e4,OCCURRED_AT,e1,Event,trận Ấp Bắc,e4,Time,2-1-1963,Trận Ấp Bắc diễn ra vào ngày 2-1-1963,ngày 2 - 1 - 1963,0.95,lichsu_12_s252_bai21_sec18_003,lichsu_12,Bài 21,1. Chiến lược ?Chiến tranh đặc biệt? của Mĩ ở miền Nam,"[165, 166, 167, 168, 169, 170, 171, 172]","[""data/corpus/lichsu_12/lichsu_12.pdf_165.jpg.txt"", ""data/corpus/lichsu_12/lichsu_12.pdf_166.jpg.txt"", ""data/corpus/lichsu_12/lichsu_12.pdf_167.jpg.txt"", ""data/corpus/lichsu_12/lichsu_12.pdf_168.jpg.txt"", ""data/corpus/lichsu_12/lichsu_12.pdf_169.jpg.txt"", ""data/corpus/lichsu_12/lichsu_12.pdf_170.jpg.txt"", ""data/corpus/lichsu_12/lichsu_12.pdf_171.jpg.txt"", ""data/corpus/lichsu_12/lichsu_12.pdf_172.jpg.txt""]","đội trong trân Ấp Bắc (Mi Tho) ngày 2 - 1 - 1963, đánh bại cuộc hành quân càn quét của hơn 2 000 binh lính quân đội Sài Gòn có cố vấn Mĩ chỉ huy, được pháo binh, máy bay xe tăng, xe bọc thép yểm trợ. Sau trận Ấp Bắc, khấp miền Nam dấy lên phong trào Thi đua Ấp Bắc, giết giác lập công? Phong trào đấu tranh chính trị của các tầng lớp nhân dân trong các đô thi, cả những đô thị lớn như Sài Gòn, Huê, Đà Năng, có những bước phát triển mạnh mẽ, ""nổi bật là cuộc đấu tranh của các tín đô Phật giáo, ""đội ",,,,,
relation,lichsu_11_s61_bai14_sec2_002:3:e5-OCCURRED_AT-e4,OCCURRED_AT,e5,Event,khủng hoảng tài chính,e4,Time,mùa xuân năm 1927,Khủng hoảng tài chính bùng nổ vào mùa xuân năm 1927,mùa xuân năm 1927 chinh cuộc khủng hoàng tài chính lại bùng nổ,0.95,lichsu_11_s61_bai14_sec2_002,lichsu_11,Bài 14,NHẬT BẢN TRONG NĂM 1918 1929,"[74, 75]","[""data/corpus/lichsu_11/lichsu_11.pdf_74.jpg.txt"", ""data/corpus/lichsu_11/lichsu_11.pdf_75.jpg.txt""]","ổn định (1929) Khác với các nước tư bản Tây Au và Mĩ, sự ổn định của Nhật Bản chỉ tồn tại Trong một thời gian ngàn, Năm 1926, sản lương công nghiệp mới phục hồi trở lại và vượt mức trước chiến tranh. Nhưng chưa đây một năm sau, mùa xuân năm 1927 chinh cuộc khủng hoàng tài chính lại bùng nổ ở Thủ đô Tô-ki-ô làm 30 ngân hàng phá Thi sản, Nền công nghiệp chủ yếu dựa vào xuất khẩu của Nhật Bản ngày càng gấp khó khăn trong việc canh tranh với Mĩ và các nước Tây Au Từ một nước có sức sản xuất và mức x",,,,,
relation,lichsu_12_s48_bai4_sec7_001:9:e11-OCCURRED_AT-e10,OCCURRED_AT,e11,Event,cuộc bãi công của hơn 40 vạn công nhân ở Cancutta,e10,Time,Đầu năm 1947,Cuộc bãi công của hơn 40 vạn công nhân ở Cancutta diễn ra vào đầu năm 1947,như cuộc bãi công của hơn 40 vạn công nhân ở Cancutta (2? 1947),0.95,lichsu_12_s48_bai4_sec7_001,lichsu_12,Bài 4,1. Cuộc đấu tranh giành độc lập,"[30, 31, 32, 33]","[""data/corpus/lichsu_12/lichsu_12.pdf_30.jpg.txt"", ""data/corpus/lichsu_12/lichsu_12.pdf_31.jpg.txt"", ""data/corpus/lichsu_12/lichsu_12.pdf_32.jpg.txt"", ""data/corpus/lichsu_12/lichsu_12.pdf_33.jpg.txt""]","động hợp tác kinh tế, xây dưng Đông Nam Á thành khu vực hoà bình, ổn định, cùng phát triển Tháng 11 - 2007 các nước thành viên đã ki bản Hiến chương ASEAN nhằm xây dựng ASEAN thành một công vững manh 1. Cuộc đấu tranh giành độc lập An Độ là một nước rộng lớn và đông dân thứ hai ở châu Á, với diên tích gần 3,3 triệu km?, dân số 1 tỉ 20 triệu người (2000) Sau Chiến tranh thế giới thứ hai, cuộc đấu tranh chống thực dân Anh, đòi độc lập của nhân dân Ấn Độ dưới sự lãnh đạo của Đảng Quốc đại phát triể",,,,,
relation,lichsu_11_s61_bai14_sec2_001:5:e6-OCCURRED_AT-e1,OCCURRED_AT,e6,Event,"Cuộc ""Bạo động lúa gạo""",e1,Place,Nhật Bản,"Cuộc ""Bạo động lúa gạo"" lan rộng khắp cả nước Nhật Bản.","cuốc ""Bao đông lúa gao"" lan rông kháp cả nước",0.95,lichsu_11_s61_bai14_sec2_001,lichsu_11,Bài 14,NHẬT BẢN TRONG NĂM 1918 1929,"[74, 75]","[""data/corpus/lichsu_11/lichsu_11.pdf_74.jpg.txt"", ""data/corpus/lichsu_11/lichsu_11.pdf_75.jpg.txt""]","kinh tế (1929 Lan 1933), Để tìm lối thoát ra khỏi khủng hoảng, giới cầm quyền Nhật Bản tiến hành quân phiệt hoá bộ máy nhà nước, biến Nhật Bản thành một lò lửa chiến tranh ở châu Á và trên thế giới. NHẬT BẢN TRONG NĂM 1918 1929 1 Nhật Bản trong những năm dầu sau chiến tranh (1918 1923) Nhiều Nhật Bản là nước thứ hai sau Mĩ thu được nhiều lợi trong Chiến tranh thế giới thứ nhất. Lợi dụng sự suy giảm khả năng kinh tế của các nước tư bản châu Au trong chiến tranh, Nhật Bản đã tăng cường sản xuất hà",,,,,
relation,lichsu_12_s39_bai3_sec5_002:4:e4-OCCURRED_AT-e5,OCCURRED_AT,e4,Event,thiết lập quan hệ ngoại giao với Việt Nam,e5,Time,Ngày 18 - 1 - 1950,Sự kiện thiết lập quan hệ ngoại giao diễn ra vào ngày 18-1-1950.,"Ngày 18 - 1 - 1950, Trung Quốc thiết lập quan hê ngoai giao với Viết Nam",0.95,lichsu_12_s39_bai3_sec5_002,lichsu_12,Bài 3,1. Sự thành lập nước Cộng hoà Nhân dân Trung Hoa và thành tựu,"[20, 21, 22, 23]","[""data/corpus/lichsu_12/lichsu_12.pdf_20.jpg.txt"", ""data/corpus/lichsu_12/lichsu_12.pdf_21.jpg.txt"", ""data/corpus/lichsu_12/lichsu_12.pdf_22.jpg.txt"", ""data/corpus/lichsu_12/lichsu_12.pdf_23.jpg.txt""]","ến năm 1957, sản lương công nghiệp tăng 140%, sản lương ngày nghiệp nghiệp tăng 25% (so với năm 1952), Trung Quốc đã tư sán xuất được 60% số máy móc cần thiết Văn hoá, giáo dục có những bước tiến lớn. Đời sống nhân dân được cái thiện Và Về đối ngoai, Trung Quốc thi hành chính sách tích cực nhằm củng cổ hoà bình và thúc đấy sự phát triển của phong trào cách mang thế giới Ngày 18 - 1 - 1950, Trung Quốc thiết lập quan hê ngoai giao với Viết Nam Trung Quốc những năm không ôn định (1978) Về đối nội, ",,,,,
relation,lichsu_12_s48_bai4_sec7_001:5:e7-OCCURRED_AT-e6,OCCURRED_AT,e7,Event,khởi nghĩa của 2 vạn thuỷ binh trên 20 chiến hạm ở Bombay,e6,Time,Năm 1946,Cuộc khởi nghĩa của thủy binh ở Bombay xảy ra vào năm 1946,Tiêu biểu là cuộc khởi nghĩa của 2 vạn thuý binh trên 20 chiến hạm ở Bombay (1946),0.95,lichsu_12_s48_bai4_sec7_001,lichsu_12,Bài 4,1. Cuộc đấu tranh giành độc lập,"[30, 31, 32, 33]","[""data/corpus/lichsu_12/lichsu_12.pdf_30.jpg.txt"", ""data/corpus/lichsu_12/lichsu_12.pdf_31.jpg.txt"", ""data/corpus/lichsu_12/lichsu_12.pdf_32.jpg.txt"", ""data/corpus/lichsu_12/lichsu_12.pdf_33.jpg.txt""]","động hợp tác kinh tế, xây dưng Đông Nam Á thành khu vực hoà bình, ổn định, cùng phát triển Tháng 11 - 2007 các nước thành viên đã ki bản Hiến chương ASEAN nhằm xây dựng ASEAN thành một công vững manh 1. Cuộc đấu tranh giành độc lập An Độ là một nước rộng lớn và đông dân thứ hai ở châu Á, với diên tích gần 3,3 triệu km?, dân số 1 tỉ 20 triệu người (2000) Sau Chiến tranh thế giới thứ hai, cuộc đấu tranh chống thực dân Anh, đòi độc lập của nhân dân Ấn Độ dưới sự lãnh đạo của Đảng Quốc đại phát triể",,,,,
relation,lichsu_12_s226_bai20_sec6_005:6:e8-OCCURRED_AT-e3,OCCURRED_AT,e8,Event,Đợt 3 tiến công,e3,Place,phân khu Trung tâm,Đợt 3 tiến công diễn ra tại phân khu Trung tâm,Thu nhu Trung tâm,0.9,lichsu_12_s226_bai20_sec6_005,lichsu_12,Bài 20,VÀ CHIẾN DỊCH ĐIỆN PHÚ NĂM 1954,"[145, 146, 147, 148, 149, 150, 151]","[""data/corpus/lichsu_12/lichsu_12.pdf_145.jpg.txt"", ""data/corpus/lichsu_12/lichsu_12.pdf_146.jpg.txt"", ""data/corpus/lichsu_12/lichsu_12.pdf_147.jpg.txt"", ""data/corpus/lichsu_12/lichsu_12.pdf_148.jpg.txt"", ""data/corpus/lichsu_12/lichsu_12.pdf_149.jpg.txt"", ""data/corpus/lichsu_12/lichsu_12.pdf_150.jpg.txt"", ""data/corpus/lichsu_12/lichsu_12.pdf_151.jpg.txt""]","Bắc Kết quả, ta loại khỏi vòng chiến đấu gần 2000 tên địch. Đội Đột 2, từ ngày 30 - 3 đến ngày 26 - 4 - quân ta đông loạt tiến công các cứ điểm phía đông phân khu Trung tâm như E1, D1, C1, C2, A1 v.v. Ta chiếm phần nhưng lớn các cứ điểm của địch, tao thêm điều kiên để bao vây, chia cát, khống chế địch Sau đợt này, Mĩ khẩn cấp viên trợ cho Pháp và de doa ném bom nguyên tử xuống Điện Biên Phủ, Tà kịp thời khắc phục khó khân về tiếp tế, nâng cao quyết tâm giành tháng lợi Đợt 3, từ ngày 1 - 5 đến ng",,,,,
relation,lichsu_12_s213_bai19_sec4_001:6:e6-OCCURRED_AT-e4,OCCURRED_AT,e6,Event,Hiệp định phòng thủ chung Đông Dương,e4,Time,Ngày 23 - 12 - 1950,Hiệp định phòng thủ chung Đông Dương được kí vào ngày này,Ngày 23 - 12 - 1950,0.95,lichsu_12_s213_bai19_sec4_001,lichsu_12,Bài 19,THỰC DÂN PHÁP ĐẦY MẠNH XÂM LƯỢC ĐÔNG DƯƠNG,[139],"[""data/corpus/lichsu_12/lichsu_12.pdf_139.jpg.txt""]","có sự giúp đờ của đế quốc Mĩ được đấy manh , lực lương kháng chiên của ta trương thành về quân dân ta giành nhiều thắng lơi to lớn và toàn diên, tiếp tục giữ vững quyền chủ động trên chiến trường THỰC DÂN PHÁP ĐẦY MẠNH XÂM LƯỢC ĐÔNG DƯƠNG 1 Mĩ can thiệp sâu vào cuộc chiến tranh Từ tháng 5 - 1949, Mi từng bước can thiệp sâu vào cuộc chiến tranh xâm lược Đông Dương, Ngày 23 ? 12 - 1950, Mi kí với Pháp Hiệp đinh phòng thủ chung Đông Dương, Đây là hiệp định viên trợ quân sự, kinh tế ? tài chính của ",,,,,
relation,lichsu_12_s166_bai16_sec8_002:1:e2-OCCURRED_AT-e1,OCCURRED_AT,e2,Event,Khởi nghĩa Bắc Sơn,e1,Place,Bắc Sơn,Khởi nghĩa Bắc Sơn diễn ra tại Bắc Sơn,Khỏi nghĩa Bắc Sơn,0.9,lichsu_12_s166_bai16_sec8_002,lichsu_12,Bài 16,VÀ TII PHONG TRAO GIẢI PHONG DÂN TỘC TỪ THÁNG 9 - 1939,"[103, 104, 105, 106]","[""data/corpus/lichsu_12/lichsu_12.pdf_103.jpg.txt"", ""data/corpus/lichsu_12/lichsu_12.pdf_104.jpg.txt"", ""data/corpus/lichsu_12/lichsu_12.pdf_105.jpg.txt"", ""data/corpus/lichsu_12/lichsu_12.pdf_106.jpg.txt""]","g bô địa phương, nhân dân Bắc Sơn đã nối dây chận dánh quân Pháp, chiếm đồn Mỏ Nhài, Chính quyền địch ở Bắc Sơn tan rã Nhân dân làm chủ châu lị và các vùng lân cân. Đội du kích Bắc Sơn được thành lập. Thất Khên TRUNG QUỐC Na Sầm Bình Gia s cr Bắc Sơn Điềm He Mỏ Nhài LANG Vũ Lăng SƠN A Võ Nhai P Khuối Nọi Y THÁI NGUYÊN Quân chúng và binh linh nguy quyền NY nổi dậy khởi nghĩa - Hương tiến đánh của quân Nhật x Nơi thành lập đội du kích Bắc Sơn Quân Pháp đầu hàng Pháp phân công, đần áp quân khởi ngh",,,,,
relation,lichsu_11_s61_bai14_sec2_001:4:e5-OCCURRED_AT-e1,OCCURRED_AT,e5,Event,Phong trào đấu tranh của công nhân và nông dân,e1,Place,Nhật Bản,Phong trào đấu tranh của công nhân và nông dân bùng lên mạnh mẽ ở Nhật Bản.,Phong trào đấu tranh của công nhân và nông dân bùng lên manh mẽ trong nguy những năm sau chiến tranh.,0.95,lichsu_11_s61_bai14_sec2_001,lichsu_11,Bài 14,NHẬT BẢN TRONG NĂM 1918 1929,"[74, 75]","[""data/corpus/lichsu_11/lichsu_11.pdf_74.jpg.txt"", ""data/corpus/lichsu_11/lichsu_11.pdf_75.jpg.txt""]","kinh tế (1929 Lan 1933), Để tìm lối thoát ra khỏi khủng hoảng, giới cầm quyền Nhật Bản tiến hành quân phiệt hoá bộ máy nhà nước, biến Nhật Bản thành một lò lửa chiến tranh ở châu Á và trên thế giới. NHẬT BẢN TRONG NĂM 1918 1929 1 Nhật Bản trong những năm dầu sau chiến tranh (1918 1923) Nhiều Nhật Bản là nước thứ hai sau Mĩ thu được nhiều lợi trong Chiến tranh thế giới thứ nhất. Lợi dụng sự suy giảm khả năng kinh tế của các nước tư bản châu Au trong chiến tranh, Nhật Bản đã tăng cường sản xuất hà",,,,,
relation,lichsu_12_s297_bai24_sec7_001:7:e10-OCCURRED_AT-e11,OCCURRED_AT,e10,Event,cuộc Tổng tuyển cử bầu Quốc hội chung,e11,Time,Ngày 25 - 4 - 1976,Cuộc Tổng tuyển cử bầu Quốc hội chung được tiến hành vào ngày 25 - 4 - 1976,"Ngày 25 - 4 - 1976, cuộc Tổng tuyến cử bầu Quốc hội chung được tiến hành",0.95,lichsu_12_s297_bai24_sec7_001,lichsu_12,Bài 24,HII - HOÀN THÀNH THỐNG NHẤT ĐẤT NƯỚC VỀ MẶT NHÀ NƯỚC (1975 ? 1976),"[200, 201, 202, 203]","[""data/corpus/lichsu_12/lichsu_12.pdf_200.jpg.txt"", ""data/corpus/lichsu_12/lichsu_12.pdf_201.jpg.txt"", ""data/corpus/lichsu_12/lichsu_12.pdf_202.jpg.txt"", ""data/corpus/lichsu_12/lichsu_12.pdf_203.jpg.txt""]","ngoài, đều trở lại hoạt động Các hoạt động văn hoá, giáo dục, y tế v.v. được tiến hành khẩn trương từ những ngày đầu mới giải phóng tranh, khôi phục kinh tế, ổn định tình han sau giải phóng năm 1975 HII - HOÀN THÀNH THỐNG NHẤT ĐẤT NƯỚC VỀ MẶT NHÀ NƯỚC (1975 ? 1976) Và Sau đại tháng mùa Xuân 1975, Tố quốc Viết Nam được thống nhất về mặt lãnh thổi thổ, song ở mỗi miền vẫn tồn tai hình thức tổ chức nhà nước khác nhau, Thưc tế đó Thiến trái vối nguyên vong, tỉnh cảm thiêng liêng của nhân dán hai miề",,,,,
relation,lichsu_12_s285_bai23_sec12_001:2:e2-OCCURRED_AT-e3,OCCURRED_AT,e2,Event,Chiến dịch Tây Nguyên,e3,Place,Tây Nguyên,Chiến dịch Tây Nguyên diễn ra tại Tây Nguyên.,Chiến dịch Tây Nguyên,0.95,lichsu_12_s285_bai23_sec12_001,lichsu_12,Bài 23,2. Cuộc Tổng tiến công và nối dậy Xuân 1975,"[192, 193, 194, 195, 196]","[""data/corpus/lichsu_12/lichsu_12.pdf_192.jpg.txt"", ""data/corpus/lichsu_12/lichsu_12.pdf_193.jpg.txt"", ""data/corpus/lichsu_12/lichsu_12.pdf_194.jpg.txt"", ""data/corpus/lichsu_12/lichsu_12.pdf_195.jpg.txt"", ""data/corpus/lichsu_12/lichsu_12.pdf_196.jpg.txt""]","sự cần thiết tranh thủ thời cơ đánh để đõ thiệt hại về người và của cho nhân dân, giữ gìn tốt cơ sở kinh tế, công trình văn hoá v.v, giảm bớt sự tàn phá của chiến tranh kế hoạch giải phóng miền Nam 2. Cuộc Tổng tiến công và nối dậy Xuân 1975 Cuộc Tổng tiến công và nổi dậy Xuân 1975 đã diễn ra trong gần hai tháng (từ ngày 4 ? 3 đến ngày 2 - 5) qua ba chiến dịch lớn - Tây Nguyên, Huế - Đà Năng và Chiến dịch Hồ Chí Minh đánh vào Sài Gòn. Chiến dịch Tây Nguyên (từ ngày 4 ngày 24 3) Tây Nguyên là địa",,,,,
relation,lichsu_11_s7_bai2_sec1_002:8:e6-OCCURRED_AT-e9,OCCURRED_AT,e6,Event,Cuộc khởi nghĩa Xipay,e9,Time,Rạng sáng 10/5/1857,Cuộc khởi nghĩa Xipay bùng nổ vào rạng sáng 10/5/1857.,"Rang sáng 10 55 1857, ở Mi rút (gân Đê-li), khi thực dân Anh sắp áp giải 85 binh lính Xipay trái lênh thì 3 trung đoàn Xipay nổi dây khởi nghĩa",0.95,lichsu_11_s7_bai2_sec1_002,lichsu_11,Bài 2,Bài 2,"[4, 5, 6, 8, 9, 10]","[""data/corpus/lichsu_11/lichsu_11.pdf_10.jpg.txt"", ""data/corpus/lichsu_11/lichsu_11.pdf_4.jpg.txt"", ""data/corpus/lichsu_11/lichsu_11.pdf_5.jpg.txt"", ""data/corpus/lichsu_11/lichsu_11.pdf_6.jpg.txt"", ""data/corpus/lichsu_11/lichsu_11.pdf_8.jpg.txt"", ""data/corpus/lichsu_11/lichsu_11.pdf_9.jpg.txt""]","ngày càng nhiều , đời sông nhân dân Ấn Độ ngày cang khó khăn Về chính trị - xã hội, Chính phủ Anh năm quyền cai trị trực tiếp Ân Độ Ngày 11711 1877, Nữ hoàng Anh tuyên bố đồng thời là Nữ hoàng An Độ. Để tạo chỗ dựa và vàng chắc cho nền thống trì của mình, thực dân Anh đã thực hiên chính sách chia để trị, mua chuộc tầng lớp có thể lực trong giai cấp phong kiến bản xứ, tìm cách khơi sâu sự cách biệt về chủng tộc, tôn giáo và đảng cấp trong xã hội Hày nêu những nét lớn trong chính sách thống trị củ",,,,,
relation,lichsu_10_s174_001:9:e7-OCCURRED_AT-e6,OCCURRED_AT,e7,Event,cách mạng tư sản ở Bắc Mĩ,e6,Place,Bắc Mĩ,cách mạng tư sản diễn ra ở Bắc Mĩ,phát triển ở Bắc Mĩ,0.95,lichsu_10_s174_001,lichsu_10,Bài,CỦA CÁC THUỐC ĐIA ANH,"[145, 146]","[""data/corpus/lichsu_10/lichsu_10.pdf_145.jpg.txt"", ""data/corpus/lichsu_10/lichsu_10.pdf_146.jpg.txt""]","(1599 ? 1658) phong kiến, mở đường cho chủ nghĩa tư bản phát thiến triển mạnh mẽ hơn. Đây là cuộc cách mạng tư sản có ý nghĩa trọng đại trong thời kì quá độ từ chế độ phong kiến sang chế độ tư bản. S CỦA CÁC THUỐC ĐIA ANH Ở BẮC MĨ Vào nửa sau thế kỉ XVIII, một cuộc biến động xã hội chính trị to lớn đã bùng nổ ở Bắc Mĩ ? đó là cuộc cách mạng tư sản diễn ra dưới hình thức một cuộc chiến tranh giải phóng nhằm lật đồ sự thống trị của chính quyền thực dân Anh mở đường cho chủ nghĩa tư bản phát triển ",,,,,
relation,lichsu_11_s30_bai7_sec7_002:1:e1-OCCURRED_AT-e2,OCCURRED_AT,e1,Event,Cách mạng tháng Hai,e2,Place,Nga,Cách mạng tháng Hai diễn ra ở Nga.,Nước Nga trở thành nước Cộng hoà Cách mạng dân chú tư sản tháng Hai thăng lơi,0.9,lichsu_11_s30_bai7_sec7_002,lichsu_11,Bài 7,CÁCH MANG THÁNG MƯỜI NGA NĂM 1917,"[48, 49, 50]","[""data/corpus/lichsu_11/lichsu_11.pdf_48.jpg.txt"", ""data/corpus/lichsu_11/lichsu_11.pdf_49.jpg.txt"", ""data/corpus/lichsu_11/lichsu_11.pdf_50.jpg.txt""]","ong nước. Chỉ trong vòng 8 ngày, trên phạm vi cả nước, quần chúng nhân dây lật đổ chế độ cũ, bầu ra các xô viết đại biểu công nhân, nông dân và binh lính. Giai cấp tư sản thành lập Chính phủ lâm thời. Nước Nga trở thành nước Cộng hoà Cách mạng dân chú tư sản tháng Hai thăng lơi, Tuy nhiên, một tình hình chính Trong tin phức tạp chưa từng có đã diên ra ở nước Nga, Đó là tình trang hai chính quyên sang song song tồn tai - Chính phủ tư sản lâm thời và Xô viết đại biểu công nhân, nông chinh dân và b",,,,,
relation,lichsu_11_s71_bai16_sec2_001:4:e4-OCCURRED_AT-e5,OCCURRED_AT,e4,Event,làn sóng đấu tranh chống thực dân Anh,e5,Place,Ấn Độ,Làn sóng đấu tranh chống thực dân Anh của nhân dân Ấn Độ,làn sóng đấu tranh chống thực dân Anh của nhân dân An Đô,0.9,lichsu_11_s71_bai16_sec2_001,lichsu_11,Bài 16,CHIẾN TRANH THẾ GIỚI (1918 1939),"[81, 82, 83]","[""data/corpus/lichsu_11/lichsu_11.pdf_81.jpg.txt"", ""data/corpus/lichsu_11/lichsu_11.pdf_82.jpg.txt"", ""data/corpus/lichsu_11/lichsu_11.pdf_83.jpg.txt""]","1948) hưởng ứng Sư phát triển của phong trào công nhân dẫn tới sư thành lập Đảng Cộng sản Ấn Độ tháng 12 - 1925 Sự kiên này góp phần thúc đẩy làn sóng đấu tranh chống thực dân Anh của nhân dân An Đô. CHIẾN TRANH THẾ GIỚI (1918 1939) Trong những thập niên đầu thế kỉ XX, ở các nước Đông Nam Á đã diễn ra những chuyển biến quan trong về kinh tế, chính trị, xã hội, Phong trào đấu tranh giành độc lập dân tộc phát triển mạnh mẽ ở hầu khắp các nước trong khu vực, Hướng tới mục tiêu độc lập dân tộc, cùng",,,,,
relation,lichsu_11_s73_bai16_sec4_002:1:e1-OCCURRED_AT-e2,OCCURRED_AT,e1,Event,phong trào đấu tranh chống thực dân Hà Lan,e2,Place,In-đô-nê-xi-a,Phong trào đấu tranh chống thực dân Hà Lan lan rộng khắp các đảo thuộc In-đô-nê-xi-a.,phong trào đấu tranh chống thưc dân Hà Lan tiếp tục lan rông kháp các đảo thuộc In-đô-nê-xi a,0.95,lichsu_11_s73_bai16_sec4_002,lichsu_11,Bài 16,THỊ PHONG TRÀO ĐỘC LẬP DÂN TỘC Ở IN-ĐÔ NÊ XI-A,"[83, 84, 85, 86]","[""data/corpus/lichsu_11/lichsu_11.pdf_83.jpg.txt"", ""data/corpus/lichsu_11/lichsu_11.pdf_84.jpg.txt"", ""data/corpus/lichsu_11/lichsu_11.pdf_85.jpg.txt"", ""data/corpus/lichsu_11/lichsu_11.pdf_86.jpg.txt""]","ế kỉ XX Đầu thập niên 30, phong trào đấu tranh chống thưc dân Hà Lan tiếp tục lan rông kháp các đảo thuộc In-đô-nê-xi a, tiêu biểu là cuộc khởi nghĩa của các thuỷ binh ở cảng Su-ra-bay-a vào năm 1933. Sau khi khủng bố tàn khốc những người khởi nghĩa chính quyền thực dân tăng cường đàn áp, bất giữ các lãnh tụ của Đảng Dân tộc (từ năm 1929 là Đảng In đô-nê-xi-a) và đặt Đảng ra ngoài vòng pháp luật Cuối thập niên 30, trước nguy cơ của chủ nghĩa phát xít, những người cộng sản đã kết hợp với Đảng In ",,,,,
relation,lichsu_12_s249_bai21_sec15_002:2:e2-PARTICIPATED_IN-e3,PARTICIPATED_IN,e2,Person,Lê Duẩn,e3,Event,Đại hội đại biểu toàn quốc lần thứ III của Đảng,Lê Duẩn được bầu làm Bí thư thứ nhất Ban Chấp hành Trung Đảng tại Đại hội đại biểu toàn quốc lần thứ III của Đảng,Lê Duân được bầu làm Bí thư thư nhất Ban Chấp hành Trung Đảng,0.95,lichsu_12_s249_bai21_sec15_002,lichsu_12,Bài 21,1. Đại hội đại biểu toàn quốc lần thứ III của Đảng (9 - 1960),"[162, 163, 164, 165, 166, 167, 168]","[""data/corpus/lichsu_12/lichsu_12.pdf_162.jpg.txt"", ""data/corpus/lichsu_12/lichsu_12.pdf_163.jpg.txt"", ""data/corpus/lichsu_12/lichsu_12.pdf_164.jpg.txt"", ""data/corpus/lichsu_12/lichsu_12.pdf_165.jpg.txt"", ""data/corpus/lichsu_12/lichsu_12.pdf_166.jpg.txt"", ""data/corpus/lichsu_12/lichsu_12.pdf_167.jpg.txt"", ""data/corpus/lichsu_12/lichsu_12.pdf_168.jpg.txt""]","chủ nghĩa. Đại hôi bầu Ban Chấp hành Trung ương mới của Đảng, bầu Bộ Chính tri. Hô Chí Minh đã được bầu lại làm Chủ tịch Đảng, Lê Duân được bầu làm Bí thư thư nhất Ban Chấp hành Trung Đảng Thi Thi 2. Miên Bắc thực hiện kê hoạc 5 năm (1961 1965) Bước vào thực hiên kế hoạch Nhà nước 5 năm lần thứ nhất, miền Bắc chuyển sang giai đoan lấy xây dưng chủ nghĩa xã hôi làm trọng tâm Nhiêm vụ cơ bản của kế hoạch 5 năm là ra sức phát triển công nghiệp và nông nghiệp, tiếp tục cải tao xã nghi thôi chủ nghĩa",,,,,
relation,lichsu_12_s212_bai19_sec3_001:4:e6-PARTICIPATED_IN-e1,PARTICIPATED_IN,e6,Organization,thực dân Pháp,e1,Event,kháng chiến chống thực dân Pháp,thực dân Pháp tiến hành cuộc chiến tranh xâm lược,cuốc chiên tranh xâm lược của thưc dân Pháp,0.95,lichsu_12_s212_bai19_sec3_001,lichsu_12,Bài 19,TOÀN QUỐC CHONG THỨC DÂN PHÁP,"[136, 137, 138, 139]","[""data/corpus/lichsu_12/lichsu_12.pdf_136.jpg.txt"", ""data/corpus/lichsu_12/lichsu_12.pdf_137.jpg.txt"", ""data/corpus/lichsu_12/lichsu_12.pdf_138.jpg.txt"", ""data/corpus/lichsu_12/lichsu_12.pdf_139.jpg.txt""]","được khai thông, quân đội ta đã giành được thế chủ động trên chiến trường chính (Bắc Bộ), mở ra bước phát triển mới của cuộc kháng chiến hoàn cảnh Nêu diên biên, két quả và ý nghĩa của chiến dịch TOÀN QUỐC CHONG THỨC DÂN PHÁP (1951 - 1953) Bước sang giai đoan từ năm 1951 đến năm 1953, cuốc chiên tranh xâm lược của thưc dân Pháp, có sự giúp đờ của đế quốc Mĩ được đấy manh , lực lương kháng chiên của ta trương thành về quân dân ta giành nhiều thắng lơi to lớn và toàn diên, tiếp tục giữ vững quyền ",,,,,
relation,lichsu_12_s39_bai3_sec5_001:2:e4-PARTICIPATED_IN-e3,PARTICIPATED_IN,e4,Organization,Quốc dân đảng,e3,Event,nội chiến Trung Quốc,Quốc dân đảng tham gia cuộc nội chiến,cuộc nội chiến giữa Quốc dân đảng cộng sản,0.95,lichsu_12_s39_bai3_sec5_001,lichsu_12,Bài 3,1. Sự thành lập nước Cộng hoà Nhân dân Trung Hoa và thành tựu,"[20, 21, 22, 23]","[""data/corpus/lichsu_12/lichsu_12.pdf_20.jpg.txt"", ""data/corpus/lichsu_12/lichsu_12.pdf_21.jpg.txt"", ""data/corpus/lichsu_12/lichsu_12.pdf_22.jpg.txt"", ""data/corpus/lichsu_12/lichsu_12.pdf_23.jpg.txt""]","II - TRUNG QUỐC Trung Quốc là nước rộng thứ ba thế giới (sau Nga và Canađa) với diên tích gần 19,6 triêu km? và dân số đông nhất thế giới với 1,26 tỉ người (2000) 1. Sự thành lập nước Cộng hoà Nhân dân Trung Hoa và thành tựu 10 năm đầu xây dựng chế độ mới (1949 - 1959) Sau khi chiến tranh chống Nhật kết thúc, từ năm 1946 đến năm 1949 ở Trung Quốc đã diễn ra cuộc nội chiến giữa Quốc dân đảng cộng sản Ngày 20 7 1946, Tưởng Giới Thạch phát động cuộc chiến tranh chống Đảng Cộng sản Trung Quốc. Sau g",,,,,
relation,lichsu_12_s193_bai17_sec14_001:2:e3-PARTICIPATED_IN-e4,PARTICIPATED_IN,e3,Organization,thực dân Pháp,e4,Event,Hiệp ước Hoa - Pháp,Thực dân Pháp điều đình và ký Hiệp ước Hoa - Pháp.,thực dân Pháp điều đình với Chính phủ Trung Hoa Dân quốc và kí Hiệp ước Hoa ? Pháp,0.9,lichsu_12_s193_bai17_sec14_001,lichsu_12,Bài 17,3. Hoà hoãn với Pháp nhằm đấy quân Trung Hoa Dân quốc ra khỏi,"[125, 126, 127, 128, 129]","[""data/corpus/lichsu_12/lichsu_12.pdf_125.jpg.txt"", ""data/corpus/lichsu_12/lichsu_12.pdf_126.jpg.txt"", ""data/corpus/lichsu_12/lichsu_12.pdf_127.jpg.txt"", ""data/corpus/lichsu_12/lichsu_12.pdf_128.jpg.txt"", ""data/corpus/lichsu_12/lichsu_12.pdf_129.jpg.txt""]","trấn áp bọn phản cách mạng Những biên pháp trên đã hạn chế đến mức thấp nhất các hoạt đông chống phá của quân Trung Hoa Dân quốc và tay sai, làm thất bai âm mưu lật đổ chính quyền cách mang của chúng 3. Hoà hoãn với Pháp nhằm đấy quân Trung Hoa Dân quốc ra khỏi nước ta Sau khi chiếm đóng các đô thị ở Nam Bộ và Nam Trung Bộ, thưc dân Pháp thực nhiện kế hoạch tiến quân ra Bắc nhâm thôn tính cả nước ta Để thực hiện ý đồ trên, thực dân Pháp điều đình với Chính phủ Trung Hoa Dân quốc và kí Hiệp ước H",,,,,
relation,lichsu_10_s104_001:5:e7-PARTICIPATED_IN-e1,PARTICIPATED_IN,e7,Person,Trần Quốc Tuấn,e1,Event,chiến tranh chống quân xâm lược Mông - Nguyên,Trần Quốc Tuấn lãnh đạo quân và dân Đại Việt chống Mông - Nguyên,"nhà quân sự thiên tài Trần Quốc Tuấn (Trân Hưng Đạo), quân và dân Đại Việt đã đoàn kết, cầm vũ khí đứng lên chống giặc giữ nước",0.95,lichsu_10_s104_001,lichsu_10,Bài,Ở THẾ KỈ XIII,"[96, 98, 99]","[""data/corpus/lichsu_10/lichsu_10.pdf_96.jpg.txt"", ""data/corpus/lichsu_10/lichsu_10.pdf_98.jpg.txt"", ""data/corpus/lichsu_10/lichsu_10.pdf_99.jpg.txt""]","đã chiến đấu anh dũng, đánh tan quân Xâm lược Tống ngay trên vùng Đông Bắc Nhiều tướng giặc bị bắt Nhà Tống buộc phải rút quân, bỏ mộng xâm lược nước ta, Quan hệ Việt - Tổng trở lại bình thường. B Ở THẾ KỈ XIII Dưới thời Trần, nhân dân Đại Việt phải đương đầu với một thử thách hiểm nghèo : trong vòng 30 năm phải tiến hàng chiến chống quân xâm Lược Mông - Nguyên hung bạo (1258, 1285, 1288) Di thười sự lãnh đạo của các vị vua Trân Thái Lông, Trân Thánh Tông, Trân Nam Nhân Tông, Thái sư Trần Thủ Độ",,,,,
relation,lichsu_11_s139_bai24_sec5_002:3:e1-PARTICIPATED_IN-e4,PARTICIPATED_IN,e1,Person,Nguyễn Tất Thành,e4,Event,Nguyễn Tất Thành ra đi tìm đường cứu nước,Nguyễn Tất Thành là người ra đi tìm đường cứu nước.,Nguyên Tãi Thành roi bến cáng (Sài Gòn) ra đi Thi một tìm đường cứu nước,0.95,lichsu_11_s139_bai24_sec5_002,lichsu_11,Bài 24,HI SỰ XUẤT HIỆN KHUYNH HƯỚC MỚI,"[148, 149, 152, 153]","[""data/corpus/lichsu_11/lichsu_11.pdf_148.jpg.txt"", ""data/corpus/lichsu_11/lichsu_11.pdf_149.jpg.txt"", ""data/corpus/lichsu_11/lichsu_11.pdf_152.jpg.txt"", ""data/corpus/lichsu_11/lichsu_11.pdf_153.jpg.txt""]","Loan Sinh ra trong một gia đình trí thức yêu nước, lớn thiến lên ở một miền quê có truyền thống đầu tranh quật khói, từ rất sóm Nguyên Tất Thành đã có chí đánh đuổi thưc dân Pháp, giải phóng đồng bào. Người rất khâm 19 thu chi phục tinh thân yêu nước của các chí sĩ như Phan Đình Phùng, Phau, Phan Châu Trình, nhưng không lán thành con đường cứu nước của ho nên quyết định tim con đường cứu nước mới cho dân tộc Ngày 5 - 6 1911, Nguyên Tãi Thành roi bến cáng (Sài Gòn) ra đi Thi một tìm đường cứu nướ",,,,,
relation,lichsu_11_s139_bai24_sec5_001:1:e1-PARTICIPATED_IN-e2,PARTICIPATED_IN,e1,Person,Duy Tân,e2,Event,cuộc vận động khởi nghĩa năm 1916,vua Duy Tân tham gia cuộc vận động khởi nghĩa,vua Duy Tân tham gia cuộc vận động khởi nghĩa,0.9,lichsu_11_s139_bai24_sec5_001,lichsu_11,Bài 24,HI SỰ XUẤT HIỆN KHUYNH HƯỚC MỚI,"[148, 149, 152, 153]","[""data/corpus/lichsu_11/lichsu_11.pdf_148.jpg.txt"", ""data/corpus/lichsu_11/lichsu_11.pdf_149.jpg.txt"", ""data/corpus/lichsu_11/lichsu_11.pdf_152.jpg.txt"", ""data/corpus/lichsu_11/lichsu_11.pdf_153.jpg.txt""]","3 người đều bị giác bắt. Nghĩa bình ở Thừa Thiên, Quảng Ngãi nổi dậy, nhưng thiếu người lãnh đạo nên tan rã nhanh chóng B Việc vua Duy Tân tham gia cuộc vận động khởi nghĩa năm 1916 ở Huế có ý nghĩa HI SỰ XUẤT HIỆN KHUYNH HƯỚC MỚI 1 Phong trào công nhân Trong những năm Chiến tranh thế giới thứ nhất, công nhân đã kết hợp đấu tranh đòi quyền lợi kinh tế với bao động vũ trang Ngày 22 2 - 1916, nữ công nhân nhà máy sàng Kế Bào (Quảng Ninh) nghi viêc 77 ngày chống cúp phạt lương, Cũng trong năm này, ",,,,,
relation,lichsu_12_s311_bai26_sec6_001:4:e6-PARTICIPATED_IN-e3,PARTICIPATED_IN,e6,Organization,Đảng,e3,Event,Đại hội VI,Đại hội đại biểu toàn quốc lần thứ VI là của Đảng.,Đại hôi đại biểu toàn quốc lần thứ VI của Đảng,0.9,lichsu_12_s311_bai26_sec6_001,lichsu_12,Bài 26,VI - QUÁ TRÌNH THỰC HIỆN ĐƯỜNG LỐI ĐỐI MỚI (1986 ? 2000),"[208, 209, 210, 211, 212, 213]","[""data/corpus/lichsu_12/lichsu_12.pdf_208.jpg.txt"", ""data/corpus/lichsu_12/lichsu_12.pdf_209.jpg.txt"", ""data/corpus/lichsu_12/lichsu_12.pdf_210.jpg.txt"", ""data/corpus/lichsu_12/lichsu_12.pdf_211.jpg.txt"", ""data/corpus/lichsu_12/lichsu_12.pdf_212.jpg.txt"", ""data/corpus/lichsu_12/lichsu_12.pdf_213.jpg.txt""]","thuộc về nhân dân , thực hiện chính sách đại đoàn kết dân tộc, chính sách đối ngoại hoà bình, hữu nghi, hợp tác. Việt Nam thực hiện đường lối đổi mới trong hoàn cảnh đất nước và the giới như the nao VI - QUÁ TRÌNH THỰC HIỆN ĐƯỜNG LỐI ĐỐI MỚI (1986 ? 2000) Đường lối đổi mới của Đảng từ năm 1986 đến năm 2000 đã được thực hiên qua 3 kế hoạch Nhà nước 5 năm. 11 Thực hiện kê hoạch 59 năm 1986 - 1990 a) Đại hội VI (12 - 1986) mở đầu công cuộc đổi mới Đại hôi đại biểu toàn quốc lần thứ VI của Đảng (hop",,,,,
relation,lichsu_12_s99_bai9_sec6_001:7:e9-PARTICIPATED_IN-e10,PARTICIPATED_IN,e9,Organization,Mĩ,e10,Event,thoả thuận về việc hạn chế vũ khí chiến lược và kí Hiệp ước về việc hạn chế hệ thống phòng chống tên lửa (ABM),Mĩ tham gia thoả thuận về việc hạn chế vũ khí chiến lược,hai siêu cường Liên Xô và Mi đã thoa thuân về việc han chiến chế vũ khí chiến lược,0.9,lichsu_12_s99_bai9_sec6_001,lichsu_12,Bài 9,VÀ THI - XU THẾ HOÀ HOÁN ĐÔNG - TÂY VÀ CHIẾN TRANH LẠNH CHÂM DỨT,"[61, 62, 63, 64]","[""data/corpus/lichsu_12/lichsu_12.pdf_61.jpg.txt"", ""data/corpus/lichsu_12/lichsu_12.pdf_62.jpg.txt"", ""data/corpus/lichsu_12/lichsu_12.pdf_63.jpg.txt"", ""data/corpus/lichsu_12/lichsu_12.pdf_64.jpg.txt""]","như mọi cuộc chiến tranh hoặc xung được đột quân sư ở các khu vực trên thế giới, với những hình thức và mức độ khác nhau đều liên quan tới sự ?đối đầu hai cưc Xô - Mi. chính sách đối ngoại của Mĩ 2 VÀ THI - XU THẾ HOÀ HOÁN ĐÔNG - TÂY VÀ CHIẾN TRANH LẠNH CHÂM DỨT Từ đầu những năm 70 của thế kỉ XX, xu hướng hoà hoãn Đông - Tây đã xuất hiên với những cuộc gáp gỡ thương lương Xô ? Mi, mặc dù còn những diễn biển phức tap. Trên cơ sở những thoa thuân Xô ? Mi, ngày 9 - 11 - 1972, hai nước Công hoà Dân ",,,,,
relation,lichsu_12_s144_bai14_sec6_001:2:e3-PARTICIPATED_IN-e2,PARTICIPATED_IN,e3,Organization,Đảng Cộng sản Việt Nam,e2,Event,Phong trào cách mạng 1930 - 1931,Đảng Cộng sản Việt Nam lãnh đạo phong trào cách mạng,Đảng Công sản Viết Nam đã lãnh đao phong trào đấu tranh của quần chúng,0.95,lichsu_12_s144_bai14_sec6_001,lichsu_12,Bài 14,VÀ THI PHONG TRAO CÁCH MẠNG 1930 - 1931 VỚI ĐÌNH CAO XÔ VIẾT NGHỆ - TINH,"[90, 91, 92, 93, 94]","[""data/corpus/lichsu_12/lichsu_12.pdf_90.jpg.txt"", ""data/corpus/lichsu_12/lichsu_12.pdf_91.jpg.txt"", ""data/corpus/lichsu_12/lichsu_12.pdf_92.jpg.txt"", ""data/corpus/lichsu_12/lichsu_12.pdf_93.jpg.txt"", ""data/corpus/lichsu_12/lichsu_12.pdf_94.jpg.txt""]","quyền thực dân tiến hành một chiến dịch khúng bố dã người man những người yêu nước. Điều đó càng làm tăng thêm những mâu thuân và tình trạng bất ổn trong xã họi. khung hoáng kinh tế thể giới (1929) VÀ THI PHONG TRAO CÁCH MẠNG 1930 - 1931 VỚI ĐÌNH CAO XÔ VIẾT NGHỆ - TINH 1.Phong trào cách mạng 1930 - 1931 Trong bối cảnh cuộc khủng hoảng kinh tế diễn ra gay gất và phong trào cách Và Ngay mang dâng cao, ngay sau khi ra đời, Đảng Công sản Viết Nam đã lãnh đao phong trào đấu tranh của quần chúng công",,,,,
relation,lichsu_11_s80_bai17_sec3_001:8:e7-PARTICIPATED_IN-e11,PARTICIPATED_IN,e7,Organization,Nhật Bản,e11,Event,mở rộng chiến tranh xâm lược trên toàn lãnh thổ Trung Quốc,Nhật Bản mở rộng chiến tranh xâm lược trên toàn lãnh thổ Trung Quốc.,Nhật Bản mở rộng chiến tranh xâm lược trên toàn lãnh thổ Trung Quốc,0.95,lichsu_11_s80_bai17_sec3_001,lichsu_11,Bài 17,I CON ĐƯỜNG DÂN ĐẾN TRANH,[90],"[""data/corpus/lichsu_11/lichsu_11.pdf_90.jpg.txt""]","chiến tranh đã bao trùm gần như toàn bộ các châu lục và diễn ra trên nhiều mặt trận thế giới thứ hai kết thúc với sự thất bại hoàn toàn của phe phát xít, dẫn đến nổữ căn bản trong tình hình thế giới I CON ĐƯỜNG DÂN ĐẾN TRANH Các nước phát xít dấy mạnh xâm lược (1937) Trong những năm 30 của thế kỉ XX, các nước phát xít Đức, Tta-lia và Nhật Bản đã liên kết với nhau thành liên minh phát xít, còn được goi là Trục Béc lin Rô-ma - Tô-ki ô hay phe Trục. Khối này tăng cường các hoạt đông quân sự và gây ",,,,,
relation,lichsu_12_s157_bai15_sec7_001:1:e2-PARTICIPATED_IN-e1,PARTICIPATED_IN,e2,Organization,Đảng Cộng sản Đông Dương,e1,Event,phong trào dân chủ 1936 - 1939,phong trào dân chủ 1936 - 1939 dưới sự lãnh đạo của Đảng Cộng sản Đông Dương,dưới sự lãnh đạo của Đảng Cộng sản Đông Dương,0.95,lichsu_12_s157_bai15_sec7_001,lichsu_12,Bài 15,3. Ý nghĩa lịch sử và bài học kinh nghiệm của phong trào dân chủ,"[99, 100, 101, 102]","[""data/corpus/lichsu_12/lichsu_12.pdf_100.jpg.txt"", ""data/corpus/lichsu_12/lichsu_12.pdf_101.jpg.txt"", ""data/corpus/lichsu_12/lichsu_12.pdf_102.jpg.txt"", ""data/corpus/lichsu_12/lichsu_12.pdf_99.jpg.txt""]","thành mũi xung kích trong những phong trào lớn của cuộc vận động dân sinh, dân chủ thời kì 1936 - 1939 Trong t tư tưởng, Đông đảo các tầng lớp nhân dân được giác ngộ về con đường cách mạng của Đảng 3. Ý nghĩa lịch sử và bài học kinh nghiệm của phong trào dân chủ 1936 - 1939 Cuộc vận động dân chủ 1936 - 1939 là phong trào quần chúng rông lớn, có tổ chức, dưới sự lãnh đạo của Đảng Cộng sản Đông Dương, Bằng sức mạnh đoàn kết của quần chúng, phong trào dân chủ 1936 - 1939 đã buộc chính quyền thực dâ",,,,,
relation,lichsu_10_s26_002:3:e4-PARTICIPATED_IN-e2,PARTICIPATED_IN,e4,Person,Ngô Quảng,e2,Event,cuộc khởi nghĩa nông dân,Ngô Quảng lãnh đạo cuộc khởi nghĩa nông dân,Trần Thắng Ngô Quảng lãnh đạo,0.95,lichsu_10_s26_002,lichsu_10,Bài,"1. Trung Quốc thời Tần, Hán","[28, 29, 30, 31]","[""data/corpus/lichsu_10/lichsu_10.pdf_28.jpg.txt"", ""data/corpus/lichsu_10/lichsu_10.pdf_29.jpg.txt"", ""data/corpus/lichsu_10/lichsu_10.pdf_30.jpg.txt"", ""data/corpus/lichsu_10/lichsu_10.pdf_31.jpg.txt""]","goài Hoàng đế chia đất nước thành các quận, huyện ; đặt các chức quan Thái thú (ở quận) và Huyên lệnh (ở huyện), Các quan lại phải hoàn toàn tuân theo mệnh lệnh của Hoàng đế và luật pháp của nhà nước. Nhà Tần tồn tại được 15 năm, rồi bị cuộc khởi nghĩa nông dân do Trần Thắng Ngô Quảng lãnh đạo làm cho suy sụp. Lưu Bang, một địa chủ phong kiến lên ngôi, lập ra nhà Hán (206 TCN 220) Các hoàng đế triều Hán tiếp tục củng cố bộ máy cai trị, mở rộng hình thức tiến cử cả con em gia đình địa chủ tham gi",,,,,
relation,lichsu_12_s317_bai27_sec4_002:6:e5-PARTICIPATED_IN-e8,PARTICIPATED_IN,e5,Organization,Đảng,e8,Event,phong trào đấu tranh công khai,Đảng lãnh đạo phong trào đấu tranh công khai,dưới sự lanh dao của Đang,0.95,lichsu_12_s317_bai27_sec4_002,lichsu_12,Bài 27,CÁC THỜI KÌ PHÁT TRIỂN CỦA LỊCH SỬ DÂN TỘC,"[216, 217, 218]","[""data/corpus/lichsu_12/lichsu_12.pdf_216.jpg.txt"", ""data/corpus/lichsu_12/lichsu_12.pdf_217.jpg.txt"", ""data/corpus/lichsu_12/lichsu_12.pdf_218.jpg.txt""]","đời đến ngày 2 - 9 - 1945) Tác động của cuộc khủng hoảng kinh tế thế giới (1929 ? 1933) cùng với sự gia thi thang áp bức, bóc lột và cuộc ?khủng bố trắng"" của thực dân Pháp sau khởi nghĩa Yên Bái (9 ? 2 - 1930), đã làm bùng nổ phong trào cách mang của quần chúng dưới sự lãnh đạo của Đảng trong những năm 1930 - 1931, với đỉnh cao Xô viết Nghê - Tỉnh Trong bối cánh lích sử những năm 1936 - 1939, khi chú nghĩa phát xít xuất hiện, đe doa hoà bình thế giới, ở nước ta dây lên phong trào đấu tranh công",,,,,
relation,lichsu_12_s216_bai19_sec7_001:9:e11-PARTICIPATED_IN-e9,PARTICIPATED_IN,e11,Organization,Mặt trận Khome Iixarác,e9,Event,Hội nghị đại biểu thành lập Liên minh nhân dân Việt - Miên - Lào,Mặt trận Khome Iixarác tham gia Hội nghị đại biểu thành lập Liên minh nhân dân Việt - Miên - Lào,"Mặt trận Liên Viêt, Mặt trận Khome Iixarác, Mặt trận Lào Ixala họp Hội nghị đại biểu",0.95,lichsu_12_s216_bai19_sec7_001,lichsu_12,Bài 19,HIU HẬU PHƯƠNG KHÁNG CHIẾN MỌI MẶT,"[140, 141, 142, 143]","[""data/corpus/lichsu_12/lichsu_12.pdf_140.jpg.txt"", ""data/corpus/lichsu_12/lichsu_12.pdf_141.jpg.txt"", ""data/corpus/lichsu_12/lichsu_12.pdf_142.jpg.txt"", ""data/corpus/lichsu_12/lichsu_12.pdf_143.jpg.txt""]","biểu lần thứ II đánh dấu bước phát triển mới trong quá trình trướng ""chinh và lãnh đạo cách mạng của Đảng ta, là ?Đại hôi kháng cơi"" I Đại hội đại biểu lần thứ II của Đảng đã có những quyết định gì ? HIU HẬU PHƯƠNG KHÁNG CHIẾN MỌI MẶT Về chính trị, từ ngày 3 đến ngày 7 - 3 ? 1951, Đại hội toàn quốc thống nhất Mặt trận Việt Minh và Hội Liên Việt thành một mặt trận duy nhất, lấy tên là Trong Mặt trân Liên hiệp quốc dân Việt Nam (Mặt trận Liên Việt) do Tôn Đức Thắng làm Chủ tịch, Hồ Chí Minh làm Ch",,,,,
relation,lichsu_10_s134_bai23_sec9_001:1:e1-PARTICIPATED_IN-e2,PARTICIPATED_IN,e1,Person,Nguyễn Nhạc,e2,Event,Nguyễn Nhạc tự xưng Hoàng đế,Nguyễn Nhạc là người tự xưng Hoàng đế,thủ linh nghĩa quân Tây Sơn là Nguyễn Nhạc tự xưng Hoàng đế,0.95,lichsu_10_s134_bai23_sec9_001,lichsu_10,Bài 23,THI - VƯƠNG TRIÊU TÂY SƠN,"[117, 118, 119, 120]","[""data/corpus/lichsu_10/lichsu_10.pdf_117.jpg.txt"", ""data/corpus/lichsu_10/lichsu_10.pdf_118.jpg.txt"", ""data/corpus/lichsu_10/lichsu_10.pdf_119.jpg.txt"", ""data/corpus/lichsu_10/lichsu_10.pdf_120.jpg.txt""]","tình trạng khủng hoảng đã ""nghi nói lên công lao to lớn của phong trào Tây Sơn và người ""anh hùng áo vài"""""" Nguyễn Huệ B Phân tích ý nghĩa đoạn trích trong bài hiểu dụ nói trên của vua Quang Trung THI - VƯƠNG TRIÊU TÂY SƠN Sau khi tiêu diệt các lực lượng chúa Nguyễn, năm 1778, thủ linh nghĩa quân Tây Sơn là Nguyễn Nhạc tự xưng Hoàng đế, thành lập vương triều nhưng không làm được gì thêm. Cuộc khởi nghĩa vẫn tiếp tục Cuối năm 1788, trước khi xuất quân lên đường ra Bắc chiến đấu chống quân xâm lượ",,,,,
relation,lichsu_12_s266_bai22_sec14_002:8:e7-PARTICIPATED_IN-e9,PARTICIPATED_IN,e7,Organization,quân đội Việt Nam,e9,Event,Cuộc hành quân Lam Sơn - 719,Quân đội Việt Nam tham gia đập tan cuộc hành quân Lam Sơn - 719.,"quân đội Việt Nam có sự phối hợp "" nhàn của quân dân Lào đã đập lan cuốc hành quân mang tên "" Lam Sơn - 719?",0.95,lichsu_12_s266_bai22_sec14_002,lichsu_12,Bài 22,"2. Chiến đấu chống chiến lược ""Việt Nam hoá chiến tranh?","[180, 181, 182, 183]","[""data/corpus/lichsu_12/lichsu_12.pdf_180.jpg.txt"", ""data/corpus/lichsu_12/lichsu_12.pdf_181.jpg.txt"", ""data/corpus/lichsu_12/lichsu_12.pdf_182.jpg.txt"", ""data/corpus/lichsu_12/lichsu_12.pdf_183.jpg.txt""]","sang phải) tại Hội nghi 1970, Hội nghị cáp cao ba nước cho cấp cao ba nước Đông Dương Việt Nam - Lào Campuchia họ , nhàm đối phó với việc Mi chỉ đạo tay sai làm đảo chính pậủ trung Chi pháp lập của N. Xihanúc ở Campuchia (18 - 3 - 1970), để chuân bi cho bước phiêu lưu quân sự mới. Hội nghi đã biểu thi quyết tâm của nhân dân ba nước đoàn kết chiến đấu chồng Mi. The Từ ngày 30 - 4 đến ngày 30 - 6 - 1970, quân đôi Viết Nam có sự phối hợp của Các quân dân Campuchia đã đấp tan cuộc hành quân xâm lược",,,,,
relation,lichsu_12_s153_bai15_sec3_001:5:e6-PARTICIPATED_IN-e3,PARTICIPATED_IN,e6,Person,Lê Hồng Phong,e3,Event,Đại hội VII Quốc tế Cộng sản,Lê Hồng Phong tham dự Đại hội VII Quốc tế Cộng sản.,Lê Hồng Phong dẫn đầu tham dự Đai hội,0.9,lichsu_12_s153_bai15_sec3_001,lichsu_12,Bài 15,TÌNH HÌNH THẾ GIỚI VÀ TRONG NƯỚC,[98],"[""data/corpus/lichsu_12/lichsu_12.pdf_98.jpg.txt""]","giới và trong nước, Đảng Công sản Đông Dương thay đổi chủ trương, chuyển sang hình thức đấu tranh công khai, hợp pháp và nửa hợp pháp, với mục tiêu đòi tự do, dân sinh, dân chủ, cơm áo và hoà bình TÌNH HÌNH THẾ GIỚI VÀ TRONG NƯỚC 1 Tinh hình thế giới Từ đầu những năm 30 của thế kỉ XX, các thế lực phát xít cầm quyền ở một số nước như Đức, Italia, Nhật Bản ráo nết chay đua vũ trang, chuẩn bị chiến tranh thế giới. Tháng 7 - 1935, Quốc tế Công sản tiến hành thứ VII tại Mátxcova (Liên Xô), Đại hôi đã",,,,,
relation,lichsu_12_s224_bai20_sec4_001:3:e3-PARTICIPATED_IN-e4,PARTICIPATED_IN,e3,Organization,thực dân Pháp,e4,Event,Hiệp định Giơnevơ năm 1954,Thực dân Pháp ký Hiệp định Giơnevơ,thực dân Pháp kí Hiệp định Giơnevo năm 1954,0.95,lichsu_12_s224_bai20_sec4_001,lichsu_12,Bài 20,- ÂM MƯU MỚI CỦA PHÁP ? MĨ Ở ĐÔNG DƯƠNG : KẾ HOẠCH NAVA,"[145, 146]","[""data/corpus/lichsu_12/lichsu_12.pdf_145.jpg.txt"", ""data/corpus/lichsu_12/lichsu_12.pdf_146.jpg.txt""]","chiến lược Đông - Xuân 1953 1954 với Đinh cao là chiến dịch Điên Biên Phủ Chiến Tiắn Phủ đã buộc thực dân Pháp kí Hiệp định Giơnevo năm 1954 về chấm dút chiến tranh, lập lai hoà bình ở Đông Dương - ÂM MƯU MỚI CỦA PHÁP ? MĨ Ở ĐÔNG DƯƠNG : KẾ HOẠCH NAVA Trải qua 8 năm tiến hành chiến tranh xâm lược Việt Nam, thực dân Pháp thiệt hại ngày cang năng nề, Đến năm 1953, Pháp bị loại khỏi vòng chiến đấu nhơn 39 van quân, tiêu tốn hơn 2.000 tỉ phrăng Vùng của Pháp bi thu hep Quân Pháp trên chiến trường ng",,,,,
relation,lichsu_11_s81_bai17_sec4_002:8:e10-PARTICIPATED_IN-e8,PARTICIPATED_IN,e10,Organization,I-ta-li-a,e8,Event,Hội nghị Muy-ních,I-ta-li-a tham gia Hội nghị Muy-ních,1-1a-11-a,0.9,lichsu_11_s81_bai17_sec4_002,lichsu_11,Bài 17,"I ta-li-a tiến hành xâm lược E-ti-ô-pi-a (1935), cùng với Đức tham chiến","[90, 91, 92]","[""data/corpus/lichsu_11/lichsu_11.pdf_90.jpg.txt"", ""data/corpus/lichsu_11/lichsu_11.pdf_91.jpg.txt"", ""data/corpus/lichsu_11/lichsu_11.pdf_92.jpg.txt""]","goài châu Mi Chính quyền các nước phát xít đã lợi dụng tình hình đó để thực hiên mục tiêu gây chiến tranh xâm lược. B Các nước phát xít trong giai đoạn 1931 - 1937 đã có những hoạt động xâm lược nào ? 2 Từ Hội nghị Muy ních đến chiến tranh thế giới Sau khi sáp nhập nước Áo vào lãnh thổ Đức (3 - 1938), Hít-le gây ra vụ Xuy đét để thôn tính Tiếp Khác Bảng cách xúi giục các cư dân gốc Đức sinh sống ở vùng Xuy-đết của Tiệp Khắc nổi dậy đồi li khai, Hít le tráng trơn yêu cầu Chính phủ Tiệp Khắc trao ",,,,,
relation,lichsu_12_s232_bai20_sec12_001:2:e3-PARTICIPATED_IN-e5,PARTICIPATED_IN,e3,Organization,Mĩ,e5,Event,Chiến tranh xâm lược Đông Dương,"Mĩ thất bại trong âm mưu kéo dài, mở rộng, quốc tế hóa chiến tranh xâm lược Đông Dương","Mĩ thất bại trong âm mưu kéo dài mở rông, quốc tế hoá chiến tranh xâm lược Đông Dương",0.95,lichsu_12_s232_bai20_sec12_001,lichsu_12,Bài 20,CHỐNG THỰC DÂN PHÁP (1945 - 1954),"[153, 154, 155]","[""data/corpus/lichsu_12/lichsu_12.pdf_153.jpg.txt"", ""data/corpus/lichsu_12/lichsu_12.pdf_154.jpg.txt"", ""data/corpus/lichsu_12/lichsu_12.pdf_155.jpg.txt""]","Đông Dương, Pháp buộc phải chấm dứt chiến tranh xâm lược, rút hết quân đội về nước Mĩ thất bại trong âm mưu kéo dài mở rông, quốc tế hoá chiến tranh xâm lược Đông Dương Giơnevơ năm 1954 về Đông Dương CHỐNG THỰC DÂN PHÁP (1945 - 1954) Nguyễn nhân thăng lợi Tháng lợi của cuộc kháng chiến chống thực dân Pháp là nhờ có sự lãnh đạo sang Suốt của Đảng, đứng đầu là Chủ tịch Hồ Chí Minh, với đường lối kháng chiến dúng đấn, sáng tao , toàn dân, toàn quân ta đoàn kết một lòng, dũng cảm trong chiến đấu cần",,,,,
relation,lichsu_12_s198_bai18_sec4_001:1:e4-PARTICIPATED_IN-e5,PARTICIPATED_IN,e4,Organization,Thực dân Pháp,e5,Event,kí Hiệp định Sơ bộ 6-3-1946,Thực dân Pháp kí Hiệp định Sơ bộ,"Thực dân Pháp vẫn đẩy mạnh việc chuẩn bị chiến tranh xâm lược nước ta một lần nữa Ngay sau ngày 6 - 3 - 1946, Pháp mỏ các cuộc tiên công ta ở Nam Bộ và Nam Trung Bộ",0.95,lichsu_12_s198_bai18_sec4_001,lichsu_12,Bài 18,KHÁNG CHIẾN TOÀN QUỐC CHỐNG THỰC DÙNG NỔI,[130],"[""data/corpus/lichsu_12/lichsu_12.pdf_130.jpg.txt""]","- 1950), ta đã xây dưng lực lương moi mặt, chuẩn bị cho cuốc chiến đầu lâu dài và bước đầu giành thắng lơi quan trong với chiến thắng Viết Bắc thu ? đông năm 1947 và Biên giới thu ? đông năm 1950 KHÁNG CHIẾN TOÀN QUỐC CHỐNG THỰC DÙNG NỔI 11 Thực dân Pháp bội ước và tiến công nước ta Mặc dù đã kí Hiệp định So bô 6 - 3 - 1946 và Tạm ước 14 - 9 - 1946, thực dân Pháp vẫn đẩy mạnh việc chuẩn bị chiến tranh xâm lược nước ta một lần nữa Ngay sau ngày 6 - 3 - 1946, Pháp mỏ các cuộc tiên công ta ở Nam Bộ",,,,,
relation,lichsu_11_s105_bai19_sec6_002:10:e10-PARTICIPATED_IN-e9,PARTICIPATED_IN,e10,Organization,thực dân Pháp,e9,Event,cuộc tập kích bất ngờ vào căn cứ Tân Phước,Thực dân Pháp mở cuộc tập kích bất ngờ vào căn cứ Tân Phước.,"thực dân Pháp đã tìm ra nơi ở của Trương Định, Chúng mở cuộc tập kích bất ngờ vào căn cứ Tân Phước",0.9,lichsu_11_s105_bai19_sec6_002,lichsu_11,Bài 19,THI CUỘC KHÁNG CHIẾN CỦA NHÁN DÂN NAM KI SAU HIẾP ĐỚC 1862,"[109, 110, 111, 112, 113, 114]","[""data/corpus/lichsu_11/lichsu_11.pdf_109.jpg.txt"", ""data/corpus/lichsu_11/lichsu_11.pdf_110.jpg.txt"", ""data/corpus/lichsu_11/lichsu_11.pdf_111.jpg.txt"", ""data/corpus/lichsu_11/lichsu_11.pdf_112.jpg.txt"", ""data/corpus/lichsu_11/lichsu_11.pdf_113.jpg.txt"", ""data/corpus/lichsu_11/lichsu_11.pdf_114.jpg.txt""]","uân về hoạt động ở Tân Hoà (Gò Công), quyết tâm chiến đấu lâu dai Sau Hiệp ước 1862, triều đình ha lênh cho Trương Đình phải bãi binh, mặt khác điều ông di nhận chức Lãnh binh ở An Giang, rồi Phú Yên. Nhưng được sự ủng hội 19 thi của nhân dân, ông đã chông lênh triều đình, quyết lâm ở lại kháng chiến Phát cao (1) Bỏ đi nơi khác sống, không các với Pháp Nguyên lá cờ ""Bình Tây Đại nguyên soái"", hoạt đông của nghĩa quân đã củng cổ niêm tinh của dân chúng, khiến bọn cướp nước và bán nước phải run so",,,,,
relation,lichsu_10_s120_001:2:e3-RELATED_TO-e1,RELATED_TO,e3,Person,Nguyễn Kim,e1,Organization,nhà Mạc,Nguyễn Kim không chấp nhận chính quyền của họ Mạc,"Không chấp nhận chính quyền của họ Mạc, một số quan lại cũ của nhà Lê, Thuy những đầu là Nguyễn Kim",0.9,lichsu_10_s120_001,lichsu_10,Bài,2. Đắt nước bị chia cắt,"[106, 107, 108]","[""data/corpus/lichsu_10/lichsu_10.pdf_106.jpg.txt"", ""data/corpus/lichsu_10/lichsu_10.pdf_107.jpg.txt"", ""data/corpus/lichsu_10/lichsu_10.pdf_108.jpg.txt""]","vua Minh cho quân tiến xuống, phao tin xâm chiếm nước ta. Nhà Mạc lúng túng, đã buộc phải dâng số sách cho quân Minh, chịu thần phục để yên mặt Bắc, Vạc không còn được sự tin tưởng của nhân dân. 2. Đắt nước bị chia cắt Không chấp nhận chính quyền của họ Mạc, một số quan lại cũ của nhà Lê, Thuy những đầu là Nguyễn Kim, đã họp quân, , nổi và nghiệp dây ở vùng Thanh Hoá. Một nhà nước mới được thành lập ở đây, sử cũ gọi là nha Nhiều Nam triều để phân biệt với Bắc triều của nhà Mạc. Chiến tranh Nam -",,,,,
relation,lichsu_11_s82_bai17_sec5_001:4:e2-RELATED_TO-e4,RELATED_TO,e2,Place,I-ta-li-a,e4,Event,Đức I-ta-li-a gây chiến và bành trướng,I-ta-li-a tham gia gây chiến và bành trướng,Đức I ta li a gây chiến và bành trương,0.95,lichsu_11_s82_bai17_sec5_001,lichsu_11,Bài 17,NHINH NƯỚC BỊ PHE TRỤC THÔN TÍNH PHE TRỤC XÂM LƯỢC,"[90, 91, 92]","[""data/corpus/lichsu_11/lichsu_11.pdf_90.jpg.txt"", ""data/corpus/lichsu_11/lichsu_11.pdf_91.jpg.txt"", ""data/corpus/lichsu_11/lichsu_11.pdf_92.jpg.txt""]",DAN LÍT-VA BẮC quy tháng digh MẠCH AILEN Du-blin ANH Béc-lino JAC-SA-VA Luận Đông DƯƠNG ĐỨC EP Su HUYSI BIÊN DEN BUN-GA-RI VHN OVA Ma arit THỔ NHI KI TÂY BAN NHA CHÂU Á CHÂU PIII Nước thuộc phe Trục NHINH NƯỚC BỊ PHE TRỤC THÔN TÍNH PHE TRỤC XÂM LƯỢC Liên minh của Pháp Phe Trục can thiệp 197120 1 2 đức gây hán Hinh 43. Lược đồ Đức I ta li a gây chiến và bành trương (từ tháng 10 - 1935 đến tháng 8 1939),,,,,
relation,lichsu_12_s65_bai6_sec3_001:6:e7-RELATED_TO-e5,RELATED_TO,e7,Concept,Chương trình cải cách công bằng,e5,Person,H. Truman,Chương trình cải cách công bằng là của Truman,Chương trình cải cách công bằng của Truman,0.95,lichsu_12_s65_bai6_sec3_001,lichsu_12,Bài 6,"4. Các tổ hợp công nghiệp ? quân sự, các công ti, tập đoàn tư bản lũng đoạn Mi","[42, 43, 44]","[""data/corpus/lichsu_12/lichsu_12.pdf_42.jpg.txt"", ""data/corpus/lichsu_12/lichsu_12.pdf_43.jpg.txt"", ""data/corpus/lichsu_12/lichsu_12.pdf_44.jpg.txt""]","vũ khí và phương tiên chiến tranh; 3. Mĩ đã thán áp dung những thành tưu của cuộc cách mạng khoa học ? kĩ thuật hiên dại để nâng cao năng suất lao động, ha giá thành sản phẩm, điều cơ cấu sản xuất; 4. Các tổ hợp công nghiệp ? quân sự, các công ti, tập đoàn tư bản lũng đoạn Mi chinh có sức sản xuất, canh tranh lớn và có hiêu quả ở cả trong và ngoài nước , 5. kĩ thuật, Mĩ là nước khởi đầu cuốc cách mạng khoa học - kĩ thuật hiện đại và đã đạt được nhiều thành tựu lớn Mĩ là một trong những nước đi đ",,,,,
relation,lichsu_10_s191_bai33_sec4_001:3:e4-RELATED_TO-e1,RELATED_TO,e4,Concept,Gioongke,e1,Place,Đức,tầng lớp quý tộc tư sản hóa Gioongke tồn tại ở Đức,"tầng lớp quý tộc tư sản hoá, gọi là Gioongke. (1815 - 1898)",0.9,lichsu_10_s191_bai33_sec4_001,lichsu_10,Bài 33,1. Cuộc đấu tranh thống nhất nước Đức,"[163, 164]","[""data/corpus/lichsu_10/lichsu_10.pdf_163.jpg.txt"", ""data/corpus/lichsu_10/lichsu_10.pdf_164.jpg.txt""]","sản diễn ra dưới những hình thức khác nhau ở châu Âu và Bắc Mĩ. Điều này đã khắng định sự toàn thắng của phương thức sản xuất tư bản chủ nghĩa, tạo điều kiện cho chủ nghĩa tư bản phát triển mạnh mẽ. 1. Cuộc đấu tranh thống nhất nước Đức Đến giữa thế kỉ xix, kinh tế tư bản chủ nghĩa ở Đức phát triển nhanh chóng ;ừ một nước nông nghiệp, Đức trở thành nước công nghiệp. Sự phát triển mạnh mẽ của công nghiệp làm cho đội ngũ công nhân tăng nhanh ; riêng ở Béc-lin, chỉ trong 10 năm (1849 ? 1859), số cô",,,,,
relation,lichsu_12_s84_bai7_sec17_001:4:e5-RELATED_TO-e1,RELATED_TO,e5,Organization,Quốc hội châu Âu,e1,Organization,EU,Quốc hội châu Âu là một cơ quan chính của EU.,Quốc hôi châu Âu,0.95,lichsu_12_s84_bai7_sec17_001,lichsu_12,Bài 7,LIÊN BANG NGA,"[50, 51]","[""data/corpus/lichsu_12/lichsu_12.pdf_50.jpg.txt"", ""data/corpus/lichsu_12/lichsu_12.pdf_51.jpg.txt""]","trị, đối ngoại và an ninh chung Cơ cấu tổ chức của EU gồm năm cơ quan chính là Hội đồng châu Âu, Hôi đồng Bộ trưởng, Uỷ ban châu Âu, Quốc hôi châu Âu, Toà án châu Âu và một số uỷ ban chuyên môn khác. LIÊN BANG NGA BIỂN BẮC ANH HÀ LĂN UCRAINA ĐƯC SVAKIA MÔNĐÔVA AO PHÁP RUMANI BIÊN ĐEN FCB BUNGARE Bo ANBA THỔ NHI KI NHA Đ. Xix Sih Đ.Grep CHAUPHI MANTA H Các nước gia nhập EU đến năm 1995 Các nước gia nhập EU năm 2007",,,,,
relation,lichsu_10_s10_002:1:e1-RELATED_TO-e2,RELATED_TO,e1,Concept,lao động,e2,Concept,chế tạo công cụ,lao động bao gồm chế tạo công cụ,"Qua lao động, chế tạo công cụ",0.8,lichsu_10_s10_002,lichsu_10,Bài,1. Sự xuất hiện loài người và đời sống bầy người nguyên thuỷ,"[4, 5, 6]","[""data/corpus/lichsu_10/lichsu_10.pdf_4.jpg.txt"", ""data/corpus/lichsu_10/lichsu_10.pdf_5.jpg.txt"", ""data/corpus/lichsu_10/lichsu_10.pdf_6.jpg.txt""]","ng bậc nhất, cải thiên căn bản đời sống của mình Qua lao động, chế tạo công cụ và sử dụng công cụ, bàn tay con người khéo Theo léo dần. Cơ thể cũng do đó biến đổi theo đề có tư thế lao động thích hợp. Tiếng chiến nhiền nói thuần thục hơn do nhu cầu trao đổi với nhau. Con người tự cải biến, hoàn thiện mình từng bước nhờ lao động. Ở một số loài động vật đã hình thành một cách tự nhiên quan hệ hợp đoàn; và người có đôi, có đần và con đầu đàn. Người tối cổ đã có quan hệ hợp quần xã hội: có người ngư",,,,,
relation,lichsu_12_s318_bai27_sec5_001:8:e11-RELATED_TO-e6,RELATED_TO,e11,Event,chiến thắng Đông - Xuân 1953 - 1954,e6,Event,kháng chiến chống Pháp,Chiến thắng Đông - Xuân 1953 - 1954 là một mốc lớn trong kháng chiến chống Pháp,chiến tháng trong Đông - Xuân 1953 - 1954,0.9,lichsu_12_s318_bai27_sec5_001,lichsu_12,Bài 27,3. Thời kì 1945 1954,"[217, 218, 219]","[""data/corpus/lichsu_12/lichsu_12.pdf_217.jpg.txt"", ""data/corpus/lichsu_12/lichsu_12.pdf_218.jpg.txt"", ""data/corpus/lichsu_12/lichsu_12.pdf_219.jpg.txt""]","năm 1930. Khởi nghĩa được tiến hành theo hình thái phù hợp, từ khởi nghĩa từng phần phát triển lên tổng khỏi nghĩa, Cuộc Tổng khởi nghĩa tháng loi đã giành được độc lập, chính quyền về tay nhân dân 3. Thời kì 1945 1954 Then (Từ sau thăng lơi Cách mạng tháng Tám năm 1945 đến ngày 21 - 7 - 1954) - Sau khi nước Viết Nam Dân chủ Cộng hoà được thành lập, trong tình hình dất nước gắp muôn vàn khó khân thử thách, nhân dân ta vừa xây dưng chính quyền cách mang, giải quyết nan đói, nan dốt và khó khăn về",,,,,
relation,lichsu_12_s317_bai27_sec4_001:1:e1-RELATED_TO-e2,RELATED_TO,e1,Event,Đại thắng mùa Xuân,e2,Concept,công cuộc đối mới đất nước,Đại thắng mùa Xuân năm 1975 diễn ra trước công cuộc đổi mới đất nước từ năm 1986,Đại thắng mùa Xuân năm 1975 và công cuộc đối mới đất nước từ năm 1986,0.95,lichsu_12_s317_bai27_sec4_001,lichsu_12,Bài 27,CÁC THỜI KÌ PHÁT TRIỂN CỦA LỊCH SỬ DÂN TỘC,"[216, 217, 218]","[""data/corpus/lichsu_12/lichsu_12.pdf_216.jpg.txt"", ""data/corpus/lichsu_12/lichsu_12.pdf_217.jpg.txt"", ""data/corpus/lichsu_12/lichsu_12.pdf_218.jpg.txt""]","đông địa cầu"" năm 1954 kháng chiên chông Mi với Đại thắng mùa Xuân năm 1975 và công cuộc đối mới đất nước từ năm 1986 đến nay: Môi sự kiên là mốc đánh dấu một thời ki phát triển của lịch sử dân tộc. CÁC THỜI KÌ PHÁT TRIỂN CỦA LỊCH SỬ DÂN TỘC Thời ki 1919 1930 (Từ sau Chiến tranh thế giới thứ nhất đến khi Đảng ra đời năm 1930) Cuộc khai thác thuộc địa lần thứ hai (1919 - 1929) của Pháp đã làm chuyển nhiều biên tình hình kinh tế ? xã hội Viết Nam, tao cơ sở xã hội (giai cấp) và điều kiên chính trị",,,,,
relation,lichsu_11_s53_bai12_sec4_002:4:e3-RELATED_TO-e5,RELATED_TO,e3,Concept,trại lính khổng lồ,e5,Concept,đôi quân 1 500 000 người,Trại lính khổng lồ có đôi quân 1 500 000 người,với đôi quân 1 500 000 người,0.95,lichsu_11_s53_bai12_sec4_002,lichsu_11,Bài 12,Vi sao chủ nghĩa phát xít thắng thế ở Đức ?,"[66, 67, 68]","[""data/corpus/lichsu_11/lichsu_11.pdf_66.jpg.txt"", ""data/corpus/lichsu_11/lichsu_11.pdf_67.jpg.txt"", ""data/corpus/lichsu_11/lichsu_11.pdf_68.jpg.txt""]","châu Âu. Đến năm 1938, với đôi quân 1 500 000 người cùng 30 000 xe tăng và khoảng 4 000 máy bay nước Đức đã trở thành một trại lính khổng lô, chuẩn bị tiến hành các kế hoạch gây chiến tranh xâm lược. Qua bảng thống kê nêu trên, hãy nhận xét về tình hình kinh tế nước Đức so với một số nước châu Âu",,,,,
relation,lichsu_12_s124_bai12_sec7_001:9:e2-RELATED_TO-e10,RELATED_TO,e2,Organization,thực dân Pháp,e10,Concept,Hệ thống giáo dục Pháp - Việt,Thực dân Pháp mở rộng hệ thống giáo dục Pháp - Việt,Hê thống giáo dục Pháp - Việt được mở rộng,0.9,lichsu_12_s124_bai12_sec7_001,lichsu_12,Bài 12,"2. Chính sách chính trị, văn hoá, giáo dục của thực dân Pháp","[76, 77]","[""data/corpus/lichsu_12/lichsu_12.pdf_76.jpg.txt"", ""data/corpus/lichsu_12/lichsu_12.pdf_77.jpg.txt""]","toàn bộ nền kinh tế Đông Dương phát hành tiên giay và cho vay lài Thực dân Pháp còn thi hành các biên pháp tăng thuế, do vậy, ngân sách Đông Dương thu được năm 1930 tăng gấp ba lần so với năm 1912 2. Chính sách chính trị, văn hoá, giáo dục của thực dân Pháp Sau chiến tranh, cùng với việc đẩy manh khai thác thuộc địa, thực dân Pháp tăng cường chính sách cai trị ở Đông Dương, Bộ máy quân sự, cảnh sát, mật thám, nhà tù được tăng cường và hoạt động ráo riết Thực dân Pháp thi hành một vài cải cách ch",,,,,
relation,lichsu_10_s206_001:9:e11-RELATED_TO-e9,RELATED_TO,e11,Event,đấu tranh giai cấp,e9,Concept,tư sản,tư sản tham gia vào đấu tranh giai cấp,"mâu thuẫn giữa tư sản với công nhân đã nảy sinh, dẫn đến những cuộc đấu tranh giai cấp",0.95,lichsu_10_s206_001,lichsu_10,Bài,CỦA PHONG TRÀO CÔNG NHÂN,"[178, 179, 183]","[""data/corpus/lichsu_10/lichsu_10.pdf_178.jpg.txt"", ""data/corpus/lichsu_10/lichsu_10.pdf_179.jpg.txt"", ""data/corpus/lichsu_10/lichsu_10.pdf_183.jpg.txt""]","cho nông dân Đức càng phân hoá sâu sắc Phần lớn nông dân bị phá sản phải đi làm thuê cho quý tộc, địa chủ, hoặc đi kiếm ăn ở các cơ sở công nghiệp B Nét nối bật của tình hình tế Đức cuối thế kỉ XIX CỦA PHONG TRÀO CÔNG NHÂN Giai Giai cấp công nhân ra đời và lớn mạnh cùng với sự hình thi thành và phát triển của chủ nghĩa tư bản. Dối lập về quyền lợi, mâu thuẫn giữa tư sản với công nhân đã nảy sinh, dẫn đến những cuộc đấu tranh giai cấp ngày càng gay gắt",,,,,
relation,lichsu_12_s128_bai12_sec11_001:4:e9-RELATED_TO-e10,RELATED_TO,e9,Organization,nhóm Trung Bắc tân văn,e10,Person,Nguyễn Văn Vĩnh,Nguyễn Văn Vĩnh là người của nhóm Trung Bắc tân văn.,nhóm Trung Bắc tân văn của Nguyên Văn Vinh,0.8,lichsu_12_s128_bai12_sec11_001,lichsu_12,Bài 12,"2. Hoạt động của tư sản, tiểu tư sản và công nhân Việt Nam","[79, 80, 81]","[""data/corpus/lichsu_12/lichsu_12.pdf_79.jpg.txt"", ""data/corpus/lichsu_12/lichsu_12.pdf_80.jpg.txt"", ""data/corpus/lichsu_12/lichsu_12.pdf_81.jpg.txt""]","Thái anh dũng hi sinh, song tiếng bom của người thanh niên yêu nước ấy đã nhóm tiếp ngon lửa chiến dấu của nhân dân ta, nhất là trong giới thanh niên Sự kiên đó ""như chim én nhỏ báo hiêu mùa xuân""(1) 2. Hoạt động của tư sản, tiểu tư sản và công nhân Việt Nam Thi Tr Tư sản Viết Nam đã tổ chức cuộc tấy chay tư sản Hoa kiêu, vận đông người Việt Nam ""chí mua hàng của người Viết Nam, ""chấn hưng nôi hoá"", "" bài trừ ngoai hoá"" Năm 1923, địa chủ và tư sản Viết Nam đấu tranh chống độc quyền cảng Sài Gòn,",,,,,
relation,lichsu_10_s114_001:7:e9-RELATED_TO-e5,RELATED_TO,e9,Place,chùa Dạm,e5,Concept,Nghệ thuật Phật giáo,Chùa Dạm là một công trình nghệ thuật Phật giáo,chùa Dạm,0.85,lichsu_10_s114_001,lichsu_10,Bài,3. Nghệ thuật,"[103, 104, 105]","[""data/corpus/lichsu_10/lichsu_10.pdf_103.jpg.txt"", ""data/corpus/lichsu_10/lichsu_10.pdf_104.jpg.txt"", ""data/corpus/lichsu_10/lichsu_10.pdf_105.jpg.txt""]","XI ? XII) đều phát triển với sự xuất hiện của hàng loạt tập thơ của Nguyễn Trãi, Lê Thánh Tông, Lý Tử Tấn v.v.. có nội dung ca ngợi đất nước phát triển. B - Đặc điểm của thơ văn các thế kỉ XI - XV. 3. Nghệ thuật Nghệ thuật cũng có những bước phát triển mới, Trong các thế kỉ X- XIV, người những công trình nghệ thuật Phật giáo được xây dựng ở kháp mọi nơi như chùa Một Cột (Diên Hựu), chùa Dâu, chùa Phật Tích, chùa Dạm, tháp Báo Thiên, tháp Phổ Minh, Chuông, tượng cũng được đúc, tạc rất nhiều, Cuối",,,,,
relation,lichsu_12_s230_bai20_sec10_002:7:e7-RELATED_TO-e6,RELATED_TO,e7,Event,Hiệp định Giơnevơ,e6,Place,Việt Nam,Hiệp định Giơnevơ đình chỉ chiến sự ở Việt Nam.,Hiệp đinh đình chỉ chiến sự ở Việt Nam,0.9,lichsu_12_s230_bai20_sec10_002,lichsu_12,Bài 20,HOÀ BÌNH Ở ĐỒNG DƯƠNG,"[151, 152, 153, 154, 155]","[""data/corpus/lichsu_12/lichsu_12.pdf_151.jpg.txt"", ""data/corpus/lichsu_12/lichsu_12.pdf_152.jpg.txt"", ""data/corpus/lichsu_12/lichsu_12.pdf_153.jpg.txt"", ""data/corpus/lichsu_12/lichsu_12.pdf_154.jpg.txt"", ""data/corpus/lichsu_12/lichsu_12.pdf_155.jpg.txt""]","Gionevo bát đầu thảo luận về vấn đề lập lại hoà bình ở Đông Dương, Phái đoàn Chính phủ ta, Thi Trong do Phó Thủ tướng kiêm Bộ trưởng Ngoại giao Phạm Văn Đông làm Trưởng đoàn, chính thức được mời họp. (1) Hồ Chi Minh, Toàn tấp, tấp 7, Sđd, tr 168 Cuộc đấu tranh trên bàn hội nghị diễn ra gay gắt và phức tap do lập trường thiếu thiêu thiên chí và ngoan cố của Pháp trường của Chính phủ ta là đinh chí chiến sự trên toàn Đông Dương, giải quyết vấn đề quân sự và 19 thi chinh tri cùng lúc cho cá ba nước",,,,,
relation,lichsu_11_s89_bai17_sec12_001:4:e4-RELATED_TO-e6,RELATED_TO,e4,Organization,quân đội Liên Xô,e6,Organization,quân Đức,"Hồng quân Liên Xô tấn công, bao vây, chia cắt để tiêu diệt và bắt sống đội quân Đức.","Hồng quân Liên Xô đã tấn công, bao vây, chia cất để tiêu diệt và bắt sống toàn bộ đội quân tinh nhuệ của Đức",0.95,lichsu_11_s89_bai17_sec12_001,lichsu_11,Bài 17,(TỪ THÁNG 11 - 1942 ĐẾN THÁNG 8 - 1945),"[97, 98, 99]","[""data/corpus/lichsu_11/lichsu_11.pdf_97.jpg.txt"", ""data/corpus/lichsu_11/lichsu_11.pdf_98.jpg.txt"", ""data/corpus/lichsu_11/lichsu_11.pdf_99.jpg.txt""]","VI VU NGUYỄN SANG THUNG THUNG CHUYẾN CHUYÊN CHUNG THUNG CHUYẾN CHUNG THUNG CHUYẾN CHUNG THUNG CHUYẾN CHUNG CHUYẾN CHUNG CHUYẾN CH (TỪ THÁNG 11 - 1942 ĐẾN THÁNG 8 - 1945) 1 Quân Đông minh phản công (1 1942 đến tháng 6 1944) Ở Mặt trận Xô Đức, trân phản công tại Xta-lin-grát (từ tháng 11 - 1942 đến và tháng 2 1943) của quân đội Liên Xô đã tạo nên bước ngoặt của cuộc chiến tranh thế giới, Trong trân đánh vĩ đại này, Hồng quân Liên Xô đã tấn công, bao vây, chia cất để tiêu diệt và bắt sống toàn bộ đ",,,,,
relation,lichsu_12_s243_bai21_sec9_001:7:e11-RELATED_TO-e5,RELATED_TO,e11,Concept,kinh tế quốc doanh,e5,Time,1960,"Đến năm 1960, có 172 xí nghiệp lớn do trung ương quản lý và trên 500 xí nghiệp do địa phương quản lý","Đến năm 1960, đã có 172 xí nghiệp lớn trong do trung ương quản lí và trên 500 xí nghiệp do địa phương quán liệt",0.9,lichsu_12_s243_bai21_sec9_001,lichsu_12,Bài 21,"2. Cải tạo quan hệ sản xuất, bước đầu pián tế - xã hội","[158, 159, 160, 161, 162]","[""data/corpus/lichsu_12/lichsu_12.pdf_158.jpg.txt"", ""data/corpus/lichsu_12/lichsu_12.pdf_159.jpg.txt"", ""data/corpus/lichsu_12/lichsu_12.pdf_160.jpg.txt"", ""data/corpus/lichsu_12/lichsu_12.pdf_161.jpg.txt"", ""data/corpus/lichsu_12/lichsu_12.pdf_162.jpg.txt""]","cổ chính quyền dân chủ nhân dân, tăng cường khá năng phòng thủ đất nước, mở rộng mặt trận dân tộc thống nhất và quan hê ngoại giao với nhiều nước trên đường sắt Hà Nội - Mục Nam Quan (1957) thế giới. 2. Cải tạo quan hệ sản xuất, bước đầu pián tế - xã hội (1958 - 1960) Trong ba năm (1958 ? 1960), miền Bắc lấy cải tạo xã hội chủ nghĩa làm trọng tâm : cải tao đối với nông nghiệp, thủ công nghiệp, thương nghiệp nhỏ, công thương nghiệp tư bản tư doanh, khâu chính là hợp tác hoá nông nghiệp. Thực hiên",,,,,
relation,lichsu_12_s215_bai19_sec6_001:10:e1-RELATED_TO-e11,RELATED_TO,e1,Event,Đại hội đại biểu lần thứ II của Đảng Cộng Sản Đông Dương,e11,Organization,báo Nhân dân,Đại hội quyết định xuất bản báo Nhân dân.,quyết đình xuất bản báo Nhân dân,0.9,lichsu_12_s215_bai19_sec6_001,lichsu_12,Bài 19,II ĐẠI HỘI ĐẠI BIỂU LẦN THỨ II CỦA ĐẢNG (2?1951),"[139, 140, 141]","[""data/corpus/lichsu_12/lichsu_12.pdf_139.jpg.txt"", ""data/corpus/lichsu_12/lichsu_12.pdf_140.jpg.txt"", ""data/corpus/lichsu_12/lichsu_12.pdf_141.jpg.txt""]","tí phrăng ngân sách. Các phái đoàn viên trơ kinh tế, cổ văn quân sự Mĩ đến Việt Nam ngày càng nhiều Các trung tâm và các trường huấn luyên của Mĩ bắt đầu tuyển chon, đưa người Việt Nam sang học ở Mĩ II ĐẠI HỘI ĐẠI BIỂU LẦN THỨ II CỦA ĐẢNG (2?1951) Từ ngày 11 đến ngày 19 ? 2 - 1951, Đại hôi đại biểu lần thứ II của Đảng Cộng Sản Đông Dương họp ở xã Vinh Quang (Chiêm Hoa - Tuyên Quang) Đại hội thông qua hai báo cáo quan trọng Bao cáo chính tri, do Chủ tịch Hô Chí Minh trình bày, đã lông kết kinh ng",,,,,
relation,lichsu_10_s221_bai39_sec2_001:3:e4-RELATED_TO-e5,RELATED_TO,e4,Organization,Quốc tế thứ nhất,e5,Time,1876,Quốc tế thứ nhất giải tán vào năm 1876.,Quốc tế thứ nhất giải tán (1876),0.95,lichsu_10_s221_bai39_sec2_001,lichsu_10,Bài 39,QUỐC TẾ THỨ HAI,"[194, 195, 197, 198]","[""data/corpus/lichsu_10/lichsu_10.pdf_194.jpg.txt"", ""data/corpus/lichsu_10/lichsu_10.pdf_195.jpg.txt"", ""data/corpus/lichsu_10/lichsu_10.pdf_197.jpg.txt"", ""data/corpus/lichsu_10/lichsu_10.pdf_198.jpg.txt""]","làm chủ thành phố Ngày 18-3-1871, lần đầu tiên trong lịch sử, chính quan củp tư sản bị lật đổ Uỷ ban trung ương Quốc dân quân đảm nhận chức năng của chính quyền mới, trở thành chính phủ lâm thời. B QUỐC TẾ THỨ HAI Sau khi Quốc tế thứ nhất giải tán (1876), sự ra đời của nha các chính đảng công nhân ở nhiều nước đòi hỏi phải có một tổ chức quốc tế mới để lãnh đạo phong trào công nhân thế giới ? Quốc tế thứ hai được thành lập. Dưới sự lãnh đạo của Ph. nng-ghen, Quốc tế thứ hai có nhiều đó góp góp q",,,,,
relation,lichsu_10_s182_001:1:e1-RELATED_TO-e5,RELATED_TO,e1,Concept,mâu thuẫn về quyền lợi kinh tế và địa vị chính trị,e5,Place,Pháp,Mâu thuẫn diễn ra ở Pháp,nước Pháp lâm vào cuộc khủng hoảng xã hội sâu sắc,0.9,lichsu_10_s182_001,lichsu_10,Bài,1. Cách mạng bùng nổ nền quân chủ lập hiến,"[151, 152, 153, 154, 155]","[""data/corpus/lichsu_10/lichsu_10.pdf_151.jpg.txt"", ""data/corpus/lichsu_10/lichsu_10.pdf_152.jpg.txt"", ""data/corpus/lichsu_10/lichsu_10.pdf_153.jpg.txt"", ""data/corpus/lichsu_10/lichsu_10.pdf_154.jpg.txt"", ""data/corpus/lichsu_10/lichsu_10.pdf_155.jpg.txt""]","mâu thuẫn về quyền lợi kinh tế và địa vị chính trị giữa Đẳng cấp thứ ba với đẳng cấp Tăng lữ và Quý tộc, nước Pháp lâm vào cuộc khủng hoảng xã hội sâu sắc, báo hiệu một cuộc cách mạng đang đến gần. 1. Cách mạng bùng nổ nền quân chủ lập hiến Sự khủng hoảng trầm trọng của nền tài chính quốc gia buộc Lu-i XVI phải triệu tập Hội nghị ba đẳng cấp ngày 5 - 5 ? 1789 tại cung điện Véc-xai để đề xuất vấn đề vay tiền và ban hành thêm thuế mới Phản đối ý định ban hành thuế mới của nhà vua, ngày 17-6, đại b",,,,,
relation,lichsu_12_s27_bai2_sec8_001:7:e11-RELATED_TO-e12,RELATED_TO,e11,Time,1950 - 1975,e12,Concept,chủ nghĩa xã hội,"Trong những năm 1950-1975, các nước Đông Âu xây dựng chủ nghĩa xã hội","Trong những năm 1950 ? 1975, các nước Đông Âu đã thực hiện nhiều kế hoạch ngày năm nhâm xây dưng cơ sở vật chất - ki thuật của xã hội trong tình hiện hình khó khăn phức tạp. Các nước này đều xuất phát từ trình độ phát triển thấp (trình Tiệp Khắc, Công hoà Dân chủ Đức), lại bị các nước để quốc bao vây về kinh lễ và các thế lực phản động trong nước ra sức chống phá Với sự giúp đỡ có hiêu quả của Liên Xô và sự nổ lực vươn lên của nhân dân, các nước Đông Au đã giành được nhiều thành tựu to lớn Các nước Đông Âu đã tiến hành xây dựng nền công nghiệp, điên khí hoá toàn quốc, nâng sản lương công nghiệp lên gấp hàng chục lần, Nông nghiệp phát triển nhanh chóng, đáp ứng nhu cầu lương thực và thực phẩm của nhân dân, Trình độ khoa học ? kĩ thuật được nâng lên rõ rêt, Từ những nước nghèo, các nước xã hội chủ nghĩa Đông Âu đã trở thành các quốc gia công - nông nghiệp",0.95,lichsu_12_s27_bai2_sec8_001,lichsu_12,Bài 2,5. XAN MARINÔ,"[10, 11, 12, 13]","[""data/corpus/lichsu_12/lichsu_12.pdf_10.jpg.txt"", ""data/corpus/lichsu_12/lichsu_12.pdf_11.jpg.txt"", ""data/corpus/lichsu_12/lichsu_12.pdf_12.jpg.txt"", ""data/corpus/lichsu_12/lichsu_12.pdf_13.jpg.txt""]","Anbani (1945), Công hoà Nhân dân Bungari (1946) THUY ĐIỂN Các nước dân chủ nhân dân Đông Âu BIỂN BẮC Các nước khác DÂN MACHIC Vacsava Thủ đô Copenhaghen BA LAN Tên nước Biên giới quốc gia Amxtếcdam 5. XAN MARINÔ 3.MMNACÔ BA LAN Brucxen D Praha CHLBDUC TIẾP KHẮC LIÊN XÔ PHÁP Viêno Bécnơ HI Áo THUY SỊ Buđapét HUNGGARI RUMANI Bể grát Bucarét NAM TƯ BIÊN ĐEN ITALIA Hr BUNGARI AD Xôphia Rôma Tirana ANBANI BIÊN TIRÊNE THỔ NHIKK HILLAP BIỂNG TH BIÊN EGIEYLS NÔNI Aten oils Riêng ở Đông Đức, với sự giúp ",,,,,
relation,lichsu_10_s192_bai33_sec5_001:7:e8-RELATED_TO-e10,RELATED_TO,e8,Place,Mĩ,e10,Place,Mê-hi-cô,Mĩ chiếm cứ đất đai của Mê-hi-cô,chiếm cứ đất đai của Mê-hi-cô,0.9,lichsu_10_s192_bai33_sec5_001,lichsu_10,Bài 33,PHONH MUA CỦA TBY BAN NHA,"[163, 164, 167, 168, 169]","[""data/corpus/lichsu_10/lichsu_10.pdf_163.jpg.txt"", ""data/corpus/lichsu_10/lichsu_10.pdf_164.jpg.txt"", ""data/corpus/lichsu_10/lichsu_10.pdf_167.jpg.txt"", ""data/corpus/lichsu_10/lichsu_10.pdf_168.jpg.txt"", ""data/corpus/lichsu_10/lichsu_10.pdf_169.jpg.txt""]","Đúc Biên giới Liên bang Bắc Đúc năm 1847 PHAP Cuộc tấn cũng của quân đội Phd Vào Dan Mạch, An, Pháp UNINTERMANIANT Cúc bang gia nhập liên bang Bắc Đúc năm 1070 THỤY ST Biển giới đế quốc Dức năm 1871 PHONH MUA CỦA TBY BAN NHA 10 1545-1846 nghiêm 1811 - 1818) BÌNH DƯƠNG Mê hi công VỊNH MÊ HI CÓ Thi Tri Miền Đông Bắc nước Mĩ là vùng phát triển công nghiệp, miền Nam là vùng nông nghiệp đồn điền, miền Tây là vùng đất bao la, nơi thu hút dân di cư mới. Bằng biên pháp mua lại đất đai của Pháp, Anh, của",,,,,
relation,lichsu_12_s149_bai14_sec11_001:3:e1-RELATED_TO-e5,RELATED_TO,e1,Person,Lê Hồng Phong,e5,Organization,xứ ủy Nam Kì,Lê Hồng Phong đứng đầu tổ chức Đảng mà các xứ ủy Nam Kì là một phần.,"thành lập do Lê Hông Phong đứng đầu Cuối năm 1934 ? đầu năm 1935, các xứ uỷ Bắc Kì, Trung Ki và Nam Kì được lập lại",0.95,lichsu_12_s149_bai14_sec11_001,lichsu_12,Bài 14,2. Đại hội đại biểu lần thứ nhất Đảng Công Dương (3 ? 1935),"[96, 97]","[""data/corpus/lichsu_12/lichsu_12.pdf_96.jpg.txt"", ""data/corpus/lichsu_12/lichsu_12.pdf_97.jpg.txt""]","thành lập do Lê Hông Phong đứng đầu Cuối năm 1934 ? đầu năm 1935, các xứ uỷ Bắc Kì, Trung Ki và Nam Kì được lập lại Như vây, đến đầu năm 1935, các tổ chức Đảng và phong trào quần chúng được phuc hồi. 2. Đại hội đại biểu lần thứ nhất Đảng Công Dương (3 ? 1935) Từ ngày 27 đến ngày 31 - 3 - 1935, Đại hôi đại biểu lần thứ nhất của Đảng hop tai Ma Cao (Trung Quốc), Tham dự Đại hội có 13 đại biểu, thay mất cho hơn 500 đảng viên thuộc các đảng bộ trong nước và các tổ chức Đảng đang hoạt động ở nước ngo",,,,,
relation,lichsu_12_s143_bai14_sec5_001:4:e4-RELATED_TO-e6,RELATED_TO,e4,Concept,mâu thuẫn xã hội,e6,Concept,mâu thuẫn giữa nông dân với địa chủ phong kiến,Mâu thuẫn giữa nông dân với địa chủ phong kiến là một trong hai mâu thuẫn cơ bản của xã hội,mâu thuấn giữa nông dân với địa chú phong kiến,0.8,lichsu_12_s143_bai14_sec5_001,lichsu_12,Bài 14,2. Tình hình xã hội,"[90, 91]","[""data/corpus/lichsu_12/lichsu_12.pdf_90.jpg.txt"", ""data/corpus/lichsu_12/lichsu_12.pdf_91.jpg.txt""]","đều suy giảm. Xuất nhập khẩu đình đốn, hàng hoá khan hiếm, giá cả đất đỏ Cuộc khủng hoảng kinh tế ở Viết Nam rất năng nề so với các thuộc địa khác của Pháp, cũng như so với các nước trong khu vưc. 2. Tình hình xã hội Hâu quả lớn nhất mà cuộc khủng hoảng kinh tế gây ra đối với xã hội là làm trầm trong thêm tình trạng đói khổ của các tâng lớp nhân dân lao đông nhân bị sa thải, số người có việc làm thì đồng lương ít ỏi Ở Bắc Ki, nơi tập trung nhiều công nhân, có tới 25 000 người bị sa thải Số người",,,,,
relation,lichsu_10_s10_001:2:e1-RELATED_TO-e3,RELATED_TO,e1,Concept,vượn cổ,e3,Place,Đông Phi,xương hóa thạch của vượn cổ được tìm thấy ở Đông Phi,Xương hoá thạch của chúng Đã được tìm thấy ở Đông Phi,0.9,lichsu_10_s10_001,lichsu_10,Bài,1. Sự xuất hiện loài người và đời sống bầy người nguyên thuỷ,"[4, 5, 6]","[""data/corpus/lichsu_10/lichsu_10.pdf_4.jpg.txt"", ""data/corpus/lichsu_10/lichsu_10.pdf_5.jpg.txt"", ""data/corpus/lichsu_10/lichsu_10.pdf_6.jpg.txt""]","là Khảo cổ học và Cổ sinh học, đã tìm được nhiều bằng cứ nói lên sự phát triển lâu dài từ động vật cấp thấp lên động vật cấp cao đủnh cao của quá trình thuy này là sự chuyển biến từ vượn thành người. 1. Sự xuất hiện loài người và đời sống bầy người nguyên thuỷ Ở chặng đầu của quá trình hình thành loài người, có một loài vượn cổ, sống 19 khoảng 6 triêu năm trước dây, đã có thế đứng và di bằng hai chân, dùng tay để và chi cầm nắm, ăn hoa quả, củ, lá và cả động vật nhỏ. Xương hoá thạch của chúng Đã",,,,,
relation,lichsu_12_s205_bai18_sec11_002:2:e2-RELATED_TO-e3,RELATED_TO,e2,Organization,Pháp,e3,Concept,chiến lược chiến tranh,Pháp buộc phải thay đổi chiến lược chiến tranh.,Pháp buộc phải thay đổi D Nơi quân Pháp nhảy dù Đường tiến công của quân Pháp chiến lược chiến tranh,0.85,lichsu_12_s205_bai18_sec11_002,lichsu_12,Bài 18,1. Chiến dịch Việt Bắc thu - đông năm 1947,"[131, 132, 133, 134, 135]","[""data/corpus/lichsu_12/lichsu_12.pdf_131.jpg.txt"", ""data/corpus/lichsu_12/lichsu_12.pdf_132.jpg.txt"", ""data/corpus/lichsu_12/lichsu_12.pdf_133.jpg.txt"", ""data/corpus/lichsu_12/lichsu_12.pdf_134.jpg.txt"", ""data/corpus/lichsu_12/lichsu_12.pdf_135.jpg.txt""]","ai khỏi vòng chiến đầu hơn 6 000 NHÀ GIANG địch, bắn rơi 16 máy bay CAO BẰNG bán chìm 11 tàu chiến, ca nô TRUNG Chơ Ra Đèo Ngân Bông QUỐC phá huý nhiều phương tiên Sơn Lau Đài Thị Bản Thi chiến tranh. Cơ quan dầu não Thất Khê Chiêm Hoá K ST Bạch Thông kháng chiến được bảo toàn Cho BẮC KAN Dõng Bộ đội chủ lực của ta ngày Khe Lau TUYÊN Chơ Chu Y Chợ Mới LẠNG SƠN càng trưởng thành Đạt Từ Với chiến tháng Việt Bắc ban Hùng HÁI NGUYÊN thu đông năm 1947, cuộc VĨNH kháng chiên toàn quốc chống PHÚ THO QU",,,,,
relation,lichsu_11_s113_bai20_sec7_001:6:e11-RELATED_TO-e12,RELATED_TO,e11,Time,Ngày 3 - 4 - 1882,e12,Person,Ri-vi-e,"Ngày 3 - 4 - 1882, quân Pháp do Đại tá hải quân Ri-vi-e chỉ huy bất ngờ đổ bộ lên Hà Nội","Ngày 3 - 4 - 1882, quân Pháp do Đại tá hải quân Ri-vi-e chỉ huy bất ngờ đổ bộ Ngày lên Hà Nôi.",0.95,lichsu_11_s113_bai20_sec7_001,lichsu_11,Bài 20,CUỘC KHÁNG CHIÊN Ở BẮC KÌ VÀ TRUNG KI,"[116, 117, 118, 119, 120]","[""data/corpus/lichsu_11/lichsu_11.pdf_116.jpg.txt"", ""data/corpus/lichsu_11/lichsu_11.pdf_117.jpg.txt"", ""data/corpus/lichsu_11/lichsu_11.pdf_118.jpg.txt"", ""data/corpus/lichsu_11/lichsu_11.pdf_119.jpg.txt"", ""data/corpus/lichsu_11/lichsu_11.pdf_120.jpg.txt""]","An, Hà Tỉnh do Trân Tân, Đăng Như Mai, Nguyên Huy Điền lãnh đao Cuộc kháng chiến ở Bắc Kì lần thứ nhất có điểm gì đáng chú ý ? Trận Cầu Giấy ngày 21 - 12 - 1873 ảnh hưởng đến cục diên chiến tranh như CUỘC KHÁNG CHIÊN Ở BẮC KÌ VÀ TRUNG KI TRONG NHUNG NĂM 1884 1 Quân Pháp đánh chiếm Hà Nội và các tỉnh Bắc Ki lần thứ hai (1882 1883) Từ những năm 70 của thế kỉ XIX, nước Pháp chuyển sang giai đoạn đế quốc chủ nghĩa, Yêu cầu về thị trường, nguyên liêu, nhân công và lợi nhuận được đặt ra ngày càng cấp ",,,,,
relation,lichsu_12_s108_bai10_sec5_001:6:e9-RELATED_TO-e2,RELATED_TO,e9,Organization,Quỹ Tiền tệ Quốc tế,e2,Concept,xu thế toàn cầu hoá,"Quỹ Tiền tệ Quốc tế là một tổ chức liên kết kinh tế, thương mại, tài chính quốc tế, một biểu hiện của xu thế toàn cầu hóa","Sư ra đời của các tổ chức liên kết kinh tế, thương mại, tài chính quốc tế và khu vực Đó là Quỹ Tiên tê Quốc tế (IMF)",0.95,lichsu_12_s108_bai10_sec5_001,lichsu_12,Bài 10,VII - XU THẾ TOÀN CẦU HOÁ VÀ ẢNH HƯỚNG CỦA NÓ,"[66, 67, 68, 69, 70]","[""data/corpus/lichsu_12/lichsu_12.pdf_66.jpg.txt"", ""data/corpus/lichsu_12/lichsu_12.pdf_67.jpg.txt"", ""data/corpus/lichsu_12/lichsu_12.pdf_68.jpg.txt"", ""data/corpus/lichsu_12/lichsu_12.pdf_69.jpg.txt"", ""data/corpus/lichsu_12/lichsu_12.pdf_70.jpg.txt""]","v.v. và nhất là chiến việc chế tao những loại vũ khi hiên đai có sức công pha và huy diết khúng khiếp, có thể tiêu diệt nhiều lần sự sống trên hành tinh khoa học - công nghệ trong nưa sau thế ki XX VII - XU THẾ TOÀN CẦU HOÁ VÀ ẢNH HƯỚNG CỦA NÓ Một hê quả quan trong của cách mang khoa học ? công nghê là từ dầu những năm 80 của thế kỉ XX, nhất là từ sau Chiến tranh lạnh, trên thế giới đã diên ra xu thể toàn cầu hoá Xét về bản chất, toàn cầu hoá là quá trình tăng lên manh mẽ những mối liên hê, ngườ",,,,,
relation,lichsu_10_s29_002:6:e7-RELATED_TO-e4,RELATED_TO,e7,Person,Bim bi sa ra,e4,Organization,Ma-ga-đa,Bim bi sa ra là vua mở đầu nước Ma-ga-đa.,"Vua mở đầu nước này, Bim bi sa ra",0.95,lichsu_10_s29_002,lichsu_10,Bài,Bài,"[28, 29, 30, 31, 37, 38, 39]","[""data/corpus/lichsu_10/lichsu_10.pdf_28.jpg.txt"", ""data/corpus/lichsu_10/lichsu_10.pdf_29.jpg.txt"", ""data/corpus/lichsu_10/lichsu_10.pdf_30.jpg.txt"", ""data/corpus/lichsu_10/lichsu_10.pdf_31.jpg.txt"", ""data/corpus/lichsu_10/lichsu_10.pdf_37.jpg.txt"", ""data/corpus/lichsu_10/lichsu_10.pdf_38.jpg.txt"", ""data/corpus/lichsu_10/lichsu_10.pdf_39.jpg.txt""]","Ấn Độ (Hindustan), nơi khởi nguồn của nền văn hoá Ân Động Bắc bán đảo là lưu vực sông Hằng (Gan ga) rộng lớn và màu mỡ, là người quê hương, nơi sinh trưởng nền văn hoá truyền thống của văn minh Ân Độ. 11 Thời kì các quốc gia điền Khoảng 1500 năm trước Công nguyên, vùng sông Hằng ở Đông Bắc có điều kiện thuận lợi, mưa thuận gió hoà nên đã tiến bộ vượt lên, có vai trò nổi trội trên cả miền Bắc Ân Độ Từ các bộ lạc trồng lúa và chăn nuôi trên bờ sông Hằng, bắt đầu hình thành thu người một số nhà nướ",,,,,
relation,lichsu_10_s120_001:4:e5-RELATED_TO-e4,RELATED_TO,e5,Organization,Nam triều,e4,Place,Thanh Hoá,Nam triều được thành lập ở Thanh Hoá,"Một nhà nước mới được thành lập ở đây, sử cũ gọi là nha Nhiều Nam triều",0.9,lichsu_10_s120_001,lichsu_10,Bài,2. Đắt nước bị chia cắt,"[106, 107, 108]","[""data/corpus/lichsu_10/lichsu_10.pdf_106.jpg.txt"", ""data/corpus/lichsu_10/lichsu_10.pdf_107.jpg.txt"", ""data/corpus/lichsu_10/lichsu_10.pdf_108.jpg.txt""]","vua Minh cho quân tiến xuống, phao tin xâm chiếm nước ta. Nhà Mạc lúng túng, đã buộc phải dâng số sách cho quân Minh, chịu thần phục để yên mặt Bắc, Vạc không còn được sự tin tưởng của nhân dân. 2. Đắt nước bị chia cắt Không chấp nhận chính quyền của họ Mạc, một số quan lại cũ của nhà Lê, Thuy những đầu là Nguyễn Kim, đã họp quân, , nổi và nghiệp dây ở vùng Thanh Hoá. Một nhà nước mới được thành lập ở đây, sử cũ gọi là nha Nhiều Nam triều để phân biệt với Bắc triều của nhà Mạc. Chiến tranh Nam -",,,,,
relation,lichsu_12_s15_bai1_sec5_002:6:e10-RELATED_TO-e9,RELATED_TO,e10,Organization,chính quyền Đài Loan,e9,Organization,Hội đồng Bảo an,chính quyền Đài Loan là đại diện của Trung Quốc tại Hội đồng Bảo an,dai biểu Trung Quốc tai Hội đồng Bảo an là đại diên của chính quyền Điền Đài Loan,0.95,lichsu_12_s15_bai1_sec5_002,lichsu_12,Bài 1,II - SỰ THÀNH LẬP LIÊN HỢP QUỐC,"[4, 5, 6, 7, 8]","[""data/corpus/lichsu_12/lichsu_12.pdf_4.jpg.txt"", ""data/corpus/lichsu_12/lichsu_12.pdf_5.jpg.txt"", ""data/corpus/lichsu_12/lichsu_12.pdf_6.jpg.txt"", ""data/corpus/lichsu_12/lichsu_12.pdf_7.jpg.txt"", ""data/corpus/lichsu_12/lichsu_12.pdf_8.jpg.txt""]","Anh Pháp và Trung Quốc 1) mới được thông qua và có giá trị Ban Thư kí - cơ quan hành chính - tổ chức của Liên hợp quốc, đứng đầu là Tổng thư kí với nhiệm kì 5 năm Ngoài ra, Liên hợp quốc còn có nhiều tổ chức chuyên môn khác giúp viếc Tru sở của Liên hợp quốc đất tại Niu Oóc (Mĩ) Trong hơn nửa thế kỉ qua, Liên hợp quốc đã trở thành một diễn đàn quốc tế vừa nhà nhà thop tác, vừa đầu tranh nhâm duy trì hoa bình và an ninh thế giới, Liên hợp quốc đã các chính có nhiều có găng trong việc giải quyết c",,,,,
relation,lichsu_11_s104_bai19_sec5_002:10:e12-RELATED_TO-e2,RELATED_TO,e12,Event,Điều ước Bắc Kinh,e2,Organization,Quân Pháp,"Sau khi kết thúc Điều ước Bắc Kinh, quân Pháp kéo về Gia Định","Sau khi kết thúc thăng lơi cuộc chiến ở Trung Quốc với Điều ước Bắc Kinh 12 10 1860), quân Pháp liền kéo về Gia Định",0.9,lichsu_11_s104_bai19_sec5_002,lichsu_11,Bài 19,MIÊN ĐÔNG NAM KÌ TỪ NĂM 1859 ĐẾN NĂM 1862,"[106, 107, 109, 110, 111]","[""data/corpus/lichsu_11/lichsu_11.pdf_106.jpg.txt"", ""data/corpus/lichsu_11/lichsu_11.pdf_107.jpg.txt"", ""data/corpus/lichsu_11/lichsu_11.pdf_109.jpg.txt"", ""data/corpus/lichsu_11/lichsu_11.pdf_110.jpg.txt"", ""data/corpus/lichsu_11/lichsu_11.pdf_111.jpg.txt""]","triều đình vân đóng trong phòng tuyến Chí Hoà mới được xây dựng trong tư thể thú hiêm Hinh 50. Quân Pháp đánh chiếm thành Gia Đinh Từ tháng 3 1860, Nguyễn Trị Phương được lệnh từ Đà Năng vào Gia Định. Ông đã huy động hàng van quân và dân bình xây dựng Đại đồng Chí Hoà, vừa đồ sô vừa vững chắc, nhưng vì không chủ động tân công nên gần 1 000 quân Pháp vẫn yên ổn ngay bên cạnh phòng tuyến của quân ta với một lực lương tù 10 000 đến 12 000 người Không bi đông đối phó như quân đôi triều đình, hàng ng",,,,,
relation,lichsu_11_s25_bai7_sec2_002:6:e7-RELATED_TO-e5,RELATED_TO,e7,Person,Phn đrích Ang-ghen,e5,Concept,học thuyết chủ nghĩa xã hội khoa học,Phn đrích Ang-ghen là người sáng lập học thuyết chủ nghĩa xã hội khoa học.,mà Các Mác Mác và Phn đrích Ang-ghen là những người sáng lập.,0.9,lichsu_11_s25_bai7_sec2_002,lichsu_11,Bài 7,LỊCH SƯ THẾ GIỚI CẦN ĐAI,"[37, 38, 39, 44, 45]","[""data/corpus/lichsu_11/lichsu_11.pdf_37.jpg.txt"", ""data/corpus/lichsu_11/lichsu_11.pdf_38.jpg.txt"", ""data/corpus/lichsu_11/lichsu_11.pdf_39.jpg.txt"", ""data/corpus/lichsu_11/lichsu_11.pdf_44.jpg.txt"", ""data/corpus/lichsu_11/lichsu_11.pdf_45.jpg.txt""]","những mức đô khác nhau đều tao điều kiên cho chủ nghĩa tư ban phát triên Thứ Thứ hai, những năm cuối thế kỉ XIX đầu thế kỉ XX là thời kì phát triển nha nha nhanh chóng và manh mẽ của chủ nghĩa tư ban. Đây là thời kì chủ nghĩa tư ban trong từ giai đoan tư do canh tranh chuyển dần sang giai đoan độc quyền, tức chủ nghĩa để quốc, Chủ nghĩa đế quốc có những đác trưng riêng, song không thay người đối bản chất của chủ nghĩa tư bản mà chỉ làm cho các mâu thuần vốn có và mới nảy sinh thêm trầm trong Thứ",,,,,
relation,lichsu_10_s59_001:10:e6-RELATED_TO-e12,RELATED_TO,e6,Concept,xã hội có giai cấp,e12,Time,khoảng gần 2000 năm TCN,"Xã hội có giai cấp ra đời ở sông Ấn, sông Hằng, Hoàng Hà và sông Hồng khoảng gần 2000 năm TCN.",khoảng gần 2000 năm TCN,0.95,lichsu_10_s59_001,lichsu_10,Bài,2. Xã hội cổ đại,"[66, 67]","[""data/corpus/lichsu_10/lichsu_10.pdf_66.jpg.txt"", ""data/corpus/lichsu_10/lichsu_10.pdf_67.jpg.txt""]","nhưng chưa có sự thu thu áp bức và cưỡng ép, tư hữu và bóc lột. Song xã hội nguyên thuỷ còn ở trình độ quá thấp nên loài người phải vượt qua một chặng đường dài để tiến tới ngưỡng cửa của văn minh 2. Xã hội cổ đại a) Phương Đông cổ đại Khoảng 6000 năm trước đây, người nông dân đà bắa trên ruộng ở vùng ven sông Nin và Lưỡng Hà Thiến người ta đã có được những điều kiên thuận lợi ở đây: đất ven sông phì nhiêu và nhưng và dễ cày bừa , mùa nước lên xuống hàng năm ổn định, tiện việc gieo trồng và thi ",,,,,
relation,lichsu_11_s30_bai7_sec7_001:1:e2-RELATED_TO-e3,RELATED_TO,e2,Place,Nga,e3,Person,Nga hoàng Ni cô-lai II,Nga hoàng Ni cô-lai II đứng đầu nước Nga,"Nga vẫn là một nước quân chủ chuyên chế, đứng đầu là Nga hoàng Ni cô-lai II",0.95,lichsu_11_s30_bai7_sec7_001,lichsu_11,Bài 7,CÁCH MANG THÁNG MƯỜI NGA NĂM 1917,"[48, 49, 50]","[""data/corpus/lichsu_11/lichsu_11.pdf_48.jpg.txt"", ""data/corpus/lichsu_11/lichsu_11.pdf_49.jpg.txt"", ""data/corpus/lichsu_11/lichsu_11.pdf_50.jpg.txt""]","cách mạng trong nước và các nước đế quốc bên ngoài, nhân dân Xô viết, được sự ủng hô của nhân dân thế giới, đã kiên cường chiến đấu, xây dựng và bảo vệ thành công những thành quả của Cách mạng Mười CÁCH MANG THÁNG MƯỜI NGA NĂM 1917 1 Tình hình nước Nga trước cách mạng Sau Cách mạng 1905 ? 1907, Nga vẫn là một nước quân chủ chuyên chế, đứng đầu là Nga hoàng Ni cô-lai II. Sự tồn tại của chế độ quân chủ và những tàn tích phong kiến không chỉ làm cho đời sống nhân dân Nga ngày càng khó khăn mà còn k",,,,,
relation,lichsu_12_s172_bai16_sec14_001:6:e10-RELATED_TO-e15,RELATED_TO,e10,Organization,quân Nhật,e15,Organization,Chính phủ Trần Trọng Kim,Phát xít Nhật dựng lên Chính phủ Trần Trọng Kim,"phát xít Nhật tuyên bố ""giúp các dân tộc Đông Dương xây Chinh dưng nên độc lập"" Chúng dựng lên Chính phủ Trần Trong Kim",0.95,lichsu_12_s172_bai16_sec14_001,lichsu_12,Bài 16,1. Khởi nghĩa từng phần (từ tháng 3 đến giữa tháng 8 ? 1945),"[110, 111, 112, 113, 114]","[""data/corpus/lichsu_12/lichsu_12.pdf_110.jpg.txt"", ""data/corpus/lichsu_12/lichsu_12.pdf_111.jpg.txt"", ""data/corpus/lichsu_12/lichsu_12.pdf_112.jpg.txt"", ""data/corpus/lichsu_12/lichsu_12.pdf_113.jpg.txt"", ""data/corpus/lichsu_12/lichsu_12.pdf_114.jpg.txt""]","Công cuộc chuẩn bị được tiếp tục cho đến trước ngày Tổng khởi nghĩa D - Chủ trương của Đảng được để ra tại các hội nghị Ban Chấp hành Trung ương tháng 11 - 1939 và lân thứ 8 (5 1941) như thể nào ? 1. Khởi nghĩa từng phần (từ tháng 3 đến giữa tháng 8 ? 1945) Đầu Năm 1945, trên đường Hông quân Liên Xô tiến đánh Béclin - sào huyết cuối cùng của phát xít Đức - một loạt nước châu Âu được giải phóng Ở Mặt trận châu Á - Thái Bình Dương, quân Đồng cho quân Nhật những đòn năng nề. Ở Đông Dương, lực lượng",,,,,
relation,lichsu_10_s83_002:3:e3-RELATED_TO-e4,RELATED_TO,e3,Organization,quân Hán,e4,Event,Cuộc kháng chiến của nhân dân ta do Hai Bà Trưng lãnh đạo,"Quân Hán xâm lược nước ta, dẫn đến cuộc kháng chiến của nhân dân ta.",kéo vào xâm lược nước tai Cuộc kháng chiến của nhân dân ta,0.95,lichsu_10_s83_002,lichsu_10,Bài,1. Khái quát phong trào đấu tranh từ thế kỉ 1 đến đầu thế kỉ x,"[81, 82, 83, 84, 85, 86]","[""data/corpus/lichsu_10/lichsu_10.pdf_81.jpg.txt"", ""data/corpus/lichsu_10/lichsu_10.pdf_82.jpg.txt"", ""data/corpus/lichsu_10/lichsu_10.pdf_83.jpg.txt"", ""data/corpus/lichsu_10/lichsu_10.pdf_84.jpg.txt"", ""data/corpus/lichsu_10/lichsu_10.pdf_85.jpg.txt"", ""data/corpus/lichsu_10/lichsu_10.pdf_86.jpg.txt""]","khai nhưng là một chinh chính quyền đóc lập, tự chủ của nhân dân ta được ra đời sau khi cuộc khởi nghĩa thắng lơi và đã cổ vũ tinh thần đấu tranh chống ách đô hô chi của phong kiến phương Bắc sau đó. The Mùa hề năm 42, Mã Viện được vua Hán cử làm tổng chỉ huy đạo quân lớn thu tri 19 thu khoảng 2 vạn người, chia làm 2 cánh thuỷ, bộ kéo vào xâm lược nước tai Cuộc kháng chiến của nhân dân ta do Hai Bà Trưng lãnh đũo rất anh dũng, người nhưng do lực lượng yếu nên đã bị thất bại Cuộc chiến đấu đã diễ",,,,,
relation,lichsu_10_s92_001:6:e7-RELATED_TO-e9,RELATED_TO,e7,Person,Lý Thái Tổ,e9,Place,Thăng Long,vua Lý Thái Tổ dời đô về Thăng Long,vua Là Lý Thái Tổ dời đô ... về Thăng Long,0.95,lichsu_10_s92_001,lichsu_10,Bài,1. Tổ chức bộ máy nhà nước,"[87, 88, 89]","[""data/corpus/lichsu_10/lichsu_10.pdf_87.jpg.txt"", ""data/corpus/lichsu_10/lichsu_10.pdf_88.jpg.txt"", ""data/corpus/lichsu_10/lichsu_10.pdf_89.jpg.txt""]","toàn thư) Nhà Đình và tiếp sau đó là nhà Tiền Lê đã xây dựng nên một nhà nước quân chủ sơ khai gồm 3 ban: Văn ban, Võ ban và Tăng ban, chia nước thành 10 đạo, tổ chức quân đội theo hướng chính quy. 1. Tổ chức bộ máy nhà nước Đã Đất nước dần dần ổn định. Năm 1009, nhà Lý được thành lập. Năm 1010, vua Là Lý Thái Tổ dời đô từ Hoa Lư về Thăng Long (Hà Nội), mở ra một giai đoạn phát thuy Thi Thiến mới, Năm 1054, vua Lý Thánh Tông quyết định đối tên nước là Đại Việt Nam Từ thế kỉ XI đến thế kỉ XV, trả",,,,,
relation,lichsu_12_s107_bai10_sec4_001:4:e1-RELATED_TO-e6,RELATED_TO,e1,Concept,Cách mạng khoa học - kĩ thuật,e6,Time,Giai đoạn đầu của cách mạng khoa học - kĩ thuật,Cách mạng khoa học - kĩ thuật có giai đoạn đầu từ những năm 40 đến nửa đầu những năm 70 của thế kỉ XX.,Cuốc cách mạng khoa học ? kĩ thuật ngày nay đã phát triển qua hai giai đoạn giai đoạn đầu từ những năm 40 đến nửa đầu những năm 70 của thế kỉ XX,0.95,lichsu_12_s107_bai10_sec4_001,lichsu_12,Bài 10,CUỘC CÁCH MẠNG KHOA HỌC - CÔNG NGHỆ,"[66, 67, 68, 69]","[""data/corpus/lichsu_12/lichsu_12.pdf_66.jpg.txt"", ""data/corpus/lichsu_12/lichsu_12.pdf_67.jpg.txt"", ""data/corpus/lichsu_12/lichsu_12.pdf_68.jpg.txt"", ""data/corpus/lichsu_12/lichsu_12.pdf_69.jpg.txt""]","trên thế giới đã diễn ra cuốc cách mang khoa hoc ? kĩ thuật đã đưa lai biết bao thành lưu ki diệu và những đổi thay to lớn trong đời sống nhân loại Nền văn minh thế giới có những bước nhảy vọt mới CUỘC CÁCH MẠNG KHOA HỌC - CÔNG NGHỆ 1.Nguồn gốc và đặc điểm Cũng như cách mạng công nghiệp ở thế kỉ XVIII - XIX, cuộc cách mạng khoa học - kĩ thuật ngày nay diễn ra là do những đòi hỏi của cuộc sống, của sản xuất nhằm đấp ứng nhu cầu vật chất và tỉnh thần ngày càng cao của con người, nhất là trong tình",,,,,
relation,lichsu_10_s66_001:12:e9-RELATED_TO-e12,RELATED_TO,e9,Concept,văn hoá sơ kì đá mới,e12,Time,6000 - 12000 năm trước Công nguyên,văn hoá sơ kì đá mới cách ngày nay khoảng 6000 - 12000 năm,"văn hoá sơ kì đá mới, cách ngày nay khoảng 6000 ? 12000 năm Ch",0.9,lichsu_10_s66_001,lichsu_10,Bài,"Vi cư trú trong các hang động, mái đá ngoài trời, ven bờ sông, suối, trên một","[71, 72]","[""data/corpus/lichsu_10/lichsu_10.pdf_71.jpg.txt"", ""data/corpus/lichsu_10/lichsu_10.pdf_72.jpg.txt""]","của nước ta đã tìm thấy những răng hoá thạch và nhiều chinh công cụ đá ghè đếo của Người tinh khôn tại các di tích văn hoá Ngườm (Võ 19) Nhai - Thái Nguyên), Sơn Vi (Lâm Thao Phú nhân của văn hoá Sơn Vi cư trú trong các hang động, mái đá ngoài trời, ven bờ sông, suối, trên một địa bàn khá rộng từ Sơn La, Lai Châu, Lào Cai, Yên Bái, Bắc Giang đến Thanh Hoá, Nghệ An, Quảng Trị, Họ sống thành các thị tộc, sử dụng công cụ đá ghè đẽo, lấy săn bắt, hái lượm làm nguồn sống chính. Ở Hoà Bình, Bắc Sơn và",,,,,
relation,lichsu_12_s144_bai14_sec6_003:4:e4-RELATED_TO-e8,RELATED_TO,e4,Concept,Xô viết,e8,Place,Hà Tĩnh,Xô viết hình thành tại Hà Tĩnh.,"Ở Hà Hà Tinh, Xô viết hình thành",0.95,lichsu_12_s144_bai14_sec6_003,lichsu_12,Bài 14,VÀ THI PHONG TRAO CÁCH MẠNG 1930 - 1931 VỚI ĐÌNH CAO XÔ VIẾT NGHỆ - TINH,"[90, 91, 92, 93, 94]","[""data/corpus/lichsu_12/lichsu_12.pdf_90.jpg.txt"", ""data/corpus/lichsu_12/lichsu_12.pdf_91.jpg.txt"", ""data/corpus/lichsu_12/lichsu_12.pdf_92.jpg.txt"", ""data/corpus/lichsu_12/lichsu_12.pdf_93.jpg.txt"", ""data/corpus/lichsu_12/lichsu_12.pdf_94.jpg.txt""]","i nơi để diễn thuyết và chỉnh đốn đội ngũ Dòng người càng đi càng được bổ sung thêm Khi đến gần Vinh, con số lên tới gân 3 van người và xếp thành hàng dài tới 4 kilômet Thực dân Pháp đã đàn áp dã man. Chúng cho máy bay ném bom xuống đoàn biểu tỉnh làm 217 người chết, 125 người bị thương Song, sự đàn tháp dã man đó không ngăn được cuốc đầu tranh, Quân chúng keo đến huyên li phá nhà lao, đốt huyện đường, vây đồn linh v.v Hê thống chính quyền thực dân, phong kiến bị tê liệt, tan rã ở nhiều thôn, xã",,,,,
relation,lichsu_10_s140_bai24_sec6_001:4:e6-RELATED_TO-e5,RELATED_TO,e6,Organization,nhà nước Lê - Trịnh,e5,Place,Đàng Ngoài,Nhà nước Lê - Trịnh ở Đàng Ngoài,"ở Đàng Ngoài, nhà nước Lê - Trịnh",0.9,lichsu_10_s140_bai24_sec6_001,lichsu_10,Bài 24,1. Giáo dục,"[121, 122, 123]","[""data/corpus/lichsu_10/lichsu_10.pdf_121.jpg.txt"", ""data/corpus/lichsu_10/lichsu_10.pdf_122.jpg.txt"", ""data/corpus/lichsu_10/lichsu_10.pdf_123.jpg.txt""]","người có công với làng với nước, nhất là những người người có công lớn trong sự nghiệp bảo vệ Tố quốc, Bên cạnh chùa chiền, các ngày nhà thờ đạo, những đền thờ, lăng miếu được xây dựng ở nhiền nơi B 1. Giáo dục Nhà Mạc được thành lập, tiếp tục phát triển giáo dục, tổ chức đều đặn các kì 19 thì Hương, thi Hội để tuyển chọn nhân tài. Khi đất nước bi chia cắt, ở Đàng Ngoài, nhà nước Lê ? Trịnh cũng cổ gắng tiếp gụá đục Nho học theo chế độ thời Lê sơ Nhiều khoa thi được tổ chức nhưng số người đi thi",,,,,
relation,lichsu_10_s141_bai24_sec7_001:3:e6-RELATED_TO-e5,RELATED_TO,e6,Concept,"nghệ thuật kiến trúc, điêu khắc",e5,Time,thế kỉ XVI - XVIII,"nghệ thuật kiến trúc, điêu khắc phát triển trong các thế kỉ XVI - XVIII","Ở các thế kỉ XVI - XVIII, nghệ thuật kiến trúc, điêu khắc tiếp tục phát triển",0.9,lichsu_10_s141_bai24_sec7_001,lichsu_10,Bài 24,NHI NGHỆ THUẬT VÀ KHOA HỌC - KĨ THUẬT,"[122, 123]","[""data/corpus/lichsu_10/lichsu_10.pdf_122.jpg.txt"", ""data/corpus/lichsu_10/lichsu_10.pdf_123.jpg.txt""]","đó, thơ ca chữ Nôm ngày càng dược trau chuốt, để rồi hình thành những áng thơ Nôm bất hủ như Chính phụ ngâm; Cung oán ngâm khúc... B Văn học Việt Nam thế kỉ XVII? Những điểm mới đó nói lên điều gì ? NHI NGHỆ THUẬT VÀ KHOA HỌC - KĨ THUẬT Ở các thế kỉ XVI - XVIII, nghệ thuật kiến trúc, điêu khắc tiếp tục phát triển với các công trình có giá trị như chùa Thiên Mụ (Thừa Thiên ? Huế), tượng Phật Bà Quan Âm nghìn mắt nghìn tay ở chùa Bút Tháp (Bắc Ninh), các tượng La Hán ở chùa Tây Phương (Hà Tây)... ",,,,,
relation,lichsu_12_s263_bai22_sec11_002:6:e8-RELATED_TO-e10,RELATED_TO,e8,Concept,Tuyến đường vận chuyển chiến lược Bắc - Nam,e10,Time,năm 1959,Tuyến đường vận chuyển chiến lược Bắc - Nam bắt đầu khai thông từ năm 1959.,bắt đầu khai thông từ năm 1959,0.9,lichsu_12_s263_bai22_sec11_002,lichsu_12,Bài 22,"2. Miền Bắc vừa chiến đấu chống chiến tranh phá hoại, vừa sản xuất","[178, 179, 180]","[""data/corpus/lichsu_12/lichsu_12.pdf_178.jpg.txt"", ""data/corpus/lichsu_12/lichsu_12.pdf_179.jpg.txt"", ""data/corpus/lichsu_12/lichsu_12.pdf_180.jpg.txt""]","ác cơ sở các công nghiệp lớn đã kịp thời sơ tán, phân tán, sớm đi vào sản xuất, đáp ứng nhu cầu thiết yếu của chiến đấu, sản xuất và đời sống công nghiệp địa phương và công nghiệp quốc phòng đều phát triển, Mỗi tỉnh trở thành một đơn vị kinh tế tương đối hoàn chinh Giao thông vân tải, một trong những trong diễm bắn phá của dịch, được quân và dân ta bao đám thường xuyên thông suốt Là hâu phương lớn của cuộc kháng chiến chống Mi, cứu nước, miền Bắc luôn hướng về miền Nam. Vì miền Nam ruột thịt, mi",,,,,
relation,lichsu_12_s96_bai9_sec3_002:6:e7-RELATED_TO-e6,RELATED_TO,e7,Concept,Học thuyết Truman,e6,Place,Thổ Nhĩ Kì,Học thuyết Truman nhằm củng cố chính quyền phản động và đẩy lùi phong trào đấu tranh yêu nước ở Thổ Nhĩ Kì.,Củng cố các chính quyền phản đông và đáy Nhi lài phong trào đấu tranh yêu nước ở Hi Lạp và Thổ Nhĩ Ki,0.95,lichsu_12_s96_bai9_sec3_002,lichsu_12,Bài 9,TRONG VÀ SAU THƠI KÌ CHIẾN TRANH LẠNH,"[56, 57, 58, 59]","[""data/corpus/lichsu_12/lichsu_12.pdf_56.jpg.txt"", ""data/corpus/lichsu_12/lichsu_12.pdf_57.jpg.txt"", ""data/corpus/lichsu_12/lichsu_12.pdf_58.jpg.txt"", ""data/corpus/lichsu_12/lichsu_12.pdf_59.jpg.txt""]","hội Mĩ ngày 12 - 3 - 1947 Trong đó, Tổng thống Mĩ khẳng định : sự tồn tại của Liên Xô là nguy cơ lớn điều đối với nước Mĩ và đề nghị viên trợ khẩn cấp 400 triệu USD cho hai nước Hi Lap và Thổ Nhì Kì. Hoc thuyết Truman"" nhăm 1 Củng cổ các chính quyền phản đông và đáy Nhi lài phong trào đấu tranh yêu nước ở Hi Lạp và Thổ Nhĩ Ki 2 Biến hai nước Hi Lạp và Thổ Nhĩ Ki thành những căn cứ tiền phương chống Liên Xô và các nước dân chủ nhân dân Đông Au từ phía nam của các nước này Hai Hai là, sự ra đòi củ",,,,,
relation,lichsu_12_s164_bai16_sec6_001:4:e7-RELATED_TO-e8,RELATED_TO,e7,Organization,phát xít Đức,e8,Place,Pháp,Quân đội phát xít Đức kéo vào nước Pháp,quân đội 19 phát xít Đức kéo vào nước Pháp,0.95,lichsu_12_s164_bai16_sec6_001,lichsu_12,Bài 16,1. Tình hình chính tri,"[102, 103]","[""data/corpus/lichsu_12/lichsu_12.pdf_102.jpg.txt"", ""data/corpus/lichsu_12/lichsu_12.pdf_103.jpg.txt""]","thời chuyển hướng đấu tranh, tích cực chuẩn bị về moi mặt Giữa tháng 8 - 1945 thời cơ đến, Đảng lãnh đạo nhân dân cả nước khởi nghĩa giành chính quyền Nước Việt Nam Dân chủ Công hoà được thành lập 1. Tình hình chính tri Đầu tháng 9 - 1939, Chiến tranh thế giới thứ hai bùng nổ. Ở châu Âu, quân đội 19 phát xít Đức kéo vào nước Pháp. Chính phủ Pháp đầu hàng phát xít Đức, thưc hiên chính sách thủ dịch đối với các lực lượng tiến bộ trong nước và phong trào cách mang các nước thuộc dia. Ở Đông Dương, ",,,,,
relation,lichsu_10_s195_001:2:e3-RELATED_TO-e4,RELATED_TO,e3,Concept,đế quốc chủ nghĩa,e4,Time,cuối thế kỉ XIX đầu thế kỉ XX,giai đoạn đế quốc chủ nghĩa diễn ra vào cuối thế kỉ XIX đầu thế kỉ XX,"Cuối thế kỉ XIX ? đầu thế kỉ XX, các nước từ bản Âu Mĩ có những chuyển biến mạnh mẽ trong đời sống kinh tế xã hội, bước sang giai đoạn đế quốc chủ nghĩa",0.9,lichsu_10_s195_001,lichsu_10,Bài,ĐÊ QUỐC CHỦ NGHĨA,"[167, 168, 169, 170, 171, 172]","[""data/corpus/lichsu_10/lichsu_10.pdf_167.jpg.txt"", ""data/corpus/lichsu_10/lichsu_10.pdf_168.jpg.txt"", ""data/corpus/lichsu_10/lichsu_10.pdf_169.jpg.txt"", ""data/corpus/lichsu_10/lichsu_10.pdf_170.jpg.txt"", ""data/corpus/lichsu_10/lichsu_10.pdf_171.jpg.txt"", ""data/corpus/lichsu_10/lichsu_10.pdf_172.jpg.txt""]","do và người da đen), giai cấp tư sản miền Bắc đã xoá bỏ chế độ nô lệ ở miền Nam, tạo điều kiện cho chủ nghĩa tư bản phát triển ở khu và vực này, Nền kinh tế Mi đã vươn lên mạnh mẽ vào cuối thế kỉ XIX ĐÊ QUỐC CHỦ NGHĨA Cuối thế kỉ XIX ? đầu thế kỉ XX, các nước từ bản Âu Mĩ có những chuyển biến mạnh mẽ trong đời sống kinh tế xã hội, bước sang giai đoạn đế quốc chủ nghĩa. Đặc trong trưng cơ bản của giai đoạn này là sự ra đời của các tổ chức độc quyền và sự bóc lột ngày càng tinh vị đối với nghi nhâ",,,,,
relation,lichsu_11_s56_bai13_sec2_001:1:e1-RELATED_TO-e2,RELATED_TO,e1,Place,Mĩ,e2,Time,1929 - 1933,nước Mĩ trải qua khủng hoảng,lịch sử nước Mĩ những năm 1929 - 1933,0.95,lichsu_11_s56_bai13_sec2_001,lichsu_11,Bài 13,NHỚI NƯỚC MĨ TRONG NĂM 1918 1929,"[69, 70]","[""data/corpus/lichsu_11/lichsu_11.pdf_69.jpg.txt"", ""data/corpus/lichsu_11/lichsu_11.pdf_70.jpg.txt""]","nặng nề chưa từng thấy trong lịch sử nước Mĩ những năm 1929 - 1933. Chính sách mới của Tổng thống Ru-dơ-ven đã đưa nước Mĩ thoát ra khỏi khủng hoảng và duy trì được sự phát triển của chủ nghĩa tư bản NHỚI NƯỚC MĨ TRONG NĂM 1918 1929 Tình hình kinh tế Chiến tranh thế giới thứ nhất đã đem lại ""những cơ hội vàng"""" cho nước Mi Với nguyên kinh lễ đại mức tăng trưởng cao trong suối những năm trong và sau chiến tranh Mĩ trở thành nước tư bản giàu mạnh nhất Cùng với lợi thể đó, việc cải tiến kí thuật th",,,,,
relation,lichsu_12_s136_bai13_sec7_004:7:e9-RELATED_TO-e4,RELATED_TO,e9,Organization,Đông Dương Cộng sản liên đoàn,e4,Organization,Đảng Cộng sản Việt Nam,Đông Dương Cộng sản liên đoàn gia nhập Đảng Cộng sản Việt Nam.,"Đông Dương Cộng sản liên đoàn, tổ chức này được gia nhập Đảng Công Sản Viết Nam",0.95,lichsu_12_s136_bai13_sec7_004,lichsu_12,Bài 13,II - ĐẢNG CỘNG SẢN VIỆT NAM RA ĐỜI,"[85, 86, 87, 88, 89]","[""data/corpus/lichsu_12/lichsu_12.pdf_85.jpg.txt"", ""data/corpus/lichsu_12/lichsu_12.pdf_86.jpg.txt"", ""data/corpus/lichsu_12/lichsu_12.pdf_87.jpg.txt"", ""data/corpus/lichsu_12/lichsu_12.pdf_88.jpg.txt"", ""data/corpus/lichsu_12/lichsu_12.pdf_89.jpg.txt""]","này Nhân dịp Đảng ra đời, Nguyễn Ai Quốc ra Lời kêu goi công nhân, nông dân binh linh, thanh nien, hoc sinh, anh chi em bi ap bức, boc lot Lời kêu gọi có đoan Đảng Công sản Viết Nam đã được thành lập. Đó là Đảng của giai cấp vô sản Điển Đảng sẽ diu dất giai cấp vô sản lãnh đao cách mang An Nam đấu tranh nhâm giải phóng cho toàn thể anh chị em bị áp bức, bóc lột của chúng ta'(1) Hội nghị hợp nhất các tổ chức cộng sản Viết Nam mang tầm vóc lịch sử của một đại hội thành lập Đảng, Ngày 8 - 2 - 1930,",,,,,
relation,lichsu_12_s213_bai19_sec4_001:8:e6-RELATED_TO-e5,RELATED_TO,e6,Event,Hiệp định phòng thủ chung Đông Dương,e5,Organization,Pháp,Hiệp định viện trợ cho Pháp,"hiệp định viện trợ quân sự, kinh tế - tài chính của Mĩ cho Pháp và tay sai",0.95,lichsu_12_s213_bai19_sec4_001,lichsu_12,Bài 19,THỰC DÂN PHÁP ĐẦY MẠNH XÂM LƯỢC ĐÔNG DƯƠNG,[139],"[""data/corpus/lichsu_12/lichsu_12.pdf_139.jpg.txt""]","có sự giúp đờ của đế quốc Mĩ được đấy manh , lực lương kháng chiên của ta trương thành về quân dân ta giành nhiều thắng lơi to lớn và toàn diên, tiếp tục giữ vững quyền chủ động trên chiến trường THỰC DÂN PHÁP ĐẦY MẠNH XÂM LƯỢC ĐÔNG DƯƠNG 1 Mĩ can thiệp sâu vào cuộc chiến tranh Từ tháng 5 - 1949, Mi từng bước can thiệp sâu vào cuộc chiến tranh xâm lược Đông Dương, Ngày 23 ? 12 - 1950, Mi kí với Pháp Hiệp đinh phòng thủ chung Đông Dương, Đây là hiệp định viên trợ quân sự, kinh tế ? tài chính của ",,,,,
relation,lichsu_12_s57_bai5_sec6_001:4:e6-RELATED_TO-e4,RELATED_TO,e6,Concept,bộ tộc Hutu,e4,Event,nội chiến ở Ruanda,Bộ tộc Hutu tham gia nội chiến ở Ruanda,giữa hai bó tóc Hutu và Tuxi,0.9,lichsu_12_s57_bai5_sec6_001,lichsu_12,Bài 5,2. Tình hình phát triển kinh tội,"[36, 37]","[""data/corpus/lichsu_12/lichsu_12.pdf_36.jpg.txt"", ""data/corpus/lichsu_12/lichsu_12.pdf_37.jpg.txt""]","Đai hội dân tộc Phi (ANC), sau đó trở thành Tống thống nước Công hoà Nam Phi (1999) Năm 1999, ông nghi hưu, nhưng vẫn tham gia hoạt đông cho phong trào đòi hoà bình hoà giải dân tộc ở châu Phi sp 2. Tình hình phát triển kinh tội Sau khi giành được độc lập, các nước châu Phi bắt tay vào công cuộc xây dựng đất nhưng nước, phát triển kinh tế - xã hôi và đã thu được những thành tựu bước đầu, song chưa đủ để thay đổi căn bản bộ mặt của châu lục này Nhiều nước châu Phi vẫn còn trong tình trang lạc hậu",,,,,
relation,lichsu_11_s7_bai2_sec1_001:12:e12-RELATED_TO-e13,RELATED_TO,e12,Person,Nữ hoàng Anh,e13,Time,1877,Nữ hoàng Anh tuyên bố đồng thời là Nữ hoàng Ấn Độ vào năm 1877.,Ngày 11711 1877,0.95,lichsu_11_s7_bai2_sec1_001,lichsu_11,Bài 2,Bài 2,"[4, 5, 6, 8, 9, 10]","[""data/corpus/lichsu_11/lichsu_11.pdf_10.jpg.txt"", ""data/corpus/lichsu_11/lichsu_11.pdf_4.jpg.txt"", ""data/corpus/lichsu_11/lichsu_11.pdf_5.jpg.txt"", ""data/corpus/lichsu_11/lichsu_11.pdf_6.jpg.txt"", ""data/corpus/lichsu_11/lichsu_11.pdf_8.jpg.txt"", ""data/corpus/lichsu_11/lichsu_11.pdf_9.jpg.txt""]","sự nước ngoài... Về giáo dục - Chính phủ thi hành chính sách giáo dục bất buộc, chú trong nội dung khoa học - kĩ thuật trong chương trình giảng day, cử những học sinh giỏi đi du học ở phương Tây.. Bài2 ÂN ĐỘ Từ giữa thế kỉ XIX, mâu thuẫn giữa đông đảo nhân dân Ấn Độ với thực dân Anh ngày càng trở nên sâu sác, Các cuộc đấu tranh giành độc lập dân tộc diễn ra quyết liệt dưới nhiều hình thức, lôi cuốn đông đảo các tầng lớp nhân dân tham gia. Điển hình là cuộc khởi nghĩa Xipay (1857 1859), phong trà",,,,,
relation,lichsu_12_s149_bai14_sec11_001:2:e1-RELATED_TO-e4,RELATED_TO,e1,Person,Lê Hồng Phong,e4,Organization,xứ ủy Trung Kì,Lê Hồng Phong đứng đầu tổ chức Đảng mà các xứ ủy Trung Kì là một phần.,"thành lập do Lê Hông Phong đứng đầu Cuối năm 1934 ? đầu năm 1935, các xứ uỷ Bắc Kì, Trung Ki và Nam Kì được lập lại",0.95,lichsu_12_s149_bai14_sec11_001,lichsu_12,Bài 14,2. Đại hội đại biểu lần thứ nhất Đảng Công Dương (3 ? 1935),"[96, 97]","[""data/corpus/lichsu_12/lichsu_12.pdf_96.jpg.txt"", ""data/corpus/lichsu_12/lichsu_12.pdf_97.jpg.txt""]","thành lập do Lê Hông Phong đứng đầu Cuối năm 1934 ? đầu năm 1935, các xứ uỷ Bắc Kì, Trung Ki và Nam Kì được lập lại Như vây, đến đầu năm 1935, các tổ chức Đảng và phong trào quần chúng được phuc hồi. 2. Đại hội đại biểu lần thứ nhất Đảng Công Dương (3 ? 1935) Từ ngày 27 đến ngày 31 - 3 - 1935, Đại hôi đại biểu lần thứ nhất của Đảng hop tai Ma Cao (Trung Quốc), Tham dự Đại hội có 13 đại biểu, thay mất cho hơn 500 đảng viên thuộc các đảng bộ trong nước và các tổ chức Đảng đang hoạt động ở nước ngo",,,,,
relation,lichsu_12_s296_bai24_sec6_002:5:e7-RELATED_TO-e8,RELATED_TO,e7,Concept,Hữu hoá ngân hàng,e8,Concept,Thay đồng tiền cũ bằng đồng tiền mới của cách mạng,Hữu hoá ngân hàng và thay đồng tiền cũ bằng đồng tiền mới của cách mạng,"hữu hoá ngân hàng, thay đồng tiền của bằng đồng tiên mới của cách mạng",0.95,lichsu_12_s296_bai24_sec6_002,lichsu_12,Bài 24,KINH TẾ - XÃ HỘI Ở HAI MIỀN ĐẤT NƯỚC,"[199, 200, 201]","[""data/corpus/lichsu_12/lichsu_12.pdf_199.jpg.txt"", ""data/corpus/lichsu_12/lichsu_12.pdf_200.jpg.txt"", ""data/corpus/lichsu_12/lichsu_12.pdf_201.jpg.txt""]","hữu hoá ngân hàng, thay đồng tiền của bằng đồng tiên mới của cách mạng Chính quyền cách mạng chú trong khôi phục sản xuất nông nghiệp để đáp ứng nhu cầu cấp bách và lâu dài của nhân dân về lương thực. Các cơ sở sản xuất công nghiệp nghiệp, thủ công nghiệp và thương nghiệp, cả những cơ sở bị gian đoan quan hê với nước ngoài, đều trở lại hoạt động Các hoạt động văn hoá, giáo dục, y tế v.v. được tiến hành khẩn trương từ những ngày đầu mới giải phóng tranh, khôi phục kinh tế, ổn định tình han sau gi",,,,,
relation,lichsu_10_s222_bai39_sec3_001:2:e4-RELATED_TO-e2,RELATED_TO,e4,Person,Ph.Ang-ghen,e2,Person,C.Mác,Ph.Ang-ghen lãnh đạo phong trào công nhân quốc tế sau khi C.Mác qua đời,"Sau khi C.Mác qua đời (1883), sứ mệnh lãnh đạo phong trào công nhân quốc tế thuộc về Ph.Ang-ghen",0.95,lichsu_10_s222_bai39_sec3_001,lichsu_10,Bài 39,"Vi Lê-nin - lãnh tụ của giai cấp công nhân Nga, đã vạch trần những sai lầm của","[197, 198, 199]","[""data/corpus/lichsu_10/lichsu_10.pdf_197.jpg.txt"", ""data/corpus/lichsu_10/lichsu_10.pdf_198.jpg.txt"", ""data/corpus/lichsu_10/lichsu_10.pdf_199.jpg.txt""]","The chi một tổ chức Quốc tế mới của giai cấp vô sản thế giới tiếp nối nhiệm vụ của Quốc tế thứ nhất, Sau khi C.Mác qua đời (1883), sứ mệnh lãnh đạo phong trào công nhân quốc tế thuộc về Ph.Ang-ghen B Vi Lê-nin - lãnh tụ của giai cấp công nhân Nga, đã vạch trần những sai lầm của chủ nghĩa xét lại và tác hại của nó đối với sự nghiệp của giai cấp công nhân chiến khi kiên quyết đấu tranh để loại trừ ảnh hướng của cơ hội ra khỏi các thiết đảng công nhân Trong những năm đầu thế kỉ XX, cuộc đấu tranh t",,,,,
relation,lichsu_12_s312_bai26_sec7_002:1:e3-RELATED_TO-e2,RELATED_TO,e3,Concept,GDP tăng bình quân hàng năm,e2,Time,5 năm,GDP tăng bình quân hàng năm là 7% trong 5 năm,"Trong 5 năm, GDP tăng bình quân hàng năm là 7%",0.85,lichsu_12_s312_bai26_sec7_002,lichsu_12,Bài 26,Nam A (ASEAN),"[209, 210, 211, 212, 213, 214, 215, 216]","[""data/corpus/lichsu_12/lichsu_12.pdf_209.jpg.txt"", ""data/corpus/lichsu_12/lichsu_12.pdf_210.jpg.txt"", ""data/corpus/lichsu_12/lichsu_12.pdf_211.jpg.txt"", ""data/corpus/lichsu_12/lichsu_12.pdf_212.jpg.txt"", ""data/corpus/lichsu_12/lichsu_12.pdf_213.jpg.txt"", ""data/corpus/lichsu_12/lichsu_12.pdf_214.jpg.txt"", ""data/corpus/lichsu_12/lichsu_12.pdf_215.jpg.txt"", ""data/corpus/lichsu_12/lichsu_12.pdf_216.jpg.txt""]","ao tích luỹ từ nội bộ nền kinh tế b) Chuyển biến tiến bộ và khó khăn, hạn chế của công cuộc đổi mới(1) Trong 5 năm, GDP tăng bình quân hàng năm là 7% , công nghiệp là 13,5% ""Chiến mông nghiệp là 5,7%. Lương thực bình quân đầu người tăng từ 360 kg (1995) lên"" 444 kg (2000), Nông nghiệp phát triển liên tục, góp phần quan trọng vào mức tăng trưởng chung và giữ vững ổn định kinh tế - xã hội. Cơ cấu các ngành kinh tế từng bước chuyển dịch theo hướng công nghiệp hoá, hiện đại hoá. Hoạt đông xuất, nhập",,,,,
relation,lichsu_11_s105_bai19_sec6_002:1:e2-RELATED_TO-e1,RELATED_TO,e2,Person,Trương Định,e1,Place,Tân Hoà,Trương Định hoạt động ở Tân Hoà.,uân về hoạt động ở Tân Hoà (Gò Công),0.9,lichsu_11_s105_bai19_sec6_002,lichsu_11,Bài 19,THI CUỘC KHÁNG CHIẾN CỦA NHÁN DÂN NAM KI SAU HIẾP ĐỚC 1862,"[109, 110, 111, 112, 113, 114]","[""data/corpus/lichsu_11/lichsu_11.pdf_109.jpg.txt"", ""data/corpus/lichsu_11/lichsu_11.pdf_110.jpg.txt"", ""data/corpus/lichsu_11/lichsu_11.pdf_111.jpg.txt"", ""data/corpus/lichsu_11/lichsu_11.pdf_112.jpg.txt"", ""data/corpus/lichsu_11/lichsu_11.pdf_113.jpg.txt"", ""data/corpus/lichsu_11/lichsu_11.pdf_114.jpg.txt""]","uân về hoạt động ở Tân Hoà (Gò Công), quyết tâm chiến đấu lâu dai Sau Hiệp ước 1862, triều đình ha lênh cho Trương Đình phải bãi binh, mặt khác điều ông di nhận chức Lãnh binh ở An Giang, rồi Phú Yên. Nhưng được sự ủng hội 19 thi của nhân dân, ông đã chông lênh triều đình, quyết lâm ở lại kháng chiến Phát cao (1) Bỏ đi nơi khác sống, không các với Pháp Nguyên lá cờ ""Bình Tây Đại nguyên soái"", hoạt đông của nghĩa quân đã củng cổ niêm tinh của dân chúng, khiến bọn cướp nước và bán nước phải run so",,,,,
relation,lichsu_12_s44_bai4_sec3_001:1:e1-RELATED_TO-e2,RELATED_TO,e1,Place,Philippin,e2,Time,4-7-1946,Philippin giành độc lập vào thời điểm này,Philippin (4--77--99164,0.9,lichsu_12_s44_bai4_sec3_001,lichsu_12,Bài 4,VIỆT NAM TÊN NƯỚC,"[25, 26, 27, 28]","[""data/corpus/lichsu_12/lichsu_12.pdf_25.jpg.txt"", ""data/corpus/lichsu_12/lichsu_12.pdf_26.jpg.txt"", ""data/corpus/lichsu_12/lichsu_12.pdf_27.jpg.txt"", ""data/corpus/lichsu_12/lichsu_12.pdf_28.jpg.txt""]","Philippin (4--77--99164, Miến Điên (4--11-1948), Mã Lai (31 - 8 - 1957) và quyền tự trị của Xingapo (3 1959) Các nước Đông Nam Á RUING QUY ÂN ĐỘ Các nước khác BANGLADET Hà Nội Thủ đô Chi nuyến Bắc VIỆT NAM TÊN NƯỚC MIANMA Ho Hà Nội 1945 Nam giành độc lập Lào Biên giới quốc gia Viêng Chăn VIỆT NAM THÁI LANG 1945 Mầnila Băng Cốc OPINE 01946 CAMPIE PHILIPPIN THAI BINH OR BRUNÂY 1957 Cualạ Lămpơ M Aol A A Xingapo DUONG EXINGAPO O Giacácta 1945 ĐINH NGÔNG TIM? 2002 Tuy nhiên, nhân dân Viết Nam và Lào",,,,,
relation,lichsu_12_s272_bai22_sec20_003:2:e1-RELATED_TO-e3,RELATED_TO,e1,Concept,thắng lợi về mặt pháp lí quốc tế,e3,Concept,đấu tranh chính trị,Thắng lợi là sự kết hợp của đấu tranh chính trị,"thắng lợi của sự kết hợp giữa đấu tranh quân sư, chính trị",0.85,lichsu_12_s272_bai22_sec20_003,lichsu_12,Bài 22,PHOÀ BÌNH Ở VIỆT NAM,"[183, 184, 185, 186, 187]","[""data/corpus/lichsu_12/lichsu_12.pdf_183.jpg.txt"", ""data/corpus/lichsu_12/lichsu_12.pdf_184.jpg.txt"", ""data/corpus/lichsu_12/lichsu_12.pdf_185.jpg.txt"", ""data/corpus/lichsu_12/lichsu_12.pdf_186.jpg.txt"", ""data/corpus/lichsu_12/lichsu_12.pdf_187.jpg.txt""]","n nhân về mát pháp lí quốc tế) là thắng loi của sự kết hợp giữa đấu tranh quân sư, chính trị, ngoại giao, là kết quả cuốc đấu tranh kiên cường, bất khuất của quân dân ta ở hai miền đất nước, mở ra bước ngoặt mới của cuộc kháng chiến chống Mĩ. cứu nước. Với Hiệp đinh Pan, Mi phái công nhân các quyền dân của nhân dân thiết th, ta, rút hết quân về nước. Nêu nguy nội dung cơ bán và ý nghĩa lịch sư của Hiệp đinh",,,,,
relation,lichsu_12_s252_bai21_sec18_002:3:e4-RELATED_TO-e11,RELATED_TO,e4,Organization,Trung ương Cục miền Nam,e11,Time,ngày 2 - 1 - 1963,Trung ương Cục miền Nam ra đời vào tháng 1 năm 1961,"tháng 1 - 1961, Trung ương Cục miền Nam ra đời",0.9,lichsu_12_s252_bai21_sec18_002,lichsu_12,Bài 21,1. Chiến lược ?Chiến tranh đặc biệt? của Mĩ ở miền Nam,"[165, 166, 167, 168, 169, 170, 171, 172]","[""data/corpus/lichsu_12/lichsu_12.pdf_165.jpg.txt"", ""data/corpus/lichsu_12/lichsu_12.pdf_166.jpg.txt"", ""data/corpus/lichsu_12/lichsu_12.pdf_167.jpg.txt"", ""data/corpus/lichsu_12/lichsu_12.pdf_168.jpg.txt"", ""data/corpus/lichsu_12/lichsu_12.pdf_169.jpg.txt"", ""data/corpus/lichsu_12/lichsu_12.pdf_170.jpg.txt"", ""data/corpus/lichsu_12/lichsu_12.pdf_171.jpg.txt"", ""data/corpus/lichsu_12/lichsu_12.pdf_172.jpg.txt""]","ra khỏi các xã, ấp, tách dân khói cách mang, tiến tới năm dân, thực hiên chương trình đinh"" miền Nam Chúng dự định dồn 10 triệu nông dân vào 16 000 ấp trong tổng số 17 000 ấp toàn miền Nam ""Thinh 66. Chiến thuật ""trực thăng vận"" được sử dụng trong ""Chiến tranh đặc biệt"" Được Mĩ hỗ trơ chiến đấu và chỉ huy bàng hê thống cố vấn, quân đôi Sài Gòn Nha thi tiên tiếp mớ các cuốc hành quân càn quét nhâm tiêu diết lực lương cách mang, tiến hành những hoạt động phá hoại miền Bắc, phong toả biên giới, vùn",,,,,
relation,lichsu_12_s27_bai2_sec8_001:4:e8-RELATED_TO-e7,RELATED_TO,e8,Organization,Cộng hoà Dân chủ Đức,e7,Time,tháng 10 năm 1949,Cộng hoà Dân chủ Đức được thành lập vào tháng 10 năm 1949,tháng 10 ? 1949 nước Cộng hoà Dân chủ Đức được thành lập,0.95,lichsu_12_s27_bai2_sec8_001,lichsu_12,Bài 2,5. XAN MARINÔ,"[10, 11, 12, 13]","[""data/corpus/lichsu_12/lichsu_12.pdf_10.jpg.txt"", ""data/corpus/lichsu_12/lichsu_12.pdf_11.jpg.txt"", ""data/corpus/lichsu_12/lichsu_12.pdf_12.jpg.txt"", ""data/corpus/lichsu_12/lichsu_12.pdf_13.jpg.txt""]","Anbani (1945), Công hoà Nhân dân Bungari (1946) THUY ĐIỂN Các nước dân chủ nhân dân Đông Âu BIỂN BẮC Các nước khác DÂN MACHIC Vacsava Thủ đô Copenhaghen BA LAN Tên nước Biên giới quốc gia Amxtếcdam 5. XAN MARINÔ 3.MMNACÔ BA LAN Brucxen D Praha CHLBDUC TIẾP KHẮC LIÊN XÔ PHÁP Viêno Bécnơ HI Áo THUY SỊ Buđapét HUNGGARI RUMANI Bể grát Bucarét NAM TƯ BIÊN ĐEN ITALIA Hr BUNGARI AD Xôphia Rôma Tirana ANBANI BIÊN TIRÊNE THỔ NHIKK HILLAP BIỂNG TH BIÊN EGIEYLS NÔNI Aten oils Riêng ở Đông Đức, với sự giúp ",,,,,
relation,lichsu_12_s66_bai6_sec4_001:8:e11-RELATED_TO-e6,RELATED_TO,e11,Event,chiến tranh xâm lược Viết Nam,e6,Place,Mĩ,Mỹ thất bại trong chiến tranh xâm lược Việt Nam,"Sau thất bại trong cuộc chiến tranh xâm lược Viết Nam, Mĩ phải kí Hiệp đinh Pari",0.95,lichsu_12_s66_bai6_sec4_001,lichsu_12,Bài 6,NGƯỜI NƯỚC MĨ TỪ NĂM 1973 ĐẾN NĂM 1991,"[42, 43, 44, 45]","[""data/corpus/lichsu_12/lichsu_12.pdf_42.jpg.txt"", ""data/corpus/lichsu_12/lichsu_12.pdf_43.jpg.txt"", ""data/corpus/lichsu_12/lichsu_12.pdf_44.jpg.txt"", ""data/corpus/lichsu_12/lichsu_12.pdf_45.jpg.txt""]","Quốc được thiết lập. Đến tháng 5 - 1972, Nichxơn Xô, thực thiến hiên sách lước hoà hoãn với hai nước lớn để chống lại phong trào đấu tranh cách mang của các dân tộc. nhanh trong giai doan 1945 - 1973 NGƯỜI NƯỚC MĨ TỪ NĂM 1973 ĐẾN NĂM 1991 Ngày Năm 1973, do tác đông của cuộc khủng hoảng thế giới, kinh tế Mi nghi tâm vào tình trang khúng hoàng và suy thoái kéo dài tối năm 1982 Năng suất lao động từ năm 1974 đến năm 1981 giảm xuống còn 0,43%/năm Hê thống tài chính tiên tê tín dụng bị rối loạn , dự ",,,,,
relation,lichsu_12_s133_bai13_sec4_002:9:e8-RELATED_TO-e1,RELATED_TO,e8,Concept,vô sản hoá,e1,Organization,Hội Việt Nam Cách mạng Thanh niên,"Chủ trương ""vô sản hoá"" được thực hiện bởi cán bộ của Hội Việt Nam Cách mạng Thanh niên.","nhiều cán bộ của Hội Viết Nam Các Thanh nang Thanh niên đi vào các nhà máy, hầm mỏ, đồn điền",0.95,lichsu_12_s133_bai13_sec4_002,lichsu_12,Bài 13,SỰ RA ĐỜI VÀ HOẠT ĐỘNG CỦA BA TỔ CHỨC CÁCH MẠNG,"[83, 84, 85]","[""data/corpus/lichsu_12/lichsu_12.pdf_83.jpg.txt"", ""data/corpus/lichsu_12/lichsu_12.pdf_84.jpg.txt"", ""data/corpus/lichsu_12/lichsu_12.pdf_85.jpg.txt""]","g dân tộc cho cán bộ O Của Hôi Việt Nam Cách mang Thanh để tuyên truyền đến giai cấp công nhân và các tầng lớp nhân dân Việt Nam 031100000119 Hội đã xây dựng tổ chức cơ sở của mình ở hầu khắp cả nước. Các kì bô Trung Ki, Nam Ki của Hội lần lượt ra đời vào năm 1928, Hội có gần 300 hội viên 1929 Đường Kách mệnh có khoảng 1 700 hội viên và còn xây dựng cơ sở trong Việt kiểu ở Xiêm (Thái Lan) Tại Quảng Châu, ngày 9 - 7 - 1925, Nguyễn Ai Quốc đã cùng một số nhà yêu nước Triều Tiên, Inđônêxia v.v. lập",,,,,
relation,lichsu_12_s73_bai7_sec6_001:7:e10-RELATED_TO-e7,RELATED_TO,e10,Place,Italia,e7,Time,Năm 2000,"Mức tăng trưởng kinh tế của Italia là 3,0% vào năm 2000","Italia 3,0%",0.95,lichsu_12_s73_bai7_sec6_001,lichsu_12,Bài 7,IV TÂY ÂU TỪ NĂM 1991 ĐẾN NĂM 2000,"[49, 50]","[""data/corpus/lichsu_12/lichsu_12.pdf_49.jpg.txt"", ""data/corpus/lichsu_12/lichsu_12.pdf_50.jpg.txt""]","kết thúc Chiến tranh lạnh, bức tường Béclin bị phá bỏ (11 ? 1989) và sau đó không lâu, nước Đức đã tái thống nhất (3 - 10 - 1990) về kinh tế và chinh tri - xã hội trong những năm 1973 ? 1991 là gi ? IV TÂY ÂU TỪ NĂM 1991 ĐẾN NĂM 2000 Về kinh tế, bước vào thập kỉ 90, sau khi trải qua một đợt suy thoái ngắn, từ năm 1994 trở đi, kinh tế Tây Au đã có sự phục hồi và phát triển 19 19 1 Năm 2000, mức tăng trướng của kinh tế Pháp là 3,8%, Đức 2,9% và Italia 3,0% N Tây Âu vẫn là một trong ba trung tâm ki",,,,,
relation,lichsu_10_s133_bai23_sec8_002:8:e1-RELATED_TO-e10,RELATED_TO,e1,Person,Nguyễn Huệ,e10,Place,Nghệ An,Nguyễn Huệ dừng lại ở Nghệ An để tuyển thêm quân.,trên đưng lại ở Nghệ An,0.95,lichsu_10_s133_bai23_sec8_002,lichsu_10,Bài 23,2. Kháng chiến chống Thanh (1789),"[117, 118, 119]","[""data/corpus/lichsu_10/lichsu_10.pdf_117.jpg.txt"", ""data/corpus/lichsu_10/lichsu_10.pdf_118.jpg.txt"", ""data/corpus/lichsu_10/lichsu_10.pdf_119.jpg.txt""]","uế) cấp báo. Được tin đó, Bắc Bình vương Nguyễn Huệ quyết định làm lễ lên ngôi Hoàng đế, lấy niên hiêu là Quang Trung, chỉ huy quân tiến ra Bắc ; trên đưng lại ở Nghệ An, Thanh Hoá đề tuyển thêm quân. Đúng vào đêm 30 Tết (tức 25 - 1 - 1789), quân ta được lệnh tiến công với khí thế từ lời hiểu dụ của vua Quang Trung Đánh cho để dài tóc Đánh cho để đen răng Đánh cho nó chích luân bất phản Đánh cho nó phiến giáp bất hoàn Đánh cho sứ tri Nam quốc anh hữu chủ si Trong Sau 5 ngày (bắt đầu từ đêm 30 ch",,,,,
relation,lichsu_11_s35_bai10_sec2_001:6:e9-RELATED_TO-e8,RELATED_TO,e9,Concept,Thu thuế lương thực,e8,Concept,Trưng thu lương thực thừa,Thu thuế lương thực thay thế chế độ trưng thu lương thực thừa,Nhà nước thay thế chế độ trưng thu lương thực thừa bằng thu thuế lương thực,0.9,lichsu_11_s35_bai10_sec2_001,lichsu_11,Bài 10,THI CHÍNH SÁCH KINH TẾ MỚI VÀ CÔNG CUỘC KIÔH TẾ,"[53, 54, 55]","[""data/corpus/lichsu_11/lichsu_11.pdf_53.jpg.txt"", ""data/corpus/lichsu_11/lichsu_11.pdf_54.jpg.txt"", ""data/corpus/lichsu_11/lichsu_11.pdf_55.jpg.txt""]","triển khai công cuộc xây dựng chủ nghĩa xã hội, Trải qua hai kế hoạch 5 năm đầu tiên, Liên Xô đã đạt được những thành tựu to lớn về mọi mặt và trở thành một cường quốc công nghiệp xã hội chủ nghĩa. THI CHÍNH SÁCH KINH TẾ MỚI VÀ CÔNG CUỘC KIÔH TẾ (1921 1925) Chính sách kinh tế mới Năm 1921, nước Nga Xô viết bước vào thời kì hoà bình xây dựng đất nước trong hoàn cảnh cực kì khó khăn, Nền kinh tế quốc dân bị tàn phá nghiêm trong tình hình chính tri không ổn đỉnh, các lực lượng phản cách mạng điên c",,,,,
relation,lichsu_11_s18_bai5_sec7_001:4:e5-RELATED_TO-e6,RELATED_TO,e5,Organization,I-ta-li-a,e6,Organization,phe Liên minh,I-ta-li-a thành lập phe Liên minh,"Đức cùng Áo Hung và I-ta-li-a thành lập liên minh tay ba, được gọi là phe Liên minh",0.95,lichsu_11_s18_bai5_sec7_001,lichsu_11,Bài 5,"I ta-li-a rời khỏi Liên minh (1915), chống lại Đức","[31, 32]","[""data/corpus/lichsu_11/lichsu_11.pdf_31.jpg.txt"", ""data/corpus/lichsu_11/lichsu_11.pdf_32.jpg.txt""]","chiếm hầu hết lãnh thổ châu Âu, vươn ra các thuộc địa của Anh và Pháp ở châu Phi và châu Á. Năm 1882, Đức cùng Áo Hung và I-ta-li-a thành lập liên minh tay ba, được gọi là phe Liên minh. Sau này, I ta-li-a rời khỏi Liên minh (1915), chống lại Đức Đôi phó với âm mưu của Đức, Anh cũng chuẩn bị kế hoạch chiến tranh Anh, Pháp, Nga tuy có tranh chấp về thuộc địa, nhưng phải nhân nhương lẫn nhau, kí những bản hiệp ước tay đôi : Pháp Nga (1890), Anh Pháp (1904), Anh Nga (1907), hình thành phe Hiệp ước ",,,,,
relation,lichsu_10_s64_001:7:e9-RELATED_TO-e6,RELATED_TO,e9,Concept,công cụ đá ghè đẽo thô sơ,e6,Place,Đồng Nai,Công cụ đá ghè đẽo thô sơ được tìm thấy ở Đồng Nai,"công cụ đá ghè đềo thô sơ của Người tối cổ ở Lạng Sơn, Thanh Hoá, Đồng Nai",0.95,lichsu_10_s64_001,lichsu_10,Bài,1. Những dẫu tích Người tối cổ ở Việt Nam,"[70, 71]","[""data/corpus/lichsu_10/lichsu_10.pdf_70.jpg.txt"", ""data/corpus/lichsu_10/lichsu_10.pdf_71.jpg.txt""]","người sinh sống. Trải Nha qua hàng chục vạn năm, Người tối cổ đã tiến hoá thành Người tinh khôn, xã hội nguyên thuý ở Việt Nam chuyển thi tridun qua các giai đoạn hình thành, phát triển và tan rã hai 1. Những dẫu tích Người tối cổ ở Việt Nam Trên đất nước ta, các nhà khảo cổ học đã tìm thấy dấu tích Người tối cổ có nhiền đại cách ngày nay 30 ? 40 vạn năm và nhiều công cụ đá ghè đềo thô sơ của Người tối cổ ở Lạng Sơn, Thanh Hoá, Đồng Nai, Bình Phước v.v Người tối cổ sống thành từng bầy, Họ săn bắ",,,,,
relation,lichsu_11_s129_bai22_sec2_001:9:e6-RELATED_TO-e3,RELATED_TO,e6,Time,Năm 1897,e3,Organization,thực dân Pháp,"Năm 1897, thực dân Pháp ép triều đình nhà Nguyễn","Nam 1897, thực dân Pháp ép triều đình nhà Nguyễn",0.95,lichsu_11_s129_bai22_sec2_001,lichsu_11,Bài 22,LẦN THU NHẤT CỦA THỰC DÂN PHÁP,"[133, 137, 138]","[""data/corpus/lichsu_11/lichsu_11.pdf_133.jpg.txt"", ""data/corpus/lichsu_11/lichsu_11.pdf_137.jpg.txt"", ""data/corpus/lichsu_11/lichsu_11.pdf_138.jpg.txt""]","cuối thế kỉ XIX Cuốc khởi nghĩa bị thất bai bỏi nhiều nguyên nhân, trong đó có những han chế về đường lối, phương pháp tổ chức và lãnh đạo B Tóm lược các giai đoạn phát triển của khởi nghĩa Hương Khê LẦN THU NHẤT CỦA THỰC DÂN PHÁP Sau khi đã cơ bản bình định được Việt Nam bằng quân sự, thực dân Pháp bắt dầu tiến hành khai thác trên đất nước ta. Dưới tác đông của cuộc khai thác, xã hội Việt Nam có những báng kể, từ xã hội phong kiến chuyển thành xã hội thuộc địa nửa phong kiến 1 Những chuyển biến",,,,,
relation,lichsu_10_s32_001:3:e4-RELATED_TO-e5,RELATED_TO,e4,Concept,thời kì chia rẽ khủng hoảng,e5,Time,đầu Công nguyên,Thời kì chia rẽ khủng hoảng kéo dài cho đến đầu Công nguyên,kéo dài mấy thế kỉ cho đến đầu Công nguyên,0.95,lichsu_10_s32_001,lichsu_10,Bài,VÀ NÊN VĂN HOÁ ĐA DANG,"[37, 38, 39, 41]","[""data/corpus/lichsu_10/lichsu_10.pdf_37.jpg.txt"", ""data/corpus/lichsu_10/lichsu_10.pdf_38.jpg.txt"", ""data/corpus/lichsu_10/lichsu_10.pdf_39.jpg.txt"", ""data/corpus/lichsu_10/lichsu_10.pdf_41.jpg.txt""]","đất nước A sô ca qua đời cuối thế kỉ III TCN. Ấn Độ bước vào một thời kì chia rẽ khủng hoảng kéo dài mấy thế kỉ cho đến đầu Công nguyên. B Quá trình hình thành và phát triển của nhà nước Ma-ga-đa VÀ NÊN VĂN HOÁ ĐA DANG CỦA ẤN ĐÔ Ấn Độ thời Gúp-ta bắt đầu phát triển trên lưu vực sông Hà Hằng ở phía bắc, làm cơ sở hình thành nền hoáng nhanh niều năng nhiền nhiền hiện viên hoành ninh niều năng nhành niều năng nhà truyền thống Ân Độ - văn hoá Hinđu, Nền văn hoá đó tiếp tục phát triển ở thời Hậu Gúp-",,,,,
relation,lichsu_12_s192_bai17_sec13_003:1:e1-RELATED_TO-e2,RELATED_TO,e1,Organization,Quốc hội khoá I,e2,Organization,Việt Quốc,Quốc hội khoá I nhường 70 ghế cho Việt Quốc,Quốc hôi khoá I đồng ý nhường cho các đảng Viết Quốc,0.9,lichsu_12_s192_bai17_sec13_003,lichsu_12,Bài 17,1. Kháng chiến chống thực dân Pháp trở lại xâm lược ở Nam Bộ,"[125, 126, 127]","[""data/corpus/lichsu_12/lichsu_12.pdf_125.jpg.txt"", ""data/corpus/lichsu_12/lichsu_12.pdf_126.jpg.txt"", ""data/corpus/lichsu_12/lichsu_12.pdf_127.jpg.txt""]","dành cho chúng một số ghế trong Quốc hội không qua bầu cử, đòi những người cộng sản ra khỏi Chính phủ v.v Nhàm hạn chế sự phá hoại của quân Trung Hoa Dân quốc và tay sai, tại kì họp đầu tiên (2 ? 3 ? 1946), Quốc hôi khoá I đồng ý nhường cho các đảng Viết Quốc; Viêt Cách 70 ghế trong Quốc hội không qua bầu cử cùng với 4 ghế bô trưởng trong Chính phủ liên hiệp, Nguyễn Hải Thân (lãnh tụ Việt Cách) giữ chức Phó Chủ tích người nước , đồng thời nhân nhương cho quân Trung Hoa Dân quốc một số quyền lơi ",,,,,
relation,lichsu_12_s166_bai16_sec8_002:9:e6-RELATED_TO-e7,RELATED_TO,e6,Event,xung đột giữa thực dân Pháp và Thái Lan,e7,Place,Thái Lan,Xung đột giữa thực dân Pháp và Thái Lan,xung đột giữa thực dân Pháp và Thái Lan,0.9,lichsu_12_s166_bai16_sec8_002,lichsu_12,Bài 16,VÀ TII PHONG TRAO GIẢI PHONG DÂN TỘC TỪ THÁNG 9 - 1939,"[103, 104, 105, 106]","[""data/corpus/lichsu_12/lichsu_12.pdf_103.jpg.txt"", ""data/corpus/lichsu_12/lichsu_12.pdf_104.jpg.txt"", ""data/corpus/lichsu_12/lichsu_12.pdf_105.jpg.txt"", ""data/corpus/lichsu_12/lichsu_12.pdf_106.jpg.txt""]","g bô địa phương, nhân dân Bắc Sơn đã nối dây chận dánh quân Pháp, chiếm đồn Mỏ Nhài, Chính quyền địch ở Bắc Sơn tan rã Nhân dân làm chủ châu lị và các vùng lân cân. Đội du kích Bắc Sơn được thành lập. Thất Khên TRUNG QUỐC Na Sầm Bình Gia s cr Bắc Sơn Điềm He Mỏ Nhài LANG Vũ Lăng SƠN A Võ Nhai P Khuối Nọi Y THÁI NGUYÊN Quân chúng và binh linh nguy quyền NY nổi dậy khởi nghĩa - Hương tiến đánh của quân Nhật x Nơi thành lập đội du kích Bắc Sơn Quân Pháp đầu hàng Pháp phân công, đần áp quân khởi ngh",,,,,
relation,lichsu_11_s19_bai5_sec8_002:1:e2-RELATED_TO-e3,RELATED_TO,e2,Organization,Đức,e3,Organization,quân Nga,Đức không tiêu diệt được quân Nga,"không tiêu diệt được quân Nga, Đức",0.95,lichsu_11_s19_bai5_sec8_002,lichsu_11,Bài 5,HI DIÊN BIẾN CỦA CHIẾN TRANH,"[32, 33]","[""data/corpus/lichsu_11/lichsu_11.pdf_32.jpg.txt"", ""data/corpus/lichsu_11/lichsu_11.pdf_33.jpg.txt""]","h tế bi ảnh hưởng nghiêm trọng Năm 1916, không tiêu diệt được quân Nga, Đức lại chuyển trọng tâm hoạt đông về Mặt trân phía Tây, mở chiến dịch tấn công Véc-đoong, hòng tiêu diệt quân chủ lực của Pháp. Chiến sự ở đây diễn ra hết sức quyết liêt, kéo dài từ tháng 2 đến tháng",,,,,
relation,lichsu_12_s192_bai17_sec13_003:2:e1-RELATED_TO-e3,RELATED_TO,e1,Organization,Quốc hội khoá I,e3,Organization,Việt Cách,Quốc hội khoá I nhường 70 ghế cho Việt Cách,Quốc hôi khoá I đồng ý nhường cho các đảng Viêt Cách,0.9,lichsu_12_s192_bai17_sec13_003,lichsu_12,Bài 17,1. Kháng chiến chống thực dân Pháp trở lại xâm lược ở Nam Bộ,"[125, 126, 127]","[""data/corpus/lichsu_12/lichsu_12.pdf_125.jpg.txt"", ""data/corpus/lichsu_12/lichsu_12.pdf_126.jpg.txt"", ""data/corpus/lichsu_12/lichsu_12.pdf_127.jpg.txt""]","dành cho chúng một số ghế trong Quốc hội không qua bầu cử, đòi những người cộng sản ra khỏi Chính phủ v.v Nhàm hạn chế sự phá hoại của quân Trung Hoa Dân quốc và tay sai, tại kì họp đầu tiên (2 ? 3 ? 1946), Quốc hôi khoá I đồng ý nhường cho các đảng Viết Quốc; Viêt Cách 70 ghế trong Quốc hội không qua bầu cử cùng với 4 ghế bô trưởng trong Chính phủ liên hiệp, Nguyễn Hải Thân (lãnh tụ Việt Cách) giữ chức Phó Chủ tích người nước , đồng thời nhân nhương cho quân Trung Hoa Dân quốc một số quyền lơi ",,,,,
relation,lichsu_11_s14_bai5_sec3_001:3:e4-RELATED_TO-e5,RELATED_TO,e4,Place,Mĩ,e5,Time,1823,Mĩ đưa ra học thuyết Mơn rô vào năm 1823.,"Năm 1823, vì muốn Nguy độc chiếm vùng lãnh thổ giàu có này, Mĩ đã đưa ra học thuyết Mơn rô",0.95,lichsu_11_s14_bai5_sec3_001,lichsu_11,Bài 5,GÙY AN (PHÁP),"[27, 28, 29, 30]","[""data/corpus/lichsu_11/lichsu_11.pdf_27.jpg.txt"", ""data/corpus/lichsu_11/lichsu_11.pdf_28.jpg.txt"", ""data/corpus/lichsu_11/lichsu_11.pdf_29.jpg.txt"", ""data/corpus/lichsu_11/lichsu_11.pdf_30.jpg.txt""]","tinh thần yêu nước, nhưng do trình độ tổ chức thấp, lương lượng chênh lệch, nên bị thực dân phương Tây đàn áp. Cuộc đấu tranh giải phóng dân tộc ở châu Phi vân tiếp tục phát triển trong thể kí XX GÙY AN (PHÁP) CO LÔM BI'A 1819 I LÊ CU-A ĐO THÁI 1830 PỆ-RU BRA-XIN 1822 BINH Kad BÔ-LI-VI-A 1825 E PA-RA-GOAY 1811 DƯƠNG UNOGY s S 1828 C Q BRA XIN Tên nước 1822 và năm giành được độc lập Biên giới quốc gia ngày nay Hinh 13. Lược đồ khu vưc Mĩ Latinh đầu thế kỉ XIX Sau khi giành được độc lập, nhiều nướ",,,,,
relation,lichsu_10_s15_001:9:e7-RELATED_TO-e9,RELATED_TO,e7,Concept,quốc gia đầu tiên,e9,Concept,chế độ quân chủ chuyên chế,Thể chế chung của các quốc gia cổ đại phương Đông là chế độ quân chủ chuyên chế,thể chế chung là chế độ quân chủ chuyên chế,0.85,lichsu_10_s15_001,lichsu_10,Bài,Bài,"[9, 10, 12]","[""data/corpus/lichsu_10/lichsu_10.pdf_10.jpg.txt"", ""data/corpus/lichsu_10/lichsu_10.pdf_12.jpg.txt"", ""data/corpus/lichsu_10/lichsu_10.pdf_9.jpg.txt""]","người ta thấy cần phải công bằng, phải được hưởng thụ bằng nhau Như thế, trong thị tộc không chỉ có sự hợp tác mà mọi của cải, mọi sinh hoạt được coi là của chung, việc chung, làm chung, ăn chung B Bài PHƯƠNG ĐỒNG Trên lưu vực các dòng sông lớn ở châu Á, châu Phi từ khoảng thiên niên kỉ IV trước Công nguyên (TCN), cư dân phương Đông đã biết tới nghề luyện kim, làm nông nghiệp và chăn nuôi gia súc. Họ đã xây dựng nên những quốc gia đầu tiên của mình, đó là xã hội có giai chi chp cấp đầu tiên mà t",,,,,
relation,lichsu_10_s70_001:2:e3-RELATED_TO-e1,RELATED_TO,e3,Organization,Âu Lạc,e1,Concept,quốc gia cổ đại,Âu Lạc là một quốc gia cổ đại,đã hình thành các quốc gia cổ đại: Âu Lạc,0.9,lichsu_10_s70_001,lichsu_10,Bài,1. Quốc gia Văn Lang ? Au Lạc,"[74, 75, 76]","[""data/corpus/lichsu_10/lichsu_10.pdf_74.jpg.txt"", ""data/corpus/lichsu_10/lichsu_10.pdf_75.jpg.txt"", ""data/corpus/lichsu_10/lichsu_10.pdf_76.jpg.txt""]","sống trên đất nước ta đã biết sử dụng kim loại để chế tạo các vật dụng, Nghề nông trồng lúa nước trở nên phổ biến. Trên cơ sở đó đã hình thành các quốc gia cổ đại: Văn Lang Âu Lạc, Cham-pa, Phù Nam 1. Quốc gia Văn Lang ? Au Lạc Vào thời gian đầu của văn hoá Đông Sơn(?) các công cụ lao động bằng đồng thau trở nên phổ biến và bắt đầu có công cụ bằng sắt, Nhờ vậy, vùng châu thổ sông Hồng, sông Mã, sông Cả được khai phá thành những cánh đồng màu mõ, có nền kinh tế nông nghiệp trồng lúa nước, dùng cà",,,,,
relation,lichsu_12_s311_bai26_sec6_002:6:e6-RELATED_TO-e7,RELATED_TO,e6,Concept,kinh tế đối ngoại,e7,Time,Từ năm 1986 đến năm 1990,"Từ năm 1986 đến năm 1990, kinh tế đối ngoại phát triển mạnh","Từ năm 1986 đến năm 1990, hàng xuất khẩu tăng gấp 3 lần",0.9,lichsu_12_s311_bai26_sec6_002,lichsu_12,Bài 26,VI - QUÁ TRÌNH THỰC HIỆN ĐƯỜNG LỐI ĐỐI MỚI (1986 ? 2000),"[208, 209, 210, 211, 212, 213]","[""data/corpus/lichsu_12/lichsu_12.pdf_208.jpg.txt"", ""data/corpus/lichsu_12/lichsu_12.pdf_209.jpg.txt"", ""data/corpus/lichsu_12/lichsu_12.pdf_210.jpg.txt"", ""data/corpus/lichsu_12/lichsu_12.pdf_211.jpg.txt"", ""data/corpus/lichsu_12/lichsu_12.pdf_212.jpg.txt"", ""data/corpus/lichsu_12/lichsu_12.pdf_213.jpg.txt""]","lao động, kĩ thuật v.v. b) Kết quả bước đầu của công cuộc đổi mới(1) Công cuộc đối mới bước đầu đạt được thành tựu, trước tiên trong viếc thực hiên các muc tiêu của ba chương trình tế Về lương thực ? thực phẩm, từ chỗ thiếu ăn triền miên, năm 1988 còn phải nhập 45 van tấn gạo, đến năm 1989, chúng ta đã vươn lên đấp ứng nhu cầu trong nước, chi có dự trữ và xuất khẩu, góp phần quan trong ổn đỉnh đời sóng nhân dân, Sản xuất lương thực năm 1988 đạt 19,5 triêu tấn, vượt so với năm 1987 là 2 triêu tấn",,,,,
relation,lichsu_12_s233_bai20_sec13_001:8:e11-RELATED_TO-e12,RELATED_TO,e11,Organization,đế quốc Mĩ,e12,Event,cuộc cách mạng dân tộc dân chủ nhân dân,đấu tranh chống đế quốc Mĩ nhằm hoàn thành cuộc cách mạng dân tộc dân chủ nhân dân,chống đế quốc Mĩ nhằm hoàn thành cuộc cách mạng dân tộc dân chủ nhân dân,0.9,lichsu_12_s233_bai20_sec13_001,lichsu_12,Bài 20,2. Y nghĩa lịch sử,"[155, 156]","[""data/corpus/lichsu_12/lichsu_12.pdf_155.jpg.txt"", ""data/corpus/lichsu_12/lichsu_12.pdf_156.jpg.txt""]","được tiến hành trong liên dấu của nhân dân ba Người nước chống kẻ thù chung, có sự đồng tình, ủng hô của Trung Quốc, Liên Xô và các nước dân chủ nhân dân, của nhân dân Pháp và loài người tiến bô 2. Y nghĩa lịch sử Thắng lợi của cuộc kháng chiến đã chấm dứt cuộc chiến tranh xâm lược, đồng thời chấm dứt ách thống trị thực dân của Pháp trong gần một thế kỉ trên đất nước ta , miền Bắc nước ta được giải phóng, chuyển sang giai đoạn cách mạng xã hội chủ nghĩa tho tho cơ sở để nhân dân ta giải phóng ho",,,,,
relation,lichsu_10_s59_002:3:e1-RELATED_TO-e4,RELATED_TO,e1,Concept,Xã hội chiếm nô,e4,Time,khoảng gần 1000 năm TCN,xã hội chiếm nô bắt đầu phát triển khoảng gần 1000 năm TCN,"Xã hội chiếm nô phát triển cao và nhanh hơn xã hội cố đại phương Đông, bắt và ngày đầu khoảng gân 1000 năm TCN",0.95,lichsu_10_s59_002,lichsu_10,Bài,2. Xã hội cổ đại,"[66, 67]","[""data/corpus/lichsu_10/lichsu_10.pdf_66.jpg.txt"", ""data/corpus/lichsu_10/lichsu_10.pdf_67.jpg.txt""]","tê xuất hiện Thi quốc ra nhang đời và hoạt động nhộn nhịp Nhi nô lệ trở thành người sản xuất chính, Xã hội chiếm nô là một hình thức xã hà nha hội bóc lột chủ yếu những người nô lệ, Chủ các xãng buôn. Ngày làm thành giai cấp chủ nô và là giai cấp bóc lột, thông trị. Tâng lớp những người nhiều the trong bình dân không có vai trò chủ yếu trong sản xuất cũng như trong đời sống xã hội. nhiều Xã Xã hội chiếm nô phát triển cao và nhanh hơn xã hội cố đại phương Đông, bắt và ngày đầu khoảng gân 1000 năm",,,,,
relation,lichsu_11_s19_bai5_sec8_001:6:e8-RELATED_TO-e9,RELATED_TO,e8,Organization,Áo - Hung,e9,Organization,Xéc-bi,Áo - Hung tuyên chiến với Xéc-bi,Ao - Hung tuyên chiến với Xéc-bi,0.95,lichsu_11_s19_bai5_sec8_001,lichsu_11,Bài 5,HI DIÊN BIẾN CỦA CHIẾN TRANH,"[32, 33]","[""data/corpus/lichsu_11/lichsu_11.pdf_32.jpg.txt"", ""data/corpus/lichsu_11/lichsu_11.pdf_33.jpg.txt""]","hội cho chiến tranh bùng nổ. Ngày 28 - 6 1914, Thái tử Áo - Hung bi một người Xéc bi ám sát tại Bô xni a. Chiến tranh thể giơi thư nhất Giới quân phiết Đức, Ao chớp lấy cơ hội đó để gây chiến tranh HI DIÊN BIẾN CỦA CHIẾN TRANH 1 Giai doạn thứ nhất (1914 1916) Ngày 28 - 7 1914, Ao - Hung tuyên chiến với Xéc-bi. Ngày 1 -8, Đức tuyên chiến với Nga, ngày 3 - 8 tuyên chiến với Pháp. Ngày 4 8, Anh tuyên chiến với Điều Đức Chiến tranh đế quốc đã bùng nổ và nhanh chóng lan rông thành chiến tranh thế giớ",,,,,
relation,lichsu_10_s66_001:3:e1-RELATED_TO-e4,RELATED_TO,e1,Concept,răng hoá thạch,e4,Place,Ngườm,răng hoá thạch được tìm thấy tại di tích văn hoá Ngườm,đã tìm thấy những răng hoá thạch và nhiều chinh công cụ đá ghè đếo của Người tinh khôn tại các di tích văn hoá Ngườm,0.9,lichsu_10_s66_001,lichsu_10,Bài,"Vi cư trú trong các hang động, mái đá ngoài trời, ven bờ sông, suối, trên một","[71, 72]","[""data/corpus/lichsu_10/lichsu_10.pdf_71.jpg.txt"", ""data/corpus/lichsu_10/lichsu_10.pdf_72.jpg.txt""]","của nước ta đã tìm thấy những răng hoá thạch và nhiều chinh công cụ đá ghè đếo của Người tinh khôn tại các di tích văn hoá Ngườm (Võ 19) Nhai - Thái Nguyên), Sơn Vi (Lâm Thao Phú nhân của văn hoá Sơn Vi cư trú trong các hang động, mái đá ngoài trời, ven bờ sông, suối, trên một địa bàn khá rộng từ Sơn La, Lai Châu, Lào Cai, Yên Bái, Bắc Giang đến Thanh Hoá, Nghệ An, Quảng Trị, Họ sống thành các thị tộc, sử dụng công cụ đá ghè đẽo, lấy săn bắt, hái lượm làm nguồn sống chính. Ở Hoà Bình, Bắc Sơn và",,,,,
relation,lichsu_10_s35_002:13:e11-RELATED_TO-e12,RELATED_TO,e11,Person,Ao-reng-dép,e12,Organization,thực dân Anh,Vua Ao-reng-dép phải đối diện với thực dân Anh,Ao-reng-dép đã phải đối diện với thực dân Anh,0.9,lichsu_10_s35_002,lichsu_10,Bài,3. Vương triều Mô-gôn,"[42, 43, 44]","[""data/corpus/lichsu_10/lichsu_10.pdf_42.jpg.txt"", ""data/corpus/lichsu_10/lichsu_10.pdf_43.jpg.txt"", ""data/corpus/lichsu_10/lichsu_10.pdf_44.jpg.txt""]","ới danh hiệu của Công là Đấng Chí tôn A-cơ ba la Tuy nhiên, hầu hết các vua của nghiệt vương triều này đều dùng quyền chuyên chế, độc đoán để cai trị một đất nước rộng lớn nhưng rất đa dạng, phân tán. Một số vị vua đã dùng biện pháp đàn áp quyết liệt, hình phạt khắc nghiệt để bắt dân chúng phục tùng đóng thuế và lao dịch nặng nề, bắt các quý tộc có ý chống đối pân gilai the nhiện được đối viện được đối viện được đối viện được đối viện được đối viện được đối viện đư Con và cháu của A cơ ba là Gia",,,,,
relation,lichsu_11_s120_bai21_sec3_001:3:e5-RELATED_TO-e7,RELATED_TO,e5,Concept,hiệp ước Hác măng,e7,Organization,thực dân Pháp,Hiệp ước Hác măng liên quan đến thực dân Pháp,"Với các hiệp ước Hác măng và Patonốt, thực dân Pháp đã hoàn thành về cơ bán chu cuộc xâm lược Việt Nam",0.95,lichsu_11_s120_bai21_sec3_001,lichsu_11,Bài 21,PHONG TRÀO CẦN VƯƠNG NỔ,[124],"[""data/corpus/lichsu_11/lichsu_11.pdf_124.jpg.txt""]","nước) đã diễn ra sôi nổi, kéo dài đến năm 1896. Bên canh đó, còn có những cuộc đấu tranh tự vệ của nông dân và nhân và dân các dân tộc thiểu số vùng núi, tiêu biểu nhất là cuộc khởi nghĩa Yên Thế. PHONG TRÀO CẦN VƯƠNG NỔ Cuộc phản công quân Pháp của phái chủ chiến tại Kinh thành Huế và sự bùng nổ phong trào Cần vương Với các hiệp ước Hác măng và Patonốt, thực dân Pháp đã hoàn thành về cơ bán chu cuộc xâm lược Việt Nam. Chúng bắt đầu xúc tiến viếc thiết lập chế đô bảo hộ và bộ máy chính quyền thự",,,,,
relation,lichsu_12_s133_bai13_sec4_001:9:e5-RELATED_TO-e3,RELATED_TO,e5,Organization,Tổng bộ,e3,Place,Quảng Châu,Trụ sở của Tổng bộ đặt tại Quảng Châu.,Trụ sở của Tổng bộ đặt tại Quảng Châu,0.95,lichsu_12_s133_bai13_sec4_001,lichsu_12,Bài 13,SỰ RA ĐỜI VÀ HOẠT ĐỘNG CỦA BA TỔ CHỨC CÁCH MẠNG,"[83, 84, 85]","[""data/corpus/lichsu_12/lichsu_12.pdf_83.jpg.txt"", ""data/corpus/lichsu_12/lichsu_12.pdf_84.jpg.txt"", ""data/corpus/lichsu_12/lichsu_12.pdf_85.jpg.txt""]","Việt Nam Quốc dân đảng, các tổ chức cộng sản v.v. Trong quá trình đó đã diễn ra sự thử thách nghiêm khắc, sự chon lựa lịch sử về sứ mênh của các tổ chức chính tri đối với dân tộc trong thời đại mới SỰ RA ĐỜI VÀ HOẠT ĐỘNG CỦA BA TỔ CHỨC CÁCH MẠNG 1 Hội Việt Nam Cách mạng Thanh niên Sau khi đến Quảng Châu, Nguyễn Ái Quốc mở lớp huấn luyên, đào tạo cán bô Phần lớn học viên là thanh niên, học sinh, trí thức Việt Nam yêu nước, Họ học làm cách mạng, học cách hoạt động bí mật Phần lớn số học viên đó sa",,,,,
relation,lichsu_11_s25_bai7_sec2_001:4:e4-RELATED_TO-e6,RELATED_TO,e4,Concept,Lịch sử thế giới cận đại,e6,Event,Cách mạng tháng Mười Nga,Lịch sử thế giới cận đại kết thúc trước Cách mạng tháng Mười Nga,đến Cách mạng tháng Mười Nga,0.9,lichsu_11_s25_bai7_sec2_001,lichsu_11,Bài 7,LỊCH SƯ THẾ GIỚI CẦN ĐAI,"[37, 38, 39, 44, 45]","[""data/corpus/lichsu_11/lichsu_11.pdf_37.jpg.txt"", ""data/corpus/lichsu_11/lichsu_11.pdf_38.jpg.txt"", ""data/corpus/lichsu_11/lichsu_11.pdf_39.jpg.txt"", ""data/corpus/lichsu_11/lichsu_11.pdf_44.jpg.txt"", ""data/corpus/lichsu_11/lichsu_11.pdf_45.jpg.txt""]","hiên thực phê phán, qua các lác phẩm của mình, Tôn-xiôi đã chống lai trất tư xã hội phong kiến Nga hoàng, ca ngợi phẩm chất của người dân Nga trong công cuộc xây dưng và bảo về Tổ quốc. Lê-nin da LỊCH SƯ THẾ GIỚI CẦN ĐAI Phần lịch sử thế giới cận đại, từ Cách mạng Hà Lan đến Cách mạng tháng Mười Nga gồm một số vấn đề cơ bản sau đây Sự thắng lợi của cách mạng tư sản , sự xác lập và phát triển của chủ nghĩa tư bản Sự ra đời và phát triển của phong trào công nhân quốc tế. Sự xâm lược thuộc địa của ",,,,,
relation,lichsu_11_s72_bai16_sec3_001:4:e3-RELATED_TO-e5,RELATED_TO,e3,Place,Đông Nam Á,e5,Concept,chủ nghĩa tư bản,Đông Nam Á được đưa vào hệ thống kinh tế của chủ nghĩa tư bản,Đông Nam Á tuy được đưa vào hê thống kinh tế của chủ nghĩa tư biển bản,0.9,lichsu_11_s72_bai16_sec3_001,lichsu_11,Bài 16,TI TÌNH HÌNH CÁC NƯỚC ĐÔNG NAM Á SAU CHIẾN TRANH THỨ NHẤT,"[83, 84, 85]","[""data/corpus/lichsu_11/lichsu_11.pdf_83.jpg.txt"", ""data/corpus/lichsu_11/lichsu_11.pdf_84.jpg.txt"", ""data/corpus/lichsu_11/lichsu_11.pdf_85.jpg.txt""]","hiện phong trào đấu tranh của một lực lượng mới - giai cấp vô sản. Giai cấp vô sản trẻ tuổi bắt đầu bước lên vũ đài chính trị, mở ra triển vọng mới cho phong trào giải phóng dân tộc ở Đông Nam Á. TI TÌNH HÌNH CÁC NƯỚC ĐÔNG NAM Á SAU CHIẾN TRANH THỨ NHẤT 1 Tình hình kến tế, chính trị, xã hội Sau Chiến tranh thế giới thứ nhất, chính sách khai thác và bóc lột thuộc dia của thực dân phương Tây đã tác động mạnh mẽ đến tình hình các nước Đông Nam A Những chuyển biển quan trong về kinh tế, chính trị, x",,,,,
relation,lichsu_12_s272_bai22_sec20_001:4:e7-RELATED_TO-e4,RELATED_TO,e7,Organization,Chính phủ Hoa Kì,e4,Time,Ngày 13 - 5 - 1968,Chính phủ Hoa Kì tham gia đàm phán vào thời điểm này.,"cuốc đàm phán chính thức diên ra tại Pan giữa hai bên là Chinh dai diên Chính phủ Viết Nam Dân chủ Công hoà và đại diên Chính phú Hoa Kì, và la Thi Thi Ngày 25 - 1 - 1969 giữa bốn bên là Viết Nam Dân chủ Công hoà, Mặt trận Dân Các thiết tộc giải phóng miền Nam Việt Nam (sau đó là Chính phủ cách mang lâm thời Công Nhà Nhoà miền Nam Việt Nam), Hoa Kì và Việt Nam Công hoà (chính quyền Sài Gòn)",0.95,lichsu_12_s272_bai22_sec20_001,lichsu_12,Bài 22,PHOÀ BÌNH Ở VIỆT NAM,"[183, 184, 185, 186, 187]","[""data/corpus/lichsu_12/lichsu_12.pdf_183.jpg.txt"", ""data/corpus/lichsu_12/lichsu_12.pdf_184.jpg.txt"", ""data/corpus/lichsu_12/lichsu_12.pdf_185.jpg.txt"", ""data/corpus/lichsu_12/lichsu_12.pdf_186.jpg.txt"", ""data/corpus/lichsu_12/lichsu_12.pdf_187.jpg.txt""]","được những thành tựu gi trong việc thực hiện nhiều nhiêm vu khôi phục và phát triển kinh tế ? xã hội từ năm 1969 đến năm 1973 ? Trân ""Điện Biên Phủ trên không ra 12 - 1972 ? Nêu kết quả và ý nghĩa PHOÀ BÌNH Ở VIỆT NAM Ngày 31 - 3 - 1968, sau đòn bất ngo là cuộc Tổng tiến công và nổi dây Xuân Màu Thân của quân dân ta, Giônxơn tuyên bố ngừng ném bom phá hoai miền Bác từ vi luyền 20 trở ra và bắt đầu nói đến đớm phán với Việt Nam Ngày 13 - 5 - 1968, cuốc đàm phán chính thức diên ra tại Pan giữa hai",,,,,
relation,lichsu_12_s107_bai10_sec4_001:2:e3-RELATED_TO-e1,RELATED_TO,e3,Concept,Khoa học trở thành lực lượng sản xuất trực tiếp,e1,Concept,Cách mạng khoa học - kĩ thuật,Khoa học trở thành lực lượng sản xuất trực tiếp là đặc điểm lớn nhất của cách mạng khoa học - kĩ thuật.,Đạc điểm lớn nhất của cách mang khoa học - kí thuật ngày nay là khoa học trở thành lực lương sản xuất trực tiếp,0.95,lichsu_12_s107_bai10_sec4_001,lichsu_12,Bài 10,CUỘC CÁCH MẠNG KHOA HỌC - CÔNG NGHỆ,"[66, 67, 68, 69]","[""data/corpus/lichsu_12/lichsu_12.pdf_66.jpg.txt"", ""data/corpus/lichsu_12/lichsu_12.pdf_67.jpg.txt"", ""data/corpus/lichsu_12/lichsu_12.pdf_68.jpg.txt"", ""data/corpus/lichsu_12/lichsu_12.pdf_69.jpg.txt""]","trên thế giới đã diễn ra cuốc cách mang khoa hoc ? kĩ thuật đã đưa lai biết bao thành lưu ki diệu và những đổi thay to lớn trong đời sống nhân loại Nền văn minh thế giới có những bước nhảy vọt mới CUỘC CÁCH MẠNG KHOA HỌC - CÔNG NGHỆ 1.Nguồn gốc và đặc điểm Cũng như cách mạng công nghiệp ở thế kỉ XVIII - XIX, cuộc cách mạng khoa học - kĩ thuật ngày nay diễn ra là do những đòi hỏi của cuộc sống, của sản xuất nhằm đấp ứng nhu cầu vật chất và tỉnh thần ngày càng cao của con người, nhất là trong tình",,,,,
relation,lichsu_11_s9_bai4_sec1_001:4:e11-RELATED_TO-e9,RELATED_TO,e11,Organization,Hà Lan,e9,Place,In-đô-nê-xi-a,Thực dân Hà Lan có mặt ở In-đô-nê-xi-a,"thực dân Tây Ban Nha, Hà Lan đã có mặt và từng bước chiếm lĩnh thị trường",0.9,lichsu_11_s9_bai4_sec1_001,lichsu_11,Bài 4,Bài 4,"[8, 9, 10, 17, 18]","[""data/corpus/lichsu_11/lichsu_11.pdf_10.jpg.txt"", ""data/corpus/lichsu_11/lichsu_11.pdf_17.jpg.txt"", ""data/corpus/lichsu_11/lichsu_11.pdf_18.jpg.txt"", ""data/corpus/lichsu_11/lichsu_11.pdf_8.jpg.txt"", ""data/corpus/lichsu_11/lichsu_11.pdf_9.jpg.txt""]","dai bác rôi băn cho tan xác. Mác dù thất bai, cuốc khới nghĩa Xipay có ý nghia Nhiện lon, tiêu biểu cho tỉnh thần dấu tranh bất khuất của nhân dân Ân Độ chống chủ nghĩa thực dân, giải phóng dân tộc Bài4 Cuối thế kỉ xix dâu thế kỉ xx) Đông Nam Á là một khu vực khá rông, bao gồm nhiều quốc gia trên lục địa và hải đảo, sớm trở thành mục tiêu xâm lược của các nước thực dân phương Tây, Từ nửa sau thế kỉ XIX, các nước ở Đông Nam Á đều trở thành thuộc địa, trừ Xiêm ? là giữ được độc lập nhưng bị lệ thu",,,,,
relation,lichsu_10_s146_001:7:e9-RELATED_TO-e10,RELATED_TO,e9,Organization,triều đình Nguyễn,e10,Concept,chính sách 'đóng cửa',Triều đình Nguyễn chủ trương chính sách 'đóng cửa',"nhà Nguyễn chủ trương "" đóng cửa?",0.9,lichsu_10_s146_001,lichsu_10,Bài,HÀ NỘI TÊN ĐƠN VỊ,"[125, 126, 127]","[""data/corpus/lichsu_10/lichsu_10.pdf_125.jpg.txt"", ""data/corpus/lichsu_10/lichsu_10.pdf_126.jpg.txt"", ""data/corpus/lichsu_10/lichsu_10.pdf_127.jpg.txt""]","THANH HOA NGHEAN HÀ TÍNH QUẮNG BÌNH QUẢNG TRỊ PHỦ THỪA THIÊN Ip QUẢNG NAM don A QUẢNG NGÁI BÌNH ĐỊNH PHÚ YÊN s KHÁNH HOA BÌNH THUẬN BIẾN HOÀ AN GIANG LGIA ĐINH ĐỊNH TƯƠNG HÀ TIÊN BNN LONG Đ. Phú Quốc HÀ NỘI TÊN ĐƠN VỊ hành chính Đ. Côn Lôn Biên giới quốc gia ngày nay Ban đầu, quan lại được tuyển chọn từ những người trước đây theo Nguyễn Ánh; the việt về sau, giáo dục, khoa cử trở thành nguồn tuyển chọn chính. Chế độ lương bồng người được quy định, nhưng không có phần ruộng dất. Mặt số quan lại t",,,,,
relation,lichsu_12_s319_bai27_sec6_001:4:e6-RELATED_TO-e11,RELATED_TO,e6,Event,Đại hội V của Đảng,e11,Concept,Kế hoạch Nhà nước 5 năm,Đại hội V đề ra kế hoạch Nhà nước 5 năm,hai kế hoạch Nhà nước 5 năm do Đại hội IV (12 - 1976) và Đai hội V (3 - 1982) của Đảng điều đề ra,0.95,lichsu_12_s319_bai27_sec6_001,lichsu_12,Bài 27,5. Thời kì 1975 2000,"[218, 219]","[""data/corpus/lichsu_12/lichsu_12.pdf_218.jpg.txt"", ""data/corpus/lichsu_12/lichsu_12.pdf_219.jpg.txt""]","lần : lần thứ nhất bát đầu từ ngày 5 - 8 - 1964, chính thức từ ngày 7 - 2 - 1965 đến ngày 1 11 - 1968 Lần thứ hai bắt đầu từ ngày 6 ? 4 - 1972, chính thức từ ngày 16 - 4 - 1972 đến ngày 15 - 1 1973 5. Thời kì 1975 2000 Theng (Từ sau thăng lợi của cuộc kháng chiến chống Mĩ, cứu nước năm 1975 đến năm 2000) - Cách mang Viết Nam chuyển sang thời kì cách mạng xã hội chủ nghĩa trong cả nước từ sau khi đất nước độc lập và thống nhất Trong 10 năm đầu (1976 - 1986) đi lên chủ nghĩa xã hội, thực hiên hai ",,,,,
relation,lichsu_12_s173_bai16_sec15_002:1:e3-RELATED_TO-e4,RELATED_TO,e3,Organization,Uỷ ban Dân tộc giải phóng Việt Nam,e4,Person,Hồ Chí Minh,Hồ Chí Minh là Chủ tịch của Uỷ ban Dân tộc giải phóng Việt Nam,Uý ban Dân tộc giải phóng Việt Nam do Hồ Chí Minh làm Chu tịch,0.9,lichsu_12_s173_bai16_sec15_002,lichsu_12,Bài 16,3. Tổng khới nghĩa tháng Tám năm 1945,"[112, 113, 114, 115, 116, 117]","[""data/corpus/lichsu_12/lichsu_12.pdf_112.jpg.txt"", ""data/corpus/lichsu_12/lichsu_12.pdf_113.jpg.txt"", ""data/corpus/lichsu_12/lichsu_12.pdf_114.jpg.txt"", ""data/corpus/lichsu_12/lichsu_12.pdf_115.jpg.txt"", ""data/corpus/lichsu_12/lichsu_12.pdf_116.jpg.txt"", ""data/corpus/lichsu_12/lichsu_12.pdf_117.jpg.txt""]","hành chủ trương Tổng khởi nghĩa của Đảng, thông qua 10 chính sách của Viết Minh, cử ra Uý ban Dân tộc giải phóng Việt Nam do Hồ Chí Minh làm Chu tịch ba bi ninh cuộc tổng khởi nghĩa Đến giữa tháng 8 ? 1945, khí thể cách mạng sục sôi trong cả nước, Từ ngày 14?88 Thi thi một số cấp bộ Đảng và tổ chức Viết Minh, luy chưa nhận được lênh Tông khới nghĩa do thông tin liên lạc khó khân, nhưng cân cứ vào tình hình cụ thể của địa nguyên phương và vận dụng chí thi ""Nhật - Pháp bản nhau và hành động của ch",,,,,
relation,lichsu_12_s183_bai17_sec4_001:1:e2-RELATED_TO-e1,RELATED_TO,e2,Place,Việt Nam Dân chủ Cộng hoà,e1,Event,Cách mạng tháng Tám,Nước Việt Nam Dân chủ Cộng hoà vừa ra đời sau Cách mạng tháng Tám,"Nước Việt Nam Dân chủ Công hoà vừa ra dòi đã phải đối mặt với muôn vàn khó khăn, thử thách, Quân đội các nước Đồng minh dưới danh nghĩa giái giáp quân Nhật đã lũ lượt kéo vào nước ta. Từ vĩ tuyến 16 trở ra Bắc, gần 20 van quân Trung Hoa Dân quốc kéo vào đóng ở Hà Nội và hầu hết các tỉnh Theo sau chúng là tay sai thuộc các tổ chức phản động Người Như Viết Nam Quốc dân đảng (Việt Quốc), Viết Nam Cách mang đồng minh hôi (Viết Cách) về nước hòng cướp chính quyền của ta. Từ vĩ tuyến 16 trở vào Nam, quân Anh tạo diều kiên cho thực dân Pháp quay trở lại xâm lược, Lợi dụng tình hình đó, bọn phản động trong nước ngóc đầu dây, làm tay sai cho Pháp chống pha cách mang Ngoài ra, trên cả nước ta, còn 6 van quân Nhật chờ giải giáp. Một bộ phân quân Nhật theo lệnh quân Anh đánh lại lực lương vũ trang của ta, tạo điều kiên cho quân Pháp mở rộng pham vi chiếm đóng. Thong Trong khi đó, chính quyền cách mang vừa mói thành lập, chưa được cùng có, lưang lương vũ trang còn non yếu. Nền kinh tế nông nghiệp nước ta vốn đã lạc hâu, lại bi chiến tranh tàn phá năng nề , hậu quả của nan đói cuối năm 1944 - đầu năm 1945 Các thười chưa khác phục được, liếp đó là nan lụt lơn, làm vớ đề ở chín tinh bắc bộ, rôi ham hán kéo dài, khiến cho nửa tổng số ruộng đất không canh tác được. Nhiều xí nghiệp các cho còn năm trong lay tư bản Pháp.",0.95,lichsu_12_s183_bai17_sec4_001,lichsu_12,Bài 17,THÌNH HÌNH NƯỚC TA SAU CÁCH MẠNG THÁNG TÁM NĂM 1945,"[121, 122]","[""data/corpus/lichsu_12/lichsu_12.pdf_121.jpg.txt"", ""data/corpus/lichsu_12/lichsu_12.pdf_122.jpg.txt""]","xây dưng chính quyền cách mang, diệt giác đốt, khắc phục khó khăn về tài chính, đầu tranh chống ngoai xâm, nôi phản, bảo về chính quyền là những nhiêm vu cấp bách của Đảng, Chính phủ và nhân dân ta THÌNH HÌNH NƯỚC TA SAU CÁCH MẠNG THÁNG TÁM NĂM 1945 Nước Việt Nam Dân chủ Công hoà vừa ra dòi đã phải đối mặt với muôn vàn khó khăn, thử thách, Quân đội các nước Đồng minh dưới danh nghĩa giái giáp quân Nhật đã lũ lượt kéo vào nước ta. Từ vĩ tuyến 16 trở ra Bắc, gần 20 van quân Trung Hoa Dân quốc kéo ",,,,,
relation,lichsu_12_s96_bai9_sec3_001:6:e5-RELATED_TO-e7,RELATED_TO,e5,Person,Truman,e7,Place,Quốc hội Mĩ,Thông điệp của Tổng thống Truman được đưa ra tại Quốc hội Mĩ,thông điệp của Tổng thống Truman tai Quốc hội Mĩ,0.95,lichsu_12_s96_bai9_sec3_001,lichsu_12,Bài 9,TRONG VÀ SAU THƠI KÌ CHIẾN TRANH LẠNH,"[56, 57, 58, 59]","[""data/corpus/lichsu_12/lichsu_12.pdf_56.jpg.txt"", ""data/corpus/lichsu_12/lichsu_12.pdf_57.jpg.txt"", ""data/corpus/lichsu_12/lichsu_12.pdf_58.jpg.txt"", ""data/corpus/lichsu_12/lichsu_12.pdf_59.jpg.txt""]","phát triển quan hê với các nước Đông Nam Á. Từ đầu những năm 90, Nhật Bản nỗ lực vươn lên thành một cường quốc chính tri để tương xứng với vi thể siêu cường kinh tế trong thập kỉ 90 của thế kỉ XX TRONG VÀ SAU THƠI KÌ CHIẾN TRANH LẠNH Ngay sau Chiến tranh thế giới thứ hai, thế giới làm vào tỉnh trang chiến tranh lanh giữa hai siêu cường Mi và Liên Xô, thâm chí có lúc như bên bờ của một cuốc chiến tranh thế giới Chiến tranh lanh đã trở thành nhân tố chủ yếu chi phối các quan hệ quốc tế trong hơn b",,,,,
relation,lichsu_11_s30_bai7_sec7_002:8:e6-RELATED_TO-e9,RELATED_TO,e6,Person,Lê-nin,e9,Concept,Luận cương tháng Tư,"Lê-nin có bản báo cáo quan trọng trước Trung ương Đảng Bônsêvích, sau này gọi là Luận cương tháng Tư.",Lê-nin có bản báo cáo quan trong trước Trung ương Đảng Bônsêvích (sau này đã đi vào lịch sử với tên gọi Luận cđong tháng tớ),0.9,lichsu_11_s30_bai7_sec7_002,lichsu_11,Bài 7,CÁCH MANG THÁNG MƯỜI NGA NĂM 1917,"[48, 49, 50]","[""data/corpus/lichsu_11/lichsu_11.pdf_48.jpg.txt"", ""data/corpus/lichsu_11/lichsu_11.pdf_49.jpg.txt"", ""data/corpus/lichsu_11/lichsu_11.pdf_50.jpg.txt""]","ong nước. Chỉ trong vòng 8 ngày, trên phạm vi cả nước, quần chúng nhân dây lật đổ chế độ cũ, bầu ra các xô viết đại biểu công nhân, nông dân và binh lính. Giai cấp tư sản thành lập Chính phủ lâm thời. Nước Nga trở thành nước Cộng hoà Cách mạng dân chú tư sản tháng Hai thăng lơi, Tuy nhiên, một tình hình chính Trong tin phức tạp chưa từng có đã diên ra ở nước Nga, Đó là tình trang hai chính quyên sang song song tồn tai - Chính phủ tư sản lâm thời và Xô viết đại biểu công nhân, nông chinh dân và b",,,,,
relation,lichsu_12_s96_bai9_sec3_001:7:e5-RELATED_TO-e8,RELATED_TO,e5,Person,Truman,e8,Place,Hi Lạp,Tổng thống Truman đề nghị viện trợ cho Hi Lạp,đề nghị viên trợ khẩn cấp 400 triệu USD cho hai nước Hi Lap và Thổ Nhì Kì,0.95,lichsu_12_s96_bai9_sec3_001,lichsu_12,Bài 9,TRONG VÀ SAU THƠI KÌ CHIẾN TRANH LẠNH,"[56, 57, 58, 59]","[""data/corpus/lichsu_12/lichsu_12.pdf_56.jpg.txt"", ""data/corpus/lichsu_12/lichsu_12.pdf_57.jpg.txt"", ""data/corpus/lichsu_12/lichsu_12.pdf_58.jpg.txt"", ""data/corpus/lichsu_12/lichsu_12.pdf_59.jpg.txt""]","phát triển quan hê với các nước Đông Nam Á. Từ đầu những năm 90, Nhật Bản nỗ lực vươn lên thành một cường quốc chính tri để tương xứng với vi thể siêu cường kinh tế trong thập kỉ 90 của thế kỉ XX TRONG VÀ SAU THƠI KÌ CHIẾN TRANH LẠNH Ngay sau Chiến tranh thế giới thứ hai, thế giới làm vào tỉnh trang chiến tranh lanh giữa hai siêu cường Mi và Liên Xô, thâm chí có lúc như bên bờ của một cuốc chiến tranh thế giới Chiến tranh lanh đã trở thành nhân tố chủ yếu chi phối các quan hệ quốc tế trong hơn b",,,,,
relation,lichsu_12_s45_bai4_sec4_003:5:e8-RELATED_TO-e6,RELATED_TO,e8,Concept,"cải cách kinh tế và ""mở cửa""",e6,Time,cuối năm 1988,Cải cách kinh tế và 'mở cửa' được tiến hành từ cuối năm 1988.,"Từ cuối năm 1988, Chính phủ Thiến hành cái cách kinh tế và ""mó cửa""",0.95,lichsu_12_s45_bai4_sec4_003,lichsu_12,Bài 4,2. Quá trình xây dựng và phát triển của các nước Đông Nam Á,"[26, 27, 28, 29, 30]","[""data/corpus/lichsu_12/lichsu_12.pdf_26.jpg.txt"", ""data/corpus/lichsu_12/lichsu_12.pdf_27.jpg.txt"", ""data/corpus/lichsu_12/lichsu_12.pdf_28.jpg.txt"", ""data/corpus/lichsu_12/lichsu_12.pdf_29.jpg.txt"", ""data/corpus/lichsu_12/lichsu_12.pdf_30.jpg.txt""]","ng nghiệp Các nước khác ở Đông Nam Á Nền kinh tế Brunây có nét khác biết Hầu như toàn bô thu nhập của nước này Nguyên đều dựa vào nguôn dầu mỏ và khí tư nhiên. Lương thưc, thưc phẩm phải nhập tới 80%. Từ giữa những năm 80 của thế kỉ XX, Chính chính sách đa dang hoa nền kinh tế để tiết kiêm nguồn năng lương dự trữ, gia tăng các mặt hàng tiêu dùng và xuất kháu Sau gần 30 năm thực hiên chính sách tư lực hướng nội của chính quyền quân sự; Mianma có tốc độ tăng trưởng kinh tế châm chạp. Từ cuối năm 1",,,,,
relation,lichsu_10_s212_001:12:e2-RELATED_TO-e9,RELATED_TO,e2,Person,Ph.Ăng-ghen,e9,Place,Pa-ri,Ăng-ghen sang Pa-ri vào năm 1844.,"Năm 1844, Áng ghen sang Pa-ii và gặp Mác.",0.95,lichsu_10_s212_001,lichsu_10,Bài,1. Buổi đầu hoạt động cách mạng của Ph. ng-ghen thuy,"[188, 189]","[""data/corpus/lichsu_10/lichsu_10.pdf_188.jpg.txt"", ""data/corpus/lichsu_10/lichsu_10.pdf_189.jpg.txt""]","càng đòi hỏi một lí luận khoa học cách mạng để giải phóng công nhân và toàn thể nhân dân lao động. Trong bối cảnh như vậy học thuyết về chủ nghĩa xã hộc - do C.Mác và Ph.Ang-ghen để xướng, đã ra đời. 1. Buổi đầu hoạt động cách mạng của Ph. ng-ghen thuy Các Mác sinh ngày 5 - 5 - 1818 trong một gia đình luật sư gốc Do Thái có tư thường tự do tiến bộ, ở thành phố Tơ-ri-ơ (Đức). Từ nhỏ, Mác đã nổi tiếng thông minh. Năm 23 tuổi (1841), Mác đỗ Tiến sĩ với luận án xuất sắc về đề tài triết học cổ đại Hi",,,,,
relation,lichsu_10_s104_001:6:e8-RELATED_TO-e1,RELATED_TO,e8,Place,Thăng Long,e1,Event,chiến tranh chống quân xâm lược Mông - Nguyên,Thăng Long bị quân xâm lược tàn phá trong cuộc chiến chống Mông - Nguyên,Thăng Long ba lân bị quân xâm lược tàn phá,0.95,lichsu_10_s104_001,lichsu_10,Bài,Ở THẾ KỈ XIII,"[96, 98, 99]","[""data/corpus/lichsu_10/lichsu_10.pdf_96.jpg.txt"", ""data/corpus/lichsu_10/lichsu_10.pdf_98.jpg.txt"", ""data/corpus/lichsu_10/lichsu_10.pdf_99.jpg.txt""]","đã chiến đấu anh dũng, đánh tan quân Xâm lược Tống ngay trên vùng Đông Bắc Nhiều tướng giặc bị bắt Nhà Tống buộc phải rút quân, bỏ mộng xâm lược nước ta, Quan hệ Việt - Tổng trở lại bình thường. B Ở THẾ KỈ XIII Dưới thời Trần, nhân dân Đại Việt phải đương đầu với một thử thách hiểm nghèo : trong vòng 30 năm phải tiến hàng chiến chống quân xâm Lược Mông - Nguyên hung bạo (1258, 1285, 1288) Di thười sự lãnh đạo của các vị vua Trân Thái Lông, Trân Thánh Tông, Trân Nam Nhân Tông, Thái sư Trần Thủ Độ",,,,,
relation,lichsu_10_s106_001:1:e2-RELATED_TO-e1,RELATED_TO,e2,Organization,nhà Trần,e1,Time,thế kỉ XIV,Nhà Trần suy vong vào cuối thế kỉ XIV,"Cuối thế kỉ XIV, nhà Trần suy vong",0.95,lichsu_10_s106_001,lichsu_10,Bài,VÀ KHỞI NGHĨA LAM SƠN,"[98, 99]","[""data/corpus/lichsu_10/lichsu_10.pdf_98.jpg.txt"", ""data/corpus/lichsu_10/lichsu_10.pdf_99.jpg.txt""]","đó, dưới sự chí huy của Thái tử Ha ri gít, tập trung lực lượng đánh lui quân xâm lược Một bộ phận của chúng phải rút lên phía bắc, theo sự điều động của nhà Nguyên đánh vào phía nam của Đại Việt. B VÀ KHỞI NGHĨA LAM SƠN Chối thế kỉ XIV, nhà Trần suy vong, Năm 1400, nhà Hồ thành lập. Cuộc cải thi chi cách của nhà Hồ chưa đạt được kết quả mong muốn thì quân Minh ổ ạt tiến sang Xã Thu xâm lược. Năm 1407, cuộc kháng chiến của nhà Hồ thất bại, nước ta rơi vào ách nhàng độ hộ của nhà Minh. Hàng loạt c",,,,,
relation,lichsu_12_s263_bai22_sec11_002:1:e1-RELATED_TO-e3,RELATED_TO,e1,Place,Miền Bắc,e3,Concept,"kháng chiến chống Mĩ, cứu nước","Miền Bắc là hậu phương lớn của cuộc kháng chiến chống Mĩ, cứu nước.","Là hâu phương lớn của cuộc kháng chiến chống Mi, cứu nước, miền Bắc luôn hướng về miền Nam.",0.9,lichsu_12_s263_bai22_sec11_002,lichsu_12,Bài 22,"2. Miền Bắc vừa chiến đấu chống chiến tranh phá hoại, vừa sản xuất","[178, 179, 180]","[""data/corpus/lichsu_12/lichsu_12.pdf_178.jpg.txt"", ""data/corpus/lichsu_12/lichsu_12.pdf_179.jpg.txt"", ""data/corpus/lichsu_12/lichsu_12.pdf_180.jpg.txt""]","ác cơ sở các công nghiệp lớn đã kịp thời sơ tán, phân tán, sớm đi vào sản xuất, đáp ứng nhu cầu thiết yếu của chiến đấu, sản xuất và đời sống công nghiệp địa phương và công nghiệp quốc phòng đều phát triển, Mỗi tỉnh trở thành một đơn vị kinh tế tương đối hoàn chinh Giao thông vân tải, một trong những trong diễm bắn phá của dịch, được quân và dân ta bao đám thường xuyên thông suốt Là hâu phương lớn của cuộc kháng chiến chống Mi, cứu nước, miền Bắc luôn hướng về miền Nam. Vì miền Nam ruột thịt, mi",,,,,
relation,lichsu_12_s60_bai5_sec9_004:5:e6-RELATED_TO-e1,RELATED_TO,e6,Concept,nợ nước ngoài,e1,Place,Mĩ Latinh,Nợ nước ngoài là gánh nặng đè lên các nước Mĩ Latinh.,Nơ nước ngoài là gánh năng đề lên các nước Mĩ Latinh,0.95,lichsu_12_s60_bai5_sec9_004,lichsu_12,Bài 5,ĐÔM NGA ANT CHA THO NGAY,"[38, 39, 40, 41]","[""data/corpus/lichsu_12/lichsu_12.pdf_38.jpg.txt"", ""data/corpus/lichsu_12/lichsu_12.pdf_39.jpg.txt"", ""data/corpus/lichsu_12/lichsu_12.pdf_40.jpg.txt"", ""data/corpus/lichsu_12/lichsu_12.pdf_41.jpg.txt""]","nhiều nước Mĩ Latinh còn gặp không ít khó khán, mâu thuẫn xã hội là vấn đề nổi cộm, tham nhũng trở thành quốc nạn đã hạn chế sự phát triển kinh tế Tốc độ tăng trưởng kinh tế trung binh hằng 3% (1991 ? 2000) Nơ nước ngoài là gánh năng đề lên các nước Mĩ Latinh với 607,2 ff USD (1995) Mâu thuẫn xã hội chủ yếu là do phân phối không công bằng, Số người nghèo ở Mĩ Latinh chiếm tỉ lệ 46% dân số, trong lúc đó hơn 40 người giau có được xếp vào hàng tỉ phú và bảo vệ độc lập của nhân dân Mĩ Latinh từ sau ",,,,,
relation,lichsu_11_s140_bai24_sec6_003:1:e2-RELATED_TO-e1,RELATED_TO,e2,Concept,phong trào yêu nước tiến bộ,e1,Time,đầu thế kỉ XX,Phong trào yêu nước tiến bộ diễn ra vào đầu thế kỷ XX,"một cuộc vân động yêu nước tiến bô, mang màu sắc dân chủ tư sản ở nước ta hôi đầu thế kỉ XX",0.9,lichsu_11_s140_bai24_sec6_003,lichsu_11,Bài 24,SƠ KẾT LỊCH SỬ VIỆT NAM (1858 1918),"[152, 153, 154, 155, 156]","[""data/corpus/lichsu_11/lichsu_11.pdf_152.jpg.txt"", ""data/corpus/lichsu_11/lichsu_11.pdf_153.jpg.txt"", ""data/corpus/lichsu_11/lichsu_11.pdf_154.jpg.txt"", ""data/corpus/lichsu_11/lichsu_11.pdf_155.jpg.txt"", ""data/corpus/lichsu_11/lichsu_11.pdf_156.jpg.txt""]","XX, ở Viết Nam đã xuất hiên những những thành phần kinh lễ tư bán chủ nghĩa, dù còn non yếu, Thành thị mọc lên. Một số cơ sở công nghiệp ra đòi. Cơ cấu xã hội biến đông, một số tầng lớp mới xuất hiên. Giai cấp công nhân Viết Nam thời kì này văn đang trong giai đoạn tư phát Trong Tư sản và tiểu tư sản thành thị lớn lên cùng với sự này sinh các nhân tổ mới, song văn các thời chưa trở thành giai cấp thực thu, Mặc dù vây, các tâng lớp, đác biết là bông phận sĩ phu đang trên con đường tư sản hoá, đã ",,,,,
relation,lichsu_12_s57_bai5_sec6_001:5:e7-RELATED_TO-e4,RELATED_TO,e7,Concept,bộ tộc Tuxi,e4,Event,nội chiến ở Ruanda,Bộ tộc Tuxi tham gia nội chiến ở Ruanda,giữa hai bó tóc Hutu và Tuxi,0.9,lichsu_12_s57_bai5_sec6_001,lichsu_12,Bài 5,2. Tình hình phát triển kinh tội,"[36, 37]","[""data/corpus/lichsu_12/lichsu_12.pdf_36.jpg.txt"", ""data/corpus/lichsu_12/lichsu_12.pdf_37.jpg.txt""]","Đai hội dân tộc Phi (ANC), sau đó trở thành Tống thống nước Công hoà Nam Phi (1999) Năm 1999, ông nghi hưu, nhưng vẫn tham gia hoạt đông cho phong trào đòi hoà bình hoà giải dân tộc ở châu Phi sp 2. Tình hình phát triển kinh tội Sau khi giành được độc lập, các nước châu Phi bắt tay vào công cuộc xây dựng đất nhưng nước, phát triển kinh tế - xã hôi và đã thu được những thành tựu bước đầu, song chưa đủ để thay đổi căn bản bộ mặt của châu lục này Nhiều nước châu Phi vẫn còn trong tình trang lạc hậu",,,,,
relation,lichsu_12_s46_bai4_sec5_002:5:e10-RELATED_TO-e11,RELATED_TO,e10,Place,Lào,e11,Event,Hiệp ước Bali,Lào tham gia Hiệp ước Bali,Viết Nam và Lào tham gia Hiệp ước Bai,0.95,lichsu_12_s46_bai4_sec5_002,lichsu_12,Bài 4,3. Sư ra đời và phát triên của tô chức ASEAN,"[28, 29, 30, 31, 32]","[""data/corpus/lichsu_12/lichsu_12.pdf_28.jpg.txt"", ""data/corpus/lichsu_12/lichsu_12.pdf_29.jpg.txt"", ""data/corpus/lichsu_12/lichsu_12.pdf_30.jpg.txt"", ""data/corpus/lichsu_12/lichsu_12.pdf_31.jpg.txt"", ""data/corpus/lichsu_12/lichsu_12.pdf_32.jpg.txt""]","i của nhau , không sử dung vũ lực hoác de doa băng vũ lực đối với nhau, giải quyết các tranh chấp bang biên pháp hoà bình, hợp tác phát triển có hiêu quá trong các lĩnh vực kinh tế, văn hoá và xã hội. Vào thời diễm này, quan hê giữa các nước Đông Dương và ASEAN bước dầu nhưng được cải thiên. Hai nhóm nước đã thiết lập quan hê ngoại giao và bắt đầu có những chuyển viếng thăm lẫn nhau của các nhà lãnh đạo cấp cao Sau thời kì căng thắng giữa hai nhóm nước (từ cuối thấp kỉ 70 đến giữa thập kỉ 80) về",,,,,
relation,lichsu_12_s89_bai8_sec3_002:11:e9-RELATED_TO-e10,RELATED_TO,e9,Event,Bình thường hóa quan hệ ngoại giao với Liên Xô,e10,Organization,Liên Xô,Nhật Bản bình thường hóa quan hệ ngoại giao với Liên Xô,Nhật Bản bình thường hoá quan hê ngoai giao với Liên Xô,0.95,lichsu_12_s89_bai8_sec3_002,lichsu_12,Bài 8,NHẬT BÁN TỪ NĂM 1952 ĐẾN NĂM 1973,"[52, 53, 54, 55]","[""data/corpus/lichsu_12/lichsu_12.pdf_52.jpg.txt"", ""data/corpus/lichsu_12/lichsu_12.pdf_53.jpg.txt"", ""data/corpus/lichsu_12/lichsu_12.pdf_54.jpg.txt"", ""data/corpus/lichsu_12/lichsu_12.pdf_55.jpg.txt""]","thuật hiên đại để nâng cao năng suất, chất lương, hạ giá thành sản phẩ phí cho quốc phòng Nghiệp của Nhất Ban thấp (không vượt quá 1% GDP), nên cậ điều kiên tập trung vôn đầu the thu cho kinh tế , 6. Nhật Bản đã tân dung tốt các yếu tổ bên ngoài để phát triển, như nguồn viên trơ của Mĩ, các cuộc chiến tranh ở Triều Tiên (1950 ? 1953) và Việt Nam (1954 - 1975) để làm giàu v.v. Thuy nhiên, nên kinh tế Nhất Bản vân có những han chế và gặp phái nhiều khó khân: 1. Lãnh thổ Nhật Bản không rông, tài ng",,,,,
relation,lichsu_10_s58_001:1:e1-RELATED_TO-e2,RELATED_TO,e1,Concept,xã hội nguyên thuỷ,e2,Concept,thời kì cổ đại,thời kì xã hội nguyên thuỷ diễn ra trước thời kì cổ đại,"ba thời kì lớn của lịch sử loài người : thời kì xã hội nguyên thuỷ, thời kì cổ đại và thời kì phong kiến",0.8,lichsu_10_s58_001,lichsu_10,Bài,1. xã hội nguyên thuỷ,[66],"[""data/corpus/lichsu_10/lichsu_10.pdf_66.jpg.txt""]","CỔ ĐẠI VÀ TRUNG ĐẠI Đến đây, chúng ta đã biết ba thời kì lớn của lịch sử loài người : thời kì xã hội nguyên thuỷ, thời kì cổ đại và thời kì phong kiến (còn được gọi là thời trung đại) 1. xã hội nguyên thuỷ Thời kì xã hội nguyên thuỷ là hước đi đầu tiên chập chững của loài người mà dân tộc nào cũng phải trải qua. Việc tạo ra lửa và dùng lửa, việc làm ra công cụ lao động từ thô sơ đến chính xác, đa dạng và sử dụng có hiệu quả đã chứng tỏ tinh thần lao động sáng tho tạo, luôn luôn cải tiến công cụ ",,,,,
relation,lichsu_12_s278_bai23_sec5_001:6:e5-RELATED_TO-e6,RELATED_TO,e5,Place,miền Bắc,e6,Time,cuối tháng 6 - 1973,miền Bắc căn bản hoàn thành tháo gỡ thủy lôi bom mìn,"Đến cuối tháng 6 - 1973, miên Bắc căn bán hoàn tháo gi thuý lôi bom mìn",0.95,lichsu_12_s278_bai23_sec5_001,lichsu_12,Bài 23,RA SỨC CHI VIỆN CHO MIỀN NAM,"[188, 189]","[""data/corpus/lichsu_12/lichsu_12.pdf_188.jpg.txt"", ""data/corpus/lichsu_12/lichsu_12.pdf_189.jpg.txt""]","sức chi viên cao miền dân miền Nam đấu tranh chống địch ""binh định - lấn chiếm"", tạo thế và lực tiến tới cuốc Tổng tiên công và nổi dây giái phóng hoàn toàn miền Nam giành toàn ven lãnh thổ Tổ quốc RA SỨC CHI VIỆN CHO MIỀN NAM Hiệp dinh Pan năm 1973 về Việt Nam được kí kết, quân Mĩ cùng với quân đồng thu minh của Mĩ rút khỏi nước ta, làm thay đổi so sánh lực lương ở miền Nam có lơi cho cách mang, Miền Bắc trở lại hoà bình, vừa tiến hành khắc phục hậu quả chiến tranh, khôi phục và phát triển kinh",,,,,
relation,lichsu_12_s256_bai22_sec4_001:7:e8-RELATED_TO-e9,RELATED_TO,e8,Concept,Việt Nam hóa chiến tranh,e9,Organization,đế quốc Mĩ,Chiến lược Việt Nam hóa chiến tranh của đế quốc Mĩ,"chiến lược ""Chiến tranh cục bộ ""Viêt Nam hoa chiên tranh"" và chiến tranh băng không quân, hải quân phá hoại miền Bắc của đề quốc Mi",0.95,lichsu_12_s256_bai22_sec4_001,lichsu_12,Bài 22,VUA CHIẾN ĐẦU VƯA SẢN XUẤT (1973),"[168, 169, 170, 171, 172, 173]","[""data/corpus/lichsu_12/lichsu_12.pdf_168.jpg.txt"", ""data/corpus/lichsu_12/lichsu_12.pdf_169.jpg.txt"", ""data/corpus/lichsu_12/lichsu_12.pdf_170.jpg.txt"", ""data/corpus/lichsu_12/lichsu_12.pdf_171.jpg.txt"", ""data/corpus/lichsu_12/lichsu_12.pdf_172.jpg.txt"", ""data/corpus/lichsu_12/lichsu_12.pdf_173.jpg.txt""]","Sài Gòn những thiết hại năng, có nguy cơ tan rã, làm phá sản hoàn toàn chiến lược ? Chiến tranh đặc biệt? của Mi Chiến tranh đặc biệt"" (1961) ở miền Nam Quân dân miên Nam chiến đầu chống chiến tranh VUA CHIẾN ĐẦU VƯA SẢN XUẤT (1973) Trong những năm 1965 1973, nhân dân ta ở hai miền Nam ? Bắc cùng chiến đấu đánh bại liên tiếp chiến lược ""Chiến tranh cục bộ ""Viêt Nam hoa chiên tranh"" và chiến tranh băng không quân, hải quân phá hoại miền Bắc của đề quốc Mi niên đầu chông chiến tranh phá hoại, vừa ",,,,,
relation,lichsu_12_s252_bai21_sec18_001:4:e3-RELATED_TO-e7,RELATED_TO,e3,Concept,"Chiến lược ""Chiến tranh đặc biệt""",e7,Organization,Mĩ,"Chiến lược ""Chiến tranh đặc biệt"" là của Mĩ","chiến lược Chiến tranh đặc biệt"" (1961 - 1965)",0.9,lichsu_12_s252_bai21_sec18_001,lichsu_12,Bài 21,1. Chiến lược ?Chiến tranh đặc biệt? của Mĩ ở miền Nam,"[165, 166, 167, 168, 169, 170, 171, 172]","[""data/corpus/lichsu_12/lichsu_12.pdf_165.jpg.txt"", ""data/corpus/lichsu_12/lichsu_12.pdf_166.jpg.txt"", ""data/corpus/lichsu_12/lichsu_12.pdf_167.jpg.txt"", ""data/corpus/lichsu_12/lichsu_12.pdf_168.jpg.txt"", ""data/corpus/lichsu_12/lichsu_12.pdf_169.jpg.txt"", ""data/corpus/lichsu_12/lichsu_12.pdf_170.jpg.txt"", ""data/corpus/lichsu_12/lichsu_12.pdf_171.jpg.txt"", ""data/corpus/lichsu_12/lichsu_12.pdf_172.jpg.txt""]","đổi với miền Bắc nước ta, Miền Bắc phải chuyển hướng xây dưng và phát triển kinh tế cho phù hợp với điều kiên chiến tranh D Đại hội dại biểu toàn quốc lần thứ III của Đảng họp trong bối cảnh lịch sử 1. Chiến lược ?Chiến tranh đặc biệt? của Mĩ ở miền Nam Từ cuối năm 1960, hình thức thống trị bằng chính quyền tay sai độc tài Ngô Đình Diêm bị thất bại, để quốc Mi buộc phải chuyển sang thực hiện chiến lược Chiến tranh đặc biệt"" (1961 - 1965) ""Chiến tranh đặc biết"""" là hình thức chiến tranh xâm lược ",,,,,
relation,lichsu_10_s109_001:2:e2-RELATED_TO-e6,RELATED_TO,e2,Concept,Giang sơn,e6,Event,Bình Ngô đại cáo,Giang sơn được nhắc đến trong Bình Ngô đại cáo,Xã tắc từ đây vững bền; Giang sơn từ đây đổi mới [...] (Bình Ngô đại cáo),0.95,lichsu_10_s109_001,lichsu_10,Bài,TRONG CÁC THẾ KÍ XV,"[99, 101]","[""data/corpus/lichsu_10/lichsu_10.pdf_101.jpg.txt"", ""data/corpus/lichsu_10/lichsu_10.pdf_99.jpg.txt""]","[..] Xã tắc từ đây vững bền; Giang sơn từ đây đổi mới [...] Một cỗ nhung y chiến thắng, nên công oanh liệt ngàn năm ; Bốn phương biển cả thanh bình, ban chiếu duy tân khắp chốn. (Bình Ngô đại cáo) B TRONG CÁC THẾ KÍ XV Trong các thế kỉ X - XV, cùng với sự nghiệp chính trị 19 quân sự và phát triển kinh tế, nhân dân Việt Nam đã từng bước xây dựng cho mình một nền văn hoá mang đậm bản sắc dân tộc. Những thành tựu văn hoá đạt được, vừa là sản phẩm của sự nghiệp chung nói trên, vừa đặt nền móng vững ",,,,,
relation,lichsu_10_s60_001:7:e5-RELATED_TO-e9,RELATED_TO,e5,Concept,Chế độ phong kiến - trung đại,e9,Concept,nông dân lĩnh canh,Giai cấp nông dân lĩnh canh hình thành trong xã hội phong kiến,nông dân lĩnh canh,0.95,lichsu_10_s60_001,lichsu_10,Bài,3. Xã hội phong kiến - trung đại,"[66, 67, 68]","[""data/corpus/lichsu_10/lichsu_10.pdf_66.jpg.txt"", ""data/corpus/lichsu_10/lichsu_10.pdf_67.jpg.txt"", ""data/corpus/lichsu_10/lichsu_10.pdf_68.jpg.txt""]","xã hội. nhiều Xã Xã hội chiếm nô phát triển cao và nhanh hơn xã hội cố đại phương Đông, bắt và ngày đầu khoảng gân 1000 năm TCN và châm dứt vào năm 476, đông thời cũng kết nhang thúc thời cổ đại. 3. Xã hội phong kiến - trung đại - Các nước phương Đông chuyển sang chế độ phong kối sớm; từ khoảng những thế kỉ cuối trước Công nguyên. Hình thành trong xã hội hai giai cấp địa chủ và nông dân lĩnh canh, phản ánh quan hệ bóc lột chủ yếu là bóc lột địa tô. Trong điều kiện đó, vua chuyên chế không mất đi",,,,,
relation,lichsu_12_s44_bai4_sec3_003:6:e6-RELATED_TO-e9,RELATED_TO,e6,Place,Phnôm Pênh,e9,Time,7 1 - 1979,Thủ đô Phnôm Pênh được giải phóng vào ngày 7-1-1979,"Ngày 7 1 - 1979, thủ đô Phnôm Pênh được giải",0.95,lichsu_12_s44_bai4_sec3_003,lichsu_12,Bài 4,VIỆT NAM TÊN NƯỚC,"[25, 26, 27, 28]","[""data/corpus/lichsu_12/lichsu_12.pdf_25.jpg.txt"", ""data/corpus/lichsu_12/lichsu_12.pdf_26.jpg.txt"", ""data/corpus/lichsu_12/lichsu_12.pdf_27.jpg.txt"", ""data/corpus/lichsu_12/lichsu_12.pdf_28.jpg.txt""]","18 - 3 - 1970, Chính phủ Xihanúc bị lật đó bởi các thể lực lay sai của Mi Từ đây, nhân dân Campuchia sát cánh cùng nhân dân Vi tào tiến hành Chiến cuộc kháng chiến chống Mi, từng bước giành thăng lơi. Ngày 17 4 1975 thi thủ đô Phnôm Pênh được giải phóng Cuộc kháng chiến chống Mĩ của nhân dân Campuchia kết thúng lơi Ngay sau đó, tập đoàn Khome đỏ do Pôn Pốt cầm đầu đã phản bội cách mang thi hành chính sách diệt chủng, tàn sát hàng triêu người dân vô lôi Nhân dân Campuchia, được sự giúp đô của quâ",,,,,
relation,lichsu_11_s132_bai23_sec2_001:5:e10-RELATED_TO-e8,RELATED_TO,e10,Organization,Hội Duy tân,e8,Time,Tháng 5 1904,Hội Duy tân được thành lập vào tháng 5 năm 1904,"Tháng 5 1904, tại Quảng Nam Các Phan Bôi Châu cùng các đông chí của ông thành lập Hôi Duy tân",0.9,lichsu_11_s132_bai23_sec2_001,lichsu_11,Bài 23,TỪ ĐẦU THẾ KÍ XX ĐẾN CHIÊN TRANH THỨ NHÁT (1914),"[137, 138, 140, 141]","[""data/corpus/lichsu_11/lichsu_11.pdf_137.jpg.txt"", ""data/corpus/lichsu_11/lichsu_11.pdf_138.jpg.txt"", ""data/corpus/lichsu_11/lichsu_11.pdf_140.jpg.txt"", ""data/corpus/lichsu_11/lichsu_11.pdf_141.jpg.txt""]","tiến hành khai thác, thực dân Pháp vẫn duy trì phương thức bóc lột phong kiến trong mọi lĩnh vực kinh tế và đời sống xã hội. Dưới tác động của cuộc khai thác thuộc địa lần thứ nhất của thực dân Pháp, TỪ ĐẦU THẾ KÍ XX ĐẾN CHIÊN TRANH THỨ NHÁT (1914) Vào đầu thế kỉ XX, cùng với sự xuất hiện tân và tiểu tư sản, nhiều Tân thờ, Tân báo của Trung Hoa cổ đông cho tưởng dân chủ tư sản được dưa vào nước ta, Các sĩ phu yêu nước thức thời đã tiếp nhận tư tưởng đó một cách nông nhiệt, Những đối mới của Nhật",,,,,
relation,lichsu_10_s119_001:5:e8-RELATED_TO-e5,RELATED_TO,e8,Person,Tương Dực,e5,Organization,triều Lê sơ,Tương Dực là vua của triều Lê sơ,Tương Dực,0.8,lichsu_10_s119_001,lichsu_10,Bài,1. Sự sụp đổ của triều Lê sơ. Nhà Mạc được thành lập,"[106, 107]","[""data/corpus/lichsu_10/lichsu_10.pdf_106.jpg.txt"", ""data/corpus/lichsu_10/lichsu_10.pdf_107.jpg.txt""]","chưa được bao lâu thì xảy ra cuộc chiến tranh Nam ? Bắc triều và tiếp đó là chiến tranh Trịnh - Nguyễn. Hai chính quyền ở Đàng Ngoài và Đàng Trong được hình thành, tại nhang cho đến cuối thế kỉ xviil 1. Sự sụp đổ của triều Lê sơ. Nhà Mạc được thành lập Đầu thế kỉ XVI, triều Lê sơ suy sụp. Sau khi vua Lê Hiến Tông chết, các vua Uy Mục, Tương Dực không còn quan tâm đến việc triều chính, chỉ lo ăn chơi, sa đoạ, Quan lại, địa chủ nhân đó hoành hành, hạch sách nhân dân, chiếm đoạt ruộng đất: Nhân dân",,,,,
relation,lichsu_11_s35_bai10_sec2_002:1:e1-RELATED_TO-e2,RELATED_TO,e1,Place,Nga,e2,Concept,Chính sách kinh tế mới,Chính sách kinh tế mới được thực hiện ở Nga,"Bằng việc thực hiên Chính sách kinh tế mới, chỉ sau một thời gian ngân, nền khi kinh tế quốc dân của nước Nga Xô viết đã có những chuyển biên rõ rệt",0.95,lichsu_11_s35_bai10_sec2_002,lichsu_11,Bài 10,THI CHÍNH SÁCH KINH TẾ MỚI VÀ CÔNG CUỘC KIÔH TẾ,"[53, 54, 55]","[""data/corpus/lichsu_11/lichsu_11.pdf_53.jpg.txt"", ""data/corpus/lichsu_11/lichsu_11.pdf_54.jpg.txt"", ""data/corpus/lichsu_11/lichsu_11.pdf_55.jpg.txt""]","nước ngoài đầu tư, kinh doanh ở Nga Nhà nước năm các ngành kinh tế chủ chốt như công nghiệp, giao thông vận tải, ngàn hàng, ngoại thương Nhà nước chấn chỉnh việc tổ chức, quản lí sản xuất công nghiệp. Phần lớn các xí nghiệp chuyển sang chế độ tự hạch tế, cải tiến chế độ tiền lương nhâm nâng cao năng suất lao động Trong lính vực thương nghiệp và tiên tê, tư nhân được tự do buôn bán, trao đổi, mở lại các chơ, khôi phục và đẩy mạnh mối liên hệ giữa thành thị và nông thôn Năm 1924, Nhà nước phát hàn",,,,,
relation,lichsu_10_s212_002:3:e4-RELATED_TO-e1,RELATED_TO,e4,Time,Năm 1844,e1,Person,Áng ghen,"Năm 1844, Áng ghen sang Pa-ii","Năm 1844, Áng ghen sang Pa-ii",0.95,lichsu_10_s212_002,lichsu_10,Bài,1. Buổi đầu hoạt động cách mạng của Ph. ng-ghen thuy,"[188, 189]","[""data/corpus/lichsu_10/lichsu_10.pdf_188.jpg.txt"", ""data/corpus/lichsu_10/lichsu_10.pdf_189.jpg.txt""]","ấp vô sản không chỉ là nạn nhân của chủ nghĩa tư bản mà còn là lực lượng có thể đánh đổ sự thống trị của giai cấp tư sản và tự giải phóng khỏi mọi xiềng xích. Năm 1844, Áng ghen sang Pa-ii và gặp Mác. Cuộc gặp gỡ này đã mở đầu tình bạn và sự cộng tác giữa hai ông. Then Từ năm 1844 đến năm 1847, những tác phẩm của Mác và Áng-ghen cho thấy chiến thi sự chín muồi về những quan điểm triết học, kinh tế ? chính trị học và chủ nghĩa xã hội khoa học, từng bước hình thuyết Mác. B",,,,,
relation,lichsu_12_s146_bai14_sec8_001:5:e7-RELATED_TO-e6,RELATED_TO,e7,Organization,Đảng,e6,Event,Tổng khởi nghĩa tháng Tám,Những cuộc tập dượt đầu tiên của Đảng và quần chúng cho Tổng khởi nghĩa tháng Tám sau này,Các chố cuốc lập dươt đầu tiên của Đảng và quân chúng cho Tổng khới nghĩa tháng Tâm sau này,0.95,lichsu_12_s146_bai14_sec8_001,lichsu_12,Bài 14,4. Ý nghĩa lịch sử và bài học kinh nghiệm của phong trào cách mạng,"[94, 95, 96]","[""data/corpus/lichsu_12/lichsu_12.pdf_94.jpg.txt"", ""data/corpus/lichsu_12/lichsu_12.pdf_95.jpg.txt"", ""data/corpus/lichsu_12/lichsu_12.pdf_96.jpg.txt""]","mang cả nước chóng lại cuốc khúng bố và các thủ đoan thâm độc của kê thù; đồng thời có những chỉ thị cụ thể cho Nghệ - Tỉnh và kêu gọi nhân dân cả nước đầu tranh ủng hộ và bảo vệ Xô viết Nghê - Tinh 4. 1931 chỉ diễn ra trong một thời gian ngắn nhưng có ý nghĩa lịch sử to lớn Phong trào kháng đổnh đúng đân của Đảng quyền lãnh đạo của giai cấp công nhân đối với cách mạng Đông Dương, Từ phong trào, khối liên minh công nông được hình thành, công nhân đã đoàn kết trong đấu tranh cách mang Phong trào ",,,,,
relation,lichsu_12_s72_bai7_sec5_001:1:e1-RELATED_TO-e2,RELATED_TO,e1,Place,Việt Nam,e2,Time,1950 - 1973,"Trong giai đoạn 1950-1973, nhiều thuộc địa của Anh, Pháp, Hà Lan tuyên bố độc lập, đánh dấu thời kì phi thực dân phạm vi thế giới Tây Âu","Trong giai đoạn 1950 ? 1973, nhiều thuộc địa của Anh, Pháp, Hà Lan tuyên bố độc lập, đánh dầu thời kì ?phi thực dân phạm vi thế giới Tây Au",0.9,lichsu_12_s72_bai7_sec5_001,lichsu_12,Bài 7,THI TÂY ÂU TỪ NĂM 1973 ĐẾN NĂM 1991,"[47, 48, 49]","[""data/corpus/lichsu_12/lichsu_12.pdf_47.jpg.txt"", ""data/corpus/lichsu_12/lichsu_12.pdf_48.jpg.txt"", ""data/corpus/lichsu_12/lichsu_12.pdf_49.jpg.txt""]","Lan vv đều phán đồi cuốc chiến tranh của Mĩ ở Việt Nam Trong giai đoạn 1950 ? 1973, nhiều thuộc địa của Anh, Pháp, Hà Lan tuyên bố độc lập, đánh dầu thời kì ?phi thực dân phạm vi thế giới Tây Au ? THI TÂY ÂU TỪ NĂM 1973 ĐẾN NĂM 1991 Về kinh tế, do tác đông của cuộc khủng hoáng năng lương thế giới, cũng như Mi và Nhật Bản, từ năm 1973 nhiều nước tư bản chủ yếu ở Tây Au lâm vào tình trang Nguy thoái, khúng hoàng, phát triển không ốn định, kéo dài đến đầu thập kỉ 90 Trong Từ năm 1973 đến năm 1992, ",,,,,
relation,lichsu_10_s165_002:2:e5-RELATED_TO-e4,RELATED_TO,e5,Concept,ách đô hộ của các triều đại phương Bắc,e4,Time,Hơn 1000 năm,Ách đô hộ của các triều đại phương Bắc kéo dài hơn 1000 năm.,Hơn 1000 năm dưới ách đô hộ của các triều đại phương Bắc,0.9,lichsu_10_s165_002,lichsu_10,Bài,1. Sự hình thành của truyền thống yêu nước Việt Nam,"[137, 138, 139]","[""data/corpus/lichsu_10/lichsu_10.pdf_137.jpg.txt"", ""data/corpus/lichsu_10/lichsu_10.pdf_138.jpg.txt"", ""data/corpus/lichsu_10/lichsu_10.pdf_139.jpg.txt""]","ợc lan truyền rộng khắp cùng với việc xây dựng miều thờ các và vị anh hùng chống đô hộ đã thực sự găn kết, khắc sâu lòng yêu nước của người dân Việt để từ đó hình thành truyền thống yêu nước Việt Nam. B Phân tích những biểu hiện của lòng yêu nước Việt Nam qua các cuộc khới nghĩa thời Bắc thuộc. 2, Phát triển và tôi luyên truyền thống yêu nước trong các thế kỉ phong kiến độc lập Thế kỉ X, đất nước trở lại độc lập, tự chủ với lãnh thổ, tiếng nói, phong tục tập quán, tín ngưỡng riêng, cổ truyền. Đó",,,,,
relation,lichsu_12_s56_bai5_sec5_001:5:e5-RELATED_TO-e2,RELATED_TO,e5,Person,Nenxon Mandela,e2,Concept,chế độ phân biệt chủng tộc (Apacthai),Nenxon Mandela tích cực đấu tranh chống chế độ Apacthai,ông đã tích cực đấu tranh chống chế đô Apácthai,0.95,lichsu_12_s56_bai5_sec5_001,lichsu_12,Bài 5,XAO TÔMÊ VÀ PRINXIP THENG,"[35, 36, 37]","[""data/corpus/lichsu_12/lichsu_12.pdf_35.jpg.txt"", ""data/corpus/lichsu_12/lichsu_12.pdf_36.jpg.txt"", ""data/corpus/lichsu_12/lichsu_12.pdf_37.jpg.txt""]",T XUĐĂNG PHAXO Gall 1960 1956 GHINÊ 1960 GIBUTL NIGIERIA 11977 19581 XÔMALI ETIOPIA 1960 TRUNG PHI 1974 SP CAMORUN 1960 GHINÊN 1960 STAR UGAINĐA XÍCH ĐAQ4975 01/115000000199 1962 KÊN ANH VINIIGNINE XAO TÔMÊ VÀ PRINXIP THENG 1963 1968 CHDOS 1962 BURUNDI JANDALITICAL CÔNGGÔ EN 1960 1962 1960 TANDANIA Hó T 1964 VĂNGG LI TH CÔMO MALAUY 1975 D 1975 DẦMBIẠT 1964 1964 Q DIMBABUÊ MADAGAXCA NAMIBIA 1980 1960 1990 BỐTXOAN 1975 MÔRIXƠ 1966 I 1968 Các nước châu Phi ROADILEN Các nước khác K LÊ XỐ THÔ NIGIÊ T,,,,,
relation,lichsu_10_s208_001:4:e4-RELATED_TO-e5,RELATED_TO,e4,Person,Xanh Xi mông,e5,Place,Pháp,Xanh Xi mông là đại biểu ở Pháp.,"Xanh Xi mông, Sác lơ Phu niê ở Pháp",0.95,lichsu_10_s208_001,lichsu_10,Bài,3. Chủ nghĩa xã hội không tưởng,"[183, 184, 185, 186, 187]","[""data/corpus/lichsu_10/lichsu_10.pdf_183.jpg.txt"", ""data/corpus/lichsu_10/lichsu_10.pdf_184.jpg.txt"", ""data/corpus/lichsu_10/lichsu_10.pdf_185.jpg.txt"", ""data/corpus/lichsu_10/lichsu_10.pdf_186.jpg.txt"", ""data/corpus/lichsu_10/lichsu_10.pdf_187.jpg.txt""]","đánh dấu sự trưởng thành của công nhân, tạo điều kiện quan trọng cho sự ra đời của lí luận khoa học sau này. B Những cuộc đấu tranh của công nhân Anh, Pháp, Đức hồi nửa đầu thế kỉ XIX phản ánh đình ? 3. Chủ nghĩa xã hội không tưởng Nghi thi Đầu thế kỉ XIX, chủ nghĩa tư bản đang trên đà phát triển, một mặt đã sản ""nhà như xuất ra một khối lượng sản phẩm đồ sộ và tốc độ ""đô thị hoá"""" tăng lên rất nhanh, người nhưng mặt khác cũng phơi bày những hạn chế của nó : sự bóc lột tàn nhần của nha và người ",,,,,
relation,lichsu_12_s88_bai8_sec2_002:13:e6-RELATED_TO-e7,RELATED_TO,e6,Place,Nhật Bản,e7,Organization,Mĩ,Nhật Bản chấp nhận sự bảo hộ hạt nhân của Mĩ,"Nhật Bản chấp nhận đứng dưới ""chiếc ô"" bảo hộ hạt nhân của Mĩ",0.95,lichsu_12_s88_bai8_sec2_002,lichsu_12,Bài 8,NHẬT BẢN TỪ NĂM 1945 ĐẾN NĂM 1952,"[52, 53]","[""data/corpus/lichsu_12/lichsu_12.pdf_52.jpg.txt"", ""data/corpus/lichsu_12/lichsu_12.pdf_53.jpg.txt""]","ỉ có lực lương phòng về dân sự bảo đảm an ninh, trong nước Về kinh tế, SCAP đã thực hiên ba cuộc cải cách lớn : một là, thủ tiêu chế độ tập thu nghi trung kinh tế, trước hết là giải lán các ""Daibatxu? (lức là các tập đoàn, công ti lung nhi bản lũng đoạn còn mang nhiều tính chất dòng tộc), hai là, cải cách ruộng đất, quy đinh địa chủ chỉ được sở hữu không quá 3 hécta ruộng, số còn lại Chính phủ đem nguy nha bán cho nông dân , ba là, dân chủ hoá lao đông (thông qua việc thực hiên các dao luật về l",,,,,
relation,lichsu_11_s35_bai10_sec2_003:6:e5-RELATED_TO-e9,RELATED_TO,e5,Organization,Liên bang Cộng hoà xã hội chủ nghĩa Xô viết,e9,Place,Ngoại Cáp-ca-dơ,Ngoại Cáp-ca-dơ là một trong 4 nước Cộng hoà Xô viết đầu tiên của Liên Xô,Ngoại Cáp-ca-dơ,0.95,lichsu_11_s35_bai10_sec2_003,lichsu_11,Bài 10,THI CHÍNH SÁCH KINH TẾ MỚI VÀ CÔNG CUỘC KIÔH TẾ,"[53, 54, 55]","[""data/corpus/lichsu_11/lichsu_11.pdf_53.jpg.txt"", ""data/corpus/lichsu_11/lichsu_11.pdf_54.jpg.txt"", ""data/corpus/lichsu_11/lichsu_11.pdf_55.jpg.txt""]","tế, Cho đến nay, Chính sách kinh tế mới còn để lai nhiều kinh nghiệm đối với công cuộc xây dưng chủ nghĩa xã hội ở một số nước trên thế giói Chính sách kinh tế mới tác động đến nền kinh tế nước Nga ? (xem bảng thống kê) 2 Sự thành lập Liên bang Cộng hoà xã hội chủ nghĩa Xô viết Công cuộc xây dưng và bảo về đất nước đòi hỏi các dân tộc trên lãnh thổ Xô viết phải liên minh chat chế với nhau nhằm lăng cường sức manh về mọi mal Di chi Dưới sự chỉ đạo trực tiếp của Lê nin, Đại hội lần thứ nhất các xô",,,,,
relation,lichsu_10_s75_bai15_sec4_001:7:e8-RELATED_TO-e9,RELATED_TO,e8,Event,lật đổ chính quyền Hai Bà Trưng,e9,Organization,chính quyền đô hộ,"Sau khi lật đổ Hai Bà Trưng, chính quyền đô hộ tăng cường kiểm soát","Từ sau khi lật đồ được chính quyền của Hai Bà Trưng, chính quyền đô hộ tăng cường việc kiểm soát",0.9,lichsu_10_s75_bai15_sec4_001,lichsu_10,Bài 15,"VÀ NHỮNG CHUYẾN BIẾN TRONG KINH TẾ, VĂN HOÁ HỘI","[80, 81]","[""data/corpus/lichsu_10/lichsu_10.pdf_80.jpg.txt"", ""data/corpus/lichsu_10/lichsu_10.pdf_81.jpg.txt""]","cai trị làm cho xã hội nước ta có những chuyển biến nhất định, nhưng đồng thời cũng có nhiều mặt bị kìm hãm tâm bị đô hộ, nhân dân ta không ngừng vùng lên đấu tranh nhằm giành lại độc lập, tự chủ. VÀ NHỮNG CHUYẾN BIẾN TRONG KINH TẾ, VĂN HOÁ HỘI VIỆT NAM 1, Chế độ cai trị cha a la la la la hay cổ chức bộ máy cai trị Sau khi chiếm được Âu Lạc, nhà Triệu chia thành 2 quận, sáp nhập vào quốc gia Nam Việt: Thời nhà Hán, Âu Lạc bị chia làm 3 quận, sáp nhập vào bộ Gia Giao Chỉ cùng với một số quận của ",,,,,
relation,lichsu_12_s70_bai7_sec3_001:5:e7-RELATED_TO-e6,RELATED_TO,e7,Place,Cộng hoà Liên bang Đức,e6,Time,đầu thập kỉ 70,Cộng hoà Liên bang Đức là cường quốc công nghiệp thứ ba vào đầu thập kỉ 70,"Đến đầu thập kỉ 70, Cộng hoà Liên bang Đức là cường quốc công nghiếp người đứng thứ ba",0.95,lichsu_12_s70_bai7_sec3_001,lichsu_12,Bài 7,THÀNH TH THỊ NĂM 1950 ĐẾN NĂM 1973,"[46, 47]","[""data/corpus/lichsu_12/lichsu_12.pdf_46.jpg.txt"", ""data/corpus/lichsu_12/lichsu_12.pdf_47.jpg.txt""]","năm 1950, các nước tư bản Tây Au với sự viên tro của Mĩ đã cơ bản ổn định và phục hồi về mọi mặt, trở thành đối trọng với khối xã hôi chủ nghĩa Đông Au vừa mới hình thành thể giới thứ hai (1945 1950) THÀNH TH THỊ NĂM 1950 ĐẾN NĂM 1973 Về kinh tế, sau giai đoan phục hồi, từ thập kỉ 50 đến đầu thập kí 70, nên kinh tế của các nước tư bản chủ yếu ở Tây Âu đều có sự phát triển nhanh Đến đầu thập kỉ 70, Cộng hoà Liên bang Đức là cường quốc công nghiếp người đứng thứ ba, Anh đứng thứ tư và Pháp đứng th",,,,,
relation,lichsu_12_s164_bai16_sec6_001:7:e12-RELATED_TO-e10,RELATED_TO,e12,Person,G. Đờcu,e10,Place,Đông Dương,Đô đốc G. Đờcu được cử làm Toàn quyền ở Đông Dương,"Đô đốc G. Đờcu được cử làm Toàn quyền thay G. Catoru. Chính quyền mới thực hiên một loạt chính sách nhâm vơ vét sức người, sức của ở Đông Dương",0.95,lichsu_12_s164_bai16_sec6_001,lichsu_12,Bài 16,1. Tình hình chính tri,"[102, 103]","[""data/corpus/lichsu_12/lichsu_12.pdf_102.jpg.txt"", ""data/corpus/lichsu_12/lichsu_12.pdf_103.jpg.txt""]","thời chuyển hướng đấu tranh, tích cực chuẩn bị về moi mặt Giữa tháng 8 - 1945 thời cơ đến, Đảng lãnh đạo nhân dân cả nước khởi nghĩa giành chính quyền Nước Việt Nam Dân chủ Công hoà được thành lập 1. Tình hình chính tri Đầu tháng 9 - 1939, Chiến tranh thế giới thứ hai bùng nổ. Ở châu Âu, quân đội 19 phát xít Đức kéo vào nước Pháp. Chính phủ Pháp đầu hàng phát xít Đức, thưc hiên chính sách thủ dịch đối với các lực lượng tiến bộ trong nước và phong trào cách mang các nước thuộc dia. Ở Đông Dương, ",,,,,
relation,lichsu_10_s106_001:10:e11-RELATED_TO-e5,RELATED_TO,e11,Place,Lam Sơn,e5,Organization,quân Minh,Nghĩa quân Lam Sơn nhiều lần bị quân Minh tiến đánh,"Mặc dù nhiều lần bị quân Minh tiến đánh dữ đội, nghĩa quân vẫn giữ vững tinh thần chiến đấu",0.95,lichsu_10_s106_001,lichsu_10,Bài,VÀ KHỞI NGHĨA LAM SƠN,"[98, 99]","[""data/corpus/lichsu_10/lichsu_10.pdf_98.jpg.txt"", ""data/corpus/lichsu_10/lichsu_10.pdf_99.jpg.txt""]","đó, dưới sự chí huy của Thái tử Ha ri gít, tập trung lực lượng đánh lui quân xâm lược Một bộ phận của chúng phải rút lên phía bắc, theo sự điều động của nhà Nguyên đánh vào phía nam của Đại Việt. B VÀ KHỞI NGHĨA LAM SƠN Chối thế kỉ XIV, nhà Trần suy vong, Năm 1400, nhà Hồ thành lập. Cuộc cải thi chi cách của nhà Hồ chưa đạt được kết quả mong muốn thì quân Minh ổ ạt tiến sang Xã Thu xâm lược. Năm 1407, cuộc kháng chiến của nhà Hồ thất bại, nước ta rơi vào ách nhàng độ hộ của nhà Minh. Hàng loạt c",,,,,
relation,lichsu_10_s54_bai11_sec3_001:4:e6-RELATED_TO-e7,RELATED_TO,e6,Person,B. Đi-a-xơ,e7,Time,1487,B. Đi-a-xơ thực hiện chuyến thám hiểm vào năm 1487,"Năm 1487,B. ii a xơ",0.9,lichsu_10_s54_bai11_sec3_001,lichsu_10,Bài 11,1. Những cuộc phát kiến địa lĩ,"[60, 61, 62]","[""data/corpus/lichsu_10/lichsu_10.pdf_60.jpg.txt"", ""data/corpus/lichsu_10/lichsu_10.pdf_61.jpg.txt"", ""data/corpus/lichsu_10/lichsu_10.pdf_62.jpg.txt""]","đấu tranh, xây dựng một nền văn hoá mới trong phong trào Văn hoá Phục hưng, tiến hành tôn giáo Phong trào đấu tranh của nông dân ra sôi nổi Ở nước Đức, báo hiệu cho sự suy vong của chế độ phong kiến 1. Những cuộc phát kiến địa lĩ Sự phát triển nhanh chóng của lực lượng sản xuất đã làm cho nhu cầu về 19 thương liệu, vàng bạc, thị trường ngày một tăng. Nhưng từ thế kỉ XV, con đường giao lưu buôn bán qua Tây Á và Địa Trung Hải lại do người A-rập độc chiếm. Vấn đề cấp thiết đang được đặt ra là phải ",,,,,
relation,lichsu_12_s256_bai22_sec4_001:2:e2-RELATED_TO-e3,RELATED_TO,e2,Concept,Chiến tranh đặc biệt,e3,Time,1961,Chiến tranh đặc biệt diễn ra vào năm 1961,"Chiến tranh đặc biệt"" (1961)",0.95,lichsu_12_s256_bai22_sec4_001,lichsu_12,Bài 22,VUA CHIẾN ĐẦU VƯA SẢN XUẤT (1973),"[168, 169, 170, 171, 172, 173]","[""data/corpus/lichsu_12/lichsu_12.pdf_168.jpg.txt"", ""data/corpus/lichsu_12/lichsu_12.pdf_169.jpg.txt"", ""data/corpus/lichsu_12/lichsu_12.pdf_170.jpg.txt"", ""data/corpus/lichsu_12/lichsu_12.pdf_171.jpg.txt"", ""data/corpus/lichsu_12/lichsu_12.pdf_172.jpg.txt"", ""data/corpus/lichsu_12/lichsu_12.pdf_173.jpg.txt""]","Sài Gòn những thiết hại năng, có nguy cơ tan rã, làm phá sản hoàn toàn chiến lược ? Chiến tranh đặc biệt? của Mi Chiến tranh đặc biệt"" (1961) ở miền Nam Quân dân miên Nam chiến đầu chống chiến tranh VUA CHIẾN ĐẦU VƯA SẢN XUẤT (1973) Trong những năm 1965 1973, nhân dân ta ở hai miền Nam ? Bắc cùng chiến đấu đánh bại liên tiếp chiến lược ""Chiến tranh cục bộ ""Viêt Nam hoa chiên tranh"" và chiến tranh băng không quân, hải quân phá hoại miền Bắc của đề quốc Mi niên đầu chông chiến tranh phá hoại, vừa ",,,,,
relation,lichsu_12_s149_bai14_sec11_001:12:e11-RELATED_TO-e12,RELATED_TO,e11,Person,Nguyễn Ái Quốc,e12,Organization,Quốc tế Cộng sản,Nguyễn Ái Quốc được cử làm đại diện của Đảng tại Quốc tế Cộng sản.,Nguyễn Ai Quốc được cử làm đại diên của Đảng tại Quốc tế Công sản,0.95,lichsu_12_s149_bai14_sec11_001,lichsu_12,Bài 14,2. Đại hội đại biểu lần thứ nhất Đảng Công Dương (3 ? 1935),"[96, 97]","[""data/corpus/lichsu_12/lichsu_12.pdf_96.jpg.txt"", ""data/corpus/lichsu_12/lichsu_12.pdf_97.jpg.txt""]","thành lập do Lê Hông Phong đứng đầu Cuối năm 1934 ? đầu năm 1935, các xứ uỷ Bắc Kì, Trung Ki và Nam Kì được lập lại Như vây, đến đầu năm 1935, các tổ chức Đảng và phong trào quần chúng được phuc hồi. 2. Đại hội đại biểu lần thứ nhất Đảng Công Dương (3 ? 1935) Từ ngày 27 đến ngày 31 - 3 - 1935, Đại hôi đại biểu lần thứ nhất của Đảng hop tai Ma Cao (Trung Quốc), Tham dự Đại hội có 13 đại biểu, thay mất cho hơn 500 đảng viên thuộc các đảng bộ trong nước và các tổ chức Đảng đang hoạt động ở nước ngo",,,,,
relation,lichsu_10_s26_002:9:e1-RELATED_TO-e9,RELATED_TO,e1,Organization,nhà Tần,e9,Place,Trường Giang,nhà Tần thôn tính vùng Trường Giang,thôn tính vùng Trường Giang,0.95,lichsu_10_s26_002,lichsu_10,Bài,"1. Trung Quốc thời Tần, Hán","[28, 29, 30, 31]","[""data/corpus/lichsu_10/lichsu_10.pdf_28.jpg.txt"", ""data/corpus/lichsu_10/lichsu_10.pdf_29.jpg.txt"", ""data/corpus/lichsu_10/lichsu_10.pdf_30.jpg.txt"", ""data/corpus/lichsu_10/lichsu_10.pdf_31.jpg.txt""]","goài Hoàng đế chia đất nước thành các quận, huyện ; đặt các chức quan Thái thú (ở quận) và Huyên lệnh (ở huyện), Các quan lại phải hoàn toàn tuân theo mệnh lệnh của Hoàng đế và luật pháp của nhà nước. Nhà Tần tồn tại được 15 năm, rồi bị cuộc khởi nghĩa nông dân do Trần Thắng Ngô Quảng lãnh đạo làm cho suy sụp. Lưu Bang, một địa chủ phong kiến lên ngôi, lập ra nhà Hán (206 TCN 220) Các hoàng đế triều Hán tiếp tục củng cố bộ máy cai trị, mở rộng hình thức tiến cử cả con em gia đình địa chủ tham gi",,,,,
relation,lichsu_10_s102_001:6:e8-RELATED_TO-e7,RELATED_TO,e8,Person,Thái hậu họ Dương,e7,Person,Lê Hoàn,Thái hậu họ Dương tôn Lê Hoàn lên làm vua,bà Thái hậu họ Dương tôn lên làm vua,0.95,lichsu_10_s102_001,lichsu_10,Bài,VÀ I CÁC CUỘC KHÁNG CHIẾN CHỐNG QUÂN XÂM LƯỢC TỐNG,[96],"[""data/corpus/lichsu_10/lichsu_10.pdf_96.jpg.txt""]","các cuộc kháng chiến chống ngoại xâm. Với lòng yêu nước nồng nàn, với tinh thần chiến đấu kiên cường, anh dũng, nhân dại Việt đã làm nên biết bao chiến thắng huy hoàng, giữ vững nền độc lập dân tộc VÀ I CÁC CUỘC KHÁNG CHIẾN CHỐNG QUÂN XÂM LƯỢC TỐNG Đầu thế kỉ X, nhân dân Việt Nam đã giành lại được quyền tự chủ, lật đổ hoàn thà toàn chế độ đô hộ hơn một nghìn năm của phong kiến phương Bắc. Nhưng chẳng bao lâu sau chiến thắng Bạch Đằng năm 938, nhân dân ta đã phải đương đầu với hai lần xâm lược củ",,,,,
relation,lichsu_11_s24_bai7_sec1_002:11:e10-RELATED_TO-e4,RELATED_TO,e10,Event,Cách mạng Pháp 1789,e4,Person,Rút-xô,Rút-xô là một trong những nhà Khai sáng dọn đường cho Cách mạng Pháp 1789,"Các nhà Khai sáng thế kỉ XVII - XVIII được xem như ""những người đi trước dọn đường cho Cách mạng Pháp 1789 thắng lợi""",0.8,lichsu_11_s24_bai7_sec1_002,lichsu_11,Bài 7,Bài 7,"[36, 37, 38, 39]","[""data/corpus/lichsu_11/lichsu_11.pdf_36.jpg.txt"", ""data/corpus/lichsu_11/lichsu_11.pdf_37.jpg.txt"", ""data/corpus/lichsu_11/lichsu_11.pdf_38.jpg.txt"", ""data/corpus/lichsu_11/lichsu_11.pdf_39.jpg.txt""]","tiêng thế kỉ XVII về tranh chân dung, tranh phong cảnh với nhiều chất liêu - sơn dầu, khắc kim loại... Về tổ tổng, trào lưu Triết học Anh sáng thế kỉ XVII XXIII đã sản sinh ra nhiều nhà tư tưởng lớn ? các nhà Khai sáng, có vai trò quan trọng trong sự thắng lơi của Cách mang tư sản Pháp cuối thế kỉ XVIII và sự phát triển tư tưởng của châu Âu Đó là Mông le xki o (1689 1755), Vôn-le (1694 1778), Rút xô (1712 - 1778) nhà tư tưởng cấp tiến Mê-liê (1644 - 1729) và nhóm Bách khư do Đi-dơ-rô (1713 1784)",,,,,
relation,lichsu_10_s195_001:7:e10-RELATED_TO-e12,RELATED_TO,e10,Person,Giêmx Prc xcốt Giun,e12,Concept,phát minh về điện,Giêmx Prc xcốt Giun có phát minh về điện,những phát minh về điện của các nhà bác học như Giêmx Prc xcốt Giun,0.9,lichsu_10_s195_001,lichsu_10,Bài,ĐÊ QUỐC CHỦ NGHĨA,"[167, 168, 169, 170, 171, 172]","[""data/corpus/lichsu_10/lichsu_10.pdf_167.jpg.txt"", ""data/corpus/lichsu_10/lichsu_10.pdf_168.jpg.txt"", ""data/corpus/lichsu_10/lichsu_10.pdf_169.jpg.txt"", ""data/corpus/lichsu_10/lichsu_10.pdf_170.jpg.txt"", ""data/corpus/lichsu_10/lichsu_10.pdf_171.jpg.txt"", ""data/corpus/lichsu_10/lichsu_10.pdf_172.jpg.txt""]","do và người da đen), giai cấp tư sản miền Bắc đã xoá bỏ chế độ nô lệ ở miền Nam, tạo điều kiện cho chủ nghĩa tư bản phát triển ở khu và vực này, Nền kinh tế Mi đã vươn lên mạnh mẽ vào cuối thế kỉ XIX ĐÊ QUỐC CHỦ NGHĨA Cuối thế kỉ XIX ? đầu thế kỉ XX, các nước từ bản Âu Mĩ có những chuyển biến mạnh mẽ trong đời sống kinh tế xã hội, bước sang giai đoạn đế quốc chủ nghĩa. Đặc trong trưng cơ bản của giai đoạn này là sự ra đời của các tổ chức độc quyền và sự bóc lột ngày càng tinh vị đối với nghi nhâ",,,,,
relation,lichsu_12_s45_bai4_sec4_003:1:e1-RELATED_TO-e2,RELATED_TO,e1,Place,Brunây,e2,Concept,chính sách đa dạng hóa nền kinh tế,Brunây thực hiện chính sách đa dạng hóa nền kinh tế.,Chính chính sách đa dang hoa nền kinh tế,0.95,lichsu_12_s45_bai4_sec4_003,lichsu_12,Bài 4,2. Quá trình xây dựng và phát triển của các nước Đông Nam Á,"[26, 27, 28, 29, 30]","[""data/corpus/lichsu_12/lichsu_12.pdf_26.jpg.txt"", ""data/corpus/lichsu_12/lichsu_12.pdf_27.jpg.txt"", ""data/corpus/lichsu_12/lichsu_12.pdf_28.jpg.txt"", ""data/corpus/lichsu_12/lichsu_12.pdf_29.jpg.txt"", ""data/corpus/lichsu_12/lichsu_12.pdf_30.jpg.txt""]","ng nghiệp Các nước khác ở Đông Nam Á Nền kinh tế Brunây có nét khác biết Hầu như toàn bô thu nhập của nước này Nguyên đều dựa vào nguôn dầu mỏ và khí tư nhiên. Lương thưc, thưc phẩm phải nhập tới 80%. Từ giữa những năm 80 của thế kỉ XX, Chính chính sách đa dang hoa nền kinh tế để tiết kiêm nguồn năng lương dự trữ, gia tăng các mặt hàng tiêu dùng và xuất kháu Sau gần 30 năm thực hiên chính sách tư lực hướng nội của chính quyền quân sự; Mianma có tốc độ tăng trưởng kinh tế châm chạp. Từ cuối năm 1",,,,,
relation,lichsu_12_s107_bai10_sec4_001:3:e4-RELATED_TO-e5,RELATED_TO,e4,Concept,Cách mạng công nghiệp,e5,Time,Thế kỉ XVIII - XIX,Cách mạng công nghiệp diễn ra ở thế kỉ XVIII - XIX.,cách mạng công nghiệp ở thế kỉ XVIII - XIX,0.95,lichsu_12_s107_bai10_sec4_001,lichsu_12,Bài 10,CUỘC CÁCH MẠNG KHOA HỌC - CÔNG NGHỆ,"[66, 67, 68, 69]","[""data/corpus/lichsu_12/lichsu_12.pdf_66.jpg.txt"", ""data/corpus/lichsu_12/lichsu_12.pdf_67.jpg.txt"", ""data/corpus/lichsu_12/lichsu_12.pdf_68.jpg.txt"", ""data/corpus/lichsu_12/lichsu_12.pdf_69.jpg.txt""]","trên thế giới đã diễn ra cuốc cách mang khoa hoc ? kĩ thuật đã đưa lai biết bao thành lưu ki diệu và những đổi thay to lớn trong đời sống nhân loại Nền văn minh thế giới có những bước nhảy vọt mới CUỘC CÁCH MẠNG KHOA HỌC - CÔNG NGHỆ 1.Nguồn gốc và đặc điểm Cũng như cách mạng công nghiệp ở thế kỉ XVIII - XIX, cuộc cách mạng khoa học - kĩ thuật ngày nay diễn ra là do những đòi hỏi của cuộc sống, của sản xuất nhằm đấp ứng nhu cầu vật chất và tỉnh thần ngày càng cao của con người, nhất là trong tình",,,,,
relation,lichsu_12_s98_bai9_sec5_001:8:e10-RELATED_TO-e5,RELATED_TO,e10,Event,"cuộc kháng chiến chống Mĩ, cứu nước",e5,Organization,Mĩ,Cuộc kháng chiến chống Mĩ.,cuộc kháng chiến chống Mĩ,0.9,lichsu_12_s98_bai9_sec5_001,lichsu_12,Bài 9,3. Cuộc chiến tranh xâm lược Việt Nam của đế quốc Mĩ (1954 ? 1975),"[60, 61, 62]","[""data/corpus/lichsu_12/lichsu_12.pdf_60.jpg.txt"", ""data/corpus/lichsu_12/lichsu_12.pdf_61.jpg.txt"", ""data/corpus/lichsu_12/lichsu_12.pdf_62.jpg.txt""]","chiên được kí kết Theo đó, vì tuyến 38 vẫn là ranh giới quân sự giữa hai miền, Cuộc chiến ""tranh Triều Tiên là một ""ssn phẩm"""" của Chiến tranh lanh và là sư đung đầu trực tiếp đầu tiên giữa hai phe 3. Cuộc chiến tranh xâm lược Việt Nam của đế quốc Mĩ (1954 ? 1975) Sau Hiệp dinh Gionevơ năm 1954 về Đông Dương, Mĩ đã nhanh chóng thay thế Pháp, dưng lên chính quyền Ngô Đình Diêm, âm mưu chía cất lâu dài Việt Nam biến miền Nam Việt Nam thành thuộc địa kiểu mới và căn cứ quân sự của Mi Nhưng mưu đồ c",,,,,
relation,lichsu_11_s9_bai4_sec1_001:2:e7-RELATED_TO-e6,RELATED_TO,e7,Time,1939,e6,Place,Thái Lan,Việc Xiêm đổi tên thành Thái Lan xảy ra vào năm 1939,"Từ năm 1939, nước Xiêm đổi tên thành Thái Lan",0.9,lichsu_11_s9_bai4_sec1_001,lichsu_11,Bài 4,Bài 4,"[8, 9, 10, 17, 18]","[""data/corpus/lichsu_11/lichsu_11.pdf_10.jpg.txt"", ""data/corpus/lichsu_11/lichsu_11.pdf_17.jpg.txt"", ""data/corpus/lichsu_11/lichsu_11.pdf_18.jpg.txt"", ""data/corpus/lichsu_11/lichsu_11.pdf_8.jpg.txt"", ""data/corpus/lichsu_11/lichsu_11.pdf_9.jpg.txt""]","dai bác rôi băn cho tan xác. Mác dù thất bai, cuốc khới nghĩa Xipay có ý nghia Nhiện lon, tiêu biểu cho tỉnh thần dấu tranh bất khuất của nhân dân Ân Độ chống chủ nghĩa thực dân, giải phóng dân tộc Bài4 Cuối thế kỉ xix dâu thế kỉ xx) Đông Nam Á là một khu vực khá rông, bao gồm nhiều quốc gia trên lục địa và hải đảo, sớm trở thành mục tiêu xâm lược của các nước thực dân phương Tây, Từ nửa sau thế kỉ XIX, các nước ở Đông Nam Á đều trở thành thuộc địa, trừ Xiêm ? là giữ được độc lập nhưng bị lệ thu",,,,,
relation,lichsu_12_s44_bai4_sec3_002:8:e10-RELATED_TO-e12,RELATED_TO,e10,Place,Campuchia,e12,Organization,Đảng Nhân dân Cách mạng Campuchia,Đảng Nhân dân Cách mạng Campuchia lãnh đạo nhân dân Campuchia kháng chiến chống thực dân Pháp,"từ năm 1951 là Đảng Nhân dân Cách mang Campuchia, nhân dân Campuchia tiến hành cuộc kháng thực dân Pháp",0.95,lichsu_12_s44_bai4_sec3_002,lichsu_12,Bài 4,VIỆT NAM TÊN NƯỚC,"[25, 26, 27, 28]","[""data/corpus/lichsu_12/lichsu_12.pdf_25.jpg.txt"", ""data/corpus/lichsu_12/lichsu_12.pdf_26.jpg.txt"", ""data/corpus/lichsu_12/lichsu_12.pdf_27.jpg.txt"", ""data/corpus/lichsu_12/lichsu_12.pdf_28.jpg.txt""]","h đao chinh của Đảng Nhân dân Lào (thành lập ngày 22 - 3 - 1955) ? cuộc đấu tranh chống để quốc Mĩ được triển khai cả trên ba mặt trân - quân sự ? chính trị ? ngoai giao và giành được nhiều thăng lơi. Nhiều Nhân dân Lào đã lân lượt đánh bai các kế hoạch của Mĩ, đến dầu những năm 70 vùng giải phóng được mở rộng đến 4/5 lãnh thổ Do thắng lơi trên, cùng với việc Hiệp dinh Pan về Viết Nam được kí kết (1 - 1973) Các phái ở Lào đã thoả thuận kí Hiệp đinh Viêng Chăn (21 - 2 - 1973), lập lai hoà bình, t",,,,,
relation,lichsu_10_s59_002:2:e3-RELATED_TO-e1,RELATED_TO,e3,Concept,giai cấp chủ nô,e1,Concept,Xã hội chiếm nô,"giai cấp chủ nô là giai cấp bóc lột, thống trị trong xã hội chiếm nô","giai cấp chủ nô và là giai cấp bóc lột, thông trị. Tâng lớp những người nhiều the trong bình dân không có vai trò chủ yếu trong sản xuất cũng như trong đời sống xã hội. nhiều Xã Xã hội chiếm nô",0.95,lichsu_10_s59_002,lichsu_10,Bài,2. Xã hội cổ đại,"[66, 67]","[""data/corpus/lichsu_10/lichsu_10.pdf_66.jpg.txt"", ""data/corpus/lichsu_10/lichsu_10.pdf_67.jpg.txt""]","tê xuất hiện Thi quốc ra nhang đời và hoạt động nhộn nhịp Nhi nô lệ trở thành người sản xuất chính, Xã hội chiếm nô là một hình thức xã hà nha hội bóc lột chủ yếu những người nô lệ, Chủ các xãng buôn. Ngày làm thành giai cấp chủ nô và là giai cấp bóc lột, thông trị. Tâng lớp những người nhiều the trong bình dân không có vai trò chủ yếu trong sản xuất cũng như trong đời sống xã hội. nhiều Xã Xã hội chiếm nô phát triển cao và nhanh hơn xã hội cố đại phương Đông, bắt và ngày đầu khoảng gân 1000 năm",,,,,
relation,lichsu_10_s192_bai33_sec5_003:10:e10-RELATED_TO-e12,RELATED_TO,e10,Place,Mĩ,e12,Time,cuối thế kỉ XIX,Nền kinh tế Mĩ vươn lên mạnh mẽ vào cuối thế kỉ XIX.,Nền kinh tế Mi đã vươn lên mạnh mẽ vào cuối thế kỉ XIX,0.95,lichsu_10_s192_bai33_sec5_003,lichsu_10,Bài 33,PHONH MUA CỦA TBY BAN NHA,"[163, 164, 167, 168, 169]","[""data/corpus/lichsu_10/lichsu_10.pdf_163.jpg.txt"", ""data/corpus/lichsu_10/lichsu_10.pdf_164.jpg.txt"", ""data/corpus/lichsu_10/lichsu_10.pdf_167.jpg.txt"", ""data/corpus/lichsu_10/lichsu_10.pdf_168.jpg.txt"", ""data/corpus/lichsu_10/lichsu_10.pdf_169.jpg.txt""]","ây cho dân di cư (người được cấp đất chỉ phải trả một khoản tiền nhỏ), tạo điều kiện cho họ ổn định cuộc sống, phát triển kinh tế trang trại. Ngày 1 1 1863, sắc lệnh bãi bỏ chế độ nô lệ được ban hành. Nhờ vậy, hàng vạn nô lệ được giải phóng cùng với thẩm duyệt bản Tuyên ngôn Giải phóng nô lệ đông đảo dân tự do Người những người mới được cấp đất, đã gia nhập đội quân của Chính phủ Liên bang Sức mạnh của quân đội Liên bang được tăng cường Ngày 9 ? 4 ? 1865, trong trận đánh qấy công thủ phủ Hiệp ba",,,,,
relation,lichsu_12_s30_bai2_sec11_001:9:e6-RELATED_TO-e8,RELATED_TO,e6,Person,M. Goócbachốp,e8,Organization,Đảng Cộng sản Liên Xô,Goócbachốp từ chức Tổng Bí thư Đảng Cộng sản Liên Xô,Goócbachốp tuyên bố từ chức Tổng Bí thư Đảng Công sản Liên Xô,0.9,lichsu_12_s30_bai2_sec11_001,lichsu_12,Bài 2,THI LIÊN XO VÀ CÁC NƯỚC ĐÔNG ÂU TỪ GIỮA NHƯNG NĂM 700,"[13, 14, 15]","[""data/corpus/lichsu_12/lichsu_12.pdf_13.jpg.txt"", ""data/corpus/lichsu_12/lichsu_12.pdf_14.jpg.txt"", ""data/corpus/lichsu_12/lichsu_12.pdf_15.jpg.txt""]","ninh ở châu Âu và thế giới Sự lớn mạnh của Liên Xô và các nước thành viên đã tao nên thế cân bằng về sức mạnh quân sự giữa các nước xã hội chủ nghĩa và các nước tư bản chủ nghĩa vào đầu những năm 70. THI LIÊN XO VÀ CÁC NƯỚC ĐÔNG ÂU TỪ GIỮA NHƯNG NĂM 700 ĐẾN NĂM 1991 11 Sự khúng hoáng đầu những năm 80, nền kinh tế Liên bộc lộ những dấu hiêu suy thoái Đời sống chính trị có những diễn biến phức tạp, xuất hiên tư tưởng và một số nhóm đối lập chống lại Đảng Cộng sản và Nhà nước Xô viết. Tháng 3 - 198",,,,,
relation,lichsu_10_s10_001:8:e6-RELATED_TO-e8,RELATED_TO,e6,Concept,Người tối cổ,e8,Place,Gia-va (In-đồ-nê-xi-a),Di cốt Người tối cổ được tìm thấy ở Gia-va (In-đồ-nê-xi-a),Gia-va (In-đồ-nê-xi-a),0.9,lichsu_10_s10_001,lichsu_10,Bài,1. Sự xuất hiện loài người và đời sống bầy người nguyên thuỷ,"[4, 5, 6]","[""data/corpus/lichsu_10/lichsu_10.pdf_4.jpg.txt"", ""data/corpus/lichsu_10/lichsu_10.pdf_5.jpg.txt"", ""data/corpus/lichsu_10/lichsu_10.pdf_6.jpg.txt""]","là Khảo cổ học và Cổ sinh học, đã tìm được nhiều bằng cứ nói lên sự phát triển lâu dài từ động vật cấp thấp lên động vật cấp cao đủnh cao của quá trình thuy này là sự chuyển biến từ vượn thành người. 1. Sự xuất hiện loài người và đời sống bầy người nguyên thuỷ Ở chặng đầu của quá trình hình thành loài người, có một loài vượn cổ, sống 19 khoảng 6 triêu năm trước dây, đã có thế đứng và di bằng hai chân, dùng tay để và chi cầm nắm, ăn hoa quả, củ, lá và cả động vật nhỏ. Xương hoá thạch của chúng Đã",,,,,
relation,lichsu_12_s39_bai3_sec5_001:6:e8-RELATED_TO-e4,RELATED_TO,e8,Organization,Quân giải phóng Trung Quốc,e4,Organization,Quốc dân đảng,Quân giải phóng Trung Quốc giải phóng các vùng do Quốc dân đảng kiểm soát,"Quân giải phóng Trung Quốc đã chuyển sang phản công, lần lượt giải phóng các vùng do Quốc dân đảng kiểm soát",0.95,lichsu_12_s39_bai3_sec5_001,lichsu_12,Bài 3,1. Sự thành lập nước Cộng hoà Nhân dân Trung Hoa và thành tựu,"[20, 21, 22, 23]","[""data/corpus/lichsu_12/lichsu_12.pdf_20.jpg.txt"", ""data/corpus/lichsu_12/lichsu_12.pdf_21.jpg.txt"", ""data/corpus/lichsu_12/lichsu_12.pdf_22.jpg.txt"", ""data/corpus/lichsu_12/lichsu_12.pdf_23.jpg.txt""]","II - TRUNG QUỐC Trung Quốc là nước rộng thứ ba thế giới (sau Nga và Canađa) với diên tích gần 19,6 triêu km? và dân số đông nhất thế giới với 1,26 tỉ người (2000) 1. Sự thành lập nước Cộng hoà Nhân dân Trung Hoa và thành tựu 10 năm đầu xây dựng chế độ mới (1949 - 1959) Sau khi chiến tranh chống Nhật kết thúc, từ năm 1946 đến năm 1949 ở Trung Quốc đã diễn ra cuộc nội chiến giữa Quốc dân đảng cộng sản Ngày 20 7 1946, Tưởng Giới Thạch phát động cuộc chiến tranh chống Đảng Cộng sản Trung Quốc. Sau g",,,,,
relation,lichsu_11_s56_bai13_sec2_001:2:e4-RELATED_TO-e3,RELATED_TO,e4,Concept,Chính sách mới,e3,Person,Ru-dơ-ven,chính sách của Tổng thống Ru-dơ-ven,Chính sách mới của Tổng thống Ru-dơ-ven,0.95,lichsu_11_s56_bai13_sec2_001,lichsu_11,Bài 13,NHỚI NƯỚC MĨ TRONG NĂM 1918 1929,"[69, 70]","[""data/corpus/lichsu_11/lichsu_11.pdf_69.jpg.txt"", ""data/corpus/lichsu_11/lichsu_11.pdf_70.jpg.txt""]","nặng nề chưa từng thấy trong lịch sử nước Mĩ những năm 1929 - 1933. Chính sách mới của Tổng thống Ru-dơ-ven đã đưa nước Mĩ thoát ra khỏi khủng hoảng và duy trì được sự phát triển của chủ nghĩa tư bản NHỚI NƯỚC MĨ TRONG NĂM 1918 1929 Tình hình kinh tế Chiến tranh thế giới thứ nhất đã đem lại ""những cơ hội vàng"""" cho nước Mi Với nguyên kinh lễ đại mức tăng trưởng cao trong suối những năm trong và sau chiến tranh Mĩ trở thành nước tư bản giàu mạnh nhất Cùng với lợi thể đó, việc cải tiến kí thuật th",,,,,
relation,lichsu_12_s85_bai7_sec18_001:2:e1-RELATED_TO-e3,RELATED_TO,e1,Organization,EU,e3,Time,2007,EU kết nạp thêm 2 nước vào năm 2007,"Năm 2007, thêm 2 nước thành 27 nước",0.9,lichsu_12_s85_bai7_sec18_001,lichsu_12,Bài 7,PHÁP TÊN NƯỚC,"[51, 52]","[""data/corpus/lichsu_12/lichsu_12.pdf_51.jpg.txt"", ""data/corpus/lichsu_12/lichsu_12.pdf_52.jpg.txt""]","BẮC ANH HÀ LĂN UCRAINA ĐƯC SVAKIA MÔNĐÔVA AO PHÁP RUMANI BIÊN ĐEN FCB BUNGARE Bo ANBA THỔ NHI KI NHA Đ. Xix Sih Đ.Grep CHAUPHI MANTA H Các nước gia nhập EU đến năm 1995 Các nước gia nhập EU năm 2007 PHÁP TÊN NƯỚC Các nước gia nhập EU năm 2004 Các nước khác Biên giới quốc gia STATTING (1) Đến năm 2004, EU kết nạp thêm 10 nước, nằng số thành viên lên 25 nước Năm 2007, thêm 2 nước thành 27 nước. Tháng 6 ? 1979, đã diễn ra cuốc bầu cử Nghi viên châu Au đầu tiên, Tháng 3 ? 1995 bảy nước EU huỷ bỏ sư ",,,,,
relation,lichsu_11_s74_bai16_sec5_002:3:e2-RELATED_TO-e4,RELATED_TO,e2,Organization,Đảng Cộng sản Đông Dương,e4,Place,Phnôm Pênh,Cơ sở cách mạng của Đảng Cộng sản Đông Dương được xây dựng ở Phnôm Pênh.,"cơ sở cách mang của Đảng Cộng sản Đông Dương đã được xây dựng và củng cố Với cóc thành phố lớn như Viêng Chân, Phnôm Pênh",0.95,lichsu_11_s74_bai16_sec5_002,lichsu_11,Bài 16,VII PHONG TRÀO ĐẦU TRANH CHỐNG THỰP Ở LÀO,"[85, 86, 87]","[""data/corpus/lichsu_11/lichsu_11.pdf_85.jpg.txt"", ""data/corpus/lichsu_11/lichsu_11.pdf_86.jpg.txt"", ""data/corpus/lichsu_11/lichsu_11.pdf_87.jpg.txt""]","g thuộc địa, chống phát xít và chống chiến tranh, Trong điều kiên đó, một số cơ sở cách mang của Đảng Cộng sản Đông Dương đã được xây dựng và củng cố Với cóc thành phố lớn như Viêng Chân, Phnôm Pênh.. Cuộc vân đông dân chủ đã kích Thi thi thích sự phát triển của phong trào dấu tranh dân chủ ở Lào và Cam-pu-chia cho đến khi Chiến tranh thế giới thứ hai bùng nổ Liên minh chiến đấu chống Pháp của nhân dân ba nước Đông Dương được thể hiện ở những sự kiện nào ?",,,,,
relation,lichsu_12_s56_bai5_sec5_001:9:e5-RELATED_TO-e8,RELATED_TO,e5,Person,Nenxon Mandela,e8,Time,1999,Nenxon Mandela nghỉ hưu vào năm 1999,"Năm 1999, ông nghi hưu",0.95,lichsu_12_s56_bai5_sec5_001,lichsu_12,Bài 5,XAO TÔMÊ VÀ PRINXIP THENG,"[35, 36, 37]","[""data/corpus/lichsu_12/lichsu_12.pdf_35.jpg.txt"", ""data/corpus/lichsu_12/lichsu_12.pdf_36.jpg.txt"", ""data/corpus/lichsu_12/lichsu_12.pdf_37.jpg.txt""]",T XUĐĂNG PHAXO Gall 1960 1956 GHINÊ 1960 GIBUTL NIGIERIA 11977 19581 XÔMALI ETIOPIA 1960 TRUNG PHI 1974 SP CAMORUN 1960 GHINÊN 1960 STAR UGAINĐA XÍCH ĐAQ4975 01/115000000199 1962 KÊN ANH VINIIGNINE XAO TÔMÊ VÀ PRINXIP THENG 1963 1968 CHDOS 1962 BURUNDI JANDALITICAL CÔNGGÔ EN 1960 1962 1960 TANDANIA Hó T 1964 VĂNGG LI TH CÔMO MALAUY 1975 D 1975 DẦMBIẠT 1964 1964 Q DIMBABUÊ MADAGAXCA NAMIBIA 1980 1960 1990 BỐTXOAN 1975 MÔRIXƠ 1966 I 1968 Các nước châu Phi ROADILEN Các nước khác K LÊ XỐ THÔ NIGIÊ T,,,,,
relation,lichsu_12_s303_bai25_sec5_003:6:e8-RELATED_TO-e4,RELATED_TO,e8,Concept,kế hoạch Nhà nước 5 năm 1981 - 1985,e4,Time,1981 - 1985,Kế hoạch Nhà nước 5 năm diễn ra trong giai đoạn 1981-1985,kể hoach Nhà nước 5 năm 1981 - 1985,0.95,lichsu_12_s303_bai25_sec5_003,lichsu_12,Bài 25,1. Cách mạng Việt Nam chuyển sang giai đoạn mới,"[203, 204, 205, 206]","[""data/corpus/lichsu_12/lichsu_12.pdf_203.jpg.txt"", ""data/corpus/lichsu_12/lichsu_12.pdf_204.jpg.txt"", ""data/corpus/lichsu_12/lichsu_12.pdf_205.jpg.txt"", ""data/corpus/lichsu_12/lichsu_12.pdf_206.jpg.txt""]","ười đi học thuộc các đổi tương trong cả nước năm học 1970 - 1980 là 15 triều, tăng hơn năm học7 là 2 triều Bên canh những thành tựu, chúng ta gặp không ít khó khăn, hạn chế, nhất là về kinh tế xã hội. Sau 5 năm, nền kinh tế của nước ta vẫn còn mất cân đối lớn Kinh tế quốc doanh và tập thể luôn bị thua lỗ, không phát huy được tác dụng, Kinh tế tư nhân và cá thể bị ngăn cẩm Sản xuất phát thi nhập quốc dân và năng suất lao động thấp, đời sống nhân dân gặp nhiều khó khăn, Trong xã hội nảy sinh nhiều",,,,,
relation,lichsu_12_s167_bai16_sec9_001:5:e6-RELATED_TO-e1,RELATED_TO,e6,Concept,chính quyền cách mạng,e1,Event,khởi nghĩa vũ trang ở Nam Kì,Chính quyền cách mạng được thành lập ở nhiều nơi trong cuộc khởi nghĩa.,Chính quyền cách mạng đã được thành lập ở nhiều nơi. Trong cuộc khởi nghĩa,0.9,lichsu_12_s167_bai16_sec9_001,lichsu_12,Bài 16,Vi Nơi quân Pháp bắt và giết hại quân khởi nghĩa,"[104, 105, 106, 107, 108]","[""data/corpus/lichsu_12/lichsu_12.pdf_104.jpg.txt"", ""data/corpus/lichsu_12/lichsu_12.pdf_105.jpg.txt"", ""data/corpus/lichsu_12/lichsu_12.pdf_106.jpg.txt"", ""data/corpus/lichsu_12/lichsu_12.pdf_107.jpg.txt"", ""data/corpus/lichsu_12/lichsu_12.pdf_108.jpg.txt""]","thành lập căn cứ du kích , quyết định đình chỉ khởi nghĩa vũ trang ở Nam Ki vì thời cơ chưa chín muồi Nơi quần chúng và binh lính người Việt N nổi dậy khởi nghĩa Xã thành lập chính quyền cách mạng Vi Nơi quân Pháp bắt và giết hại quân khởi nghĩa Nơi quân Pháp ném bom tàn sát TÂY NINH Dường giao thông SALLY Biên giới quốc gia SU MỖT BIÊN HOÀ CAMPUCHIA VIGGIA ĐỊNH ĐỒNG THÁP SÀI GÒN CHILLING ATTANAN CẦN GIỜ MI THO GRIPPED Phú Quốc LONG XUYÊN GỒ CÔNG BENTRI TRẠCH GIÁ CẦN THƠN CAMAL 3Đ. Côn Sơn hòn K",,,,,
relation,lichsu_12_s265_bai22_sec13_001:4:e3-RELATED_TO-e5,RELATED_TO,e3,Concept,Việt Nam hoá chiến tranh,e5,Organization,quân đội Sài Gòn,Chiến lược 'Việt Nam hoá chiến tranh' được tiến hành bằng lực lượng quân đội Sài Gòn là chủ yếu,"""Viết Nam hoá chiến tranh"""" được tiến hành bằng lực lương quân đội Sài Gòn là chủ yếu",0.95,lichsu_12_s265_bai22_sec13_001,lichsu_12,Bài 22,"VÀ ?ĐÔNG DƯƠNG HOÁ CHIẾN TRANH"" CỦA MĨ (1969 ? 1973)","[178, 179, 180, 181]","[""data/corpus/lichsu_12/lichsu_12.pdf_178.jpg.txt"", ""data/corpus/lichsu_12/lichsu_12.pdf_179.jpg.txt"", ""data/corpus/lichsu_12/lichsu_12.pdf_180.jpg.txt"", ""data/corpus/lichsu_12/lichsu_12.pdf_181.jpg.txt""]","được, quân trang, quân dung, xăng dầu, thưc phẩm thuốc men và nhiều vật dụng khác, Tính chung, sức người, sức của từ miền Bắc chuyển vào miền Nam trong 4 năm đã tăng gấp 10 lần so với giai đoạn trước VÀ ?ĐÔNG DƯƠNG HOÁ CHIẾN TRANH"" CỦA MĨ (1969 ? 1973) 11 Chiến lược ""Việt Nam hoá chiến tranh"" và ?Đông Dương hoá chiến tranh của Mĩ Sau thất bại của chiến lược ?Chiến tranh cục bộ"", Mĩ tiếp tục cuộc chiến tranh ""Thi nhi nâm lược thưc dân mói ở miên Nam, chuyển sang chiến lược ""Viết Nam hoá chiến tra",,,,,
relation,lichsu_12_s312_bai26_sec7_004:9:e12-RELATED_TO-e2,RELATED_TO,e12,Organization,Đảng,e2,Place,Việt Nam,Đảng lãnh đạo nhân dân Việt Nam,"Dưới sự lãnh đạo của Đảng, nhân dân ta",0.95,lichsu_12_s312_bai26_sec7_004,lichsu_12,Bài 26,Nam A (ASEAN),"[209, 210, 211, 212, 213, 214, 215, 216]","[""data/corpus/lichsu_12/lichsu_12.pdf_209.jpg.txt"", ""data/corpus/lichsu_12/lichsu_12.pdf_210.jpg.txt"", ""data/corpus/lichsu_12/lichsu_12.pdf_211.jpg.txt"", ""data/corpus/lichsu_12/lichsu_12.pdf_212.jpg.txt"", ""data/corpus/lichsu_12/lichsu_12.pdf_213.jpg.txt"", ""data/corpus/lichsu_12/lichsu_12.pdf_214.jpg.txt"", ""data/corpus/lichsu_12/lichsu_12.pdf_215.jpg.txt"", ""data/corpus/lichsu_12/lichsu_12.pdf_216.jpg.txt""]","hiên đai. "" Kê hoach (1) Viết Nam là thành viên thứ 150 của Tổ chức Thương mại thế giới (WTO) từ ngày 7 - 11 - 2006 Việt Nam là Uỷ viên không thường trực Hội đồng Bảo an Liên hợp quốc nhiêm kì 2008 ? 2009 từ ngày 1 - 1 2008 phát triển kinh tế - xã hội 5 năm (2001 - 2005) là rất quan trong đối với việc thực hiện chiến lược 10 năm (2010) Bước vào thực hiên kế hoạch Nhà nước 5 năm đầu tiên của thế kỉ XXI, tỉnh hình trong nước và quốc tế có nhiều thuận lợi và thời co, song cũng có không it khó khăn ",,,,,
relation,lichsu_12_s107_bai10_sec4_001:8:e7-RELATED_TO-e10,RELATED_TO,e7,Time,Giai đoạn thứ hai của cách mạng khoa học - kĩ thuật,e10,Concept,Thế hệ máy tính điện tử mới,Giai đoạn thứ hai của cách mạng khoa học - kĩ thuật chứng kiến sự ra đời của thế hệ máy tính điện tử mới.,"Trong giai đoạn sau, cuộc cách mang chủ yếu diễn ra về công nghệ với sự ra đời của thế hệ máy tính điện tử mới (thế hê thứ ba)",0.95,lichsu_12_s107_bai10_sec4_001,lichsu_12,Bài 10,CUỘC CÁCH MẠNG KHOA HỌC - CÔNG NGHỆ,"[66, 67, 68, 69]","[""data/corpus/lichsu_12/lichsu_12.pdf_66.jpg.txt"", ""data/corpus/lichsu_12/lichsu_12.pdf_67.jpg.txt"", ""data/corpus/lichsu_12/lichsu_12.pdf_68.jpg.txt"", ""data/corpus/lichsu_12/lichsu_12.pdf_69.jpg.txt""]","trên thế giới đã diễn ra cuốc cách mang khoa hoc ? kĩ thuật đã đưa lai biết bao thành lưu ki diệu và những đổi thay to lớn trong đời sống nhân loại Nền văn minh thế giới có những bước nhảy vọt mới CUỘC CÁCH MẠNG KHOA HỌC - CÔNG NGHỆ 1.Nguồn gốc và đặc điểm Cũng như cách mạng công nghiệp ở thế kỉ XVIII - XIX, cuộc cách mạng khoa học - kĩ thuật ngày nay diễn ra là do những đòi hỏi của cuộc sống, của sản xuất nhằm đấp ứng nhu cầu vật chất và tỉnh thần ngày càng cao của con người, nhất là trong tình",,,,,
relation,lichsu_10_s182_002:8:e7-RELATED_TO-e9,RELATED_TO,e7,Place,Phổ,e9,Place,Pháp,Phổ tham gia liên quân phong kiến chống Pháp.,chiến tranh giữa Pháp và liên quân pong kiến Áo ? Phổ bùng nổ.,0.9,lichsu_10_s182_002,lichsu_10,Bài,1. Cách mạng bùng nổ nền quân chủ lập hiến,"[151, 152, 153, 154, 155]","[""data/corpus/lichsu_10/lichsu_10.pdf_151.jpg.txt"", ""data/corpus/lichsu_10/lichsu_10.pdf_152.jpg.txt"", ""data/corpus/lichsu_10/lichsu_10.pdf_153.jpg.txt"", ""data/corpus/lichsu_10/lichsu_10.pdf_154.jpg.txt"", ""data/corpus/lichsu_10/lichsu_10.pdf_155.jpg.txt""]","hữu là quyền thiêng liêng và bất khả xâm phạm. Nội dung cơ bản của Tuyên ngôn thấm nhuần tư tưởng cách mạng của các nhà triết học Ánh sáng Pháp thế kỉ XVIII, đồng thời phản ánh ý chí vàn vân dân Pháp. Thế Tiếp đó, Quốc hội Lập hiến ban hành sách nhằm khuyến khích chiến công thương nghiệp phát triển như - bãi bỏ quy chế phường hội, cho phép tự do buôn bán, tổ chức hành chính theo quy chế mới (cả nước được chia thành 83 quận với cơ cấu tổ chức thống nhất, xoá bỏ thuế quan nội địa...) Tuy vây, cuộc",,,,,
relation,lichsu_10_s212_001:10:e2-RELATED_TO-e11,RELATED_TO,e2,Person,Ph.Ăng-ghen,e11,Place,Bác-men,Ph.Ăng-ghen sinh ra ở Bác-men.,"Phri - đrích Ăng ghen sinh ngày 28 -11 1820, trong một gia đình chủ xưởng ở thành phố Bác - men (Đức).",0.95,lichsu_10_s212_001,lichsu_10,Bài,1. Buổi đầu hoạt động cách mạng của Ph. ng-ghen thuy,"[188, 189]","[""data/corpus/lichsu_10/lichsu_10.pdf_188.jpg.txt"", ""data/corpus/lichsu_10/lichsu_10.pdf_189.jpg.txt""]","càng đòi hỏi một lí luận khoa học cách mạng để giải phóng công nhân và toàn thể nhân dân lao động. Trong bối cảnh như vậy học thuyết về chủ nghĩa xã hộc - do C.Mác và Ph.Ang-ghen để xướng, đã ra đời. 1. Buổi đầu hoạt động cách mạng của Ph. ng-ghen thuy Các Mác sinh ngày 5 - 5 - 1818 trong một gia đình luật sư gốc Do Thái có tư thường tự do tiến bộ, ở thành phố Tơ-ri-ơ (Đức). Từ nhỏ, Mác đã nổi tiếng thông minh. Năm 23 tuổi (1841), Mác đỗ Tiến sĩ với luận án xuất sắc về đề tài triết học cổ đại Hi",,,,,
relation,lichsu_11_s86_bai17_sec9_001:4:e5-RELATED_TO-e4,RELATED_TO,e5,Concept,phe phát xít,e4,Time,mùa hè năm 1941,phe phát xít thống trị phần lớn châu Âu vào mùa hè năm 1941,"Đến mùa hè năm 1941, phe phát xít đã thống trị phần lớn châu Âu",0.95,lichsu_11_s86_bai17_sec9_001,lichsu_11,Bài 17,(TỪ THÁNG 6 1941 ĐẾN THÁNG 11 - 1942),"[93, 94, 95]","[""data/corpus/lichsu_11/lichsu_11.pdf_93.jpg.txt"", ""data/corpus/lichsu_11/lichsu_11.pdf_94.jpg.txt"", ""data/corpus/lichsu_11/lichsu_11.pdf_95.jpg.txt""]","Đức chiếm đóng, Bằng vũ lực, quân Đức thôn tính Nam Tư và Hi Lạp. Đến mùa hè năm 1941, phe phát xít đã thống trị phần lớn châu Âu, Phát xít Đức đã chuẩn bi xong mọi điều kiên cần thiết để tấn Xô. (TỪ THÁNG 6 1941 ĐẾN THÁNG 11 - 1942) Phát xít Đức tấn công Liên Sự ở Bắc Phi Ngay từ tháng 12 1940, Hít-le đã thông qua kế hoạch tấn Xô với chiến lược ?chiến tranh chớp nhoáng"", đánh nhanh, tân dụng ưu thế về trang thiết bị ki thuật và yếu tố bất ngờ Rang sáng 22 - 6 - 1941, phát xít Đức tấn Xô ""Ba đạo",,,,,
relation,lichsu_11_s12_bai5_sec1_001:10:e12-RELATED_TO-e5,RELATED_TO,e12,Time,đầu thế kỉ XX,e5,Place,châu Phi,Việc phân chia thuộc địa ở châu Phi hoàn thành vào đầu thế kỉ XX.,"Đến đầu thế kỉ XX, việc phân chia thuộc địa giữa các đế quốc ở châu Phi cân bản đã hoàn thành",0.95,lichsu_11_s12_bai5_sec1_001,lichsu_11,Bài 5,Bài 5,"[18, 19, 26, 27]","[""data/corpus/lichsu_11/lichsu_11.pdf_18.jpg.txt"", ""data/corpus/lichsu_11/lichsu_11.pdf_19.jpg.txt"", ""data/corpus/lichsu_11/lichsu_11.pdf_26.jpg.txt"", ""data/corpus/lichsu_11/lichsu_11.pdf_27.jpg.txt""]","thế kỉ XIX trở thành 'vùng đếm? của đế quốc Anh và Pháp. Với chính sách ngoại giao mềm dẻo, khôn khéo của vua Ra-ma V, Xiêm là nước duy nhất ở Đông Nam A giữ được nên độc lập tương đối về chính tri. Bài5 (Thế ki XIX - đầu thế kỉ xx) Nếu trong thế kỉ XVIII, thế giới chứng kiến sự tháng thế của chủ nghĩa tư bản đối với chế độ phong kiến thì thế kỉ XIX là thế kỉ dấy mạnh xâm chiếm thuộc địa của các nước tư bản Âu Mĩ Cũng như châu Á, các nước châu Phi và khu vực Mĩ Latinh không thoát khỏi cơn lốc xâ",,,,,
relation,lichsu_10_s59_002:1:e2-RELATED_TO-e1,RELATED_TO,e2,Concept,nô lệ,e1,Concept,Xã hội chiếm nô,nô lệ là người sản xuất chính trong xã hội chiếm nô,"Nhi nô lệ trở thành người sản xuất chính, Xã hội chiếm nô",0.95,lichsu_10_s59_002,lichsu_10,Bài,2. Xã hội cổ đại,"[66, 67]","[""data/corpus/lichsu_10/lichsu_10.pdf_66.jpg.txt"", ""data/corpus/lichsu_10/lichsu_10.pdf_67.jpg.txt""]","tê xuất hiện Thi quốc ra nhang đời và hoạt động nhộn nhịp Nhi nô lệ trở thành người sản xuất chính, Xã hội chiếm nô là một hình thức xã hà nha hội bóc lột chủ yếu những người nô lệ, Chủ các xãng buôn. Ngày làm thành giai cấp chủ nô và là giai cấp bóc lột, thông trị. Tâng lớp những người nhiều the trong bình dân không có vai trò chủ yếu trong sản xuất cũng như trong đời sống xã hội. nhiều Xã Xã hội chiếm nô phát triển cao và nhanh hơn xã hội cố đại phương Đông, bắt và ngày đầu khoảng gân 1000 năm",,,,,
relation,lichsu_12_s186_bai17_sec7_001:5:e3-RELATED_TO-e6,RELATED_TO,e3,Organization,Quốc hội,e6,Time,2 - 3 - 1946,Kì họp đầu tiên của Quốc hội diễn ra vào ngày 2 - 3 - 1946,"Ngày 2 - 3 - 1946, tai kì họp dầu tiên ở Hà Nôi, Quốc hôi",0.9,lichsu_12_s186_bai17_sec7_001,lichsu_12,Bài 17,1. Xây dưng chính quyền cách mạng,"[121, 122, 123]","[""data/corpus/lichsu_12/lichsu_12.pdf_121.jpg.txt"", ""data/corpus/lichsu_12/lichsu_12.pdf_122.jpg.txt"", ""data/corpus/lichsu_12/lichsu_12.pdf_123.jpg.txt""]","nghĩa đang hình thành, phong trào giải phóng dân tộc dâng cao ở nhiều nước thuộc địa và phu thuộc, phong trào đấu tranh vì hoà bình, dân chủ phát triển ở nhiều nước tư bản thuận lợi và khó khăn gì ? 1. Xây dưng chính quyền cách mạng Chỉ một tuần sau khi nước Việt Nam Dân chủ Công hoà ra đời, Chính phủ lâm thời công bố lệnh tổng tuyển cử trong cả nước Ngày 6 - 1 - 1946, vượt qua moi hành đông chống phá của kẻ thù, hơn 90% cử tri Thong trong cả nước di bỏ phiếu, bầu được 333 đại biểu kháp Bắc - Na",,,,,
relation,lichsu_12_s153_bai15_sec3_001:8:e3-RELATED_TO-e2,RELATED_TO,e3,Event,Đại hội VII Quốc tế Cộng sản,e2,Concept,chủ nghĩa phát xít,Đại hội VII Quốc tế Cộng sản xác định chủ nghĩa phát xít là kẻ thù.,Đại hôi đã quyết nghi nhiều vấn đề quan trong như - xác đinh kẻ thù là chi chủ nghĩa phát xít,0.8,lichsu_12_s153_bai15_sec3_001,lichsu_12,Bài 15,TÌNH HÌNH THẾ GIỚI VÀ TRONG NƯỚC,[98],"[""data/corpus/lichsu_12/lichsu_12.pdf_98.jpg.txt""]","giới và trong nước, Đảng Công sản Đông Dương thay đổi chủ trương, chuyển sang hình thức đấu tranh công khai, hợp pháp và nửa hợp pháp, với mục tiêu đòi tự do, dân sinh, dân chủ, cơm áo và hoà bình TÌNH HÌNH THẾ GIỚI VÀ TRONG NƯỚC 1 Tinh hình thế giới Từ đầu những năm 30 của thế kỉ XX, các thế lực phát xít cầm quyền ở một số nước như Đức, Italia, Nhật Bản ráo nết chay đua vũ trang, chuẩn bị chiến tranh thế giới. Tháng 7 - 1935, Quốc tế Công sản tiến hành thứ VII tại Mátxcova (Liên Xô), Đại hôi đã",,,,,
relation,lichsu_10_s60_001:8:e8-RELATED_TO-e9,RELATED_TO,e8,Concept,giai cấp địa chủ,e9,Concept,nông dân lĩnh canh,Quan hệ giữa địa chủ và nông dân lĩnh canh phản ánh quan hệ bóc lột địa tô,phản ánh quan hệ bóc lột chủ yếu là bóc lột địa tô,0.95,lichsu_10_s60_001,lichsu_10,Bài,3. Xã hội phong kiến - trung đại,"[66, 67, 68]","[""data/corpus/lichsu_10/lichsu_10.pdf_66.jpg.txt"", ""data/corpus/lichsu_10/lichsu_10.pdf_67.jpg.txt"", ""data/corpus/lichsu_10/lichsu_10.pdf_68.jpg.txt""]","xã hội. nhiều Xã Xã hội chiếm nô phát triển cao và nhanh hơn xã hội cố đại phương Đông, bắt và ngày đầu khoảng gân 1000 năm TCN và châm dứt vào năm 476, đông thời cũng kết nhang thúc thời cổ đại. 3. Xã hội phong kiến - trung đại - Các nước phương Đông chuyển sang chế độ phong kối sớm; từ khoảng những thế kỉ cuối trước Công nguyên. Hình thành trong xã hội hai giai cấp địa chủ và nông dân lĩnh canh, phản ánh quan hệ bóc lột chủ yếu là bóc lột địa tô. Trong điều kiện đó, vua chuyên chế không mất đi",,,,,
relation,lichsu_11_s105_bai19_sec6_003:8:e10-RELATED_TO-e3,RELATED_TO,e10,Time,ngày 20 66 1867,e3,Organization,Thực dân Pháp,"Ngày 20 66 1867, quân Pháp kéo đến trước thành Vĩnh Long","ngày 20 66 1867, quân Pháp kéo Điển đến trước thành Vĩnh Long",0.95,lichsu_11_s105_bai19_sec6_003,lichsu_11,Bài 19,THI CUỘC KHÁNG CHIẾN CỦA NHÁN DÂN NAM KI SAU HIẾP ĐỚC 1862,"[109, 110, 111, 112, 113, 114]","[""data/corpus/lichsu_11/lichsu_11.pdf_109.jpg.txt"", ""data/corpus/lichsu_11/lichsu_11.pdf_110.jpg.txt"", ""data/corpus/lichsu_11/lichsu_11.pdf_111.jpg.txt"", ""data/corpus/lichsu_11/lichsu_11.pdf_112.jpg.txt"", ""data/corpus/lichsu_11/lichsu_11.pdf_113.jpg.txt"", ""data/corpus/lichsu_11/lichsu_11.pdf_114.jpg.txt""]","quân chống trả quyết liêi Trương Định trúng đạn và bị thương năng, Ông đã rút gươm tự sát để bảo toàn khí tiết, Năm đó ông 44 tuổi Is Em có suy nghị gì về hành động của Trương Định sau Hiệp ước 1862 ? Thực dân Pháp chiếm ba tính miên Tây Nam Kì Sau khi chiếm ba tỉnh miền Đông Nam Kì, thực dân Pháp bất tay ngay vào việc tổ chức bộ máy cai trị và chuẩn bị mở rộng phạm vi chiếm đóng Năm 1863, thực dân Pháp dùng vũ lực áp đất nền bảo hộ lên đất Cam-pu chia Sau đó có có có chứng vu cáo triều đình Huế",,,,,
relation,lichsu_10_s59_001:7:e6-RELATED_TO-e9,RELATED_TO,e6,Concept,xã hội có giai cấp,e9,Place,sông Hằng,Xã hội có giai cấp ra đời ở sông Hằng.,và sông Hằng (Ân Độ),0.95,lichsu_10_s59_001,lichsu_10,Bài,2. Xã hội cổ đại,"[66, 67]","[""data/corpus/lichsu_10/lichsu_10.pdf_66.jpg.txt"", ""data/corpus/lichsu_10/lichsu_10.pdf_67.jpg.txt""]","nhưng chưa có sự thu thu áp bức và cưỡng ép, tư hữu và bóc lột. Song xã hội nguyên thuỷ còn ở trình độ quá thấp nên loài người phải vượt qua một chặng đường dài để tiến tới ngưỡng cửa của văn minh 2. Xã hội cổ đại a) Phương Đông cổ đại Khoảng 6000 năm trước đây, người nông dân đà bắa trên ruộng ở vùng ven sông Nin và Lưỡng Hà Thiến người ta đã có được những điều kiên thuận lợi ở đây: đất ven sông phì nhiêu và nhưng và dễ cày bừa , mùa nước lên xuống hàng năm ổn định, tiện việc gieo trồng và thi ",,,,,
relation,lichsu_10_s54_bai11_sec3_001:2:e3-RELATED_TO-e4,RELATED_TO,e3,Event,phát kiến địa lí,e4,Place,Tây Á,Con đường giao lưu buôn bán qua Tây Á liên quan đến các cuộc phát kiến địa lí,con đường giao lưu buôn bán qua Tây Á,0.8,lichsu_10_s54_bai11_sec3_001,lichsu_10,Bài 11,1. Những cuộc phát kiến địa lĩ,"[60, 61, 62]","[""data/corpus/lichsu_10/lichsu_10.pdf_60.jpg.txt"", ""data/corpus/lichsu_10/lichsu_10.pdf_61.jpg.txt"", ""data/corpus/lichsu_10/lichsu_10.pdf_62.jpg.txt""]","đấu tranh, xây dựng một nền văn hoá mới trong phong trào Văn hoá Phục hưng, tiến hành tôn giáo Phong trào đấu tranh của nông dân ra sôi nổi Ở nước Đức, báo hiệu cho sự suy vong của chế độ phong kiến 1. Những cuộc phát kiến địa lĩ Sự phát triển nhanh chóng của lực lượng sản xuất đã làm cho nhu cầu về 19 thương liệu, vàng bạc, thị trường ngày một tăng. Nhưng từ thế kỉ XV, con đường giao lưu buôn bán qua Tây Á và Địa Trung Hải lại do người A-rập độc chiếm. Vấn đề cấp thiết đang được đặt ra là phải ",,,,,
relation,lichsu_12_s192_bai17_sec13_001:3:e1-RELATED_TO-e2,RELATED_TO,e1,Time,Ngày 23 - 11 - 1946,e2,Organization,Quốc hội,Quốc hội quyết định vào ngày 23 - 11 - 1946,"Ngày 23 - 11 - 1946, Quốc hôi quyết định",0.95,lichsu_12_s192_bai17_sec13_001,lichsu_12,Bài 17,1. Kháng chiến chống thực dân Pháp trở lại xâm lược ở Nam Bộ,"[125, 126, 127]","[""data/corpus/lichsu_12/lichsu_12.pdf_125.jpg.txt"", ""data/corpus/lichsu_12/lichsu_12.pdf_126.jpg.txt"", ""data/corpus/lichsu_12/lichsu_12.pdf_127.jpg.txt""]","""00 triêu đồng vào ""Quý độc lập"". 40 triêu đồng vào ""Quốc phòng"" Ngày 23 - 11 - 1946, Quốc hôi quyết định cho lưu hành tiền Việt Nam trong cả nước, thay cho tiên Đông Dương của Pháp trước đây Parans 1. Kháng chiến chống thực dân Pháp trở lại xâm lược ở Nam Bộ Với dã tâm xâm lược nước ta một lần nữa, ngay sau khi phát xít Nhật đầu hàng Đồng minh, Chính phủ Đờ Gôn đã quyết đình thành lập một đao quân viễn chính dưới quyền chỉ huy của tướng Locoléc, đồng thời cử Đô đốc Đácgianglio làm Cao uỷ Pháp ở",,,,,
relation,lichsu_12_s97_bai9_sec4_001:1:e1-RELATED_TO-e3,RELATED_TO,e1,Organization,NATO,e3,Place,Ba Lan,NATO kết nạp Ba Lan,NATO kết nạp thêm 3 nước - Ba Lan,0.95,lichsu_12_s97_bai9_sec4_001,lichsu_12,Bài 9,THI SỰ ĐÔI ĐẦU ĐÔNG - TÂY VÀ CÁC CUỘC CHIẾN TRANH CỤC BỘ,"[58, 59, 60, 61]","[""data/corpus/lichsu_12/lichsu_12.pdf_58.jpg.txt"", ""data/corpus/lichsu_12/lichsu_12.pdf_59.jpg.txt"", ""data/corpus/lichsu_12/lichsu_12.pdf_60.jpg.txt"", ""data/corpus/lichsu_12/lichsu_12.pdf_61.jpg.txt""]","ĩ chủ nghĩa (1) Từ tháng 3 ? 1999, NATO kết nạp thêm 3 nước - Ba Lan, Hunggari và Séc Tới tháng 4 ? 2004 19 Thiến kết nap thêm 7 nước là Bungari, Extônia, Látvia, Litva, Rumani, Slôvakia và Slôvênia THI SỰ ĐÔI ĐẦU ĐÔNG - TÂY VÀ CÁC CUỘC CHIẾN TRANH CỤC BỘ Chiến tranh lạnh là cuốc đối đầu căng tháng giữa hai phe - phe tư bản chú nghĩa do Mi đứng dầu và phe xã hội chủ nghĩa do Liên Xô làm tru cột. Chiến tranh lạnh đã diên ra trên hầu hết các lính vực, từ chính trị, quân sự đến kinh tế, văn hoa thờ",,,,,
relation,lichsu_12_s125_bai12_sec8_002:4:e1-RELATED_TO-e5,RELATED_TO,e1,Concept,Giai cấp tư sản,e5,Concept,tư sản mại bản,Giai cấp tư sản phân hóa thành tư sản mại bản.,ho phân hoá thành hai bộ phân : tần mại bản,0.9,lichsu_12_s125_bai12_sec8_002,lichsu_12,Bài 12,3. Những chuyến biến mới về kinh tế và giai cấp xã hội ở Việt Nam,"[77, 78, 79]","[""data/corpus/lichsu_12/lichsu_12.pdf_77.jpg.txt"", ""data/corpus/lichsu_12/lichsu_12.pdf_78.jpg.txt"", ""data/corpus/lichsu_12/lichsu_12.pdf_79.jpg.txt""]","dân tộc. Trong Giai cấp tư sản ra đời sau Chiến tranh thế giới thứ nhất, Phần đông họ là những người người trung gian làm thầu khoán, cung cấp nguyên vật liêu hay hàng hoá, . cho tư Thi binh bản Pháp. Khi kiếm được số vốn khá, ho đứng ra kinh doanh riêng và trở thành những nhà tư sản (như Bạch Thái Bươi, Nguyên Hữu) Giai cấp tư sản Viết Nam vừa mới ra đời đã bị tư bán Pháp chên ep, kìm hăm nên Thiến số lương ít, thể lực kinh tế yêu, không thể đương đầu với sự canh tranh của tư ban Pháp Dần dần, ",,,,,
relation,lichsu_12_s144_bai14_sec6_001:5:e6-RELATED_TO-e8,RELATED_TO,e6,Event,nhiều cuộc đấu tranh nhân ngày Quốc tế Lao động 1 - 5,e8,Concept,Quốc tế Lao động 1 - 5,các cuộc đấu tranh nhân ngày Quốc tế Lao động 1 - 5,nhiều cuộc đấu tranh nhân ngày Quốc tế Lao động 1 - 5,0.95,lichsu_12_s144_bai14_sec6_001,lichsu_12,Bài 14,VÀ THI PHONG TRAO CÁCH MẠNG 1930 - 1931 VỚI ĐÌNH CAO XÔ VIẾT NGHỆ - TINH,"[90, 91, 92, 93, 94]","[""data/corpus/lichsu_12/lichsu_12.pdf_90.jpg.txt"", ""data/corpus/lichsu_12/lichsu_12.pdf_91.jpg.txt"", ""data/corpus/lichsu_12/lichsu_12.pdf_92.jpg.txt"", ""data/corpus/lichsu_12/lichsu_12.pdf_93.jpg.txt"", ""data/corpus/lichsu_12/lichsu_12.pdf_94.jpg.txt""]","quyền thực dân tiến hành một chiến dịch khúng bố dã người man những người yêu nước. Điều đó càng làm tăng thêm những mâu thuân và tình trạng bất ổn trong xã họi. khung hoáng kinh tế thể giới (1929) VÀ THI PHONG TRAO CÁCH MẠNG 1930 - 1931 VỚI ĐÌNH CAO XÔ VIẾT NGHỆ - TINH 1.Phong trào cách mạng 1930 - 1931 Trong bối cảnh cuộc khủng hoảng kinh tế diễn ra gay gất và phong trào cách Và Ngay mang dâng cao, ngay sau khi ra đời, Đảng Công sản Viết Nam đã lãnh đao phong trào đấu tranh của quần chúng công",,,,,
relation,lichsu_10_s190_bai33_sec3_001:3:e4-RELATED_TO-e5,RELATED_TO,e4,Place,Luân Đôn,e5,Concept,trung tâm thương mại,Luân Đôn trở thành một trung tâm thương mại,Luân Đôn trở thành một trung tâm thương mại,0.95,lichsu_10_s190_bai33_sec3_001,lichsu_10,Bài 33,Ở CHÂU ÂU VÀ MĨ GIỮA THẾ KỈ XIX,"[159, 160, 161, 163]","[""data/corpus/lichsu_10/lichsu_10.pdf_159.jpg.txt"", ""data/corpus/lichsu_10/lichsu_10.pdf_160.jpg.txt"", ""data/corpus/lichsu_10/lichsu_10.pdf_161.jpg.txt"", ""data/corpus/lichsu_10/lichsu_10.pdf_163.jpg.txt""]","giữa thế kỉ XIX, nước Anh được mệnh danh là ""công xưởng của thế giới"" luân Đôn trở thành một trung tâm thương mại với 80 vạn dân và là thủ đô đầu tiên của châu Âu tiến lên con đường công nghiệp hoá Ở CHÂU ÂU VÀ MĨ GIỮA THẾ KỈ XIX Trong các thập niên 50 - 60 của thế kỉ XIX, nhiều cuộc cách mạng tư sản diễn ra dưới những hình thức khác nhau ở châu Âu và Bắc Mĩ. Điều này đã khắng định sự toàn thắng của phương thức sản xuất tư bản chủ nghĩa, tạo điều kiện cho chủ nghĩa tư bản phát triển mạnh mẽ.",,,,,
relation,lichsu_10_s59_001:5:e6-RELATED_TO-e5,RELATED_TO,e6,Concept,xã hội có giai cấp,e5,Place,Lưỡng Hà,Xã hội có giai cấp đầu tiên ra đời ở Lưỡng Hà.,Xã hội có giai cấp đầu tiên ra đời khoảng 3500 năm TCN ở sông Nin Là Lưỡng Hà,0.95,lichsu_10_s59_001,lichsu_10,Bài,2. Xã hội cổ đại,"[66, 67]","[""data/corpus/lichsu_10/lichsu_10.pdf_66.jpg.txt"", ""data/corpus/lichsu_10/lichsu_10.pdf_67.jpg.txt""]","nhưng chưa có sự thu thu áp bức và cưỡng ép, tư hữu và bóc lột. Song xã hội nguyên thuỷ còn ở trình độ quá thấp nên loài người phải vượt qua một chặng đường dài để tiến tới ngưỡng cửa của văn minh 2. Xã hội cổ đại a) Phương Đông cổ đại Khoảng 6000 năm trước đây, người nông dân đà bắa trên ruộng ở vùng ven sông Nin và Lưỡng Hà Thiến người ta đã có được những điều kiên thuận lợi ở đây: đất ven sông phì nhiêu và nhưng và dễ cày bừa , mùa nước lên xuống hàng năm ổn định, tiện việc gieo trồng và thi ",,,,,
relation,lichsu_12_s128_bai12_sec11_002:1:e1-RELATED_TO-e2,RELATED_TO,e1,Person,Phan Châu Trinh,e2,Time,1926,Sự kiện để tang Phan Châu Trinh diễn ra vào năm 1926,để tang Phan Châu Trinh (1926),0.95,lichsu_12_s128_bai12_sec11_002,lichsu_12,Bài 12,"2. Hoạt động của tư sản, tiểu tư sản và công nhân Việt Nam","[79, 80, 81]","[""data/corpus/lichsu_12/lichsu_12.pdf_79.jpg.txt"", ""data/corpus/lichsu_12/lichsu_12.pdf_80.jpg.txt"", ""data/corpus/lichsu_12/lichsu_12.pdf_81.jpg.txt""]","để tang Phan Châu Trinh (1926) (1) Trần Dân Tiên, Những mấu chuyên về đời ho thủ tịch, NXB Văn nghệ, H, 1956) tr.67 Các cuộc dấu tranh của công nhân ngày càng nhiều hơn, tuy vẫn còn lẻ tẻ và tự phát. Ở Sài Gòn - Chơ Lớn đã thành lập Công hội (bí mật) Tháng 8 - 1925, thợ máy xưởng Ba Son tại cảng Sài Gòn đã bãi công, không chịu sửa chữa chiến hạm Misolê của Pháp trước khi chiến hạm này chở binh lính sang tham gia dàn áp phong trào dấu tranh của nhân dân Trung Quốc, Với yêu sách dòi tàng lương 20%",,,,,
relation,lichsu_10_s83_002:11:e5-RELATED_TO-e10,RELATED_TO,e5,Person,Hai Bà Trưng,e10,Place,Cửu Chân,Số quân còn lại của Hai Bà rút về chiến đấu ở Cửu Chân.,số còn lại rút về chiến đấu ở Cửu Chân,0.95,lichsu_10_s83_002,lichsu_10,Bài,1. Khái quát phong trào đấu tranh từ thế kỉ 1 đến đầu thế kỉ x,"[81, 82, 83, 84, 85, 86]","[""data/corpus/lichsu_10/lichsu_10.pdf_81.jpg.txt"", ""data/corpus/lichsu_10/lichsu_10.pdf_82.jpg.txt"", ""data/corpus/lichsu_10/lichsu_10.pdf_83.jpg.txt"", ""data/corpus/lichsu_10/lichsu_10.pdf_84.jpg.txt"", ""data/corpus/lichsu_10/lichsu_10.pdf_85.jpg.txt"", ""data/corpus/lichsu_10/lichsu_10.pdf_86.jpg.txt""]","khai nhưng là một chinh chính quyền đóc lập, tự chủ của nhân dân ta được ra đời sau khi cuộc khởi nghĩa thắng lơi và đã cổ vũ tinh thần đấu tranh chống ách đô hô chi của phong kiến phương Bắc sau đó. The Mùa hề năm 42, Mã Viện được vua Hán cử làm tổng chỉ huy đạo quân lớn thu tri 19 thu khoảng 2 vạn người, chia làm 2 cánh thuỷ, bộ kéo vào xâm lược nước tai Cuộc kháng chiến của nhân dân ta do Hai Bà Trưng lãnh đũo rất anh dũng, người nhưng do lực lượng yếu nên đã bị thất bại Cuộc chiến đấu đã diễ",,,,,
relation,lichsu_10_s208_002:1:e1-RELATED_TO-e2,RELATED_TO,e1,Concept,chủ nghĩa xã hội không tưởng,e2,Concept,học thuyết Mác,chủ nghĩa xã hội không tưởng là tiền đề cho học thuyết Mác,là một trong những tiền đề cho học thuyết Mác sau này,0.9,lichsu_10_s208_002,lichsu_10,Bài,3. Chủ nghĩa xã hội không tưởng,"[183, 184, 185, 186, 187]","[""data/corpus/lichsu_10/lichsu_10.pdf_183.jpg.txt"", ""data/corpus/lichsu_10/lichsu_10.pdf_184.jpg.txt"", ""data/corpus/lichsu_10/lichsu_10.pdf_185.jpg.txt"", ""data/corpus/lichsu_10/lichsu_10.pdf_186.jpg.txt"", ""data/corpus/lichsu_10/lichsu_10.pdf_187.jpg.txt""]","ược người hưởng phúc lơi tập thể Ông cũng chủ trương đi đến chủ nghĩa xã hôi bằng cách tuyên truyền, thuyết phục và 1535), với ""nhan đề U tô pi a (tiếng Hì Lạp có nghĩa là """"Không tồn tại ở đầu cả""""). Ở trên đảo U-tố pi a, mọi"" người người sống với nhau bình đẳng, không có tư hữu, không có giàu nghèo, tất cả cùng lao động và cùng hương hạnh phúc Thi cho Công lao của các nhà xã hội không tưởng là phê phán sâu sắc xã hội tư bảng các có ý thức bảo vệ quyền lợi của giai cấp công nhân, dự đoán về xã ",,,,,
relation,lichsu_10_s66_001:9:e6-RELATED_TO-e5,RELATED_TO,e6,Concept,văn hoá Sơn Vi,e5,Place,Sơn Vi,văn hoá Sơn Vi liên quan đến di tích Sơn Vi,nhân của văn hoá Sơn Vi cư trú trong các hang động,0.9,lichsu_10_s66_001,lichsu_10,Bài,"Vi cư trú trong các hang động, mái đá ngoài trời, ven bờ sông, suối, trên một","[71, 72]","[""data/corpus/lichsu_10/lichsu_10.pdf_71.jpg.txt"", ""data/corpus/lichsu_10/lichsu_10.pdf_72.jpg.txt""]","của nước ta đã tìm thấy những răng hoá thạch và nhiều chinh công cụ đá ghè đếo của Người tinh khôn tại các di tích văn hoá Ngườm (Võ 19) Nhai - Thái Nguyên), Sơn Vi (Lâm Thao Phú nhân của văn hoá Sơn Vi cư trú trong các hang động, mái đá ngoài trời, ven bờ sông, suối, trên một địa bàn khá rộng từ Sơn La, Lai Châu, Lào Cai, Yên Bái, Bắc Giang đến Thanh Hoá, Nghệ An, Quảng Trị, Họ sống thành các thị tộc, sử dụng công cụ đá ghè đẽo, lấy săn bắt, hái lượm làm nguồn sống chính. Ở Hoà Bình, Bắc Sơn và",,,,,
relation,lichsu_12_s202_bai18_sec8_002:3:e5-RELATED_TO-e6,RELATED_TO,e5,Concept,Vườn không nhà trống,e6,Concept,Tản cư cũng là kháng chiến,Các khẩu hiệu được sử dụng trong kháng chiến,"Với khẩu hiệu ""Vườn không nhà trống """" Tần cư cũng là kháng chiến """,0.95,lichsu_12_s202_bai18_sec8_002,lichsu_12,Bài 18,VÀ VIỆC CHUẤN BỊ CHO CUỘC KHÁNG CHIẾN LÂU DÀI,"[130, 131, 132, 133]","[""data/corpus/lichsu_12/lichsu_12.pdf_130.jpg.txt"", ""data/corpus/lichsu_12/lichsu_12.pdf_131.jpg.txt"", ""data/corpus/lichsu_12/lichsu_12.pdf_132.jpg.txt"", ""data/corpus/lichsu_12/lichsu_12.pdf_133.jpg.txt""]","òng 3 tháng đầu của cuộc kháng chiến toàn quốc, ta đã vận chuyển hơn 3 van tấn máy móc và dụng cu sản xuất, hàng van tấn nguyên vật liêu về chiến khu để tiếp tục sản xuất, phục vụ nhu cầu kháng chiến. Riêng ở Bắc Bộ gần 2/3 số máy móc được chuyển lên căn cứ Việt Bắc ""Với khẩu hiệu ""Vườn không nhà trống """" Tần cư cũng là kháng chiến """", Phá hoại để kháng chiến """" nhân dân các đô thị nhanh chóng tản cư ra các vùng hâu phương và tiến hành phá huỷ nhà cửa, đường sá, cầu cổng, không cho địch sử dụng ",,,,,
relation,lichsu_10_s66_001:5:e1-RELATED_TO-e5,RELATED_TO,e1,Concept,răng hoá thạch,e5,Place,Sơn Vi,răng hoá thạch được tìm thấy tại di tích văn hoá Sơn Vi,"đã tìm thấy những răng hoá thạch và nhiều chinh công cụ đá ghè đếo của Người tinh khôn tại các di tích văn hoá Ngườm (Võ 19) Nhai - Thái Nguyên), Sơn Vi (Lâm Thao Phú nhân",0.9,lichsu_10_s66_001,lichsu_10,Bài,"Vi cư trú trong các hang động, mái đá ngoài trời, ven bờ sông, suối, trên một","[71, 72]","[""data/corpus/lichsu_10/lichsu_10.pdf_71.jpg.txt"", ""data/corpus/lichsu_10/lichsu_10.pdf_72.jpg.txt""]","của nước ta đã tìm thấy những răng hoá thạch và nhiều chinh công cụ đá ghè đếo của Người tinh khôn tại các di tích văn hoá Ngườm (Võ 19) Nhai - Thái Nguyên), Sơn Vi (Lâm Thao Phú nhân của văn hoá Sơn Vi cư trú trong các hang động, mái đá ngoài trời, ven bờ sông, suối, trên một địa bàn khá rộng từ Sơn La, Lai Châu, Lào Cai, Yên Bái, Bắc Giang đến Thanh Hoá, Nghệ An, Quảng Trị, Họ sống thành các thị tộc, sử dụng công cụ đá ghè đẽo, lấy săn bắt, hái lượm làm nguồn sống chính. Ở Hoà Bình, Bắc Sơn và",,,,,
relation,lichsu_12_s279_bai23_sec6_001:6:e7-RELATED_TO-e6,RELATED_TO,e7,Concept,Sản lượng lúa,e6,Time,1974,"Sản lượng lúa đạt 4,8 triệu tấn vào năm 1974.","đến năm 1974, mắc the trong du có những khó khăn do thiên tai, miên Bác cũng đạt được 4,8 triêu tân",0.95,lichsu_12_s279_bai23_sec6_001,lichsu_12,Bài 23,Y TẾ KINH TẾ CÓ BƯỚC PHÁT TRIỂN,"[188, 189]","[""data/corpus/lichsu_12/lichsu_12.pdf_188.jpg.txt"", ""data/corpus/lichsu_12/lichsu_12.pdf_189.jpg.txt""]","biển, trên sông, bảo đảm đi lại bình thường Sau hai năm 1973 - 1974, về cơ bản miên Bắc khôi phúc xong các cơ sở kinh tế thống tế thống thuỷ nông, mạng lưới giao thông, công trình văn hoá, giáo dục, Y TẾ KINH TẾ CÓ BƯỚC PHÁT TRIỂN Tổng sản phẩm xã hội năm 1973 cao hơn năm 1965, năm 1974 cao hơn năm 1973 là 12,4%. Sán lương lúa năm 1973 là 5 triều tấn , đến năm 1974, mắc the trong du có những khó khăn do thiên tai, miên Bác cũng đạt được 4,8 triêu tân Năm 1974, giá tri tổng sản lượng công nghiệp ",,,,,
relation,lichsu_11_s24_bai7_sec1_002:4:e1-RELATED_TO-e5,RELATED_TO,e1,Concept,Triết học Anh sáng,e5,Person,Mê-li-ê,Triết học Anh sáng sản sinh ra Mê-li-ê,"trào lưu Triết học Anh sáng thế kỉ XVII XXIII đã sản sinh ra nhiều nhà tư tưởng lớn ? các nhà Khai sáng, có vai trò quan trọng trong sự thắng lơi của Cách mang tư sản Pháp cuối thế kỉ XVIII và sự phát triển tư tưởng của châu Âu Đó là Mông le xki o (1689 1755), Vôn-le (1694 1778), Rút xô (1712 - 1778) nhà tư tưởng cấp tiến Mê-liê (1644 - 1729)",0.8,lichsu_11_s24_bai7_sec1_002,lichsu_11,Bài 7,Bài 7,"[36, 37, 38, 39]","[""data/corpus/lichsu_11/lichsu_11.pdf_36.jpg.txt"", ""data/corpus/lichsu_11/lichsu_11.pdf_37.jpg.txt"", ""data/corpus/lichsu_11/lichsu_11.pdf_38.jpg.txt"", ""data/corpus/lichsu_11/lichsu_11.pdf_39.jpg.txt""]","tiêng thế kỉ XVII về tranh chân dung, tranh phong cảnh với nhiều chất liêu - sơn dầu, khắc kim loại... Về tổ tổng, trào lưu Triết học Anh sáng thế kỉ XVII XXIII đã sản sinh ra nhiều nhà tư tưởng lớn ? các nhà Khai sáng, có vai trò quan trọng trong sự thắng lơi của Cách mang tư sản Pháp cuối thế kỉ XVIII và sự phát triển tư tưởng của châu Âu Đó là Mông le xki o (1689 1755), Vôn-le (1694 1778), Rút xô (1712 - 1778) nhà tư tưởng cấp tiến Mê-liê (1644 - 1729) và nhóm Bách khư do Đi-dơ-rô (1713 1784)",,,,,
relation,lichsu_12_s45_bai4_sec4_001:3:e2-RELATED_TO-e4,RELATED_TO,e2,Person,Xihanúc,e4,Place,Campuchia,Xihanúc là Quốc vương của Campuchia,Quốc vương Xihanúc ... của Campuchia,0.95,lichsu_12_s45_bai4_sec4_001,lichsu_12,Bài 4,2. Quá trình xây dựng và phát triển của các nước Đông Nam Á,"[26, 27, 28, 29, 30]","[""data/corpus/lichsu_12/lichsu_12.pdf_26.jpg.txt"", ""data/corpus/lichsu_12/lichsu_12.pdf_27.jpg.txt"", ""data/corpus/lichsu_12/lichsu_12.pdf_28.jpg.txt"", ""data/corpus/lichsu_12/lichsu_12.pdf_29.jpg.txt"", ""data/corpus/lichsu_12/lichsu_12.pdf_30.jpg.txt""]","vương, Từ đó, đời sông chính tế của nhân dân Campuchia bước sang một thời kì phát triển mới. Tháng 10 ? 2004, Quốc vương Xihanúc thoái vi, Hoàng tử Xihamôni lên kế ngôi trở thành Quốn của Campuchia 2. Quá trình xây dựng và phát triển của các nước Đông Nam Á Các Nước Đông Nam A sau khi giành độc lập đã bước vào thời kì phát triển kinh Mê với những chiên lược phát triển kháu Nham nhóm năm nước sáng lập ASEAN Thoi kì đầu sau khi giành được độc lập, nhóm năm nước sang lập ASEAN (Indônêxia, Malaixia,",,,,,
relation,lichsu_10_s133_bai23_sec8_001:10:e11-RELATED_TO-e9,RELATED_TO,e11,Place,Thăng Long,e9,Organization,nhà Thanh,Quân Thanh đóng giữ ở Thăng Long,có quân Thanh đóng giữ,0.95,lichsu_10_s133_bai23_sec8_001,lichsu_10,Bài 23,2. Kháng chiến chống Thanh (1789),"[117, 118, 119]","[""data/corpus/lichsu_10/lichsu_10.pdf_117.jpg.txt"", ""data/corpus/lichsu_10/lichsu_10.pdf_118.jpg.txt"", ""data/corpus/lichsu_10/lichsu_10.pdf_119.jpg.txt""]","Huệ đã tố chức trận Rạch Gầm - Xoài Mút đánh tan tành Thi nhu quân xâm lược Nguyễn Ánh theo cánh tàn quân Xiêm chạy thoát. Miền Nam trớ lại yên bình. B - Em biết gì thêm về trận Rạch Gầm - Xoài Mút ? 2. Kháng chiến chống Thanh (1789) Sau khi bị quân Tây Sơn đánh bại, vua Lê Chiêu Thống cùng một số đại thần Thuy thân cận bỏ chạy lên phía bắc, cho người sang Trung Quốc câu cứu nhà Thanh Nhang Nhận Nhận thấy đây là một thời cơ thuận lợi để xâm lược, vua Thanh sai tướng đem 192 199 vạn quân, theo sự",,,,,
relation,lichsu_12_s173_bai16_sec15_001:2:e4-RELATED_TO-e5,RELATED_TO,e4,Organization,quân Đông minh,e5,Organization,quân đội Nhật Bản,Quân Đồng minh tiến công quân đội Nhật Bản,quân Đông minh tiến công mạnh mê vào các vị trí của quân đội Nhật Bản,0.95,lichsu_12_s173_bai16_sec15_001,lichsu_12,Bài 16,3. Tổng khới nghĩa tháng Tám năm 1945,"[112, 113, 114, 115, 116, 117]","[""data/corpus/lichsu_12/lichsu_12.pdf_112.jpg.txt"", ""data/corpus/lichsu_12/lichsu_12.pdf_113.jpg.txt"", ""data/corpus/lichsu_12/lichsu_12.pdf_114.jpg.txt"", ""data/corpus/lichsu_12/lichsu_12.pdf_115.jpg.txt"", ""data/corpus/lichsu_12/lichsu_12.pdf_116.jpg.txt"", ""data/corpus/lichsu_12/lichsu_12.pdf_117.jpg.txt""]","cứ địa chính của cách mang cả nước và là hình ảnh thu nhỏ của nước Việt Nam mới Công cuộc chuẩn bị được gấp rút hoàn thành Toàn dân tộc đã sắn sàng đốn chờ thời cơ vùng dây tiến hành tổng khơi nghĩa 3. Tổng khới nghĩa tháng Tám năm 1945 Nam a la là là nhật đầu hàng Đồng minh, lệnh Tổng khởi nghĩa được ban bố Đã Đầu tháng 8 ? 1945, quân Đông minh tiến công mạnh mê vào các vị trí của quân đội Nhật Bản ở châu Á - Thái Bình Dương, Để uy hiếp quân Nhật, ngày 6 và 1995 1945, Mĩ đã ném hai quả bom nguy",,,,,
relation,lichsu_11_s34_bai10_sec1_001:2:e3-RELATED_TO-e2,RELATED_TO,e3,Place,Liên Xô,e2,Concept,Chính sách kinh tế mới,Nhân dân Xô viết thực hiện Chính sách kinh tế mới,nhân dân Xô viết đã thực hiên thành công Chính sách kinh tế mới,0.95,lichsu_11_s34_bai10_sec1_001,lichsu_11,Bài 10,Bài 10,"[52, 53]","[""data/corpus/lichsu_11/lichsu_11.pdf_52.jpg.txt"", ""data/corpus/lichsu_11/lichsu_11.pdf_53.jpg.txt""]","Mười đã làm thay đổi cục diên thế giới, cổ vũ mạnh mế và để lại nhiều bài học quý báu cho phong trào cách mang của giai cấp công nhân, nhân dân lao đông và các dân tộc bi áp bức trên toàn thế giới Ba Bài 10 (1921 1941) Để khôi phục đất nước sau chiến tranh, nhân dân Xô viết đã thực hiên thành công Chính sách kinh tế mới (1921 - 1925) và triển khai công cuộc xây dựng chủ nghĩa xã hội, Trải qua hai kế hoạch 5 năm đầu tiên, Liên Xô đã đạt được những thành tựu to lớn về mọi mặt và trở thành một cườn",,,,,
relation,lichsu_12_s186_bai17_sec7_001:4:e5-RELATED_TO-e4,RELATED_TO,e5,Organization,Uỷ ban hành chính các cấp,e4,Event,Bầu cử hội đồng nhân dân các cấp,Uỷ ban hành chính các cấp được thành lập sau bầu cử hội đồng nhân dân các cấp,Uỷ ban hành chính các tấp được thành lập,0.9,lichsu_12_s186_bai17_sec7_001,lichsu_12,Bài 17,1. Xây dưng chính quyền cách mạng,"[121, 122, 123]","[""data/corpus/lichsu_12/lichsu_12.pdf_121.jpg.txt"", ""data/corpus/lichsu_12/lichsu_12.pdf_122.jpg.txt"", ""data/corpus/lichsu_12/lichsu_12.pdf_123.jpg.txt""]","nghĩa đang hình thành, phong trào giải phóng dân tộc dâng cao ở nhiều nước thuộc địa và phu thuộc, phong trào đấu tranh vì hoà bình, dân chủ phát triển ở nhiều nước tư bản thuận lợi và khó khăn gì ? 1. Xây dưng chính quyền cách mạng Chỉ một tuần sau khi nước Việt Nam Dân chủ Công hoà ra đời, Chính phủ lâm thời công bố lệnh tổng tuyển cử trong cả nước Ngày 6 - 1 - 1946, vượt qua moi hành đông chống phá của kẻ thù, hơn 90% cử tri Thong trong cả nước di bỏ phiếu, bầu được 333 đại biểu kháp Bắc - Na",,,,,
relation,lichsu_12_s202_bai18_sec8_001:11:e2-RELATED_TO-e11,RELATED_TO,e2,Place,Hà Nội,e11,Place,Việt Bắc,"Các cơ quan Đảng, Chính phủ, Mặt trận, các đoàn thể chuyển lên căn cứ địa Việt Bắc sau khi rút khỏi Hà Nội","Sau khi rút khỏi Hà Nội, các cơ quan Đảng, Chính phủ, Mặt trân, các đoàn thể v.v chuyển lên căn cứ địa Việt Bắc",0.95,lichsu_12_s202_bai18_sec8_001,lichsu_12,Bài 18,VÀ VIỆC CHUẤN BỊ CHO CUỘC KHÁNG CHIẾN LÂU DÀI,"[130, 131, 132, 133]","[""data/corpus/lichsu_12/lichsu_12.pdf_130.jpg.txt"", ""data/corpus/lichsu_12/lichsu_12.pdf_131.jpg.txt"", ""data/corpus/lichsu_12/lichsu_12.pdf_132.jpg.txt"", ""data/corpus/lichsu_12/lichsu_12.pdf_133.jpg.txt""]","Đô là kháng chiến toàn dân, toàn diên, trường kì, tư lực cánh sinh và tranh thủ sự ủng hô của quốc tế. lược bùng nó ngày 19 - 1946 ? Phân tích nội dung cơ bản đường lối kháng thực dân Pháp của Đảng VÀ VIỆC CHUẤN BỊ CHO CUỘC KHÁNG CHIẾN LÂU DÀI 19 1. Cuộc chiến dầu ở các đô thị phía Bắc vĩ tuyên 16 Ở Hà Nội, khoảng 20 giờ ngày 19 - 12 - 1946, cuộc chiến đấu bắt đầu Nhân dân đã khiêng bàn ghế, giường, tủ, kiên hàng, ha cây cối v.v. làm thành những chương người ngai vật hoặc chiến luỹ ngay trên đườ",,,,,
relation,lichsu_10_s45_001:7:e5-RELATED_TO-e7,RELATED_TO,e5,Concept,người Kho-me,e7,Place,sông Mê Công,Địa bàn sinh tụ đầu tiên của người Kho-me là mạn trung lưu sông Mê Công.,mạn trung lưu sông Mê Công,0.95,lichsu_10_s45_001,lichsu_10,Bài,1. Vương quốc Cam pu-chia,"[50, 51, 52]","[""data/corpus/lichsu_10/lichsu_10.pdf_50.jpg.txt"", ""data/corpus/lichsu_10/lichsu_10.pdf_51.jpg.txt"", ""data/corpus/lichsu_10/lichsu_10.pdf_52.jpg.txt""]","VÀ VƯƠNG QUỐC LÀO Cam-pu-chia và Lào ? hai quốc giềng gần gũi của Việt Nam, đã có một truyền thống lịch sử lâu đời và một nền văn hoá đặc sắc 1. Vương quốc Cam pu-chia Đất nước Cam-pu-chia như một lòng chảo khổng lồ, xung quanh là rừng và cao nguyên bao bọc, còn đáy chảo là Biển Hồ và vùng phụ cận với những cánh đồng phì nhiêu, màu mỡ. Ở Cam-pu chia, tộc người chiếm đa số là Kho-me. Địa bàn sinh tụ đầu tiên của người Kho-me ở phía bắc nước Cam pu-chia ngày nay, trên cao nguyên Cò Rạt và mạn trun",,,,,
relation,lichsu_12_s226_bai20_sec6_003:1:e3-RELATED_TO-e2,RELATED_TO,e3,Organization,quân ta,e2,Place,Bắc Tây Nguyên,Quân ta tiến công địch ở Bắc Tây Nguyên,quân ta tiến công địch ở Bắc Tây Nguyên,0.95,lichsu_12_s226_bai20_sec6_003,lichsu_12,Bài 20,VÀ CHIẾN DỊCH ĐIỆN PHÚ NĂM 1954,"[145, 146, 147, 148, 149, 150, 151]","[""data/corpus/lichsu_12/lichsu_12.pdf_145.jpg.txt"", ""data/corpus/lichsu_12/lichsu_12.pdf_146.jpg.txt"", ""data/corpus/lichsu_12/lichsu_12.pdf_147.jpg.txt"", ""data/corpus/lichsu_12/lichsu_12.pdf_148.jpg.txt"", ""data/corpus/lichsu_12/lichsu_12.pdf_149.jpg.txt"", ""data/corpus/lichsu_12/lichsu_12.pdf_150.jpg.txt"", ""data/corpus/lichsu_12/lichsu_12.pdf_151.jpg.txt""]","TAY NINH PHONH NHINH THU DÂU MỘT PHAN RÍ K BIẾN HOÀ PHAN THIẾT SÀI GÒN CHÂU ĐỐC HÀ TIÊN VĨNH LÔNG Đ. Phú Quốc BỆN TRE RACH GIA CẦN THỜ BACLIEU QQ Thổ Chu Đ. Con Sgu 04 hon Khoai 10gh Đã Đầu tháng 2 ? 1954, quân ta tiến công địch ở Bắc Tây Nguyên, loại khói vòng chiến đấu 2 000 địch, giải phóng toàn tỉnh Kon Tum, một vùng rộng lớn với 20 vạn dân bao vây uy hiếp Playku Thi pháp buốc phái bó dở cuốc tuế công Tuy Hoà (Phú Yên) để tăng cường Nhưng lưc lương cho Plâyku và Plâyku trở thành nơi tấp trun",,,,,
relation,lichsu_10_s83_003:8:e10-RELATED_TO-e9,RELATED_TO,e10,Person,Khúc Hạo,e9,Time,Năm 907,Khúc Hạo lên thay vào năm 907,"Năm 907, Khúc Hạo lên thay",0.95,lichsu_10_s83_003,lichsu_10,Bài,1. Khái quát phong trào đấu tranh từ thế kỉ 1 đến đầu thế kỉ x,"[81, 82, 83, 84, 85, 86]","[""data/corpus/lichsu_10/lichsu_10.pdf_81.jpg.txt"", ""data/corpus/lichsu_10/lichsu_10.pdf_82.jpg.txt"", ""data/corpus/lichsu_10/lichsu_10.pdf_83.jpg.txt"", ""data/corpus/lichsu_10/lichsu_10.pdf_84.jpg.txt"", ""data/corpus/lichsu_10/lichsu_10.pdf_85.jpg.txt"", ""data/corpus/lichsu_10/lichsu_10.pdf_86.jpg.txt""]","Ngày Năm 571, Lý Phật Tử (một người họ hàng với Lý Nam Đế) bất ngờ đem quân Đã Đánh úp Triệu Việt Vương, cướp ngôi. Sử ghi là Hậu Lý Nam Đế. Năm 603, nhà The Tuỳ đếm quân xâm lược, Lý Phật Từ bị bắt. Nhà nướn kết thúc Các cuộc khởi nghĩa của Khúc Thừa Du Thu Ngày Năm 905, nhân cơ hội nhà Đường suy sụp, Khúc Thừa Dụ được nhân dân ủng Thuy hộ, đánh chiếm Tổng Bình (Hà Nội), giành quyền tự chủ, Năm 907, Khúc Hạo lên thay, thực hiện nhiều chính sách cải cách về các mặt để xây dựng chính quyền độc lậ",,,,,
relation,lichsu_12_s53_bai5_sec2_001:2:e3-RELATED_TO-e4,RELATED_TO,e3,Place,Việt Nam,e4,Event,thiết lập quan hệ ngoại giao,Việt Nam tham gia thiết lập quan hệ ngoại giao,thiết lập quan hệ ngoại giao với Việt Nam,0.95,lichsu_12_s53_bai5_sec2_001,lichsu_12,Bài 5,CÁC NƯỚC CHÂU PHI VÌ LATINH,"[34, 35]","[""data/corpus/lichsu_12/lichsu_12.pdf_34.jpg.txt"", ""data/corpus/lichsu_12/lichsu_12.pdf_35.jpg.txt""]","của củng hộ cuộc đấu tranh giành độc lập của các dân tộc. Ngày 7 - 1 - 1972, Ân Độ chính thức thiết lập quan hệ ngoại giao với Việt Nam Cuộc đấu tranh giành độc lập của nhân dân Ấn Độ trong những CÁC NƯỚC CHÂU PHI VÌ LATINH Sau Chiến tranh thế giới thứ hai, phong trào giải phóng dân tộc và bảo về đóc lập của nhân dân châu Phi và Mĩ Latinh bùng nổ, đã giành được thắng lơi to lớn Bản đó chính trị của hai khu vực này có sự thay đối căn bản : một loạt các quốc gia đóc lập ra đời, tỉnh hình kinh tê ?",,,,,
relation,lichsu_12_s262_bai22_sec10_001:9:e10-RELATED_TO-e12,RELATED_TO,e10,Time,Ngày 7 - 2 1965,e12,Place,thị xã Đông Hới,Thị xã Đông Hới bị ném bom vào ngày 7-2-1965.,"Ngày 7 - 2 1965, ... Mĩ cho máy bay ném bom ban phá thi xã Đông Hới",0.95,lichsu_12_s262_bai22_sec10_001,lichsu_12,Bài 22,1. Mĩ tiến hành chiến tranh bằng không quân và hả hoại,"[173, 178]","[""data/corpus/lichsu_12/lichsu_12.pdf_173.jpg.txt"", ""data/corpus/lichsu_12/lichsu_12.pdf_178.jpg.txt""]","quân sự mới ""tim diệt"" cố giành lại thế chủ động trên chiến trường, đẩy lực lượng vũ trang của ta trở về phòng ngự, buộc ta phải phân tán nhỏ, hoặc rút về biên giới, làm cho chiến tranh tàn lụi dần 1. Mĩ tiến hành chiến tranh bằng không quân và hả hoại miền Bắc Chu Cuối năm 1964 - đầu năm 1965, đông thời với việc đấy mạnh xâm lược miền Nam, Mĩ mở rộng chiến tranh bằng không quân phá hoại miền Bắc Ngày 5 - 8 1964, sau khi dưng lên ""sự kiên Vinh Bắc Bộ"", Mĩ cho máy Thi may ném bom bản phá một số n",,,,,
relation,lichsu_12_s189_bai17_sec10_001:5:e6-RELATED_TO-e5,RELATED_TO,e6,Organization,Quốc hội,e5,Time,Ngày 23 - 11 - 1946,Quốc hội ra quyết định vào ngày 23 - 11 - 1946.,"Ngày 23 - 11 - 1946, Quốc hôi quyết định",0.95,lichsu_12_s189_bai17_sec10_001,lichsu_12,Bài 17,4. Giải quyết khó kàă chính,"[124, 125]","[""data/corpus/lichsu_12/lichsu_12.pdf_124.jpg.txt"", ""data/corpus/lichsu_12/lichsu_12.pdf_125.jpg.txt""]","thông và đại học sóm được khai giảng nhằm đào tạo những công dân và cán bộ Thung trung thành, có năng lực phung sư Tố quốc Nội dung và phương pháp giáo dục bước đầu được đối mới theo tinh tốc dân chủ 4. Giải quyết khó kàă chính Để khắc phục tình trạng trống rồng về ngân sách, Chính phủ kêu gọi tình thần tư nguyên đóng góp của nhân dân cả nước, Hưởng ứng cuộc vân đông xây dưng Quý độc lập"", phong trào ""Tuần lễ vàng"""" do Chính phủ phát động, nhân dân ta hăng hái đóng góp tiền của, vàng, bạc ủng hộ",,,,,
relation,lichsu_12_s170_bai16_sec12_002:4:e6-RELATED_TO-e7,RELATED_TO,e6,Organization,Tổng bộ Việt Minh,e7,Time,7 - 5 - 1944,"Tổng bộ Việt Minh ra chỉ thị ""Sửa soạn khởi nghĩa"" vào ngày 7-5-1944","Ngày 7 - 5 - 1944, Tổng bô Việt Minh ra chỉ thị cho các cấp 'Sửa soạn khởi nghĩa'",0.95,lichsu_12_s170_bai16_sec12_002,lichsu_12,Bài 16,11 - 1940 chủ trương xây dựng thành căn cứ địa cách mang - sau khi về,"[109, 110, 111, 112]","[""data/corpus/lichsu_12/lichsu_12.pdf_109.jpg.txt"", ""data/corpus/lichsu_12/lichsu_12.pdf_110.jpg.txt"", ""data/corpus/lichsu_12/lichsu_12.pdf_111.jpg.txt"", ""data/corpus/lichsu_12/lichsu_12.pdf_112.jpg.txt""]","vũ trang, gây dựng cơ sở chính trị, mở rông khu căn cứ, Trong quá trình đó, Trung đội Cứu quốc quân III ra đòi (25 - 2 - 1944). Ở căn cứ Cao Bàng, những đôi tự về vũ trang, đội du kích được thành lập. Năm 1943, Ban Việt Minh liên tỉnh Cao - Bắc - Lang lập ra 19 ban ?Xung phong Nam tiến"" để liên lạc với cần cứ địa Bắc Sơn - Võ Nhai và phát triển lực lương xuống các tỉnh miền xuôi Ngày 7 - 5 - 1944, Tổng bô Việt Minh ra chỉ thị cho các cấp 'Sửa soạn khởi nghĩa? và ngày 10 - 8 ? 1944, Trung ương Đả",,,,,
relation,lichsu_12_s136_bai13_sec7_001:9:e7-RELATED_TO-e10,RELATED_TO,e7,Organization,Chi bộ Cộng sản đầu tiên ở Việt Nam,e10,Person,Trần Văn Cung,Trần Văn Cung là đảng viên của Chi bộ Cộng sản đầu tiên.,Trần Văn Cung,0.95,lichsu_12_s136_bai13_sec7_001,lichsu_12,Bài 13,II - ĐẢNG CỘNG SẢN VIỆT NAM RA ĐỜI,"[85, 86, 87, 88, 89]","[""data/corpus/lichsu_12/lichsu_12.pdf_85.jpg.txt"", ""data/corpus/lichsu_12/lichsu_12.pdf_86.jpg.txt"", ""data/corpus/lichsu_12/lichsu_12.pdf_87.jpg.txt"", ""data/corpus/lichsu_12/lichsu_12.pdf_88.jpg.txt"", ""data/corpus/lichsu_12/lichsu_12.pdf_89.jpg.txt""]","cách là một chính đảng cách người mang trong phong trào dân tộc vừa mới xuất hiên đã châm dứt cùng với sự thất ban của khơi nghĩa Yên Bái. và Việt Nam Quốc dân đảng đã ra đời và hoạt động như thế nào II - ĐẢNG CỘNG SẢN VIỆT NAM RA ĐỜI 1.Sự xuất hiện các tổ chức cộng sản năm 1929 Năm 1929, phong trào đấu tranh của công nhân, nông dân, tiểu tư sản và các thi tháng lớp nhân dân yêu nước khác đã phát triển, kết thành một làn sóng dân tộc dân chủ ngày càng lan rộng Cuối tháng 3 ? 1929, một số hội viê",,,,,
relation,lichsu_11_s111_bai20_sec5_001:8:e3-RELATED_TO-e8,RELATED_TO,e3,Organization,triều đình phong kiến Việt Nam,e8,Concept,"chính sách ""bế quan toả cảng""","Nhà Nguyễn vẫn tiếp tục chính sách ""bế quan toả cảng"".","Nhà Nguyễn vẫn tiếp tục chính sách ""bế quan toả cảng""",0.95,lichsu_11_s111_bai20_sec5_001,lichsu_11,Bài 20,KHÁNG CHIẾN LAN RỘNG RA BẮC KÌ,"[115, 116, 117, 118, 119]","[""data/corpus/lichsu_11/lichsu_11.pdf_115.jpg.txt"", ""data/corpus/lichsu_11/lichsu_11.pdf_116.jpg.txt"", ""data/corpus/lichsu_11/lichsu_11.pdf_117.jpg.txt"", ""data/corpus/lichsu_11/lichsu_11.pdf_118.jpg.txt"", ""data/corpus/lichsu_11/lichsu_11.pdf_119.jpg.txt""]","hai, sau đó quyết định đánh thắng vào Huế. Hai bản hiệp ước 1883 và 1884 đánh dấu sự đầu hàng hoàn toàn của triều đình phong kiến Việt Nam và xác lập nên bảo hô của Pháp trên toàn bộ đất nước tai nha KHÁNG CHIẾN LAN RỘNG RA BẮC KÌ Tình hình Việt Nam trước khi Pháp đánh Bắc Kì lần thứ nhất Từ năm 1867, sau khi cả sáu tỉnh Nam Kì rơi vào tay Pháp, tư tưởng dầu hàng điều đã chi phối các quan lại cao cấp trong triều đình Huế. Nhà Nguyễn vẫn tiếp tục chính sách ""bế quan toả cảng"""" tuy đã bắt đầu cử n",,,,,
relation,lichsu_11_s53_bai12_sec4_001:2:e1-RELATED_TO-e2,RELATED_TO,e1,Person,Hít-le,e2,Time,Ngày 30 1 1933,Hít-le được chỉ định làm Thủ tướng vào ngày 30 tháng 1 năm 1933.,Ngày 30 1 1933 Thủ tổng cho Hít-le,0.95,lichsu_11_s53_bai12_sec4_001,lichsu_11,Bài 12,Vi sao chủ nghĩa phát xít thắng thế ở Đức ?,"[66, 67, 68]","[""data/corpus/lichsu_11/lichsu_11.pdf_66.jpg.txt"", ""data/corpus/lichsu_11/lichsu_11.pdf_67.jpg.txt"", ""data/corpus/lichsu_11/lichsu_11.pdf_68.jpg.txt""]","quyen quyền ở Đức. Ngày 30 1 1933 Thủ tổng cho Hít-le ngày 30 19 30 Tổng thống Hin-đen-bua chỉ định Hít-le làm Thủ tướng và thành lập chính phủ mới mở ra một thời kì đen tối trong lịch sừ nước Đức. Vi sao chủ nghĩa phát xít thắng thế ở Đức ? Nước Đức trong những năm 1933 Về chính tri - Từ năm 1933, Chính phủ Hít-le ráo riết thiết lập nền chuyên chính độc tài, công khai khủng bố các đảng phái dân chủ tiến bộ, trước hết là Đảng Công sản Đức. Tháng 3 1933, chính quyền phát xít vu cáo những người cộ",,,,,
relation,lichsu_10_s227_001:4:e1-RELATED_TO-e5,RELATED_TO,e1,Person,Lê-nin,e5,Time,Mùa thu 1895,Lê-nin thống nhất các nhóm mácxít vào mùa thu 1895,"Mùa thu 1895, Lê-nin thống nhất các thuy nát các nhất các nhóm mác xít",0.95,lichsu_10_s227_001,lichsu_10,Bài,CÔNG NHÂN NGA,"[200, 201]","[""data/corpus/lichsu_10/lichsu_10.pdf_200.jpg.txt"", ""data/corpus/lichsu_10/lichsu_10.pdf_201.jpg.txt""]","giáng một đòn mạnh mẽ vào chế độ Nga hoàng, có ảnh hưởng đến phong trào đấu tranh đòi dân chủ ở các nước đế quốc và phong trào đấu tranh chống ách áp bức phong kiến, thực dân ở các nước phương Đông CÔNG NHÂN NGA Via-đi-mia I-íích U-Ii-a-nốp, tức Lê nin, sinh ngày 22 - 4 1 7 1 7 1 7 1 7 1 7 1 7 1 2 1 1 1 1 1 1 1 1 1 1 1 1 1 1 1 1 1 1 1 1 1 1 1 1 1 1 1 1 1 1 1 1 1 1 1 1 1 1 trong một gia đình nhà giáo tiến bô Lê-nin giác ngộ cách mang rất sớm và tham gia hoạt đông từ khi còn ở trường trung học Năm",,,,,
relation,lichsu_12_s272_bai22_sec20_001:7:e9-RELATED_TO-e8,RELATED_TO,e9,Organization,Mặt trận Dân tộc Giải phóng miền Nam Việt Nam,e8,Time,Ngày 25 - 1 - 1969,Mặt trận Dân tộc Giải phóng miền Nam Việt Nam tham gia đàm phán vào thời điểm này.,"Ngày 25 - 1 - 1969 giữa bốn bên là Viết Nam Dân chủ Công hoà, Mặt trận Dân Các thiết tộc giải phóng miền Nam Việt Nam (sau đó là Chính phủ cách mang lâm thời Công Nhà Nhoà miền Nam Việt Nam), Hoa Kì và Việt Nam Công hoà (chính quyền Sài Gòn)",0.95,lichsu_12_s272_bai22_sec20_001,lichsu_12,Bài 22,PHOÀ BÌNH Ở VIỆT NAM,"[183, 184, 185, 186, 187]","[""data/corpus/lichsu_12/lichsu_12.pdf_183.jpg.txt"", ""data/corpus/lichsu_12/lichsu_12.pdf_184.jpg.txt"", ""data/corpus/lichsu_12/lichsu_12.pdf_185.jpg.txt"", ""data/corpus/lichsu_12/lichsu_12.pdf_186.jpg.txt"", ""data/corpus/lichsu_12/lichsu_12.pdf_187.jpg.txt""]","được những thành tựu gi trong việc thực hiện nhiều nhiêm vu khôi phục và phát triển kinh tế ? xã hội từ năm 1969 đến năm 1973 ? Trân ""Điện Biên Phủ trên không ra 12 - 1972 ? Nêu kết quả và ý nghĩa PHOÀ BÌNH Ở VIỆT NAM Ngày 31 - 3 - 1968, sau đòn bất ngo là cuộc Tổng tiến công và nổi dây Xuân Màu Thân của quân dân ta, Giônxơn tuyên bố ngừng ném bom phá hoai miền Bác từ vi luyền 20 trở ra và bắt đầu nói đến đớm phán với Việt Nam Ngày 13 - 5 - 1968, cuốc đàm phán chính thức diên ra tại Pan giữa hai",,,,,
relation,lichsu_12_s312_bai26_sec7_003:9:e11-RELATED_TO-e12,RELATED_TO,e11,Concept,chiến lược phát triển kinh tế xã hội 10 năm,e12,Time,giai đoạn 2001 - 2010,Chiến lược phát triển kinh tế xã hội 10 năm được thực hiện trong giai đoạn 2001 - 2010.,chiến lược phát triển kinh tế xã hội 10 năm (2001 2010),0.9,lichsu_12_s312_bai26_sec7_003,lichsu_12,Bài 26,Nam A (ASEAN),"[209, 210, 211, 212, 213, 214, 215, 216]","[""data/corpus/lichsu_12/lichsu_12.pdf_209.jpg.txt"", ""data/corpus/lichsu_12/lichsu_12.pdf_210.jpg.txt"", ""data/corpus/lichsu_12/lichsu_12.pdf_211.jpg.txt"", ""data/corpus/lichsu_12/lichsu_12.pdf_212.jpg.txt"", ""data/corpus/lichsu_12/lichsu_12.pdf_213.jpg.txt"", ""data/corpus/lichsu_12/lichsu_12.pdf_214.jpg.txt"", ""data/corpus/lichsu_12/lichsu_12.pdf_215.jpg.txt"", ""data/corpus/lichsu_12/lichsu_12.pdf_216.jpg.txt""]","thành phố đầu thực hiện chương trình phổ (khánh thành ngày 21 - 50 0 1 2 1 2 1 2 1 2 1 2 1 2 1 2 1 2 1 2 1 2 1 2 1 2 1 2 1 2 1 2 1 2 1 2 1 2 1 2 1 2 1 2 1 2 1 2 1 2 1 2 1 cấp giáo dục Trung học cơ sở. Trong 5 năm, có khoảng 6,1 triêu người có việc làm, bình quân mỗi năm thu hút 1,2 triêu người Đến năm 2000, nước ta có quan hệ thương mại với hơn 140 nước, quan hê đầu tư với gần 70 nước và vùng lãnh thổ, thu hút được nhiều nguồn vốn đầu tư từ nước ngoài"" Những thành tựu, ưu điểm trong 5 năm 1996 -",,,,,
relation,lichsu_11_s105_bai19_sec6_003:11:e12-RELATED_TO-e9,RELATED_TO,e12,Person,Phan Thanh Giản,e9,Organization,triều đình Huế,Phan Thanh Giản đang giữ chức Kinh lược sứ của triều đình,Phan Thanh Giản (lúc đó đang giữ chức Kinh lược sứ của triều đình),0.95,lichsu_11_s105_bai19_sec6_003,lichsu_11,Bài 19,THI CUỘC KHÁNG CHIẾN CỦA NHÁN DÂN NAM KI SAU HIẾP ĐỚC 1862,"[109, 110, 111, 112, 113, 114]","[""data/corpus/lichsu_11/lichsu_11.pdf_109.jpg.txt"", ""data/corpus/lichsu_11/lichsu_11.pdf_110.jpg.txt"", ""data/corpus/lichsu_11/lichsu_11.pdf_111.jpg.txt"", ""data/corpus/lichsu_11/lichsu_11.pdf_112.jpg.txt"", ""data/corpus/lichsu_11/lichsu_11.pdf_113.jpg.txt"", ""data/corpus/lichsu_11/lichsu_11.pdf_114.jpg.txt""]","quân chống trả quyết liêi Trương Định trúng đạn và bị thương năng, Ông đã rút gươm tự sát để bảo toàn khí tiết, Năm đó ông 44 tuổi Is Em có suy nghị gì về hành động của Trương Định sau Hiệp ước 1862 ? Thực dân Pháp chiếm ba tính miên Tây Nam Kì Sau khi chiếm ba tỉnh miền Đông Nam Kì, thực dân Pháp bất tay ngay vào việc tổ chức bộ máy cai trị và chuẩn bị mở rộng phạm vi chiếm đóng Năm 1863, thực dân Pháp dùng vũ lực áp đất nền bảo hộ lên đất Cam-pu chia Sau đó có có có chứng vu cáo triều đình Huế",,,,,
relation,lichsu_11_s25_bai7_sec2_002:1:e2-RELATED_TO-e1,RELATED_TO,e2,Concept,chủ nghĩa tư bản,e1,Time,cuối thế kỉ XIX đầu thế kỉ XX,Chủ nghĩa tư bản phát triển mạnh mẽ vào cuối thế kỷ XIX đầu thế kỷ XX.,những năm cuối thế kỉ XIX đầu thế kỉ XX là thời kì phát triển nha nha nhanh chóng và manh mẽ của chủ nghĩa tư ban.,0.9,lichsu_11_s25_bai7_sec2_002,lichsu_11,Bài 7,LỊCH SƯ THẾ GIỚI CẦN ĐAI,"[37, 38, 39, 44, 45]","[""data/corpus/lichsu_11/lichsu_11.pdf_37.jpg.txt"", ""data/corpus/lichsu_11/lichsu_11.pdf_38.jpg.txt"", ""data/corpus/lichsu_11/lichsu_11.pdf_39.jpg.txt"", ""data/corpus/lichsu_11/lichsu_11.pdf_44.jpg.txt"", ""data/corpus/lichsu_11/lichsu_11.pdf_45.jpg.txt""]","những mức đô khác nhau đều tao điều kiên cho chủ nghĩa tư ban phát triên Thứ Thứ hai, những năm cuối thế kỉ XIX đầu thế kỉ XX là thời kì phát triển nha nha nhanh chóng và manh mẽ của chủ nghĩa tư ban. Đây là thời kì chủ nghĩa tư ban trong từ giai đoan tư do canh tranh chuyển dần sang giai đoan độc quyền, tức chủ nghĩa để quốc, Chủ nghĩa đế quốc có những đác trưng riêng, song không thay người đối bản chất của chủ nghĩa tư bản mà chỉ làm cho các mâu thuần vốn có và mới nảy sinh thêm trầm trong Thứ",,,,,
relation,lichsu_11_s56_bai13_sec2_001:5:e1-RELATED_TO-e6,RELATED_TO,e1,Place,Mĩ,e6,Time,thập niên 20 của thế kỉ XX,kinh tế Mĩ bước vào thời kì phồn vinh,nền kinh tế Mĩ bước vào thời kì phồn vinh trong thập niên 20 của thế kỉ XX,0.95,lichsu_11_s56_bai13_sec2_001,lichsu_11,Bài 13,NHỚI NƯỚC MĨ TRONG NĂM 1918 1929,"[69, 70]","[""data/corpus/lichsu_11/lichsu_11.pdf_69.jpg.txt"", ""data/corpus/lichsu_11/lichsu_11.pdf_70.jpg.txt""]","nặng nề chưa từng thấy trong lịch sử nước Mĩ những năm 1929 - 1933. Chính sách mới của Tổng thống Ru-dơ-ven đã đưa nước Mĩ thoát ra khỏi khủng hoảng và duy trì được sự phát triển của chủ nghĩa tư bản NHỚI NƯỚC MĨ TRONG NĂM 1918 1929 Tình hình kinh tế Chiến tranh thế giới thứ nhất đã đem lại ""những cơ hội vàng"""" cho nước Mi Với nguyên kinh lễ đại mức tăng trưởng cao trong suối những năm trong và sau chiến tranh Mĩ trở thành nước tư bản giàu mạnh nhất Cùng với lợi thể đó, việc cải tiến kí thuật th",,,,,
relation,lichsu_12_s40_bai3_sec6_001:9:e11-RELATED_TO-e12,RELATED_TO,e11,Concept,đường lối đổi mới,e12,Person,Đặng Tiểu Bình,đường lối đổi mới do Đặng Tiểu Bình khởi xướng,lối mới Thi thu do Đăng Tiểu Bình khới xướng,0.95,lichsu_12_s40_bai3_sec6_001,lichsu_12,Bài 3,3. Công cuộc cải cách - mở cứa (từ năm 1978),"[20, 21, 22, 23, 24]","[""data/corpus/lichsu_12/lichsu_12.pdf_20.jpg.txt"", ""data/corpus/lichsu_12/lichsu_12.pdf_21.jpg.txt"", ""data/corpus/lichsu_12/lichsu_12.pdf_22.jpg.txt"", ""data/corpus/lichsu_12/lichsu_12.pdf_23.jpg.txt"", ""data/corpus/lichsu_12/lichsu_12.pdf_24.jpg.txt""]","ra cuộc xung đột biên giới giữa Trung Quốc với Ân Độ (1962), giữa Trung Quốc với Liên Xô (1969), Tháng 2 1972, Tổng thông Mir. Nichxơn sang thăm Trung Quốc, mở đó theo hướng hoà diu giữa hai nước. 3. Công cuộc cải cách - mở cứa (từ năm 1978) Tháng 12 - 1978, Trung ương Đang Công Sản Trung Quống lối mới Thi thu do Đăng Tiểu Bình khới xướng, mớ đầu cho công cuốc cái cách kinh tế - xã hôi người của đất nước. Đường lối này được nàng lên thành đường lối chung của Đại hôi Xi 1982) 19 29 29 29 2 1982),",,,,,
relation,lichsu_10_s146_001:2:e4-RELATED_TO-e9,RELATED_TO,e4,Concept,Hoàng Việt luật lệ,e9,Organization,triều đình Nguyễn,Hoàng Việt luật lệ là bộ luật được ban hành dưới triều Nguyễn,Một bộ luật mới được ban hành ? Hoàng Việt luật lệ,0.9,lichsu_10_s146_001,lichsu_10,Bài,HÀ NỘI TÊN ĐƠN VỊ,"[125, 126, 127]","[""data/corpus/lichsu_10/lichsu_10.pdf_125.jpg.txt"", ""data/corpus/lichsu_10/lichsu_10.pdf_126.jpg.txt"", ""data/corpus/lichsu_10/lichsu_10.pdf_127.jpg.txt""]","THANH HOA NGHEAN HÀ TÍNH QUẮNG BÌNH QUẢNG TRỊ PHỦ THỪA THIÊN Ip QUẢNG NAM don A QUẢNG NGÁI BÌNH ĐỊNH PHÚ YÊN s KHÁNH HOA BÌNH THUẬN BIẾN HOÀ AN GIANG LGIA ĐINH ĐỊNH TƯƠNG HÀ TIÊN BNN LONG Đ. Phú Quốc HÀ NỘI TÊN ĐƠN VỊ hành chính Đ. Côn Lôn Biên giới quốc gia ngày nay Ban đầu, quan lại được tuyển chọn từ những người trước đây theo Nguyễn Ánh; the việt về sau, giáo dục, khoa cử trở thành nguồn tuyển chọn chính. Chế độ lương bồng người được quy định, nhưng không có phần ruộng dất. Mặt số quan lại t",,,,,
relation,lichsu_12_s249_bai21_sec15_003:9:e11-RELATED_TO-e5,RELATED_TO,e11,Event,chiến tranh phá hoại bằng không quân và hải quân,e5,Place,miền Bắc,Cuộc chiến tranh phá hoại của Mĩ đối với miền Bắc nước ta.,chiến tranh phá hoại bằng không quân và hải quân đổi với miền Bắc nước ta,0.9,lichsu_12_s249_bai21_sec15_003,lichsu_12,Bài 21,1. Đại hội đại biểu toàn quốc lần thứ III của Đảng (9 - 1960),"[162, 163, 164, 165, 166, 167, 168]","[""data/corpus/lichsu_12/lichsu_12.pdf_162.jpg.txt"", ""data/corpus/lichsu_12/lichsu_12.pdf_163.jpg.txt"", ""data/corpus/lichsu_12/lichsu_12.pdf_164.jpg.txt"", ""data/corpus/lichsu_12/lichsu_12.pdf_165.jpg.txt"", ""data/corpus/lichsu_12/lichsu_12.pdf_166.jpg.txt"", ""data/corpus/lichsu_12/lichsu_12.pdf_167.jpg.txt"", ""data/corpus/lichsu_12/lichsu_12.pdf_168.jpg.txt""]","hợp tác xã sản xuất nông nghiệp bậc cao. Nông dân áp dung khoa học - ki thuật vào sản xuất Hê thống thuy nông phát triển, nhiều công trình mới được xây dưng, tiêu biểu như công trình Bắc ? Hưng - Hải. Nhiều hợp tác xã đạt và vươt năng suất 5 tấn thóc trên 1 hécla gieo trong Trong Thương nghiệp quốc doanh được Nhà nước ưu tiên phát triển nên đã chiếm linh được thị trường, góp phần vào phát triển kinh tế, củng cố quan hê sản xuất mới, ổn định và cái thiện đòi sống nhân dân Hê thông giao thông đườn",,,,,
relation,lichsu_11_s90_bai17_sec13_001:5:e7-RELATED_TO-e6,RELATED_TO,e7,Organization,Liên Xô,e6,Concept,chủ nghĩa phát xít,Liên Xô là lực lượng trụ cột trong việc tiêu diệt chủ nghĩa phát xít,"ba cường quốc Liên Xô, Mĩ, Anh là lực lương tru cột, giữ vai trò quyết định trong việc tiêu diệt chủ nghĩa phát xít",0.95,lichsu_11_s90_bai17_sec13_001,lichsu_11,Bài 17,VIỆT CỤC CỦA CHIẾN TRANH THẾ GIỚI THỨ HAI,"[97, 98, 99, 101]","[""data/corpus/lichsu_11/lichsu_11.pdf_101.jpg.txt"", ""data/corpus/lichsu_11/lichsu_11.pdf_97.jpg.txt"", ""data/corpus/lichsu_11/lichsu_11.pdf_98.jpg.txt"", ""data/corpus/lichsu_11/lichsu_11.pdf_99.jpg.txt""]","bai quân Nhật trong trận Gingu-a-đan-ca-nan (từ tháng 8 - 1942 đến tháng 1 1943) đã tao ra bước ngoát trên toàn mặt trận này, Mĩ chuyển sang phản công và lần lượt đánh chiếm các đảo ở Thái Bình Dương VIỆT CỤC CỦA CHIẾN TRANH THẾ GIỚI THỨ HAI Chiến tranh thế giới thứ hai kết thúc với sự sụp đổ hoàn toàn của các nước phát Thi Thi xxt Đức, 1-la-Ira và Nhật Bản Tháng lơi vì đại thuộc về các dân lóc trên thế giới đã kiên cường chiến đấu chống chủ nghĩa phát xít Trong cuộc chiến đấu ấy, ba cường quốc ",,,,,
relation,lichsu_12_s87_bai8_sec1_001:1:e1-RELATED_TO-e2,RELATED_TO,e1,Organization,EU,e2,Place,Việt Nam,Quan hệ giữa EU và Việt Nam được thiết lập,quan hê EU Viết Nam được chính thức thiết lập,0.95,lichsu_12_s87_bai8_sec1_001,lichsu_12,Bài 8,Bài 8,"[51, 52]","[""data/corpus/lichsu_12/lichsu_12.pdf_51.jpg.txt"", ""data/corpus/lichsu_12/lichsu_12.pdf_52.jpg.txt""]","tinh, chiếm hơn 1/4 GDP của thế giới Năm 1990, quan hê EU Viết Nam được chính thức thiết lập, mở ra một thời kì phát triển mới trên cơ sở hợp tác toàn diện giữa hai bên triển của Liên minh châu Âu) Bài 8 NHẬT BẢN Là nước bai trận trong Chiến tranh thế giới thứ hai, nhưng từ sau năm 1945, Nhật Bản bước vào một thời ki phát triển mới với những đổi thay căn bản về chính tri - xã hôi cùng những thành tưu như một sư 'thần tháng ki về kinh tế, khoa học ? công nghê Nhật Bản đã vươn lên, trở thành một s",,,,,
relation,lichsu_10_s70_001:9:e11-RELATED_TO-e3,RELATED_TO,e11,Place,Cổ Loa,e3,Organization,Âu Lạc,Cổ Loa là kinh đô của nước Âu Lạc,Kinh đô của nước Au Lạc đặt ở Cổ Loa,0.9,lichsu_10_s70_001,lichsu_10,Bài,1. Quốc gia Văn Lang ? Au Lạc,"[74, 75, 76]","[""data/corpus/lichsu_10/lichsu_10.pdf_74.jpg.txt"", ""data/corpus/lichsu_10/lichsu_10.pdf_75.jpg.txt"", ""data/corpus/lichsu_10/lichsu_10.pdf_76.jpg.txt""]","sống trên đất nước ta đã biết sử dụng kim loại để chế tạo các vật dụng, Nghề nông trồng lúa nước trở nên phổ biến. Trên cơ sở đó đã hình thành các quốc gia cổ đại: Văn Lang Âu Lạc, Cham-pa, Phù Nam 1. Quốc gia Văn Lang ? Au Lạc Vào thời gian đầu của văn hoá Đông Sơn(?) các công cụ lao động bằng đồng thau trở nên phổ biến và bắt đầu có công cụ bằng sắt, Nhờ vậy, vùng châu thổ sông Hồng, sông Mã, sông Cả được khai phá thành những cánh đồng màu mõ, có nền kinh tế nông nghiệp trồng lúa nước, dùng cà",,,,,
relation,lichsu_10_s20_bai4_sec4_002:7:e3-RELATED_TO-e12,RELATED_TO,e3,Place,Rô-ma,e12,Concept,đồng tiền Đênariuxo của Rô-ma,Đồng tiền Đênariuxo là của Rô-ma,Đồng tiền Đênariuxo của Rô-ma,0.9,lichsu_10_s20_bai4_sec4_002,lichsu_10,Bài 4,1. Thiên nhiên và đời sống của con người,"[20, 21, 22]","[""data/corpus/lichsu_10/lichsu_10.pdf_20.jpg.txt"", ""data/corpus/lichsu_10/lichsu_10.pdf_21.jpg.txt"", ""data/corpus/lichsu_10/lichsu_10.pdf_22.jpg.txt""]",", Các quan hệ thương mại được mở rộng. Người Hi Lạp và Rô-ma đem các sản phẩm chi chi của mình như rượu nho, dầu ô liu, đồ mi nghề, đồ dùng kim loại, đồ gồm. nhưng đi bán ở mọi miên ven Địa Trung Hải. Sản phẩm mua về là lúa mì, súc vật, 19 thu lông thú từ vùng Hắc Hải, Ai Cập.., tơ lụa, hương liệu, xa xỉ phẩm từ các nước 19 tho nhi phương Đông, Trong xã hội chiếm nô ở vùng này, nô lệ là thứ hàng hoá quang trọng bậc nhất, Nhiều nơi như Đê-lốt, Pi- êê.. trở thành trung tâm buôn bán nô lệ lớn của t",,,,,
relation,lichsu_12_s88_bai8_sec2_001:2:e5-RELATED_TO-e1,RELATED_TO,e5,Organization,quân đội Mĩ,e1,Place,Nhật Bản,Quân đội Mĩ chiếm đóng Nhật Bản.,"Nhật Bản đã bị quân đội Mĩ, với danh nghĩa lực lương Đồng minh minh, chiếm đóng",0.95,lichsu_12_s88_bai8_sec2_001,lichsu_12,Bài 8,NHẬT BẢN TỪ NĂM 1945 ĐẾN NĂM 1952,"[52, 53]","[""data/corpus/lichsu_12/lichsu_12.pdf_52.jpg.txt"", ""data/corpus/lichsu_12/lichsu_12.pdf_53.jpg.txt""]","về chính tri - xã hôi cùng những thành tưu như một sư 'thần tháng ki về kinh tế, khoa học ? công nghê Nhật Bản đã vươn lên, trở thành một siêu cường kinh tê một trung tâm kinh lê ? tài chinh thê giới NHẬT BẢN TỪ NĂM 1945 ĐẾN NĂM 1952 Sự thất bại trong Chiến tranh thế giới thứ hai đã để lại cho Nhật Bản những hậu quả hết sức năng nề. Khoảng 3 triệu người chết và mất tích , 40% tàu bè, 34% máy móc the trong nghiệp bị phá huý, 13 triều người thát nghiêp , tham hoa đói, ret de doa toàn nước Nhật Sau",,,,,
relation,lichsu_12_s226_bai20_sec6_004:9:e11-RELATED_TO-e4,RELATED_TO,e11,Event,Đợt 2 Chiến dịch Điện Biên Phủ,e4,Event,Chiến dịch Điện Biên Phủ,Đợt 2 là một phần của Chiến dịch Điện Biên Phủ,Đội Đột 2,0.9,lichsu_12_s226_bai20_sec6_004,lichsu_12,Bài 20,VÀ CHIẾN DỊCH ĐIỆN PHÚ NĂM 1954,"[145, 146, 147, 148, 149, 150, 151]","[""data/corpus/lichsu_12/lichsu_12.pdf_145.jpg.txt"", ""data/corpus/lichsu_12/lichsu_12.pdf_146.jpg.txt"", ""data/corpus/lichsu_12/lichsu_12.pdf_147.jpg.txt"", ""data/corpus/lichsu_12/lichsu_12.pdf_148.jpg.txt"", ""data/corpus/lichsu_12/lichsu_12.pdf_149.jpg.txt"", ""data/corpus/lichsu_12/lichsu_12.pdf_150.jpg.txt"", ""data/corpus/lichsu_12/lichsu_12.pdf_151.jpg.txt""]","pháo kho hâu cần, sân bay, tập trung 2/3 lưc lương, phân khu Nam đát tai Hồng Cúm, có trận địa pháo, sân bay, Tổng công cả ba phân khu có 49 cứ điểm Sau khi kiểm tra, các tướng lính Pháp và Mĩ đều coi Điên Biên Phú là ""một phác đài bất kha xâm pham Đầu tháng 12 ? 1953, Bộ Chính trị Trung ương Đảng họp, thông qua kế hoạch Thi chiến đác chiến của Bộ Tổng tư lênh và quyết đình mở chiến dich Điên Biên Phú, Muc thiếu của chiến dịch là tiêu diệt lực lương địch ở đây, giải phóng vùng Tây Bắc, tao điều ",,,,,
relation,lichsu_12_s170_bai16_sec12_001:1:e2-RELATED_TO-e1,RELATED_TO,e2,Organization,Ban Chấp hành Trung ương,e1,Place,Bắc Sơn - Võ Nhai,Hội nghị Ban Chấp hành Trung ương chủ trương xây dựng Bắc Sơn - Võ Nhai thành căn cứ địa cách mạng,Hôi nghị Ban Chấp hành Trung ương tháng 11 - 1940 chủ trương xây dựng thành căn cứ địa cách mang,0.95,lichsu_12_s170_bai16_sec12_001,lichsu_12,Bài 16,11 - 1940 chủ trương xây dựng thành căn cứ địa cách mang - sau khi về,"[109, 110, 111, 112]","[""data/corpus/lichsu_12/lichsu_12.pdf_109.jpg.txt"", ""data/corpus/lichsu_12/lichsu_12.pdf_110.jpg.txt"", ""data/corpus/lichsu_12/lichsu_12.pdf_111.jpg.txt"", ""data/corpus/lichsu_12/lichsu_12.pdf_112.jpg.txt""]","nghiêm của du kích Nga, kinh nghiêm của du kích Tàu Xây dưng cản cứ đia - Công tác xây dưng căn cứ đưa cáng được Đang quan tâm. Vùng Bắc Sơn - Võ Nhai được Hôi nghị Ban Chấp hành Trung ương tháng 11 - 1940 chủ trương xây dựng thành căn cứ địa cách mang - sau khi về Trong nước, Nguyên Ai Quốc chơn Cao Bảng đế xây dưng căn cứ địa dựa trên cơ sở lưc nhưng lương chính tn được tổ chức và phát triên, Đó là hai cần cứ đia đầu tiên của cách mang nước ta. ba b) Gấp rút chuẩn bị khởi nghĩa vũ trang giành ",,,,,
relation,lichsu_10_s110_001:1:e1-RELATED_TO-e4,RELATED_TO,e1,Concept,Nho giáo,e4,Time,thời Bắc thuộc,Nho giáo được du nhập vào Việt Nam từ thời Bắc thuộc.,"Nho giáo, Phật giáo, Đạo giáo vốn được du nhập vào nhước ta từ thời Bắc thuộc",0.95,lichsu_10_s110_001,lichsu_10,Bài,"TƯ TƯỞNG, TÔN GIÁO","[101, 102]","[""data/corpus/lichsu_10/lichsu_10.pdf_101.jpg.txt"", ""data/corpus/lichsu_10/lichsu_10.pdf_102.jpg.txt""]","đã từng bước xây dựng cho mình một nền văn hoá mang đậm bản sắc dân tộc. Những thành tựu văn hoá đạt được, vừa là sản phẩm của sự nghiệp chung nói trên, vừa đặt nền móng vững chắc lâu dài cho dân tộc TƯ TƯỞNG, TÔN GIÁO Bước sang thời độc lập, Nho giáo, Phật giáo, Đạo giáo vốn được du nhập vào nhước ta từ thời Bắc thuộc, có điều kiện phát triển Nho giáo dần dần trở thành hệ tư tưởng chính của giai cấp phong kiến thống trị, được đặt thành những nguyên tắc cơ bản trong quan hệ vua ? tôi, cha ? con,",,,,,
relation,lichsu_10_s70_002:3:e3-RELATED_TO-e4,RELATED_TO,e3,Organization,nước Âu Lạc,e4,Organization,nhà nước Văn Lang,Nhà nước Âu Lạc được mở rộng và hoàn chỉnh hơn so với nhà nước Văn Lang,"nhà nước Âu Lạc được mở rộng hơn về mặt lãnh thổ, hoàn chỉnh hơn về tổ nhưng chức so với nhà nước Văn Lang",0.95,lichsu_10_s70_002,lichsu_10,Bài,1. Quốc gia Văn Lang ? Au Lạc,"[74, 75, 76]","[""data/corpus/lichsu_10/lichsu_10.pdf_74.jpg.txt"", ""data/corpus/lichsu_10/lichsu_10.pdf_75.jpg.txt"", ""data/corpus/lichsu_10/lichsu_10.pdf_76.jpg.txt""]","i quản. Kinh đô của nước Au Lạc đặt ở Cổ Loa (Đông Anh, Hà Nội)(1) Hinh 31 - Một đoạn thành Ngoại Cổ Loa (1) Về kinh đô của nước Văn Lang, có nhiều sách viết khác nhau : Văn Lang, Phong Châu Bạch Hạc. Thi chi nhà nước Âu Lạc được mở rộng hơn về mặt lãnh thổ, hoàn chỉnh hơn về tổ nhưng chức so với nhà nước Văn Lang (có quân đội mạnh, vũ khí tốt, đặc biệt có thành Cổ Loa kiên cố, vững chắc), Nhờ vậy, nhiều lần nhân dân Âu Lạc đã đánh bại các cuộc xâm lược của Triệu Đà Trong xã hội Văn Lang ? Ấu Lạ",,,,,
relation,lichsu_12_s148_bai14_sec10_002:2:e4-RELATED_TO-e3,RELATED_TO,e4,Organization,Ban lãnh đạo Hải ngoại,e3,Time,Đầu năm 1934,Ban lãnh đạo Hải ngoại được thành lập vào đầu năm 1934.,Ban lãnh đạo Hái ngoại được thành lập Đầu năm 1934,0.95,lichsu_12_s148_bai14_sec10_002,lichsu_12,Bài 14,1. Cuộc đấu tranh phục hồi phong trào cách mạng,"[95, 96, 97]","[""data/corpus/lichsu_12/lichsu_12.pdf_95.jpg.txt"", ""data/corpus/lichsu_12/lichsu_12.pdf_96.jpg.txt"", ""data/corpus/lichsu_12/lichsu_12.pdf_97.jpg.txt""]","hóm tro lại với các tổ chức như hôi cấy, hôi cày, hội đọc sách báo v.v. Nhiều cuộc đấu tranh của công nhân, nông dân đã nổ ra Các Cuối năm 1933, các tổ chức của Đảng dân dần được khôi phục và củng cố. Đầu Nghi Thi măm 1934, Ban lãnh đạo Hái ngoại được thành lập do Lê Hông Phong đứng đầu Cuối năm 1934 ? đầu năm 1935, các xứ uỷ Bắc Kì, Trung Ki và Nam Kì được lập lại Như vây, đến đầu năm 1935, các tổ chức Đảng và phong trào quần chúng được phuc hồi.",,,,,
relation,lichsu_11_s7_bai2_sec1_002:4:e2-RELATED_TO-e5,RELATED_TO,e2,Organization,Chính phủ Anh,e5,Concept,chính sách chia để trị,Thực dân Anh thực hiện chính sách chia để trị.,thực dân Anh đã thực hiên chính sách chia để trị,0.95,lichsu_11_s7_bai2_sec1_002,lichsu_11,Bài 2,Bài 2,"[4, 5, 6, 8, 9, 10]","[""data/corpus/lichsu_11/lichsu_11.pdf_10.jpg.txt"", ""data/corpus/lichsu_11/lichsu_11.pdf_4.jpg.txt"", ""data/corpus/lichsu_11/lichsu_11.pdf_5.jpg.txt"", ""data/corpus/lichsu_11/lichsu_11.pdf_6.jpg.txt"", ""data/corpus/lichsu_11/lichsu_11.pdf_8.jpg.txt"", ""data/corpus/lichsu_11/lichsu_11.pdf_9.jpg.txt""]","ngày càng nhiều , đời sông nhân dân Ấn Độ ngày cang khó khăn Về chính trị - xã hội, Chính phủ Anh năm quyền cai trị trực tiếp Ân Độ Ngày 11711 1877, Nữ hoàng Anh tuyên bố đồng thời là Nữ hoàng An Độ. Để tạo chỗ dựa và vàng chắc cho nền thống trì của mình, thực dân Anh đã thực hiên chính sách chia để trị, mua chuộc tầng lớp có thể lực trong giai cấp phong kiến bản xứ, tìm cách khơi sâu sự cách biệt về chủng tộc, tôn giáo và đảng cấp trong xã hội Hày nêu những nét lớn trong chính sách thống trị củ",,,,,
relation,lichsu_12_s127_bai12_sec10_001:8:e15-RELATED_TO-e12,RELATED_TO,e15,Person,Lê Hồng Sơn,e12,Organization,Tâm tâm xã,Lê Hồng Sơn lập ra tổ chức Tâm tâm xã.,"Lê Hông Sơn, Hồ Tùng Mậu, Nguyên Công Viên v.v. lập ra tổ chức Tâm tâm xã",0.95,lichsu_12_s127_bai12_sec10_001,lichsu_12,Bài 12,"1. Hoạt động của Phan Bội Châu, Phan Châu Trinh và một số","[77, 78, 79, 80]","[""data/corpus/lichsu_12/lichsu_12.pdf_77.jpg.txt"", ""data/corpus/lichsu_12/lichsu_12.pdf_78.jpg.txt"", ""data/corpus/lichsu_12/lichsu_12.pdf_79.jpg.txt"", ""data/corpus/lichsu_12/lichsu_12.pdf_80.jpg.txt""]","và tay sai tiếp tục diên ra với nội dung và hình thức phong phú. Sau Chiến tranh thể giới thứ nhất Dưới tác động của chính sách khaộ địa của Pháp, các Nguai giai cấp ở Viết Nam có sư chuyển bao ? 1. Hoạt động của Phan Bội Châu, Phan Châu Trinh và một số người Việt Nam sống ở nước ngoài Sau những năm bôn ba hoạt động ở Nhật Bản và Trung Quốc không thành công Phan Bồi Châu bị giới quân phiết ở Quảng Đông (Trung Quốc) bất giam năm 1913 và đến cuối năm 1917 mới được trả tự do. 1925, giữa lúc chưa th",,,,,
relation,lichsu_10_s146_001:8:e10-RELATED_TO-e11,RELATED_TO,e10,Concept,chính sách 'đóng cửa',e11,Place,phương Tây,Chính sách 'đóng cửa' của nhà Nguyễn là đối với các nước phương Tây,không chấp nhận việc đặt quan hệ với họ,0.9,lichsu_10_s146_001,lichsu_10,Bài,HÀ NỘI TÊN ĐƠN VỊ,"[125, 126, 127]","[""data/corpus/lichsu_10/lichsu_10.pdf_125.jpg.txt"", ""data/corpus/lichsu_10/lichsu_10.pdf_126.jpg.txt"", ""data/corpus/lichsu_10/lichsu_10.pdf_127.jpg.txt""]","THANH HOA NGHEAN HÀ TÍNH QUẮNG BÌNH QUẢNG TRỊ PHỦ THỪA THIÊN Ip QUẢNG NAM don A QUẢNG NGÁI BÌNH ĐỊNH PHÚ YÊN s KHÁNH HOA BÌNH THUẬN BIẾN HOÀ AN GIANG LGIA ĐINH ĐỊNH TƯƠNG HÀ TIÊN BNN LONG Đ. Phú Quốc HÀ NỘI TÊN ĐƠN VỊ hành chính Đ. Côn Lôn Biên giới quốc gia ngày nay Ban đầu, quan lại được tuyển chọn từ những người trước đây theo Nguyễn Ánh; the việt về sau, giáo dục, khoa cử trở thành nguồn tuyển chọn chính. Chế độ lương bồng người được quy định, nhưng không có phần ruộng dất. Mặt số quan lại t",,,,,
relation,lichsu_11_s138_bai24_sec4_002:11:e2-RELATED_TO-e9,RELATED_TO,e2,Person,Trần Cao Vân,e9,Person,vua Duy Tân,"Thái Phiên, Trần Cao Vân và vua Duy Tân bị bắt",cả 3 người đều bị giác bắt,0.95,lichsu_11_s138_bai24_sec4_002,lichsu_11,Bài 24,THI PHONG TRÀO ĐẦU TRANH VŨ TRANG TRONG CHIẾN TRANH,"[146, 147, 148, 149]","[""data/corpus/lichsu_11/lichsu_11.pdf_146.jpg.txt"", ""data/corpus/lichsu_11/lichsu_11.pdf_147.jpg.txt"", ""data/corpus/lichsu_11/lichsu_11.pdf_148.jpg.txt"", ""data/corpus/lichsu_11/lichsu_11.pdf_149.jpg.txt""]","ống tàu sang chiến trường châu Au, đã nhiết liết hưởng ứng lời kêu goi của Thái Phiên và Trần Cao Vân, ráo riết chuẩn bị ngày khởi sư. Khởi nghĩa dư định vào giữa tháng 5 - 1916, nhưng kế hoạch bị lộ. Ở Huế, Quảng Nam, Quảng Ngãi, thực dân Pháp ra lênh đóng cửa trai lính, tước vũ khí của binh lính người Viết, lùng bất những người yêu nước. Thái Phiên và Trần Cao Vân đưa được vua Duy Tân ra ngoài Hoàng thành, nhưng mấy hôm sau cả 3 người đều bị giác bắt. Nghĩa bình ở Thừa Thiên, Quảng Ngãi nổi dậ",,,,,
relation,lichsu_10_s66_001:10:e9-RELATED_TO-e10,RELATED_TO,e9,Concept,văn hoá sơ kì đá mới,e10,Place,Hoà Bình,dấu tích văn hoá sơ kì đá mới được tìm thấy ở Hoà Bình,"Ở Hoà Bình, Bắc Sơn và nhiều địa phương khác trên đất nước ta đã tìm thấy nhiều dấu tích của văn hoá sơ kì đá mới",0.9,lichsu_10_s66_001,lichsu_10,Bài,"Vi cư trú trong các hang động, mái đá ngoài trời, ven bờ sông, suối, trên một","[71, 72]","[""data/corpus/lichsu_10/lichsu_10.pdf_71.jpg.txt"", ""data/corpus/lichsu_10/lichsu_10.pdf_72.jpg.txt""]","của nước ta đã tìm thấy những răng hoá thạch và nhiều chinh công cụ đá ghè đếo của Người tinh khôn tại các di tích văn hoá Ngườm (Võ 19) Nhai - Thái Nguyên), Sơn Vi (Lâm Thao Phú nhân của văn hoá Sơn Vi cư trú trong các hang động, mái đá ngoài trời, ven bờ sông, suối, trên một địa bàn khá rộng từ Sơn La, Lai Châu, Lào Cai, Yên Bái, Bắc Giang đến Thanh Hoá, Nghệ An, Quảng Trị, Họ sống thành các thị tộc, sử dụng công cụ đá ghè đẽo, lấy săn bắt, hái lượm làm nguồn sống chính. Ở Hoà Bình, Bắc Sơn và",,,,,
relation,lichsu_11_s31_bai7_sec8_001:7:e9-RELATED_TO-e11,RELATED_TO,e9,Organization,Chính quyền Xô viết,e11,Concept,Sắc lệnh hòa bình,Sắc lệnh hòa bình được Chính quyền Xô viết thông qua,Các sắc lệnh đầu tiên của Chính quyền Xô viết đã được thông qua : Sắc lênh hoà bình,0.95,lichsu_11_s31_bai7_sec8_001,lichsu_11,Bài 7,THI CUỐC ĐẦU TRANH XÂY DỤNG VÀ CHÍNH QUYỀN XÔ VIẾT,"[48, 49, 50, 51, 52]","[""data/corpus/lichsu_11/lichsu_11.pdf_48.jpg.txt"", ""data/corpus/lichsu_11/lichsu_11.pdf_49.jpg.txt"", ""data/corpus/lichsu_11/lichsu_11.pdf_50.jpg.txt"", ""data/corpus/lichsu_11/lichsu_11.pdf_51.jpg.txt"", ""data/corpus/lichsu_11/lichsu_11.pdf_52.jpg.txt""]","Tiếp theo, khởi nghĩa tháng lơi ở Mát-xco-va, đầu năm 1918, cách mang gianh được tháng lơi hoàn toàn trên đất nước Nga rông lớn. B - Cách mạng tháng Hai năm 1917 đã thực hiện được những nhiệm vụ gì ? THI CUỐC ĐẦU TRANH XÂY DỤNG VÀ CHÍNH QUYỀN XÔ VIẾT 1 Xây dựng Chính quyền Xô viết Ngay trong đêm 25 10 1917 (7 11 1917), Đại hôi Xô viết toàn Nga lần thứ hai khai mạc ở Điên Xmô nưi, tuyên bố thành lập Chính quyền Xô viết do Lê nin đứng đầu Nhiêm vụ hàng đầu của Chính quyền Xô viết là đập tan bộ máy",,,,,
relation,lichsu_12_s23_bai2_sec4_001:7:e1-RELATED_TO-e10,RELATED_TO,e1,Place,Liên Xô,e10,Time,1957,"Năm 1957, Liên Xô phóng thành công vệ tinh nhân tạo.",năm 1957 Liên Xô là nước đầu tiên phóng thành công về tình nhân tao,0.95,lichsu_12_s23_bai2_sec4_001,lichsu_12,Bài 2,THI LIÊN XÔ VÀ CÁC NƯỚC ĐÔNG ÂU TỪ NĂM 1945 ĐẾN GIỮA NHỮNG NĂM 7000,"[10, 11, 12]","[""data/corpus/lichsu_12/lichsu_12.pdf_10.jpg.txt"", ""data/corpus/lichsu_12/lichsu_12.pdf_11.jpg.txt"", ""data/corpus/lichsu_12/lichsu_12.pdf_12.jpg.txt""]","chính trị và kinh tế - xã hôi ở Liên Xô và các nước Đông Âu đa dần đến sư tan rã của chế độ xã hôi chủ nghĩa ở các nước này, Nhà nước Liên bang Nga kê thừa địa vị và quyền lợi hợp pháp của Liên Xô THI LIÊN XÔ VÀ CÁC NƯỚC ĐÔNG ÂU TỪ NĂM 1945 ĐẾN GIỮA NHỮNG NĂM 7000 11 Liên Xô a) Công cuộc khôi phục kinh tế (1945 ) 1950) Liên Xô là nước chíu tổn thất nặng nề nhất trong Chiến tranh thế giới thứ hai: khoảng 27 triêu người chết, 1 710 thành phố, hơn 7 van làng mạc, gần 32 000 xí nghiệp bị tàn phá nặn",,,,,
relation,lichsu_11_s74_bai16_sec5_002:2:e2-RELATED_TO-e3,RELATED_TO,e2,Organization,Đảng Cộng sản Đông Dương,e3,Place,Viêng Chăn,Cơ sở cách mạng của Đảng Cộng sản Đông Dương được xây dựng ở Viêng Chăn.,cơ sở cách mang của Đảng Cộng sản Đông Dương đã được xây dựng và củng cố Với cóc thành phố lớn như Viêng Chân,0.95,lichsu_11_s74_bai16_sec5_002,lichsu_11,Bài 16,VII PHONG TRÀO ĐẦU TRANH CHỐNG THỰP Ở LÀO,"[85, 86, 87]","[""data/corpus/lichsu_11/lichsu_11.pdf_85.jpg.txt"", ""data/corpus/lichsu_11/lichsu_11.pdf_86.jpg.txt"", ""data/corpus/lichsu_11/lichsu_11.pdf_87.jpg.txt""]","g thuộc địa, chống phát xít và chống chiến tranh, Trong điều kiên đó, một số cơ sở cách mang của Đảng Cộng sản Đông Dương đã được xây dựng và củng cố Với cóc thành phố lớn như Viêng Chân, Phnôm Pênh.. Cuộc vân đông dân chủ đã kích Thi thi thích sự phát triển của phong trào dấu tranh dân chủ ở Lào và Cam-pu-chia cho đến khi Chiến tranh thế giới thứ hai bùng nổ Liên minh chiến đấu chống Pháp của nhân dân ba nước Đông Dương được thể hiện ở những sự kiện nào ?",,,,,
relation,lichsu_10_s191_bai33_sec4_001:1:e1-RELATED_TO-e3,RELATED_TO,e1,Place,Đức,e3,Time,giữa thế kỉ XIX,kinh tế tư bản chủ nghĩa ở Đức phát triển nhanh chóng vào giữa thế kỉ XIX,"Đến giữa thế kỉ xix, kinh tế tư bản chủ nghĩa ở Đức phát triển nhanh chóng",0.9,lichsu_10_s191_bai33_sec4_001,lichsu_10,Bài 33,1. Cuộc đấu tranh thống nhất nước Đức,"[163, 164]","[""data/corpus/lichsu_10/lichsu_10.pdf_163.jpg.txt"", ""data/corpus/lichsu_10/lichsu_10.pdf_164.jpg.txt""]","sản diễn ra dưới những hình thức khác nhau ở châu Âu và Bắc Mĩ. Điều này đã khắng định sự toàn thắng của phương thức sản xuất tư bản chủ nghĩa, tạo điều kiện cho chủ nghĩa tư bản phát triển mạnh mẽ. 1. Cuộc đấu tranh thống nhất nước Đức Đến giữa thế kỉ xix, kinh tế tư bản chủ nghĩa ở Đức phát triển nhanh chóng ;ừ một nước nông nghiệp, Đức trở thành nước công nghiệp. Sự phát triển mạnh mẽ của công nghiệp làm cho đội ngũ công nhân tăng nhanh ; riêng ở Béc-lin, chỉ trong 10 năm (1849 ? 1859), số cô",,,,,
relation,lichsu_12_s154_bai15_sec4_001:6:e11-RELATED_TO-e7,RELATED_TO,e11,Organization,Chính phủ Pháp,e7,Place,Đông Dương,Chính phủ Pháp cử phái viên sang điều tra tình hình Đông Dương.,Chính phủ Pháp cử phái viên sang điều tra tình hình,0.95,lichsu_12_s154_bai15_sec4_001,lichsu_12,Bài 15,2. Tinh hình trong nước,"[98, 99]","[""data/corpus/lichsu_12/lichsu_12.pdf_98.jpg.txt"", ""data/corpus/lichsu_12/lichsu_12.pdf_99.jpg.txt""]","biểu Đảng Công sản Đông Dương do Lê Hồng Phong dẫn đầu tham dự Đai hội. Tháng 6 - 1936, Chính phủ Mặt trận Nhân dân lên ở Pháp. Chính phủ mới đã cho thi hành một số chính sách tiến bộ ở thuộc địa. 2. Tinh hình trong nước Đối với Đông Dương, Chính phủ Pháp cử phái viên sang điều tra tình hình, cử Toàn quyền mối, sửa đổi đôi chút luật bầu cử vào Viên Dân biểu, ân xá một số lù chính tri, nới rộng quyền tự do báo chí v.v. Lúc này, ở Viết Nam, nhiều đảng phái chính trị hoạt động, trong đó có đảng các",,,,,
relation,lichsu_12_s309_bai26_sec4_001:6:e4-RELATED_TO-e6,RELATED_TO,e4,Time,1991 - 1995,e6,Concept,công cuộc đổi mới,Kế hoạch 1991-1995 tiếp tục sự nghiệp đổi mới,tiếp tục sự nghiệp đổi mới,0.95,lichsu_12_s309_bai26_sec4_001,lichsu_12,Bài 26,ĐƯỜNG LỐI ĐỔI MỚI CỦA ĐẢNG,[208],"[""data/corpus/lichsu_12/lichsu_12.pdf_208.jpg.txt""]","đến năm 2000 nhân dân ta đã thưc hiên ba kế hoạch kinh tế 5 năm 1986 1990, bước đầu công cuộc đổi mới ; 1991 - 1995, tiếp tục sự nghiệp đổi mới và 1996 ? 2000, đẩy mạnh công nghiệp hoá, hiện đai hoá ĐƯỜNG LỐI ĐỔI MỚI CỦA ĐẢNG 1.Hoàn cảnh lịch sử mới Trong thời gian thực hiên hai kê hoạch Nhà nước 5 năm (1976 - 1985), cách mạng xã hội chủ nghĩa ở nước ta đạt được những thành tựu đáng kể trên các lĩnh vực của đời sống xã hội, song cũng gáp không ít khó khăn Đất nước lâm vào tình trang khủng hoảng,",,,,,
relation,lichsu_11_s100_bai19_sec1_001:9:e8-RELATED_TO-e9,RELATED_TO,e8,Place,thành Gia Định,e9,Place,ba tỉnh miền Đông,Pháp chiếm thành Gia Định trước khi đánh chiếm ba tỉnh miền Đông,"Sau khi chiếm được thành Gia Định, Pháp lần lượt đánh chiếm ba tỉnh miên Đông",0.95,lichsu_11_s100_bai19_sec1_001,lichsu_11,Bài 19,Bài 19,"[103, 104, 106]","[""data/corpus/lichsu_11/lichsu_11.pdf_103.jpg.txt"", ""data/corpus/lichsu_11/lichsu_11.pdf_104.jpg.txt"", ""data/corpus/lichsu_11/lichsu_11.pdf_106.jpg.txt""]","chiến tranh giữ nước vĩ đại của nhân dân Liên Xô đóng vai trò đặc biệt quan trọng trong việc tiêu diệt chủ nghĩa phát xít Chiến tranh kết thúc đã mở ra một thời kì phát triển mới của lịch sử thế giới Bài 19 XÂM LƯỢC (Từ năm 1858 đến trước năm 1873) Âm mưu xâm lược Việt Nam của thực dân Pháp đã có từ lâu và được xúc tiến mạnh mẽ từ giữa thế kỉ XIX Tháng 9 - 1858, quân Pháp nổ sứng, chính thức mở màn cuộc chiến tranh xâm lược Viết Nam. Ngay từ đầu, quân dân tũ đã anh dũng chiến dấu bảo vệ Tổ quốc ",,,,,
relation,lichsu_12_s218_bai19_sec9_001:10:e10-RELATED_TO-e8,RELATED_TO,e10,Place,Chợ Bến,e8,Place,Hoà Bình,Chợ Bến là mạch máu giao thông giữa Việt Bắc với Liên khu IV qua Hoà Bình,qua Chợ Bến là mạch máu giao thông giữa Việt Bác với Liên khu IV,0.95,lichsu_12_s218_bai19_sec9_001,lichsu_12,Bài 19,1. Các chiến dịch ở trung du và đồng bằng Bắc Bộ (từ cuối năm 1950,"[141, 142, 143, 144]","[""data/corpus/lichsu_12/lichsu_12.pdf_141.jpg.txt"", ""data/corpus/lichsu_12/lichsu_12.pdf_142.jpg.txt"", ""data/corpus/lichsu_12/lichsu_12.pdf_143.jpg.txt"", ""data/corpus/lichsu_12/lichsu_12.pdf_144.jpg.txt""]","xây dưng S Từ sau chiến thắng Biên giới thu ? đông năm 1950 đến trước đông - xuân 1953 - 1954, hâu phương kháng chiến đã phát triển như như thế nào trên các mắt chính tri, kinh tế, văn hoá, y tế 1 1. Các chiến dịch ở trung du và đồng bằng Bắc Bộ (từ cuối năm 1950 đến giữa năm 1951) Để giữ vững quyền chủ động đánh địch trên chiến trường chính Bắc Bộ và đẩy thi chi địch lùi sâu vào thế bị đông đối phó, trong thời gian từ cuối năm 1950 đến giữa năm 1951, quân ta liên tục mở ba chiến dịch Trần Hưng ",,,,,
relation,lichsu_12_s256_bai22_sec4_001:10:e4-RELATED_TO-e11,RELATED_TO,e4,Place,miền Nam,e11,Place,Campuchia,Miền Nam có nghĩa vụ quốc tế đối với Campuchia,nghĩa vu quốc tế đôi với Lào và Campuchia,0.95,lichsu_12_s256_bai22_sec4_001,lichsu_12,Bài 22,VUA CHIẾN ĐẦU VƯA SẢN XUẤT (1973),"[168, 169, 170, 171, 172, 173]","[""data/corpus/lichsu_12/lichsu_12.pdf_168.jpg.txt"", ""data/corpus/lichsu_12/lichsu_12.pdf_169.jpg.txt"", ""data/corpus/lichsu_12/lichsu_12.pdf_170.jpg.txt"", ""data/corpus/lichsu_12/lichsu_12.pdf_171.jpg.txt"", ""data/corpus/lichsu_12/lichsu_12.pdf_172.jpg.txt"", ""data/corpus/lichsu_12/lichsu_12.pdf_173.jpg.txt""]","Sài Gòn những thiết hại năng, có nguy cơ tan rã, làm phá sản hoàn toàn chiến lược ? Chiến tranh đặc biệt? của Mi Chiến tranh đặc biệt"" (1961) ở miền Nam Quân dân miên Nam chiến đầu chống chiến tranh VUA CHIẾN ĐẦU VƯA SẢN XUẤT (1973) Trong những năm 1965 1973, nhân dân ta ở hai miền Nam ? Bắc cùng chiến đấu đánh bại liên tiếp chiến lược ""Chiến tranh cục bộ ""Viêt Nam hoa chiên tranh"" và chiến tranh băng không quân, hải quân phá hoại miền Bắc của đề quốc Mi niên đầu chông chiến tranh phá hoại, vừa ",,,,,
relation,lichsu_12_s140_bai14_sec2_001:3:e2-RELATED_TO-e3,RELATED_TO,e2,Time,những năm 1929 - 1933,e3,Place,Việt Nam,"Trong những năm 1929 - 1933, kinh tế Việt Nam chịu ảnh hưởng","Trong những năm 1929 - 1933, kinh tế Việt Nam",0.95,lichsu_12_s140_bai14_sec2_001,lichsu_12,Bài 14,PHONG TRÀO CÁCH MANG 1930 - 1935,"[86, 87, 88, 89, 90]","[""data/corpus/lichsu_12/lichsu_12.pdf_86.jpg.txt"", ""data/corpus/lichsu_12/lichsu_12.pdf_87.jpg.txt"", ""data/corpus/lichsu_12/lichsu_12.pdf_88.jpg.txt"", ""data/corpus/lichsu_12/lichsu_12.pdf_89.jpg.txt"", ""data/corpus/lichsu_12/lichsu_12.pdf_90.jpg.txt""]","độc lập của dân tộc, cho tự do của nhân dân(1) Đảng ra đời là sự chuẩn bị tất yếu đầu tiên có tính quyết định cho những bước phát triển nháy vot mới trong lích sứ phát triển của dân tộc Viết Nam I PHONG TRÀO CÁCH MANG 1930 - 1935 Trong những năm 1929 - 1933, kinh tế Việt Nam phải gánh chiu những hâu quả năng nề của cuộc khủng hoảng kinh tế ở nước Pháp. Đời sống của các tầng lớp nhân dân gặp nhiều khó khăn, Trong thời gian này các thưc dân Pháp đàn áp đã man cuốc khới nghia Yên Bai khiên cho tinh",,,,,
relation,lichsu_10_s16_001:3:e3-RELATED_TO-e4,RELATED_TO,e3,Concept,thời đại văn minh,e4,Place,phương Đông,Bước chuyển mình vĩ đại của thời đại văn minh diễn ra đầu tiên ở phương Đông.,Bước chuyển mình vĩ đại đó đã diễn ra đầu tiên ở phương Đông,0.9,lichsu_10_s16_001,lichsu_10,Bài,1. Điều kiện tự nhiên và sự phát triển kinh tế,"[12, 13]","[""data/corpus/lichsu_10/lichsu_10.pdf_12.jpg.txt"", ""data/corpus/lichsu_10/lichsu_10.pdf_13.jpg.txt""]","hành và được cha truyền, con nối. Phương Đông cũng là cái nôi của văn minh nhân loại nơi mà lần đầu tiên con người đã biết sáng tạo ra chữ và viết, văn học, nghệ thuật và nhiêu tri thức khoa hoc khác 1. Điều kiện tự nhiên và sự phát triển kinh tế Sự xuất hiện công cụ bằng kim loại đã báo hiệu sự tan võ hoàn toàn của chế nhà độ công xã thi tộc và là khởi đầu của thời đại văn minh ? thời đại con người thi thi sản xuất ra ngày càng nhiều của cải, biết xây dựng những công trình kiến trúc đồ sộ, có c",,,,,
relation,lichsu_12_s270_bai22_sec18_003:8:e6-RELATED_TO-e5,RELATED_TO,e6,Time,3 năm (1969 - 1971),e5,Place,Campuchia,thanh niên miền Bắc bổ sung cho các chiến trường Campuchia trong 3 năm (1969 - 1971),Campuchia,0.95,lichsu_12_s270_bai22_sec18_003,lichsu_12,Bài 22,1. Miền Bắc khôi phục và phát triển kinh tôi,"[181, 182, 183, 184, 185]","[""data/corpus/lichsu_12/lichsu_12.pdf_181.jpg.txt"", ""data/corpus/lichsu_12/lichsu_12.pdf_182.jpg.txt"", ""data/corpus/lichsu_12/lichsu_12.pdf_183.jpg.txt"", ""data/corpus/lichsu_12/lichsu_12.pdf_184.jpg.txt"", ""data/corpus/lichsu_12/lichsu_12.pdf_185.jpg.txt""]","ong chiến tranh phá hoại lần thứ hai, miền Bắc vẫn bảo đảm tiếp nhận hàng viên trơ từ bên ngoài, chi viên theo yêu cầu của tiền tuyến miền Nam và cho cả chiến Trường Lào, Campuchia Trong 3 năm (1969 ? 1971), hàng chuc van thanh niên miền Bắc được goi nhấp ngũ, có 60% trong số đó lên đường bổ sung cho các chiến trường miền Nam, Lào, Campuchia , khối lượng vật chất đưa vào các chiến trường tăng gấp 1,6 lân so với 3 năm trước đó Năm 1972, miên Bắc đã đông viên hơn 22 vạn thanh niên bổ sung cho lực ",,,,,
relation,lichsu_12_s166_bai16_sec8_003:1:e1-RELATED_TO-e2,RELATED_TO,e1,Organization,Hội nghị Ban Chấp hành Trung ương Đảng,e2,Time,ngày 6 đến ngày 9 tháng 11 năm 1940,Hội nghị Ban Chấp hành Trung ương Đảng diễn ra vào thời gian này.,Hội nghị Ban Chấp hành Trung ương Đảng được triêu tập từ ngày 6 đến ngày 9 11 1940,0.95,lichsu_12_s166_bai16_sec8_003,lichsu_12,Bài 16,VÀ TII PHONG TRAO GIẢI PHONG DÂN TỘC TỪ THÁNG 9 - 1939,"[103, 104, 105, 106]","[""data/corpus/lichsu_12/lichsu_12.pdf_103.jpg.txt"", ""data/corpus/lichsu_12/lichsu_12.pdf_104.jpg.txt"", ""data/corpus/lichsu_12/lichsu_12.pdf_105.jpg.txt"", ""data/corpus/lichsu_12/lichsu_12.pdf_106.jpg.txt""]","c xin chỉ trung ương Lúc này, trước những thay đổi của tình hình thế giới và trong nước, Hội nghị Ban Chấp hành Trung ương Đảng được triêu tập từ ngày 6 đến ngày 9 11 1940 tai làng Đình Bảng (Từ Sơn ? Bắc Ninh) Hội nghi để ra chủ trương trong tinh hình mới : xác định kẻ thù chính của nhân dân Đông Dương là đế quốc Pháp - Nhật , quyết định duy tri đội du kích Bắc Sơn để xây dựng thành lực lượng vũ trang cách mạng , tiến tới thành lập căn cứ du kích , quyết định đình chỉ khởi nghĩa vũ trang ở Nam ",,,,,
relation,lichsu_11_s89_bai17_sec12_001:9:e12-RELATED_TO-e11,RELATED_TO,e12,Organization,quân Anh,e11,Place,Mặt trận Bắc Phi,Quân Anh hoạt động ở Mặt trận Bắc Phi.,"Ở Mặt trận Bắc Phi, quân Anh",0.95,lichsu_11_s89_bai17_sec12_001,lichsu_11,Bài 17,(TỪ THÁNG 11 - 1942 ĐẾN THÁNG 8 - 1945),"[97, 98, 99]","[""data/corpus/lichsu_11/lichsu_11.pdf_97.jpg.txt"", ""data/corpus/lichsu_11/lichsu_11.pdf_98.jpg.txt"", ""data/corpus/lichsu_11/lichsu_11.pdf_99.jpg.txt""]","VI VU NGUYỄN SANG THUNG THUNG CHUYẾN CHUYÊN CHUNG THUNG CHUYẾN CHUNG THUNG CHUYẾN CHUNG THUNG CHUYẾN CHUNG CHUYẾN CHUNG CHUYẾN CH (TỪ THÁNG 11 - 1942 ĐẾN THÁNG 8 - 1945) 1 Quân Đông minh phản công (1 1942 đến tháng 6 1944) Ở Mặt trận Xô Đức, trân phản công tại Xta-lin-grát (từ tháng 11 - 1942 đến và tháng 2 1943) của quân đội Liên Xô đã tạo nên bước ngoặt của cuộc chiến tranh thế giới, Trong trân đánh vĩ đại này, Hồng quân Liên Xô đã tấn công, bao vây, chia cất để tiêu diệt và bắt sống toàn bộ đ",,,,,
relation,lichsu_12_s265_bai22_sec13_001:12:e2-RELATED_TO-e12,RELATED_TO,e2,Organization,Mĩ,e12,Organization,Liên Xô,Mĩ hoà hoãn với Liên Xô,hoà hoãn với Liên Xô,0.95,lichsu_12_s265_bai22_sec13_001,lichsu_12,Bài 22,"VÀ ?ĐÔNG DƯƠNG HOÁ CHIẾN TRANH"" CỦA MĨ (1969 ? 1973)","[178, 179, 180, 181]","[""data/corpus/lichsu_12/lichsu_12.pdf_178.jpg.txt"", ""data/corpus/lichsu_12/lichsu_12.pdf_179.jpg.txt"", ""data/corpus/lichsu_12/lichsu_12.pdf_180.jpg.txt"", ""data/corpus/lichsu_12/lichsu_12.pdf_181.jpg.txt""]","được, quân trang, quân dung, xăng dầu, thưc phẩm thuốc men và nhiều vật dụng khác, Tính chung, sức người, sức của từ miền Bắc chuyển vào miền Nam trong 4 năm đã tăng gấp 10 lần so với giai đoạn trước VÀ ?ĐÔNG DƯƠNG HOÁ CHIẾN TRANH"" CỦA MĨ (1969 ? 1973) 11 Chiến lược ""Việt Nam hoá chiến tranh"" và ?Đông Dương hoá chiến tranh của Mĩ Sau thất bại của chiến lược ?Chiến tranh cục bộ"", Mĩ tiếp tục cuộc chiến tranh ""Thi nhi nâm lược thưc dân mói ở miên Nam, chuyển sang chiến lược ""Viết Nam hoá chiến tra",,,,,
relation,lichsu_10_s113_001:4:e6-RELATED_TO-e5,RELATED_TO,e6,Concept,Nam quốc sơn hà,e5,Concept,văn học dân tộc,Nam quốc sơn hà là một bài thơ nổi tiếng của văn học dân tộc.,"Hàng loạt bài thơ, bài hịch, bài phú nổi tiếng như Nam quốc sơn hà",0.8,lichsu_10_s113_001,lichsu_10,Bài,2. Văn học,"[102, 103]","[""data/corpus/lichsu_10/lichsu_10.pdf_102.jpg.txt"", ""data/corpus/lichsu_10/lichsu_10.pdf_103.jpg.txt""]","được đào tạo đã góp phần quan trọng vào việc xây theng dong vự bảo về đất nước, Tuy nhiên, giáo dục Nho học không tạo điều kiện cho sự phát triển kinh tế. B Việc dựng bia Tiến sĩ có tác dụng gì ? 2. Văn học Sự phát triển giáo dục góp phần păn văn học. Ban đầu, văn học mang nặng tư tưởng Phật giáo Từ thời Trần, văn học dân tho tộc ngày càng phát triển, Hàng loạt bài thơ, bài hịch, bài phú nổi tiếng như Nam quốc sơn hà, Hịch tướng sĩ, Bạch Đằng giang phú, v.v.. cùng hàng loạt tập thơ chữ Hán đã ra",,,,,
relation,lichsu_10_s151_001:8:e9-RELATED_TO-e3,RELATED_TO,e9,Person,Thiệu Trị,e3,Organization,nhà nước quân chủ chuyên chế phong kiến thời Nguyễn,Vua Thiệu Trị là một vị vua của nhà Nguyễn,vua Thiêu Trị,0.8,lichsu_10_s151_001,lichsu_10,Bài,1. Tình hình xã hội sống nhân dân,"[130, 131]","[""data/corpus/lichsu_10/lichsu_10.pdf_130.jpg.txt"", ""data/corpus/lichsu_10/lichsu_10.pdf_131.jpg.txt""]","hoảng cuộc sống của nhân dân ngày càng thêm khổ cực. Mâu thuẫn giai cấp thống trị và nhân dân trở nên gay gắt, gây nên hàng trăm cuộc khởi nghĩa chống phong kiến kéo dài cho đến giữa thế kỉ XIX. 1. Tình hình xã hội sống nhân dân Cuộc khủng hoảng xã hội ở nửa sau thế kỉ XVIII đã khiến nhà nước quân chủ thiến phong kiến thời Nguyễn tăng thêm tính chuyên chế, củng cố quan hệ sản xuất phong kiến. Xã hội chia thành hai giai cấp thống trị bao gồm vua quan và địa chủ, cường hào ; giai cấp bị trị bao gồ",,,,,
relation,lichsu_11_s55_bai13_sec1_001:3:e4-RELATED_TO-e5,RELATED_TO,e4,Place,Mĩ,e5,Time,thập niên 20,nền kinh tế Mĩ phồn vinh trong thập niên 20,sự phôn vinh của nên kinh tế trong thập niên 20,0.95,lichsu_11_s55_bai13_sec1_001,lichsu_11,Bài 13,Bài 13,"[66, 67, 68, 69]","[""data/corpus/lichsu_11/lichsu_11.pdf_66.jpg.txt"", ""data/corpus/lichsu_11/lichsu_11.pdf_67.jpg.txt"", ""data/corpus/lichsu_11/lichsu_11.pdf_68.jpg.txt"", ""data/corpus/lichsu_11/lichsu_11.pdf_69.jpg.txt""]","Đức đã trở thành một trại lính khổng lô, chuẩn bị tiến hành các kế hoạch gây chiến tranh xâm lược. Qua bảng thống kê nêu trên, hãy nhận xét về tình hình kinh tế nước Đức so với một số nước châu Âu Bài 13 (1918 1939) Trong những năm 1918 1939, nước Mĩ đã trải qua những bước thăng trầm dây kịch tính: từ sự phôn vinh của nên kinh tế trong thập niên 20 đến cuộc khủng hoảng và suy thoái nặng nề chưa từng thấy trong lịch sử nước Mĩ những năm 1929 - 1933. Chính sách mới của Tổng thống Ru-dơ-ven đã đưa ",,,,,
relation,lichsu_10_s124_001:7:e12-RELATED_TO-e10,RELATED_TO,e12,Place,Nam Bộ,e10,Place,Đàng Trong,Nam Bộ là một phần của Đàng Trong.,Đặc biệt ở đất Nam Bộ,0.8,lichsu_10_s124_001,lichsu_10,Bài,1. Tình hình nông nghiệp ở các thế kỉ XVI - XVIII,[111],"[""data/corpus/lichsu_10/lichsu_10.pdf_111.jpg.txt""]","CÁC THẾ KỈ XVI - XVIII Thế kỉ XVI, đất nước có nhiều biến động lớn. Tuy nhiên, trong do nhiều điều kiên khác nhau nên nền kinh tế tiếp tục phát triển với những biểu hiện có ý nghĩa xã hội quan trọng. 1. Tình hình nông nghiệp ở các thế kỉ XVI - XVIII Từ cuối thế kỉ XV đến đầu thế kỉ XVI, ruộng đất ngày càng tập trung vào tay thát tầng lớp địa chủ, quan lại. Nhà nước không quan tâm đến sản xuất như trước Mất mùa, đói kém xảy ra liên miên. Cuộc sống của nông dân trở nên khổ cực; họ đã nổi dậy đấu t",,,,,
relation,lichsu_10_s118_001:3:e3-RELATED_TO-e4,RELATED_TO,e3,Event,sụp đổ triều Lê sơ,e4,Organization,triều Lê sơ,Sự sụp đổ của triều Lê sơ.,sụp đổ triều Lê sơ,0.95,lichsu_10_s118_001,lichsu_10,Bài,TRONG CÁC THẾ KỈ XVI - XVIII,"[103, 104, 105, 106]","[""data/corpus/lichsu_10/lichsu_10.pdf_103.jpg.txt"", ""data/corpus/lichsu_10/lichsu_10.pdf_104.jpg.txt"", ""data/corpus/lichsu_10/lichsu_10.pdf_105.jpg.txt"", ""data/corpus/lichsu_10/lichsu_10.pdf_106.jpg.txt""]","lễ hội Ca múa được tổ chức trong các lễ hội, ngày mùa ở khắp các làng bản miền xuôi cũng như miền ngược, Cùng với các điệu ca, điệu múa, còn có các cuộc đua tài như đấu vật, đua thuyền, đá cầu.. B TRONG CÁC THẾ KỈ XVI - XVIII Cuộc khủng hoảng chính trị ở đầu thế kỉ XVI đã làm sụp đổ triều Lê sơ. Nhà Mạc ra đời chưa được bao lâu thì xảy ra cuộc chiến tranh Nam ? Bắc triều và tiếp đó là chiến tranh Trịnh - Nguyễn. Hai chính quyền ở Đàng Ngoài và Đàng Trong được hình thành, tại nhang cho đến cuối t",,,,,
relation,lichsu_12_s166_bai16_sec8_002:6:e4-RELATED_TO-e1,RELATED_TO,e4,Organization,Pháp,e1,Place,Bắc Sơn,Thực dân Pháp tiến hành khủng bố phong trào cách mạng ở Bắc Sơn,Thực dân Pháp tiến hành khủng bố phong trào cách mang ở Bác Sơn,0.9,lichsu_12_s166_bai16_sec8_002,lichsu_12,Bài 16,VÀ TII PHONG TRAO GIẢI PHONG DÂN TỘC TỪ THÁNG 9 - 1939,"[103, 104, 105, 106]","[""data/corpus/lichsu_12/lichsu_12.pdf_103.jpg.txt"", ""data/corpus/lichsu_12/lichsu_12.pdf_104.jpg.txt"", ""data/corpus/lichsu_12/lichsu_12.pdf_105.jpg.txt"", ""data/corpus/lichsu_12/lichsu_12.pdf_106.jpg.txt""]","g bô địa phương, nhân dân Bắc Sơn đã nối dây chận dánh quân Pháp, chiếm đồn Mỏ Nhài, Chính quyền địch ở Bắc Sơn tan rã Nhân dân làm chủ châu lị và các vùng lân cân. Đội du kích Bắc Sơn được thành lập. Thất Khên TRUNG QUỐC Na Sầm Bình Gia s cr Bắc Sơn Điềm He Mỏ Nhài LANG Vũ Lăng SƠN A Võ Nhai P Khuối Nọi Y THÁI NGUYÊN Quân chúng và binh linh nguy quyền NY nổi dậy khởi nghĩa - Hương tiến đánh của quân Nhật x Nơi thành lập đội du kích Bắc Sơn Quân Pháp đầu hàng Pháp phân công, đần áp quân khởi ngh",,,,,
relation,lichsu_10_s183_001:7:e8-RELATED_TO-e1,RELATED_TO,e8,Concept,giai cấp tư sản,e1,Event,Cách mạng tư sản Pháp cuối thế kỉ XVIII,Giai cấp tư sản lãnh đạo cách mạng tư sản Pháp.,Giai cấp tư sản lãnh đạo cách mạng,0.8,lichsu_10_s183_001,lichsu_10,Bài,III Ý NGHĨA CỦA CÁCH MẠNG TƯ SẢN PHÁ KỈ XVIII,"[153, 154, 155, 158]","[""data/corpus/lichsu_10/lichsu_10.pdf_153.jpg.txt"", ""data/corpus/lichsu_10/lichsu_10.pdf_154.jpg.txt"", ""data/corpus/lichsu_10/lichsu_10.pdf_155.jpg.txt"", ""data/corpus/lichsu_10/lichsu_10.pdf_158.jpg.txt""]","viên quân tình nguyên. Hưởng ứng lời kêu gọi, hàng vạn ""thi quần chúng tự vũ trang tiến về Parri, hát vang bài ""Mácxâye"" () đầy khí thế "" chiến đấu. Cách mạng Pháp phát triển sang giai đoạn mới. R fl III Ý NGHĨA CỦA CÁCH MẠNG TƯ SẢN PHÁ KỈ XVIII Các háp cách mạng tư sản Pháp cuối thế kỉ XVIII đã lật đổ chế độ phong kiến chuyên các thi chế từng thống trị nước Pháp trong nhiều thế kỉ, hoàn thành các nhiệm vụ của một cuộc cách mạng tư sản : lật đổ chính quyền quân chế, thủ tiêu 19 the moi tàn dư ph",,,,,
relation,lichsu_11_s61_bai14_sec2_002:5:e8-RELATED_TO-e7,RELATED_TO,e8,Organization,Chính phủ Nhật Bản,e7,Time,thập niên 20 của thế kỉ XX,Chính phủ Nhật Bản thi hành cải cách chính trị trong những năm đầu thập niên 20,"trong những năm dầu thập niên 20 của thế kỉ XX, Chính phủ Nhật Bản đã thi hành một số cải cách chính trị",0.95,lichsu_11_s61_bai14_sec2_002,lichsu_11,Bài 14,NHẬT BẢN TRONG NĂM 1918 1929,"[74, 75]","[""data/corpus/lichsu_11/lichsu_11.pdf_74.jpg.txt"", ""data/corpus/lichsu_11/lichsu_11.pdf_75.jpg.txt""]","ổn định (1929) Khác với các nước tư bản Tây Au và Mĩ, sự ổn định của Nhật Bản chỉ tồn tại Trong một thời gian ngàn, Năm 1926, sản lương công nghiệp mới phục hồi trở lại và vượt mức trước chiến tranh. Nhưng chưa đây một năm sau, mùa xuân năm 1927 chinh cuộc khủng hoàng tài chính lại bùng nổ ở Thủ đô Tô-ki-ô làm 30 ngân hàng phá Thi sản, Nền công nghiệp chủ yếu dựa vào xuất khẩu của Nhật Bản ngày càng gấp khó khăn trong việc canh tranh với Mĩ và các nước Tây Au Từ một nước có sức sản xuất và mức x",,,,,
relation,lichsu_11_s73_bai16_sec4_002:4:e6-RELATED_TO-e5,RELATED_TO,e6,Organization,Đảng In-đô-nê-xi-a,e5,Organization,Đảng Dân tộc,Đảng Dân tộc được gọi là Đảng In-đô-nê-xi-a từ năm 1929.,từ năm 1929 là Đảng In đô-nê-xi-a,0.95,lichsu_11_s73_bai16_sec4_002,lichsu_11,Bài 16,THỊ PHONG TRÀO ĐỘC LẬP DÂN TỘC Ở IN-ĐÔ NÊ XI-A,"[83, 84, 85, 86]","[""data/corpus/lichsu_11/lichsu_11.pdf_83.jpg.txt"", ""data/corpus/lichsu_11/lichsu_11.pdf_84.jpg.txt"", ""data/corpus/lichsu_11/lichsu_11.pdf_85.jpg.txt"", ""data/corpus/lichsu_11/lichsu_11.pdf_86.jpg.txt""]","ế kỉ XX Đầu thập niên 30, phong trào đấu tranh chống thưc dân Hà Lan tiếp tục lan rông kháp các đảo thuộc In-đô-nê-xi a, tiêu biểu là cuộc khởi nghĩa của các thuỷ binh ở cảng Su-ra-bay-a vào năm 1933. Sau khi khủng bố tàn khốc những người khởi nghĩa chính quyền thực dân tăng cường đàn áp, bất giữ các lãnh tụ của Đảng Dân tộc (từ năm 1929 là Đảng In đô-nê-xi-a) và đặt Đảng ra ngoài vòng pháp luật Cuối thập niên 30, trước nguy cơ của chủ nghĩa phát xít, những người cộng sản đã kết hợp với Đảng In ",,,,,
relation,lichsu_12_s208_bai18_sec14_002:5:e7-RELATED_TO-e8,RELATED_TO,e7,Event,Chiến dịch Biên giới,e8,Place,Hoà Bình,Địch rút khỏi thị xã Hoà Bình do hoạt động của quân ta phối hợp với mặt trận Biên giới,buộc địch phải rút khỏi thị xã Hoà Bình,0.95,lichsu_12_s208_bai18_sec14_002,lichsu_12,Bài 18,2. Chiến dịch Biên giới thu - đông năm 1950,"[135, 136, 137, 138]","[""data/corpus/lichsu_12/lichsu_12.pdf_135.jpg.txt"", ""data/corpus/lichsu_12/lichsu_12.pdf_136.jpg.txt"", ""data/corpus/lichsu_12/lichsu_12.pdf_137.jpg.txt"", ""data/corpus/lichsu_12/lichsu_12.pdf_138.jpg.txt""]","13 - 10 - 1950, rút khỏi Na Sân Trong khi đó, cuộc hành quân của địch lên Thái Nguyên cũng bị quân ta chận đánh Quân Pháp trở nên hoảng loạn, phải rút chay, Đường số 4 được giải phóng ngày 22 10 1950. Quân ta tấn công Quân địch rút chạy Quân ta chăn đánh, truy kích địch Quân địch tiến đánh HA GIANG Hanh lang Đông Tây của địch 4000 Đường giao thông và số dương CAO BĂNG Biên giới quốc gia Đông Khê t Thất Khê TRUNG QUỐC BẮC KAN C Na Sâm TUYÊN QUANG LẠNG SƠN THÁI NGUYÊN Đình Lập VINH PHÚ THO YÊN SLE",,,,,
relation,lichsu_11_s6_003:9:e11-RELATED_TO-e1,RELATED_TO,e11,Concept,chế độ nghĩa vụ quân sự,e1,Event,Duy tân Minh Trị,chế độ nghĩa vụ quân sự là một phần của cải cách quân sự trong Duy tân Minh Trị,chế người đô nghĩa vụ quân sự thay cho chế độ trưng binh,0.95,lichsu_11_s6_003,lichsu_11,Bài,Bài,"[4, 5, 6]","[""data/corpus/lichsu_11/lichsu_11.pdf_4.jpg.txt"", ""data/corpus/lichsu_11/lichsu_11.pdf_5.jpg.txt"", ""data/corpus/lichsu_11/lichsu_11.pdf_6.jpg.txt""]","ách tiến bộ nhâm đưa Nhật Bản thoát khỏi tình trang một nước phong kiến lạc hậu. Đó là cuộc Duy tân Minh Tri được tiến hành trên tất cả các lĩnh vực : chính tri, kinh tế, quân sự, văn hoá - giáo dục.. Hinh 1 Thiên hoàng Minh Tri (1852 - 1912) Về chính trị - Nhật hoàng tuyên bố thủ tiêu chế độ Mạc phủ, thành lập chính phủ mới, trong đó đại biểu của tầng lớp quý tộc tư sản hoá đóng vai trò quan trong thực hiên quyền bình đẳng giữa các công dân Năm 1889, Hiến pháp mới được ban hành, chế độ quân chủ",,,,,
relation,lichsu_12_s312_bai26_sec7_004:6:e7-RELATED_TO-e8,RELATED_TO,e7,Concept,phát triển kinh tế - xã hội 5 năm,e8,Time,2001 - 2005,Kế hoạch phát triển kinh tế - xã hội 5 năm diễn ra từ 2001 - 2005,phát triển kinh tế - xã hội 5 năm (2001 - 2005),0.95,lichsu_12_s312_bai26_sec7_004,lichsu_12,Bài 26,Nam A (ASEAN),"[209, 210, 211, 212, 213, 214, 215, 216]","[""data/corpus/lichsu_12/lichsu_12.pdf_209.jpg.txt"", ""data/corpus/lichsu_12/lichsu_12.pdf_210.jpg.txt"", ""data/corpus/lichsu_12/lichsu_12.pdf_211.jpg.txt"", ""data/corpus/lichsu_12/lichsu_12.pdf_212.jpg.txt"", ""data/corpus/lichsu_12/lichsu_12.pdf_213.jpg.txt"", ""data/corpus/lichsu_12/lichsu_12.pdf_214.jpg.txt"", ""data/corpus/lichsu_12/lichsu_12.pdf_215.jpg.txt"", ""data/corpus/lichsu_12/lichsu_12.pdf_216.jpg.txt""]","hiên đai. "" Kê hoach (1) Viết Nam là thành viên thứ 150 của Tổ chức Thương mại thế giới (WTO) từ ngày 7 - 11 - 2006 Việt Nam là Uỷ viên không thường trực Hội đồng Bảo an Liên hợp quốc nhiêm kì 2008 ? 2009 từ ngày 1 - 1 2008 phát triển kinh tế - xã hội 5 năm (2001 - 2005) là rất quan trong đối với việc thực hiện chiến lược 10 năm (2010) Bước vào thực hiên kế hoạch Nhà nước 5 năm đầu tiên của thế kỉ XXI, tỉnh hình trong nước và quốc tế có nhiều thuận lợi và thời co, song cũng có không it khó khăn ",,,,,
relation,lichsu_11_s137_bai24_sec3_001:5:e8-RELATED_TO-e1,RELATED_TO,e8,Organization,công ti than Đông Triều,e1,Event,Chiến tranh thế giới,Công ti than Đông Triều xuất hiện trong thời gian chiến tranh,"Công nghiệp thuộc địa phải gánh đỡ những tổn thất, thiếu hụt của chính quốc trong thời gian chiến tranh. Những mỏ đang khai thác nay được bỏ vốn thêm, một số công ti than mới xuất hiện như các công ti than Tuyên Quang (1915) Đông Triều (1916)",0.9,lichsu_11_s137_bai24_sec3_001,lichsu_11,Bài 24,TÌNH HÌNH KINH TẾ XÃ HỘI,"[146, 147]","[""data/corpus/lichsu_11/lichsu_11.pdf_146.jpg.txt"", ""data/corpus/lichsu_11/lichsu_11.pdf_147.jpg.txt""]","sách đó đã làm cho các tầng lớp, giai cấp mới trong xã hội tăng nhanh về số lương, đồng thời này sinh một loạt cuộc khơi nghĩa vũ trang của mọi tầng lớp nhân dân, đặc biệt là của binh sĩ người Việt TÌNH HÌNH KINH TẾ XÃ HỘI 1 Nhũng biến động về kinh tế Khi cuộc chiến tranh thế giới bùng nổ, toàn quyền Đông Dương tuyên bố ""Nhiệm vụ chủ yếu của Đông Dương là phải cung cấp cho chính quốc đến mức tối đa nhân lực, vật lực và tài lực..? 11) Nhân dân Việt Nam phải đóng nhiều thứ thuế, mua công trái.. Tr",,,,,
relation,lichsu_10_s227_001:1:e1-RELATED_TO-e2,RELATED_TO,e1,Person,Lê-nin,e2,Place,Xanh Pê-téc-bua,Lê-nin tới Xanh Pê-téc-bua,Lê-nin tới Xanh Pê-téc-bua,0.95,lichsu_10_s227_001,lichsu_10,Bài,CÔNG NHÂN NGA,"[200, 201]","[""data/corpus/lichsu_10/lichsu_10.pdf_200.jpg.txt"", ""data/corpus/lichsu_10/lichsu_10.pdf_201.jpg.txt""]","giáng một đòn mạnh mẽ vào chế độ Nga hoàng, có ảnh hưởng đến phong trào đấu tranh đòi dân chủ ở các nước đế quốc và phong trào đấu tranh chống ách áp bức phong kiến, thực dân ở các nước phương Đông CÔNG NHÂN NGA Via-đi-mia I-íích U-Ii-a-nốp, tức Lê nin, sinh ngày 22 - 4 1 7 1 7 1 7 1 7 1 7 1 7 1 2 1 1 1 1 1 1 1 1 1 1 1 1 1 1 1 1 1 1 1 1 1 1 1 1 1 1 1 1 1 1 1 1 1 1 1 1 1 1 trong một gia đình nhà giáo tiến bô Lê-nin giác ngộ cách mang rất sớm và tham gia hoạt đông từ khi còn ở trường trung học Năm",,,,,
relation,lichsu_12_s293_bai24_sec3_001:3:e6-RELATED_TO-e4,RELATED_TO,e6,Concept,nhiệm vụ của cách mạng Việt Nam,e4,Concept,khôi phục và phát triển kinh tế hai miền,Nhiệm vụ của cách mạng Việt Nam là khôi phục và phát triển kinh tế hai miền,"nhiêm vụ của cách mạng Việt Nam trong năm đầu là khắc phục hâu quả chiến tranh, khôi phuc và phát triển kinh lê hai miền",0.95,lichsu_12_s293_bai24_sec3_001,lichsu_12,Bài 24,"CỦA CUỘC KHÁNG CHIẾN CHÔNG MÌ, CỨU NƯỚC","[197, 199]","[""data/corpus/lichsu_12/lichsu_12.pdf_197.jpg.txt"", ""data/corpus/lichsu_12/lichsu_12.pdf_199.jpg.txt""]","trọng quốc tế to lớn và có tính thời đại sâu sắc"" (1) Đảng Cộng sản Việt Nam, Báo cáo chính trị của Ban Chấp hành Trung ương Đẳng tại Đại hội đai biểu toàn quốc lần thứ IV, NXB Sư thất, H. 5 6 6. CỦA CUỘC KHÁNG CHIẾN CHÔNG MÌ, CỨU NƯỚC NĂM 1975 Sau thắng lơi của cuốc kháng chiên chống Mi, cứu nước năm 1975 nhiêm vụ của cách mạng Việt Nam trong năm đầu là khắc phục hâu quả chiến tranh, khôi phuc và phát triển kinh lê hai miền hoàn thành thống nhất đất nước về mặt nhà nước",,,,,
relation,lichsu_12_s242_bai21_sec8_001:1:e2-RELATED_TO-e1,RELATED_TO,e2,Concept,cải cách ruộng đất,e1,Place,miền Bắc,cải cách ruộng đất diễn ra ở miền Bắc,miền Bắc tiến hành tiếp đợt 6 giảm tô và 4 đợt cải cách ruộng đất,0.9,lichsu_12_s242_bai21_sec8_001,lichsu_12,Bài 21,CẢI TẠO QUAN HỆ SẢN XUẤT (1964),"[157, 158, 159, 160, 161]","[""data/corpus/lichsu_12/lichsu_12.pdf_157.jpg.txt"", ""data/corpus/lichsu_12/lichsu_12.pdf_158.jpg.txt"", ""data/corpus/lichsu_12/lichsu_12.pdf_159.jpg.txt"", ""data/corpus/lichsu_12/lichsu_12.pdf_160.jpg.txt"", ""data/corpus/lichsu_12/lichsu_12.pdf_161.jpg.txt""]","tranh, khôi phục kinh tế ở miền Bắc, đưa miên Bắc tiến lên chủ nghĩa xã hội, vừa phải tiếp tục cuộc cách mang dân tộc dân chủ nhân dân ở miền Nam, thực hiện hoà bình thống nhất nước nhà như thê nào 2 nông, mỏ rộng mặt trân dân tộc thống nhất, Đảng và Chính phủ quyết định ?Đẩy mạnh phát đông quần chúng thực hiên cải cách ruộng đất Thực hiên chủ trương của Trung ương, trong hơn 2 năm (1954 - 1956) miền Bắc tiến hành tiếp đợt 6 giảm tô và 4 đợt cải cách ruộng đất ở 3 314 xã thuộc 22 tỉnh đồng bàng ",,,,,
relation,lichsu_11_s55_bai13_sec1_001:1:e1-RELATED_TO-e2,RELATED_TO,e1,Place,Đức,e2,Concept,chiến tranh xâm lược,Đức chuẩn bị tiến hành kế hoạch gây chiến tranh xâm lược,"Đức đã trở thành một trại lính khổng lô, chuẩn bị tiến hành các kế hoạch gây chiến tranh xâm lược",0.95,lichsu_11_s55_bai13_sec1_001,lichsu_11,Bài 13,Bài 13,"[66, 67, 68, 69]","[""data/corpus/lichsu_11/lichsu_11.pdf_66.jpg.txt"", ""data/corpus/lichsu_11/lichsu_11.pdf_67.jpg.txt"", ""data/corpus/lichsu_11/lichsu_11.pdf_68.jpg.txt"", ""data/corpus/lichsu_11/lichsu_11.pdf_69.jpg.txt""]","Đức đã trở thành một trại lính khổng lô, chuẩn bị tiến hành các kế hoạch gây chiến tranh xâm lược. Qua bảng thống kê nêu trên, hãy nhận xét về tình hình kinh tế nước Đức so với một số nước châu Âu Bài 13 (1918 1939) Trong những năm 1918 1939, nước Mĩ đã trải qua những bước thăng trầm dây kịch tính: từ sự phôn vinh của nên kinh tế trong thập niên 20 đến cuộc khủng hoảng và suy thoái nặng nề chưa từng thấy trong lịch sử nước Mĩ những năm 1929 - 1933. Chính sách mới của Tổng thống Ru-dơ-ven đã đưa ",,,,,
relation,lichsu_12_s127_bai12_sec10_001:5:e8-RELATED_TO-e5,RELATED_TO,e8,Person,Phan Châu Trinh,e5,Time,năm 1925,Phan Châu Trinh về nước tháng 6 năm 1925.,"Tháng 6 - 1925, Phan Châu Trình về nước",0.95,lichsu_12_s127_bai12_sec10_001,lichsu_12,Bài 12,"1. Hoạt động của Phan Bội Châu, Phan Châu Trinh và một số","[77, 78, 79, 80]","[""data/corpus/lichsu_12/lichsu_12.pdf_77.jpg.txt"", ""data/corpus/lichsu_12/lichsu_12.pdf_78.jpg.txt"", ""data/corpus/lichsu_12/lichsu_12.pdf_79.jpg.txt"", ""data/corpus/lichsu_12/lichsu_12.pdf_80.jpg.txt""]","và tay sai tiếp tục diên ra với nội dung và hình thức phong phú. Sau Chiến tranh thể giới thứ nhất Dưới tác động của chính sách khaộ địa của Pháp, các Nguai giai cấp ở Viết Nam có sư chuyển bao ? 1. Hoạt động của Phan Bội Châu, Phan Châu Trinh và một số người Việt Nam sống ở nước ngoài Sau những năm bôn ba hoạt động ở Nhật Bản và Trung Quốc không thành công Phan Bồi Châu bị giới quân phiết ở Quảng Đông (Trung Quốc) bất giam năm 1913 và đến cuối năm 1917 mới được trả tự do. 1925, giữa lúc chưa th",,,,,
relation,lichsu_11_s36_bai10_sec3_001:1:e2-RELATED_TO-e1,RELATED_TO,e2,Person,Xta-lin,e1,Person,Lê-nin,Xta-lin lên thay sau khi Lê-nin mất,"Sau khi Lê-nin mất, Xta-lin lên thay",0.9,lichsu_11_s36_bai10_sec3_001,lichsu_11,Bài 10,CHI CÔNG CUỘC XÂY DỤNG CHỦ NGHĨA XÃ HỘI Ở LIÊN XÔ (1941),"[53, 54, 55, 56]","[""data/corpus/lichsu_11/lichsu_11.pdf_53.jpg.txt"", ""data/corpus/lichsu_11/lichsu_11.pdf_54.jpg.txt"", ""data/corpus/lichsu_11/lichsu_11.pdf_55.jpg.txt"", ""data/corpus/lichsu_11/lichsu_11.pdf_56.jpg.txt""]","Xô, giai cấp công nhân quốc tế và các dân tộc bi áp bức trên toàn thế giới Sau khi Lê-nin mất, Xta-lin lên thay, tiếp tục lãnh đạo công cuộc xây dựng và bảo về đất nước Liên Xô trong những năm 1953. CHI CÔNG CUỘC XÂY DỤNG CHỦ NGHĨA XÃ HỘI Ở LIÊN XÔ (1941) 1 Những kế hoạch 5 năm đầu tiên Sau khi hoàn thành công cuộc khôi phục kinh tế, nhân dân Liên Xô bước vào thời kì xây dựng chủ nghĩa xã hôi với nhiêm vu trong tâm là công nghiệp hoá xã hôi chu nghĩa (1) Đến năm 1940, Liên Xô gồm 15 nước công ho",,,,,
relation,lichsu_10_s54_bai11_sec3_001:5:e6-RELATED_TO-e8,RELATED_TO,e6,Person,B. Đi-a-xơ,e8,Place,mũi Hảo Vọng,"B. Đi-a-xơ đặt tên cho mũi cực Nam châu Phi là mũi Bão Tố, sau gọi là mũi Hảo Vọng","Điểm đó được ông đặt tên là mũi Bão Tố, sau gọi là mũi Hảo Vọng",0.9,lichsu_10_s54_bai11_sec3_001,lichsu_10,Bài 11,1. Những cuộc phát kiến địa lĩ,"[60, 61, 62]","[""data/corpus/lichsu_10/lichsu_10.pdf_60.jpg.txt"", ""data/corpus/lichsu_10/lichsu_10.pdf_61.jpg.txt"", ""data/corpus/lichsu_10/lichsu_10.pdf_62.jpg.txt""]","đấu tranh, xây dựng một nền văn hoá mới trong phong trào Văn hoá Phục hưng, tiến hành tôn giáo Phong trào đấu tranh của nông dân ra sôi nổi Ở nước Đức, báo hiệu cho sự suy vong của chế độ phong kiến 1. Những cuộc phát kiến địa lĩ Sự phát triển nhanh chóng của lực lượng sản xuất đã làm cho nhu cầu về 19 thương liệu, vàng bạc, thị trường ngày một tăng. Nhưng từ thế kỉ XV, con đường giao lưu buôn bán qua Tây Á và Địa Trung Hải lại do người A-rập độc chiếm. Vấn đề cấp thiết đang được đặt ra là phải ",,,,,
relation,lichsu_10_s101_001:5:e8-RELATED_TO-e7,RELATED_TO,e8,Time,thế kỉ X - XV,e7,Concept,kháng chiến chống ngoại xâm,Các cuộc kháng chiến chống ngoại xâm diễn ra trong các thế kỉ X - XV,"Trong những thế kỉ xây dựng đất nước, nhân dân ta vẫn phải liên tục tiến hành các cuộc kháng chiến chống ngoại xâm",0.9,lichsu_10_s101_001,lichsu_10,Bài,CHÔNG NGOAI XÂM Ở CÁC,"[94, 95, 96]","[""data/corpus/lichsu_10/lichsu_10.pdf_94.jpg.txt"", ""data/corpus/lichsu_10/lichsu_10.pdf_95.jpg.txt"", ""data/corpus/lichsu_10/lichsu_10.pdf_96.jpg.txt""]","dân. Nhiều cuộc đấu tha tranh của nông dân đã bùng lên, nhất là vào cuối thế kỉ XIV. Nhà Trần suy vong Tề tướng Hồ Quý Ly thực hiện một cuộc cải cách lớn để cứu văn tình thế ? nhà Hồ được thành lập CHÔNG NGOAI XÂM Ở CÁC THẾ KỈ X - XV Trong những thế kỉ xây dựng đất nước, nhân dân ta vẫn phải liên tục tiến hành các cuộc kháng chiến chống ngoại xâm. Với lòng yêu nước nồng nàn, với tinh thần chiến đấu kiên cường, anh dũng, nhân dại Việt đã làm nên biết bao chiến thắng huy hoàng, giữ vững nền độc lậ",,,,,
relation,lichsu_12_s242_bai21_sec8_001:2:e2-RELATED_TO-e3,RELATED_TO,e2,Concept,cải cách ruộng đất,e3,Time,1954 - 1956,cải cách ruộng đất diễn ra trong khoảng thời gian 1954-1956,trong hơn 2 năm (1954 - 1956) miền Bắc tiến hành tiếp đợt 6 giảm tô và 4 đợt cải cách ruộng đất,0.9,lichsu_12_s242_bai21_sec8_001,lichsu_12,Bài 21,CẢI TẠO QUAN HỆ SẢN XUẤT (1964),"[157, 158, 159, 160, 161]","[""data/corpus/lichsu_12/lichsu_12.pdf_157.jpg.txt"", ""data/corpus/lichsu_12/lichsu_12.pdf_158.jpg.txt"", ""data/corpus/lichsu_12/lichsu_12.pdf_159.jpg.txt"", ""data/corpus/lichsu_12/lichsu_12.pdf_160.jpg.txt"", ""data/corpus/lichsu_12/lichsu_12.pdf_161.jpg.txt""]","tranh, khôi phục kinh tế ở miền Bắc, đưa miên Bắc tiến lên chủ nghĩa xã hội, vừa phải tiếp tục cuộc cách mang dân tộc dân chủ nhân dân ở miền Nam, thực hiện hoà bình thống nhất nước nhà như thê nào 2 nông, mỏ rộng mặt trân dân tộc thống nhất, Đảng và Chính phủ quyết định ?Đẩy mạnh phát đông quần chúng thực hiên cải cách ruộng đất Thực hiên chủ trương của Trung ương, trong hơn 2 năm (1954 - 1956) miền Bắc tiến hành tiếp đợt 6 giảm tô và 4 đợt cải cách ruộng đất ở 3 314 xã thuộc 22 tỉnh đồng bàng ",,,,,
relation,lichsu_11_s68_bai15_sec3_001:10:e11-RELATED_TO-e12,RELATED_TO,e11,Organization,Đảng Cộng sản Ấn Độ,e12,Time,tháng 12 - 1925,Đảng Cộng sản Ấn Độ được thành lập vào tháng 12 năm 1925.,thành lập Đảng Cộng sản Ấn Độ tháng 12 - 1925,0.9,lichsu_11_s68_bai15_sec3_001,lichsu_11,Bài 15,VI PHONG TRÀO ĐỘC LẬP DÂN TỘC O NN ĐỘ (1918 1939),"[79, 80, 81, 82]","[""data/corpus/lichsu_11/lichsu_11.pdf_79.jpg.txt"", ""data/corpus/lichsu_11/lichsu_11.pdf_80.jpg.txt"", ""data/corpus/lichsu_11/lichsu_11.pdf_81.jpg.txt"", ""data/corpus/lichsu_11/lichsu_11.pdf_82.jpg.txt""]","Trung Quốc được thành lập, đánh dấu bước ngoạt quan trong của cách Thuy Trung Trung Quốc. Từ đây, giai cấp vô san Trung Quốc đã có chính đảng của mình để từng bước nắm ngon cờ lãnh đạo cách mang In VI PHONG TRÀO ĐỘC LẬP DÂN TỘC O NN ĐỘ (1918 1939) 1 Phong trào độc lập dân tộc trong những năm 1918 1929 Chiến tranh thế giới thứ nhất đã đẩy nhân dân Ân Độ vào cảnh sống cùng chi cức, vì toàn bộ gánh năng chi phí chiến tranh của thực dân Anh đề năng lên vai chiến các thuộc địa, Sau chiến tranh, việc ",,,,,
relation,lichsu_10_s50_001:10:e12-RELATED_TO-e7,RELATED_TO,e12,Concept,thời đại phong kiến,e7,Place,châu Âu,Thời đại phong kiến bắt đầu ở châu Âu,thời đại phong kiến bắt đầu ở châu Âu,0.95,lichsu_10_s50_001,lichsu_10,Bài,PHONG KIẾN Ở TÂY ÂU,"[50, 51, 52, 55, 56]","[""data/corpus/lichsu_10/lichsu_10.pdf_50.jpg.txt"", ""data/corpus/lichsu_10/lichsu_10.pdf_51.jpg.txt"", ""data/corpus/lichsu_10/lichsu_10.pdf_52.jpg.txt"", ""data/corpus/lichsu_10/lichsu_10.pdf_55.jpg.txt"", ""data/corpus/lichsu_10/lichsu_10.pdf_56.jpg.txt""]","công trình kiến Thiến thán trúc Hinđu giáo và Phật giáo đã xuất hiện. Nổi tiếng nhất là quần thế kiến trúc Ăng-co Vát và Ăng co Thom. B Thi Sự phát triển của Cam-pu-chia thời Áng-co được biểu hiện PHONG KIẾN Ở TÂY ÂU (Từ thế kỉ V đến thế kỉ xiv) Từ thế kỉ V, trên lãnh thổ của đế quốc Rô-ma rộng lớn trước kia, dần hình thành các quốc gia của người Giéc-man, quan hệ sản xuất phong kiến cũng dần dần được thiết lập và củng cố. Sự xuất hiện của các thành thị trung đại vào thế kỉ XI - XII đã có một va",,,,,
relation,lichsu_10_s10_002:2:e1-RELATED_TO-e3,RELATED_TO,e1,Concept,lao động,e3,Concept,sử dụng công cụ,lao động bao gồm sử dụng công cụ,và sử dụng công cụ,0.8,lichsu_10_s10_002,lichsu_10,Bài,1. Sự xuất hiện loài người và đời sống bầy người nguyên thuỷ,"[4, 5, 6]","[""data/corpus/lichsu_10/lichsu_10.pdf_4.jpg.txt"", ""data/corpus/lichsu_10/lichsu_10.pdf_5.jpg.txt"", ""data/corpus/lichsu_10/lichsu_10.pdf_6.jpg.txt""]","ng bậc nhất, cải thiên căn bản đời sống của mình Qua lao động, chế tạo công cụ và sử dụng công cụ, bàn tay con người khéo Theo léo dần. Cơ thể cũng do đó biến đổi theo đề có tư thế lao động thích hợp. Tiếng chiến nhiền nói thuần thục hơn do nhu cầu trao đổi với nhau. Con người tự cải biến, hoàn thiện mình từng bước nhờ lao động. Ở một số loài động vật đã hình thành một cách tự nhiên quan hệ hợp đoàn; và người có đôi, có đần và con đầu đàn. Người tối cổ đã có quan hệ hợp quần xã hội: có người ngư",,,,,
relation,lichsu_11_s122_bai21_sec5_002:4:e4-RELATED_TO-e3,RELATED_TO,e4,Place,Hai Sông,e3,Time,tháng 7 - 1889,Căn cứ Hai Sông bị Pháp bao vây vào cuối tháng 7 - 1889,"Cuối tháng 7 - 1889, căn cứ Hai Sông cũng bị Pháp bao vây",0.95,lichsu_11_s122_bai21_sec5_002,lichsu_11,Bài 21,CÂN VƯƠNG VÀ PHONG TRÀO ĐẦU TRANH TỰ VÊ CUỐI THẾ KỈ XIX,"[124, 128, 129]","[""data/corpus/lichsu_11/lichsu_11.pdf_124.jpg.txt"", ""data/corpus/lichsu_11/lichsu_11.pdf_128.jpg.txt"", ""data/corpus/lichsu_11/lichsu_11.pdf_129.jpg.txt""]","ồn bốc và thực hiên chính sách ""ddng người Việt trị người Việt để cô lập nghĩa quân ở cần cứ Bgia quân chiến đấu rất dũng cảm, nhưng lực lượng ngày càng giảm sút và rơi dân vào thế bi bao vây, cô lập. Cuối Chu nguyên Thiên Thuất phai láng lrung Quốc (7 1889) và mất tai đó vào năm 1926 Cuối tháng 7 - 1889, căn cứ Hai Sông cũng bi Pháp bao vây. Đốc Tít chí huy nghĩa quân chống tra quyết liệt, nhưng bi đánh bại bản doanh (1844 1926) Trai Sơn. Trong thể cùng, ông phảng giác (12 8 1889), sau bi chúng",,,,,
relation,lichsu_10_s146_001:1:e2-RELATED_TO-e9,RELATED_TO,e2,Concept,"giáo dục, khoa cử",e9,Organization,triều đình Nguyễn,"Giáo dục, khoa cử là nguồn tuyển chọn quan lại chính cho triều đình Nguyễn","giáo dục, khoa cử trở thành nguồn tuyển chọn chính",0.9,lichsu_10_s146_001,lichsu_10,Bài,HÀ NỘI TÊN ĐƠN VỊ,"[125, 126, 127]","[""data/corpus/lichsu_10/lichsu_10.pdf_125.jpg.txt"", ""data/corpus/lichsu_10/lichsu_10.pdf_126.jpg.txt"", ""data/corpus/lichsu_10/lichsu_10.pdf_127.jpg.txt""]","THANH HOA NGHEAN HÀ TÍNH QUẮNG BÌNH QUẢNG TRỊ PHỦ THỪA THIÊN Ip QUẢNG NAM don A QUẢNG NGÁI BÌNH ĐỊNH PHÚ YÊN s KHÁNH HOA BÌNH THUẬN BIẾN HOÀ AN GIANG LGIA ĐINH ĐỊNH TƯƠNG HÀ TIÊN BNN LONG Đ. Phú Quốc HÀ NỘI TÊN ĐƠN VỊ hành chính Đ. Côn Lôn Biên giới quốc gia ngày nay Ban đầu, quan lại được tuyển chọn từ những người trước đây theo Nguyễn Ánh; the việt về sau, giáo dục, khoa cử trở thành nguồn tuyển chọn chính. Chế độ lương bồng người được quy định, nhưng không có phần ruộng dất. Mặt số quan lại t",,,,,
relation,lichsu_12_s242_bai21_sec8_002:6:e8-RELATED_TO-e6,RELATED_TO,e8,Organization,Nhà nước,e6,Place,miền Bắc,"Nhà nước quản lí 97 nhà máy, xí nghiệp lớn ở miền Bắc","miền Bắc có 97 nhà máy, xí nghiệp lớn do Nhà nước quản lí",0.95,lichsu_12_s242_bai21_sec8_002,lichsu_12,Bài 21,CẢI TẠO QUAN HỆ SẢN XUẤT (1964),"[157, 158, 159, 160, 161]","[""data/corpus/lichsu_12/lichsu_12.pdf_157.jpg.txt"", ""data/corpus/lichsu_12/lichsu_12.pdf_158.jpg.txt"", ""data/corpus/lichsu_12/lichsu_12.pdf_159.jpg.txt"", ""data/corpus/lichsu_12/lichsu_12.pdf_160.jpg.txt"", ""data/corpus/lichsu_12/lichsu_12.pdf_161.jpg.txt""]","ỷ nông mới được xây dựng, có tác dung mở rông diện tích tưới và tiêu nước. Bắc - Hưng - Hải (1958) Cuối năm 1957, sản lương lương thực đạt gần 4 triệu tấn, tăng hơn 1,5 triêu thi trần so với năm 1939. Nan đói kinh niên ở miền Bắc căn bản được giải quyết Trong công nghiệp, chúng ta đã nhanh chóng khôi phuc và mở rông hầu hết các nhà may, xí nghiệp bị phá hỏng, xây dưng thêm một số nhà máy mới như c co Khi Hà Nội, diêm Thông Nhất, gỗ Cầu Đuống, thuốc lá Thăng Long, cá hộp Hải Phòng, chề Phú Thọ,..",,,,,
relation,lichsu_11_s53_bai12_sec4_001:6:e1-RELATED_TO-e7,RELATED_TO,e1,Person,Hít-le,e7,Organization,Đảng Cộng sản Đức,Chính phủ Hít-le khủng bố Đảng Cộng sản Đức.,"khủng bố các đảng phái dân chủ tiến bộ, trước hết là Đảng Công sản Đức",0.95,lichsu_11_s53_bai12_sec4_001,lichsu_11,Bài 12,Vi sao chủ nghĩa phát xít thắng thế ở Đức ?,"[66, 67, 68]","[""data/corpus/lichsu_11/lichsu_11.pdf_66.jpg.txt"", ""data/corpus/lichsu_11/lichsu_11.pdf_67.jpg.txt"", ""data/corpus/lichsu_11/lichsu_11.pdf_68.jpg.txt""]","quyen quyền ở Đức. Ngày 30 1 1933 Thủ tổng cho Hít-le ngày 30 19 30 Tổng thống Hin-đen-bua chỉ định Hít-le làm Thủ tướng và thành lập chính phủ mới mở ra một thời kì đen tối trong lịch sừ nước Đức. Vi sao chủ nghĩa phát xít thắng thế ở Đức ? Nước Đức trong những năm 1933 Về chính tri - Từ năm 1933, Chính phủ Hít-le ráo riết thiết lập nền chuyên chính độc tài, công khai khủng bố các đảng phái dân chủ tiến bộ, trước hết là Đảng Công sản Đức. Tháng 3 1933, chính quyền phát xít vu cáo những người cộ",,,,,
relation,lichsu_12_s69_bai7_sec2_001:8:e10-RELATED_TO-e11,RELATED_TO,e10,Organization,Cộng hoà Liên bang Đức,e11,Place,châu Âu,Cộng hoà Liên bang Đức trở thành tâm điểm đối đầu ở châu Âu.,Công hoà Liên bang Đức ... đã trở thành mót tâm điểm của sư đôi đầu ở châu Au,0.95,lichsu_12_s69_bai7_sec2_001,lichsu_12,Bài 7,TÂY ÂU TỪ NĂM 1945 ĐẾN NĂM 1950,"[46, 47]","[""data/corpus/lichsu_12/lichsu_12.pdf_46.jpg.txt"", ""data/corpus/lichsu_12/lichsu_12.pdf_47.jpg.txt""]","nền kinh tế bị tàn phá do chiến tranh, các nước Tây Âu đã bước sang một giai đoạn phát triển mới với những thay đổi to lớn mà nổi bật là sự liên kết kinh tế - chính trị của các nước trong khu vưc TÂY ÂU TỪ NĂM 1945 ĐẾN NĂM 1950 Chiến tranh thế giới thứ hai đã để lại cho các nước Tây Âu nhiều hậu quả nặng nề Nhiều thành phố, bến cảng, nhà máy, các trung tâm công nghiệp bị tàn phá Hàng triêu người chết, mất tích hoặc bị tàn phế. Ở Pháp, năm 1945 sản xuất công nghiệp chỉ bằng 38%, nông nghiệp chỉ b",,,,,
relation,lichsu_12_s165_bai16_sec7_001:7:e11-RELATED_TO-e10,RELATED_TO,e11,Organization,Nhật,e10,Organization,Pháp,Nhật bắt chính quyền thực dân Pháp nộp tiền,Nhật bắt chính quyền thực dân Pháp nộp cho chúng một khoản tiền lớn,0.95,lichsu_12_s165_bai16_sec7_001,lichsu_12,Bài 16,2. Tình hình kinh tế hội,"[103, 104]","[""data/corpus/lichsu_12/lichsu_12.pdf_103.jpg.txt"", ""data/corpus/lichsu_12/lichsu_12.pdf_104.jpg.txt""]","Đông Dương, ngày 9 - 3 - 1945, Nhật đảo chính Pháp. Lơi dụng cơ hôi đó, các đảng phái chính trị ở Viết Nam tăng cường hoạt động, Quần chúng nhân dân suc sôi khí thế cách mang, sắn sàng vên khởi nghĩa 2. Tình hình kinh tế hội Đầu tháng 9 ? 1939, Toàn quyền Catoru ra lênh tổng đông viên nhằm cung cấp cho ""mẫu quốc"""" tiềm lực tối đa của Đông Dương về quân sự, nhân lực, các sản phám và nguyên liêu Thực dân Pháp thi hành chính sách Kinh tế chỉ huy, tăng mức thuế cũ, đặt thêm thuế mới, đồng thời sa th",,,,,
relation,lichsu_12_s311_bai26_sec6_001:5:e1-RELATED_TO-e9,RELATED_TO,e1,Concept,đường lối đổi mới,e9,Concept,kế hoạch 5 năm 1986 - 1990,Đường lối đổi mới được thực hiện thông qua kế hoạch 5 năm 1986 - 1990.,Đường lối đổi mới của Đảng từ năm 1986 đến năm 2000 đã được thực hiên qua 3 kế hoạch Nhà nước 5 năm. 11 Thực hiện kê hoạch 59 năm 1986 - 1990,0.8,lichsu_12_s311_bai26_sec6_001,lichsu_12,Bài 26,VI - QUÁ TRÌNH THỰC HIỆN ĐƯỜNG LỐI ĐỐI MỚI (1986 ? 2000),"[208, 209, 210, 211, 212, 213]","[""data/corpus/lichsu_12/lichsu_12.pdf_208.jpg.txt"", ""data/corpus/lichsu_12/lichsu_12.pdf_209.jpg.txt"", ""data/corpus/lichsu_12/lichsu_12.pdf_210.jpg.txt"", ""data/corpus/lichsu_12/lichsu_12.pdf_211.jpg.txt"", ""data/corpus/lichsu_12/lichsu_12.pdf_212.jpg.txt"", ""data/corpus/lichsu_12/lichsu_12.pdf_213.jpg.txt""]","thuộc về nhân dân , thực hiện chính sách đại đoàn kết dân tộc, chính sách đối ngoại hoà bình, hữu nghi, hợp tác. Việt Nam thực hiện đường lối đổi mới trong hoàn cảnh đất nước và the giới như the nao VI - QUÁ TRÌNH THỰC HIỆN ĐƯỜNG LỐI ĐỐI MỚI (1986 ? 2000) Đường lối đổi mới của Đảng từ năm 1986 đến năm 2000 đã được thực hiên qua 3 kế hoạch Nhà nước 5 năm. 11 Thực hiện kê hoạch 59 năm 1986 - 1990 a) Đại hội VI (12 - 1986) mở đầu công cuộc đổi mới Đại hôi đại biểu toàn quốc lần thứ VI của Đảng (hop",,,,,
relation,lichsu_12_s60_bai5_sec9_001:14:e12-RELATED_TO-e1,RELATED_TO,e12,Event,Liên minh vì tiền bộ,e1,Place,Mĩ Latinh,Liên minh vì tiền bộ lôi kéo các nước Mĩ Latinh,lôi kéo các nước Minh Latinh,0.95,lichsu_12_s60_bai5_sec9_001,lichsu_12,Bài 5,ĐÔM NGA ANT CHA THO NGAY,"[38, 39, 40, 41]","[""data/corpus/lichsu_12/lichsu_12.pdf_38.jpg.txt"", ""data/corpus/lichsu_12/lichsu_12.pdf_39.jpg.txt"", ""data/corpus/lichsu_12/lichsu_12.pdf_40.jpg.txt"", ""data/corpus/lichsu_12/lichsu_12.pdf_41.jpg.txt""]","lập từ lay thực dân Tây Ban Nha và Bồ Đào Nha từ đầu thế kỉ XIX, nhưng sau đó lai 1000 BOTTER HOA KI BAHAMA MEHICỔ IZZ CUBA1973 1959 1981 HAMAICA ĐỘMINICANA TRINH VÀ NEVIT SIBELIXE E GOATỀMALY 1962 ĐÔM NGA ANT CHA THO NGAY 1978 ANTIGOA VÀ BÁCBUĐA 1981 EN XANVAĐO D GRÊNAĐA 1974 NICARAGOA1970 RET CÔXTARICALLY TRINIĐÁT VÀ TÔBAGÔ 1962 PANAMA H XXRINAM 1975 CÔLÔMBIA LIT W ÊCUAĐO Z BRA IIN L In PERU BBLIVIAN PARAGOAY Q D L LU VNILL Z C O INJHO URUGOAY Q Các nước Mĩ Latinh Các nước khác CUBA Tên nước 1",,,,,
relation,lichsu_12_s169_bai16_sec11_001:9:e12-RELATED_TO-e1,RELATED_TO,e12,Organization,Đảng Dân chủ Việt Nam,e1,Organization,Việt Minh,Đảng Dân chủ Việt Nam đứng trong Mặt trận Việt Minh,"Đáng Dân Và Thi Thi Chủ Viết Nam và Hội Văn hoá Cứu quốc Viết Nam được thành lập, đứng trong Mãi Trong trân Viết Minh",0.9,lichsu_12_s169_bai16_sec11_001,lichsu_12,Bài 16,4. Chuẩn bị tiến tới khởi nghĩa giành chính quyền,"[108, 109, 110]","[""data/corpus/lichsu_12/lichsu_12.pdf_108.jpg.txt"", ""data/corpus/lichsu_12/lichsu_12.pdf_109.jpg.txt"", ""data/corpus/lichsu_12/lichsu_12.pdf_110.jpg.txt""]","là Viêt Minh) ra đòi 19 Thu Năm tháng sau, Tuyên ngôn, Chương trình, Điều lê của Viết Minh được công bố chính thức. Chương trình cứu nước của Việt Minh được đông đảo các tầng lớp nhân dân hưởng ứng. 4. Chuẩn bị tiến tới khởi nghĩa giành chính quyền a la tha a là thường cho cuộc khởi nghĩa vũ trang - Xây dưng lưc lượng chính trị : Một trong những nhiệm vụ cấp bách của Đảng là vân động quần chúng tham gia Việt Minh Cao Bảng là nơi thí điểm cuộc vân đông Thi thi thi xây dưng các hôi Cứu quốc trong ",,,,,
relation,lichsu_10_s22_bai4_sec6_001:1:e2-RELATED_TO-e1,RELATED_TO,e2,Concept,đồng tiền cổ,e1,Place,A-ten,Đồng tiền cổ được tìm thấy ở A-ten.,của A-ten là những đồng tiền thuộc loại cổ nhất trên thế giới,0.85,lichsu_10_s22_bai4_sec6_001,lichsu_10,Bài 4,INNO OPTIMO AVG (USTO) GER-,"[20, 21, 22, 24]","[""data/corpus/lichsu_10/lichsu_10.pdf_20.jpg.txt"", ""data/corpus/lichsu_10/lichsu_10.pdf_21.jpg.txt"", ""data/corpus/lichsu_10/lichsu_10.pdf_22.jpg.txt"", ""data/corpus/lichsu_10/lichsu_10.pdf_24.jpg.txt""]","của A-ten là những đồng tiền thuộc loại cổ nhất trên thế giới. Như thế, nền kinh tế của các nhà nước ở vùng Địa Trung Hải phát triển mau lẹ Hi Lạp và Rô ma sớm trở thành các quốc gia giàu mạnh thuy R INNO OPTIMO AVG (USTO) GER- MANICO DACICO PONTIF (ICI) MAX (IMO) TRIB Ba (uniciae) POTEST (atis) XVIII IMP (eratori) VII COS (consuli) VI P (atri) P (atriae) FORTISSIMO PRINCIPI SENATVS P.Q.R. (Thương viện và dân chúng Rô-ma dâng tăng Khải hoàn môn [này] cho Hoàng đế Xê-da, [và] con của Ne-rva thần ",,,,,
relation,lichsu_12_s297_bai24_sec7_002:2:e2-RELATED_TO-e3,RELATED_TO,e2,Organization,Quốc hội khoá VI nước Việt Nam thống nhất,e3,Place,Hà Nội,Quốc hội khoá VI họp kì đầu tiên tại Hà Nội,Quốc hội khoá VI nước Viết Nam thống nhất họp kì đầu tiên tại Hà Nôi,0.95,lichsu_12_s297_bai24_sec7_002,lichsu_12,Bài 24,HII - HOÀN THÀNH THỐNG NHẤT ĐẤT NƯỚC VỀ MẶT NHÀ NƯỚC (1975 ? 1976),"[200, 201, 202, 203]","[""data/corpus/lichsu_12/lichsu_12.pdf_200.jpg.txt"", ""data/corpus/lichsu_12/lichsu_12.pdf_201.jpg.txt"", ""data/corpus/lichsu_12/lichsu_12.pdf_202.jpg.txt"", ""data/corpus/lichsu_12/lichsu_12.pdf_203.jpg.txt""]","Hơn 23 tnêu cử tri (chiếm 98,8% tổng số cử in) đi bó phiếu và bầu ra 492 đai biểu Fr Parting Từ ngày 24 - 6 đến ngày 3 - 7 - 1976, Quốc hội khoá VI nước Viết Nam thống nhất họp kì đầu tiên tại Hà Nôi. Quốc hội thông qua chính sách đối nội và đối ngoại của Nhà nước Viết Nam nghi thống nhất, quyết đỉnh tên nước là Cộng hoà xã hội chủ nghĩa Viết Nam (từ ngày 2-1?1976), quyết đình Quốc huy mang dòng chữ Cộng hoà xã hội chủ nghĩa Việt Nam, Quốc kì là là cờ đỏ sao vàng, Quốc ca là bài Tiến quân ca, th",,,,,
relation,lichsu_10_s175_001:9:e3-RELATED_TO-e8,RELATED_TO,e3,Concept,chủ nghĩa tư bản,e8,Place,13 thuộc địa Anh,nền công thương nghiệp tư bản chủ nghĩa ở 13 thuộc địa,nền công thương nghiệp tư bản chủ nghĩa ở 13 thuộc địa,0.95,lichsu_10_s175_001,lichsu_10,Bài,1. Sự phát triển của chủ nghĩa tư bản ở Bắc Mĩ. Nguyên nhân,"[146, 147]","[""data/corpus/lichsu_10/lichsu_10.pdf_146.jpg.txt"", ""data/corpus/lichsu_10/lichsu_10.pdf_147.jpg.txt""]","một cuộc chiến tranh giải phóng nhằm lật đồ sự thống trị của chính quyền thực dân Anh mở đường cho chủ nghĩa tư bản phát triển ở Bắc Mĩ, dẫn đến sự ra đời của một quốc gia mới - Hợp chúng quốc Mi. 1. Sự phát triển của chủ nghĩa tư bản ở Bắc Mĩ. Nguyên nhân bũng nổ chiến tranh Sau phát kiến của Cri xtốp Cô-lôm bô, nhiều người dân châu Âu di cư sang vùng Bắc Mi. Đến nửa đầu thế kỉ XVIII, người Anh đã lập được 13 thuộc địa dọc theo bờ Đại Tây Dương ở Bắc Mĩ với số dân khoảng 1,3 triều người CCA NA ",,,,,
relation,lichsu_12_s156_bai15_sec6_002:2:e4-RELATED_TO-e3,RELATED_TO,e4,Organization,chính quyền thực dân,e3,Time,tháng 9 năm 1936,Chính quyền thực dân ra lệnh giải tán các ủy ban hành động vào giữa tháng 9 năm 1936,"giữa tháng 9 ? 1936, chính quyền thưc dân thi tra lênh giải tán các uý ban hành đông",0.95,lichsu_12_s156_bai15_sec6_002,lichsu_12,Bài 15,1. Hội nghị Ban Chấp hành Trung ướng Đảng Cộng Dương,"[98, 99, 100, 101]","[""data/corpus/lichsu_12/lichsu_12.pdf_100.jpg.txt"", ""data/corpus/lichsu_12/lichsu_12.pdf_101.jpg.txt"", ""data/corpus/lichsu_12/lichsu_12.pdf_98.jpg.txt"", ""data/corpus/lichsu_12/lichsu_12.pdf_99.jpg.txt""]","triêu tập Đông Dương Đại hội (8 1936) Các uỷ ban hành động được thành lập kháp nơi trong nước, Quần chúng sôi nổi tham gia các cuộc mít tinh, hội họp Trước sư phát triển của phong trào, giữa tháng 9 ? 1936, chính quyền thưc dân thi tra lênh giải tán các uý ban hành đông, cầm các cuốc hôi họp của nhân dân Mặc dù phái đoàn của Quốc hội Pháp không sang, phong trào Đông Dương Đai ngoài hai bi câm hoat đông, song đông đáo quân chúng lao đông đã thức tính, Đảng đã tháng đã thiết tích luỹ được một số k",,,,,
relation,lichsu_10_s41_002:2:e3-RELATED_TO-e4,RELATED_TO,e3,Concept,giai đoạn suy thoái,e4,Concept,xã hội phong kiến,Mặc dù xã hội phong kiến vẫn tiếp tục tồn tại trong giai đoạn suy thoái.,mặc dù xã hội phong kiến vẫn tiếp tục tồn tại,0.95,lichsu_10_s41_002,lichsu_10,Bài,MÔ-GIO-PAHÍT - TÊN QUỐC GIA PHONG KIẾN,"[45, 46, 47, 48, 49]","[""data/corpus/lichsu_10/lichsu_10.pdf_45.jpg.txt"", ""data/corpus/lichsu_10/lichsu_10.pdf_46.jpg.txt"", ""data/corpus/lichsu_10/lichsu_10.pdf_47.jpg.txt"", ""data/corpus/lichsu_10/lichsu_10.pdf_48.jpg.txt"", ""data/corpus/lichsu_10/lichsu_10.pdf_49.jpg.txt""]","của nhiều nước trên thế giới đến đây buôn bán, mang sản vật của Đông Nam Á về nước họ, hay đến những nơi khác xa xôi hơn. Cùng với sự phát triển kinh tế và với quá trình xác lập các quốc gia ?dân tộc? nhưng vàn hoá dân tộc cũng dần được hình thành, Sau một thời gian tiếp thu và chọn lọc, các dân tộc Đông Nam Á đã xây dựng được một nền văn hoá riêng của mình và đóng góp vào kho tàng văn hoá chung của loài người những giá trị tinh thần độc đáo Từ nửa sau thế kỉ XVIII, các quốc gia Đông Nam Á bước ",,,,,
relation,lichsu_12_s23_bai2_sec4_001:6:e1-RELATED_TO-e9,RELATED_TO,e1,Place,Liên Xô,e9,Event,xây dựng chủ nghĩa xã hội,Liên Xô tiếp tục xây dựng chủ nghĩa xã hội.,Liên Xô tiếp tục xây dựng chủ nghĩa xã hôi,0.95,lichsu_12_s23_bai2_sec4_001,lichsu_12,Bài 2,THI LIÊN XÔ VÀ CÁC NƯỚC ĐÔNG ÂU TỪ NĂM 1945 ĐẾN GIỮA NHỮNG NĂM 7000,"[10, 11, 12]","[""data/corpus/lichsu_12/lichsu_12.pdf_10.jpg.txt"", ""data/corpus/lichsu_12/lichsu_12.pdf_11.jpg.txt"", ""data/corpus/lichsu_12/lichsu_12.pdf_12.jpg.txt""]","chính trị và kinh tế - xã hôi ở Liên Xô và các nước Đông Âu đa dần đến sư tan rã của chế độ xã hôi chủ nghĩa ở các nước này, Nhà nước Liên bang Nga kê thừa địa vị và quyền lợi hợp pháp của Liên Xô THI LIÊN XÔ VÀ CÁC NƯỚC ĐÔNG ÂU TỪ NĂM 1945 ĐẾN GIỮA NHỮNG NĂM 7000 11 Liên Xô a) Công cuộc khôi phục kinh tế (1945 ) 1950) Liên Xô là nước chíu tổn thất nặng nề nhất trong Chiến tranh thế giới thứ hai: khoảng 27 triêu người chết, 1 710 thành phố, hơn 7 van làng mạc, gần 32 000 xí nghiệp bị tàn phá nặn",,,,,
relation,lichsu_12_s188_bai17_sec9_001:9:e10-RELATED_TO-e11,RELATED_TO,e10,Concept,Trường học các cấp phổ thông và đại học,e11,Event,khai giảng,Trường học các cấp phổ thông và đại học sớm được khai giảng,Trường học các cấp phổ thông và đại học sóm được khai giảng,0.9,lichsu_12_s188_bai17_sec9_001,lichsu_12,Bài 17,3. Giải quyết nạn dốt,"[123, 124, 125]","[""data/corpus/lichsu_12/lichsu_12.pdf_123.jpg.txt"", ""data/corpus/lichsu_12/lichsu_12.pdf_124.jpg.txt"", ""data/corpus/lichsu_12/lichsu_12.pdf_125.jpg.txt""]","hoang cho nông dân thiếu ruộng, chia lại ruông đất công theo nguyên tác công bàng, dân chủ Nhờ các biên pháp tích cực trên, sản xuất nông nghiệp nhanh chóng được phục hồi, nạn đói dân dân bị đẩy lùi. 3. Giải quyết nạn dốt Xoá nan mù chữ, nâng cao trình độ văn hoá cho nhân dân là một trong những nhiêm vu cấp bách cần giải quyết Ngày 8 - 9 - 1945, Chủ tịch Hồ Chí Minh kí Sác lênh thành lập Nha Bình dân học vụ ? cơ quan chuyên trách về chống """"giác dốt"" - và kêu gọi nhân dân cả nước tham gia phong ",,,,,
relation,lichsu_12_s166_bai16_sec8_002:2:e3-RELATED_TO-e1,RELATED_TO,e3,Organization,Đội du kích Bắc Sơn,e1,Place,Bắc Sơn,Đội du kích Bắc Sơn được thành lập tại Bắc Sơn,Đội du kích Bắc Sơn được thành lập,0.9,lichsu_12_s166_bai16_sec8_002,lichsu_12,Bài 16,VÀ TII PHONG TRAO GIẢI PHONG DÂN TỘC TỪ THÁNG 9 - 1939,"[103, 104, 105, 106]","[""data/corpus/lichsu_12/lichsu_12.pdf_103.jpg.txt"", ""data/corpus/lichsu_12/lichsu_12.pdf_104.jpg.txt"", ""data/corpus/lichsu_12/lichsu_12.pdf_105.jpg.txt"", ""data/corpus/lichsu_12/lichsu_12.pdf_106.jpg.txt""]","g bô địa phương, nhân dân Bắc Sơn đã nối dây chận dánh quân Pháp, chiếm đồn Mỏ Nhài, Chính quyền địch ở Bắc Sơn tan rã Nhân dân làm chủ châu lị và các vùng lân cân. Đội du kích Bắc Sơn được thành lập. Thất Khên TRUNG QUỐC Na Sầm Bình Gia s cr Bắc Sơn Điềm He Mỏ Nhài LANG Vũ Lăng SƠN A Võ Nhai P Khuối Nọi Y THÁI NGUYÊN Quân chúng và binh linh nguy quyền NY nổi dậy khởi nghĩa - Hương tiến đánh của quân Nhật x Nơi thành lập đội du kích Bắc Sơn Quân Pháp đầu hàng Pháp phân công, đần áp quân khởi ngh",,,,,
relation,lichsu_10_s174_001:6:e7-RELATED_TO-e8,RELATED_TO,e7,Event,cách mạng tư sản ở Bắc Mĩ,e8,Event,chiến tranh giải phóng,cách mạng tư sản ở Bắc Mĩ diễn ra dưới hình thức chiến tranh giải phóng,diễn ra dưới hình thức một cuộc chiến tranh giải phóng,0.95,lichsu_10_s174_001,lichsu_10,Bài,CỦA CÁC THUỐC ĐIA ANH,"[145, 146]","[""data/corpus/lichsu_10/lichsu_10.pdf_145.jpg.txt"", ""data/corpus/lichsu_10/lichsu_10.pdf_146.jpg.txt""]","(1599 ? 1658) phong kiến, mở đường cho chủ nghĩa tư bản phát thiến triển mạnh mẽ hơn. Đây là cuộc cách mạng tư sản có ý nghĩa trọng đại trong thời kì quá độ từ chế độ phong kiến sang chế độ tư bản. S CỦA CÁC THUỐC ĐIA ANH Ở BẮC MĨ Vào nửa sau thế kỉ XVIII, một cuộc biến động xã hội chính trị to lớn đã bùng nổ ở Bắc Mĩ ? đó là cuộc cách mạng tư sản diễn ra dưới hình thức một cuộc chiến tranh giải phóng nhằm lật đồ sự thống trị của chính quyền thực dân Anh mở đường cho chủ nghĩa tư bản phát triển ",,,,,
relation,lichsu_12_s60_bai5_sec9_003:7:e10-RELATED_TO-e9,RELATED_TO,e10,Place,Achentina,e9,Time,năm 1982,Chế độ độc tài bị xóa bỏ ở Achentina sau thất bại năm 1982.,Sau thất bại trong vu tranh chấp chủ quyền quần đảo Manvinát với Anh (4 ? 1982) chế độ độc tài bị xoá bỏ ở Achentina,0.95,lichsu_12_s60_bai5_sec9_003,lichsu_12,Bài 5,ĐÔM NGA ANT CHA THO NGAY,"[38, 39, 40, 41]","[""data/corpus/lichsu_12/lichsu_12.pdf_38.jpg.txt"", ""data/corpus/lichsu_12/lichsu_12.pdf_39.jpg.txt"", ""data/corpus/lichsu_12/lichsu_12.pdf_40.jpg.txt"", ""data/corpus/lichsu_12/lichsu_12.pdf_41.jpg.txt""]","ủ (cải cách ruộng đất, quốc hữu hoá các xí nghiệp của tư bản nước ngoài,..), Đến năm 1961, Chính phủ Cuba thi thuyên bó bắt đầu tiên hành cách mang xã hội chủ nghĩa và xây dưng chủ nghĩa xã Người hói. Với sư nô lực của nhân dân và sư giúp đỡ của các nước xã hôi chủ nghia, Cuba nhưng đạt được nhiều thành tựu to lớn - từ một nền nông nghiệp độc canh (mía) và nên cho công nghiệp đơn nhất (khai thác mỏ), Cuba đã xây dựng được một nên công nghiệp với cơ cấu các ngành hợp lí và nền nông nghiệp với sản",,,,,
relation,lichsu_10_s140_bai24_sec6_002:4:e6-RELATED_TO-e5,RELATED_TO,e6,Concept,Văn học Việt Nam,e5,Time,thế kỉ XVII,Văn học Việt Nam được đề cập trong bối cảnh thế kỉ XVII.,Văn học Việt Nam thế kỉ XVII,0.95,lichsu_10_s140_bai24_sec6_002,lichsu_10,Bài 24,1. Giáo dục,"[121, 122, 123]","[""data/corpus/lichsu_10/lichsu_10.pdf_121.jpg.txt"", ""data/corpus/lichsu_10/lichsu_10.pdf_122.jpg.txt"", ""data/corpus/lichsu_10/lichsu_10.pdf_123.jpg.txt""]","ơng , Văn học dân gian cũng phát triển ở các vùng dân tộc ít người làm cho kho tàng văn học thêm đa dạng, phong phú, phản ánh cuộc sống tinh thần và tâm linh của người The nha dân Việt Nam dương thời. Chính trên cơ sở đó, thơ ca chữ Nôm ngày càng dược trau chuốt, để rồi hình thành những áng thơ Nôm bất hủ như Chính phụ ngâm; Cung oán ngâm khúc... B Văn học Việt Nam thế kỉ XVII? Những điểm mới đó nói lên điều gì ?",,,,,
relation,lichsu_10_s45_002:7:e9-RELATED_TO-e10,RELATED_TO,e9,Place,Vương quốc Thái,e10,Time,thế kỉ XIV,Vương quốc Thái thành lập vào thế kỉ XIV,Vương quốc Thái thành lập vào thế kỉ XIV,0.9,lichsu_10_s45_002,lichsu_10,Bài,1. Vương quốc Cam pu-chia,"[50, 51, 52]","[""data/corpus/lichsu_10/lichsu_10.pdf_50.jpg.txt"", ""data/corpus/lichsu_10/lichsu_10.pdf_51.jpg.txt"", ""data/corpus/lichsu_10/lichsu_10.pdf_52.jpg.txt""]","(1181 ? 1201), quân Cam-pu-chia đã tiến đánh Cham-pa (1190) và biến vương quốc này thành của Bảng co, sau đó lại tiến hành thu phục vùng trung và hạ lưu Mê Nam tiến đến tân Say Phong (gần Viêng Chăn). Ở thương lưu sông Mê Nam và vua Giay-a-vác-man VII đã tiến đánh và thu phục địa bàn của Vương quốc Môn Ha-ri-pun-giay-a, tiến tới sát biên giới Mề-phía Thi Than nam, lãnh thổ Cam pu-chia được mở rộng tới miền Bắc bán đảo Mã Lai Nhưng từ cuối thế kỉ XIII, Cam-pu chia bắt dầu suy yếu, Thêm vào đó, Và",,,,,
relation,lichsu_11_s104_bai19_sec5_003:2:e4-RELATED_TO-e3,RELATED_TO,e4,Person,Trương Đình,e3,Organization,Pháp,Nghĩa quân của Trương Đình chiến đấu chống Pháp.,Các toán nghĩa quân của Trương Đình... chiến đấu rất anh dũng,0.8,lichsu_11_s104_bai19_sec5_003,lichsu_11,Bài 19,MIÊN ĐÔNG NAM KÌ TỪ NĂM 1859 ĐẾN NĂM 1862,"[106, 107, 109, 110, 111]","[""data/corpus/lichsu_11/lichsu_11.pdf_106.jpg.txt"", ""data/corpus/lichsu_11/lichsu_11.pdf_107.jpg.txt"", ""data/corpus/lichsu_11/lichsu_11.pdf_109.jpg.txt"", ""data/corpus/lichsu_11/lichsu_11.pdf_110.jpg.txt"", ""data/corpus/lichsu_11/lichsu_11.pdf_111.jpg.txt""]","iên Hoà (1861), Vĩnh Long (23 13 1862) Khi giặc Pháp từ Gia Định đánh lan ra, cuộc kháng chiến của nhân dân ta càng phát triển mạnh hơn Các toán nghĩa quân của Trương Đình, Trần Thiên Chính, Lê Huy... chiến đấu rất anh dũng, lập nhiều chiến công, Ngày 10 11 - 1861, đôi quân của Nguyễn Trung Trực đã đánh chìm tàu chiến El-pê-răng (Hi vọng) của địch trên sông Vàm Có Đông (đoạn chảy qua thôn Nhật Tảo), làm nức lòng quân dân ta Giữa lúc phong trào kháng chiến của nhân dân đang ngày một dâng cao, khi",,,,,
relation,lichsu_12_s16_bai1_sec6_001:1:e2-RELATED_TO-e3,RELATED_TO,e2,Organization,Công hoà Nhân dân Trung Hoa,e3,Time,tháng 10 năm 1971,Đại diện của Công hoà Nhân dân Trung Hoa được nhắc đến vào tháng 10 năm 1971.,từ tháng 10 ? 1971 là đại diên của Công hoà Nhân dân Trung Hoa,0.9,lichsu_12_s16_bai1_sec6_001,lichsu_12,Bài 1,VII - SỰ HÌNH THÀNH HAI HỆ THÔNG XÃ LẬP,"[6, 7, 8, 9]","[""data/corpus/lichsu_12/lichsu_12.pdf_6.jpg.txt"", ""data/corpus/lichsu_12/lichsu_12.pdf_7.jpg.txt"", ""data/corpus/lichsu_12/lichsu_12.pdf_8.jpg.txt"", ""data/corpus/lichsu_12/lichsu_12.pdf_9.jpg.txt""]","Điền Đài Loan, từ tháng 10 ? 1971 là đại diên của Công hoà Nhân dân Trung Hoa Ngày 16 - 10 ? 2007, Đại hội đồng Liên hợp quốc đã bầu Việt Nam làm Uý viên Không thương trực Hội đông Bảo an, nhiêm k009 VII - SỰ HÌNH THÀNH HAI HỆ THÔNG XÃ LẬP Ngay sau Chiến tranh thế giới thứ hai, trên thế giới đã diễn ra nhiều sự kiên quan thi trong với xu hướng hình thành hai phe ? tư bản chủ nghĩa và xã hôi chủ nghĩa ? đống lấp nhau gay gắt. Trong Tương lai của nước Đức trở thành vấn đề trung lâm trong nhiều cuộ",,,,,
relation,lichsu_10_s45_001:8:e9-RELATED_TO-e8,RELATED_TO,e9,Organization,vương quốc của người Khơ-me,e8,Time,thế kỉ VI,Vương quốc của người Khơ-me được hình thành vào thế kỉ VI.,"Đến thế kỉ VI, vương quốc của người Khơ-me được hình thành",0.95,lichsu_10_s45_001,lichsu_10,Bài,1. Vương quốc Cam pu-chia,"[50, 51, 52]","[""data/corpus/lichsu_10/lichsu_10.pdf_50.jpg.txt"", ""data/corpus/lichsu_10/lichsu_10.pdf_51.jpg.txt"", ""data/corpus/lichsu_10/lichsu_10.pdf_52.jpg.txt""]","VÀ VƯƠNG QUỐC LÀO Cam-pu-chia và Lào ? hai quốc giềng gần gũi của Việt Nam, đã có một truyền thống lịch sử lâu đời và một nền văn hoá đặc sắc 1. Vương quốc Cam pu-chia Đất nước Cam-pu-chia như một lòng chảo khổng lồ, xung quanh là rừng và cao nguyên bao bọc, còn đáy chảo là Biển Hồ và vùng phụ cận với những cánh đồng phì nhiêu, màu mỡ. Ở Cam-pu chia, tộc người chiếm đa số là Kho-me. Địa bàn sinh tụ đầu tiên của người Kho-me ở phía bắc nước Cam pu-chia ngày nay, trên cao nguyên Cò Rạt và mạn trun",,,,,
relation,lichsu_12_s13_bai1_sec3_001:5:e7-RELATED_TO-e5,RELATED_TO,e7,Organization,Mĩ,e5,Concept,tư bản chủ nghĩa,Mĩ đứng đầu phe tư bản chủ nghĩa,hai siêu cường Mĩ và Liên Xô đứng đầu môi phe,0.95,lichsu_12_s13_bai1_sec3_001,lichsu_12,Bài 1,SAU CHIẾN TRANH THẾ GIỚI THỨ HAI (1949),[4],"[""data/corpus/lichsu_12/lichsu_12.pdf_4.jpg.txt""]","SAU CHIẾN TRANH THẾ GIỚI THỨ HAI (1949) Chiến tranh thế giới thứ hai kết thúc đã mở ra một giai đoạn phát triển mới của tinh hình thế giới Một trật tư thế giới mới được hình thành với đặc trưng lớn là thế giới chia thành hai phe ? tư bản chủ nghĩa và xã hòi chủ nghia, do hai siêu cường Mĩ và Liên Xô đứng đầu môi phe Các quốc gia trên thế giới trong những năm đầu sau chiến tranh dần dần bị phân hoá theo đặc trưng đó Liên hợp quốc ra đời như một công cu duy tri trật tư thế giới mới vừa được hinh t",,,,,
relation,lichsu_11_s6_003:4:e6-RELATED_TO-e5,RELATED_TO,e6,Concept,Hiến pháp mới,e5,Time,Năm 1889,Hiến pháp mới được ban hành vào năm 1889,"Năm 1889, Hiến pháp mới được ban hành",0.95,lichsu_11_s6_003,lichsu_11,Bài,Bài,"[4, 5, 6]","[""data/corpus/lichsu_11/lichsu_11.pdf_4.jpg.txt"", ""data/corpus/lichsu_11/lichsu_11.pdf_5.jpg.txt"", ""data/corpus/lichsu_11/lichsu_11.pdf_6.jpg.txt""]","ách tiến bộ nhâm đưa Nhật Bản thoát khỏi tình trang một nước phong kiến lạc hậu. Đó là cuộc Duy tân Minh Tri được tiến hành trên tất cả các lĩnh vực : chính tri, kinh tế, quân sự, văn hoá - giáo dục.. Hinh 1 Thiên hoàng Minh Tri (1852 - 1912) Về chính trị - Nhật hoàng tuyên bố thủ tiêu chế độ Mạc phủ, thành lập chính phủ mới, trong đó đại biểu của tầng lớp quý tộc tư sản hoá đóng vai trò quan trong thực hiên quyền bình đẳng giữa các công dân Năm 1889, Hiến pháp mới được ban hành, chế độ quân chủ",,,,,
relation,lichsu_12_s285_bai23_sec12_002:11:e10-RELATED_TO-e8,RELATED_TO,e10,Time,Ngày 25 - 3,e8,Place,Huế,Quân ta tiến vào cố đô Huế vào ngày 25-3,"Đúng 10 giờ 30 phút ngày 25 ? 3, quân ta tiên vào cổ đô Huế",0.95,lichsu_12_s285_bai23_sec12_002,lichsu_12,Bài 23,2. Cuộc Tổng tiến công và nối dậy Xuân 1975,"[192, 193, 194, 195, 196]","[""data/corpus/lichsu_12/lichsu_12.pdf_192.jpg.txt"", ""data/corpus/lichsu_12/lichsu_12.pdf_193.jpg.txt"", ""data/corpus/lichsu_12/lichsu_12.pdf_194.jpg.txt"", ""data/corpus/lichsu_12/lichsu_12.pdf_195.jpg.txt"", ""data/corpus/lichsu_12/lichsu_12.pdf_196.jpg.txt""]","h mất tinh thần, hàng nối loan Ngày 14 - 3 - 1975, Nguyên Văn Thiêu ra lênh rút toàn bộ quân khỏi Tây Nguyên về giữ vùng duyên hải miền Trung Trên đường rút chay, chúng bị quân ta truy kích tiêu diệt. Đến ngày 24 - 3 - 1975, Tây Nguyên rông lớn với 60 van dân hoàn toàn được giải phóng Chiến dịch Tây Nguyên thắng loi đã chuyển cuộc kháng chiến chông Mĩ, cứu nước sang giai đoạn mới - từ tiến công chiến lược ở Tây Nguyên phát triển thành tổng tiến công chiến lược trên toàn chiến trường miền Nam Thu",,,,,
relation,lichsu_11_s35_bai10_sec2_003:5:e5-RELATED_TO-e8,RELATED_TO,e5,Organization,Liên bang Cộng hoà xã hội chủ nghĩa Xô viết,e8,Place,Bê-lô-rút-xi-a,Bê-lô-rút-xi-a là một trong 4 nước Cộng hoà Xô viết đầu tiên của Liên Xô,Bê-lô rút xi a,0.95,lichsu_11_s35_bai10_sec2_003,lichsu_11,Bài 10,THI CHÍNH SÁCH KINH TẾ MỚI VÀ CÔNG CUỘC KIÔH TẾ,"[53, 54, 55]","[""data/corpus/lichsu_11/lichsu_11.pdf_53.jpg.txt"", ""data/corpus/lichsu_11/lichsu_11.pdf_54.jpg.txt"", ""data/corpus/lichsu_11/lichsu_11.pdf_55.jpg.txt""]","tế, Cho đến nay, Chính sách kinh tế mới còn để lai nhiều kinh nghiệm đối với công cuộc xây dưng chủ nghĩa xã hội ở một số nước trên thế giói Chính sách kinh tế mới tác động đến nền kinh tế nước Nga ? (xem bảng thống kê) 2 Sự thành lập Liên bang Cộng hoà xã hội chủ nghĩa Xô viết Công cuộc xây dưng và bảo về đất nước đòi hỏi các dân tộc trên lãnh thổ Xô viết phải liên minh chat chế với nhau nhằm lăng cường sức manh về mọi mal Di chi Dưới sự chỉ đạo trực tiếp của Lê nin, Đại hội lần thứ nhất các xô",,,,,
relation,lichsu_12_s270_bai22_sec18_003:4:e1-RELATED_TO-e5,RELATED_TO,e1,Place,miền Bắc,e5,Place,Campuchia,miền Bắc chi viện cho chiến trường Campuchia,Campuchia,0.95,lichsu_12_s270_bai22_sec18_003,lichsu_12,Bài 22,1. Miền Bắc khôi phục và phát triển kinh tôi,"[181, 182, 183, 184, 185]","[""data/corpus/lichsu_12/lichsu_12.pdf_181.jpg.txt"", ""data/corpus/lichsu_12/lichsu_12.pdf_182.jpg.txt"", ""data/corpus/lichsu_12/lichsu_12.pdf_183.jpg.txt"", ""data/corpus/lichsu_12/lichsu_12.pdf_184.jpg.txt"", ""data/corpus/lichsu_12/lichsu_12.pdf_185.jpg.txt""]","ong chiến tranh phá hoại lần thứ hai, miền Bắc vẫn bảo đảm tiếp nhận hàng viên trơ từ bên ngoài, chi viên theo yêu cầu của tiền tuyến miền Nam và cho cả chiến Trường Lào, Campuchia Trong 3 năm (1969 ? 1971), hàng chuc van thanh niên miền Bắc được goi nhấp ngũ, có 60% trong số đó lên đường bổ sung cho các chiến trường miền Nam, Lào, Campuchia , khối lượng vật chất đưa vào các chiến trường tăng gấp 1,6 lân so với 3 năm trước đó Năm 1972, miên Bắc đã đông viên hơn 22 vạn thanh niên bổ sung cho lực ",,,,,
relation,lichsu_10_s113_001:1:e1-RELATED_TO-e2,RELATED_TO,e1,Concept,giáo dục Nho học,e2,Concept,văn học,"Giáo dục Nho học góp phần vào việc xây dựng và bảo vệ đất nước, nhưng không tạo điều kiện cho sự phát triển kinh tế.",giáo dục Nho học không tạo điều kiện cho sự phát triển kinh tế,0.8,lichsu_10_s113_001,lichsu_10,Bài,2. Văn học,"[102, 103]","[""data/corpus/lichsu_10/lichsu_10.pdf_102.jpg.txt"", ""data/corpus/lichsu_10/lichsu_10.pdf_103.jpg.txt""]","được đào tạo đã góp phần quan trọng vào việc xây theng dong vự bảo về đất nước, Tuy nhiên, giáo dục Nho học không tạo điều kiện cho sự phát triển kinh tế. B Việc dựng bia Tiến sĩ có tác dụng gì ? 2. Văn học Sự phát triển giáo dục góp phần păn văn học. Ban đầu, văn học mang nặng tư tưởng Phật giáo Từ thời Trần, văn học dân tho tộc ngày càng phát triển, Hàng loạt bài thơ, bài hịch, bài phú nổi tiếng như Nam quốc sơn hà, Hịch tướng sĩ, Bạch Đằng giang phú, v.v.. cùng hàng loạt tập thơ chữ Hán đã ra",,,,,
relation,lichsu_11_s140_bai24_sec6_002:10:e3-RELATED_TO-e11,RELATED_TO,e3,Organization,thực dân Pháp,e11,Person,Hoàng Hoa Thám,Pháp tiến hành giảng hòa với Hoàng Hoa Thám,tiên hành giảng hoà với Hoàng Hoa Thám,0.9,lichsu_11_s140_bai24_sec6_002,lichsu_11,Bài 24,SƠ KẾT LỊCH SỬ VIỆT NAM (1858 1918),"[152, 153, 154, 155, 156]","[""data/corpus/lichsu_11/lichsu_11.pdf_152.jpg.txt"", ""data/corpus/lichsu_11/lichsu_11.pdf_153.jpg.txt"", ""data/corpus/lichsu_11/lichsu_11.pdf_154.jpg.txt"", ""data/corpus/lichsu_11/lichsu_11.pdf_155.jpg.txt"", ""data/corpus/lichsu_11/lichsu_11.pdf_156.jpg.txt""]","p. Trái ngược với thái đô của triều đình Huế, ngay từ đầu nhân dân Viết Nam da thiến dưng dây chiến đấu chống Pháp. Cuộc chiến tranh nhân dân bên bi, déo dai, đều kháp, với tinh thần dũng cảm vô song. đã khiến thực dân Pháp phải chiu nhiều tổn nhiều thất, phải mất hơn 26 năm chúng mới hoàn thành cuộc chiến tranh xâm lược và còn nhà nhà phái mất thêm 11 năm nữa để tiến hành đunh quân sư mới tạm thời thiết Pháp được nền thống trị trên toàn cối Việt Nam Trong những năm cuối thể ki XIX, cuộc đấu tra",,,,,
relation,lichsu_12_s169_bai16_sec11_001:4:e6-RELATED_TO-e7,RELATED_TO,e6,Organization,Việt Minh tỉnh Cao Bằng,e7,Organization,Uỷ ban Việt Minh lâm thời liên tỉnh Cao - Bắc Lạng,Việt Minh tỉnh Cao Bằng và Uỷ ban Việt Minh lâm thời liên tỉnh Cao - Bắc Lạng được thành lập,Việt Minh tỉnh Cao Bàng và Uý ban Viết Minh lâm thời liên tỉnh Cao - Bắc Lạng được thành lập,0.9,lichsu_12_s169_bai16_sec11_001,lichsu_12,Bài 16,4. Chuẩn bị tiến tới khởi nghĩa giành chính quyền,"[108, 109, 110]","[""data/corpus/lichsu_12/lichsu_12.pdf_108.jpg.txt"", ""data/corpus/lichsu_12/lichsu_12.pdf_109.jpg.txt"", ""data/corpus/lichsu_12/lichsu_12.pdf_110.jpg.txt""]","là Viêt Minh) ra đòi 19 Thu Năm tháng sau, Tuyên ngôn, Chương trình, Điều lê của Viết Minh được công bố chính thức. Chương trình cứu nước của Việt Minh được đông đảo các tầng lớp nhân dân hưởng ứng. 4. Chuẩn bị tiến tới khởi nghĩa giành chính quyền a la tha a là thường cho cuộc khởi nghĩa vũ trang - Xây dưng lưc lượng chính trị : Một trong những nhiệm vụ cấp bách của Đảng là vân động quần chúng tham gia Việt Minh Cao Bảng là nơi thí điểm cuộc vân đông Thi thi thi xây dưng các hôi Cứu quốc trong ",,,,,
relation,lichsu_12_s226_bai20_sec6_004:6:e8-RELATED_TO-e7,RELATED_TO,e8,Person,Hồ Chí Minh,e7,Time,Ngày 15 tháng 3 năm 1954,"Chủ tịch Hồ Chí Minh gửi điện khen ngợi, động viên cán bộ, chiến sĩ ngoài mặt trận vào ngày 15 tháng 3 năm 1954","Chủ tích Hồ Chí Minh gửi điền khen ngoi, động viên cán bộ, chiến sĩ ngoài mặt trận",0.9,lichsu_12_s226_bai20_sec6_004,lichsu_12,Bài 20,VÀ CHIẾN DỊCH ĐIỆN PHÚ NĂM 1954,"[145, 146, 147, 148, 149, 150, 151]","[""data/corpus/lichsu_12/lichsu_12.pdf_145.jpg.txt"", ""data/corpus/lichsu_12/lichsu_12.pdf_146.jpg.txt"", ""data/corpus/lichsu_12/lichsu_12.pdf_147.jpg.txt"", ""data/corpus/lichsu_12/lichsu_12.pdf_148.jpg.txt"", ""data/corpus/lichsu_12/lichsu_12.pdf_149.jpg.txt"", ""data/corpus/lichsu_12/lichsu_12.pdf_150.jpg.txt"", ""data/corpus/lichsu_12/lichsu_12.pdf_151.jpg.txt""]","pháo kho hâu cần, sân bay, tập trung 2/3 lưc lương, phân khu Nam đát tai Hồng Cúm, có trận địa pháo, sân bay, Tổng công cả ba phân khu có 49 cứ điểm Sau khi kiểm tra, các tướng lính Pháp và Mĩ đều coi Điên Biên Phú là ""một phác đài bất kha xâm pham Đầu tháng 12 ? 1953, Bộ Chính trị Trung ương Đảng họp, thông qua kế hoạch Thi chiến đác chiến của Bộ Tổng tư lênh và quyết đình mở chiến dich Điên Biên Phú, Muc thiếu của chiến dịch là tiêu diệt lực lương địch ở đây, giải phóng vùng Tây Bắc, tao điều ",,,,,
relation,lichsu_10_s182_002:7:e6-RELATED_TO-e9,RELATED_TO,e6,Place,Áo,e9,Place,Pháp,Áo tham gia liên quân phong kiến chống Pháp.,chiến tranh giữa Pháp và liên quân pong kiến Áo ? Phổ bùng nổ.,0.9,lichsu_10_s182_002,lichsu_10,Bài,1. Cách mạng bùng nổ nền quân chủ lập hiến,"[151, 152, 153, 154, 155]","[""data/corpus/lichsu_10/lichsu_10.pdf_151.jpg.txt"", ""data/corpus/lichsu_10/lichsu_10.pdf_152.jpg.txt"", ""data/corpus/lichsu_10/lichsu_10.pdf_153.jpg.txt"", ""data/corpus/lichsu_10/lichsu_10.pdf_154.jpg.txt"", ""data/corpus/lichsu_10/lichsu_10.pdf_155.jpg.txt""]","hữu là quyền thiêng liêng và bất khả xâm phạm. Nội dung cơ bản của Tuyên ngôn thấm nhuần tư tưởng cách mạng của các nhà triết học Ánh sáng Pháp thế kỉ XVIII, đồng thời phản ánh ý chí vàn vân dân Pháp. Thế Tiếp đó, Quốc hội Lập hiến ban hành sách nhằm khuyến khích chiến công thương nghiệp phát triển như - bãi bỏ quy chế phường hội, cho phép tự do buôn bán, tổ chức hành chính theo quy chế mới (cả nước được chia thành 83 quận với cơ cấu tổ chức thống nhất, xoá bỏ thuế quan nội địa...) Tuy vây, cuộc",,,,,
relation,lichsu_11_s24_bai7_sec1_002:12:e10-RELATED_TO-e5,RELATED_TO,e10,Event,Cách mạng Pháp 1789,e5,Person,Mê-li-ê,Mê-li-ê là một trong những nhà Khai sáng dọn đường cho Cách mạng Pháp 1789,"Các nhà Khai sáng thế kỉ XVII - XVIII được xem như ""những người đi trước dọn đường cho Cách mạng Pháp 1789 thắng lợi""",0.8,lichsu_11_s24_bai7_sec1_002,lichsu_11,Bài 7,Bài 7,"[36, 37, 38, 39]","[""data/corpus/lichsu_11/lichsu_11.pdf_36.jpg.txt"", ""data/corpus/lichsu_11/lichsu_11.pdf_37.jpg.txt"", ""data/corpus/lichsu_11/lichsu_11.pdf_38.jpg.txt"", ""data/corpus/lichsu_11/lichsu_11.pdf_39.jpg.txt""]","tiêng thế kỉ XVII về tranh chân dung, tranh phong cảnh với nhiều chất liêu - sơn dầu, khắc kim loại... Về tổ tổng, trào lưu Triết học Anh sáng thế kỉ XVII XXIII đã sản sinh ra nhiều nhà tư tưởng lớn ? các nhà Khai sáng, có vai trò quan trọng trong sự thắng lơi của Cách mang tư sản Pháp cuối thế kỉ XVIII và sự phát triển tư tưởng của châu Âu Đó là Mông le xki o (1689 1755), Vôn-le (1694 1778), Rút xô (1712 - 1778) nhà tư tưởng cấp tiến Mê-liê (1644 - 1729) và nhóm Bách khư do Đi-dơ-rô (1713 1784)",,,,,
relation,lichsu_10_s192_bai33_sec5_002:2:e1-RELATED_TO-e2,RELATED_TO,e1,Concept,chế độ nô lệ,e2,Place,Mĩ,chế độ nô lệ tồn tại ở Mĩ,chế độ nô lệ Thi chi đã cán trở nên kinh tế tư bán chú nghĩa phát triển ở Mi,0.85,lichsu_10_s192_bai33_sec5_002,lichsu_10,Bài 33,PHONH MUA CỦA TBY BAN NHA,"[163, 164, 167, 168, 169]","[""data/corpus/lichsu_10/lichsu_10.pdf_163.jpg.txt"", ""data/corpus/lichsu_10/lichsu_10.pdf_164.jpg.txt"", ""data/corpus/lichsu_10/lichsu_10.pdf_167.jpg.txt"", ""data/corpus/lichsu_10/lichsu_10.pdf_168.jpg.txt"", ""data/corpus/lichsu_10/lichsu_10.pdf_169.jpg.txt""]","ại của chế độ nô lệ Thi chi đã cán trở nên kinh tế tư bán chú nghĩa phát triển ở Mi. Bằng việc vắt kiệt sức lao đông của người nô lệ, các chủ nô không chiu chiến tháp dung những tiến bô của khoa hoc ? kĩ thuất nên năng suất thu hoach ngày càng thấp, đất đai trở nên cần cỗi vì không được chăm bón, cải tho tao Các chủ nô miền Nam muốn khai khẩn những vùng đất mới ở miền Tây để lập đồn điền, nơi mà các trại chủ miền Bắc cũng đang 'nhòm nguyên ngó"" để mở rông diên tích chăn nuôi và trồng trot, cung ",,,,,
relation,lichsu_10_s206_001:2:e2-RELATED_TO-e3,RELATED_TO,e2,Concept,nông dân,e3,Concept,quý tộc,nông dân bị phá sản phải đi làm thuê cho quý tộc,nông dân bị phá sản phải đi làm thuê cho quý tộc,0.95,lichsu_10_s206_001,lichsu_10,Bài,CỦA PHONG TRÀO CÔNG NHÂN,"[178, 179, 183]","[""data/corpus/lichsu_10/lichsu_10.pdf_178.jpg.txt"", ""data/corpus/lichsu_10/lichsu_10.pdf_179.jpg.txt"", ""data/corpus/lichsu_10/lichsu_10.pdf_183.jpg.txt""]","cho nông dân Đức càng phân hoá sâu sắc Phần lớn nông dân bị phá sản phải đi làm thuê cho quý tộc, địa chủ, hoặc đi kiếm ăn ở các cơ sở công nghiệp B Nét nối bật của tình hình tế Đức cuối thế kỉ XIX CỦA PHONG TRÀO CÔNG NHÂN Giai Giai cấp công nhân ra đời và lớn mạnh cùng với sự hình thi thành và phát triển của chủ nghĩa tư bản. Dối lập về quyền lợi, mâu thuẫn giữa tư sản với công nhân đã nảy sinh, dẫn đến những cuộc đấu tranh giai cấp ngày càng gay gắt",,,,,
relation,lichsu_12_s46_bai4_sec5_002:11:e10-RELATED_TO-e13,RELATED_TO,e10,Place,Lào,e13,Time,Tháng 7 năm 1997,Lào gia nhập ASEAN vào tháng 7 năm 1997,"Tháng 7 - 1997, Lào và Mianma gia nhập ASEAN",0.95,lichsu_12_s46_bai4_sec5_002,lichsu_12,Bài 4,3. Sư ra đời và phát triên của tô chức ASEAN,"[28, 29, 30, 31, 32]","[""data/corpus/lichsu_12/lichsu_12.pdf_28.jpg.txt"", ""data/corpus/lichsu_12/lichsu_12.pdf_29.jpg.txt"", ""data/corpus/lichsu_12/lichsu_12.pdf_30.jpg.txt"", ""data/corpus/lichsu_12/lichsu_12.pdf_31.jpg.txt"", ""data/corpus/lichsu_12/lichsu_12.pdf_32.jpg.txt""]","i của nhau , không sử dung vũ lực hoác de doa băng vũ lực đối với nhau, giải quyết các tranh chấp bang biên pháp hoà bình, hợp tác phát triển có hiêu quá trong các lĩnh vực kinh tế, văn hoá và xã hội. Vào thời diễm này, quan hê giữa các nước Đông Dương và ASEAN bước dầu nhưng được cải thiên. Hai nhóm nước đã thiết lập quan hê ngoại giao và bắt đầu có những chuyển viếng thăm lẫn nhau của các nhà lãnh đạo cấp cao Sau thời kì căng thắng giữa hai nhóm nước (từ cuối thấp kỉ 70 đến giữa thập kỉ 80) về",,,,,
relation,lichsu_10_s34_001:9:e10-RELATED_TO-e12,RELATED_TO,e10,Place,Đê-li,e12,Time,thế kỉ XIV,Kinh đô Đề li trở thành một trong những thành phố lớn nhất thế giới vào thế kỉ XIV,"kinh đô Đề li cũng đã trở thành "" một trong những thành phố lớn nhất thế giới"" ở thế kỉ XIV",0.95,lichsu_10_s34_001,lichsu_10,Bài,2. Vương triều Hồi giáo Đê-li,"[41, 42]","[""data/corpus/lichsu_10/lichsu_10.pdf_41.jpg.txt"", ""data/corpus/lichsu_10/lichsu_10.pdf_42.jpg.txt""]","5 thế kỉ tiếp theo (thế kỉ VII - XII), nhưng và văn hoá truyền thống của An Độ phát triển rộng trên toàn lãnh thổ và có ảnh hưởng ra bên ngoài. S Sự phát triển văn hoá thời Gúp-ta đưa đến điều gì ? 2. Vương triều Hồi giáo Đê-li Ấn Độ đã trải qua một thời kì phát triển, nhất là về văn hoá truyền thống, nhưng sự phân tán không đem lại sức mạnh thống nhất để người Ấn Độ có thể chống cự được cuộc tấn công từ bên ngoài của người Hồi giáo gốc Thổ (Tuốc) Năm 1055, thủ lĩnh của người Thổ dẫn quân đánh c",,,,,
relation,lichsu_11_s17_bai5_sec6_001:2:e4-RESULTS_IN-e5,RESULTS_IN,e4,Event,Chiến tranh Trung - Nhật,e5,Place,Triều Tiên,"Sau Chiến tranh Trung - Nhật, Nhật Bản thôn tính Triều Tiên.","Sau Chiến tranh Trung - Nhật (1895), Nhật Bản thôn tính Triều Tiên",0.95,lichsu_11_s17_bai5_sec6_001,lichsu_11,Bài 5,NGUYÊN NHÂN CỦA CHIẾN TRANH,"[31, 32]","[""data/corpus/lichsu_11/lichsu_11.pdf_31.jpg.txt"", ""data/corpus/lichsu_11/lichsu_11.pdf_32.jpg.txt""]","1918) Từ năm 1914 đến năm 1918, nhân loại đã phải trải qua một cuộc chiến tranh thế giới tàn khốc, lôi cuốn vào vòng chục nước, chủ yếu là ở châu Âu, đã gây nên những thiệt hại to lớn về người và của NGUYÊN NHÂN CỦA CHIẾN TRANH Sự phát triển không đều về kinh tế và chính trị của chủ nghĩa tư bản cuối thế kỉ XIX đầu thế kỉ XX đã làm thay đổi sâu sắc so sánh lực lượng giữa các nước đế quốc Bên canh các đế quốc ""giá"" (Anh, Pháp) với hệ thống thuộc địa rông lớn là các đế Thi The Quốc "" Trê? (Mi, Đức",,,,,
relation,lichsu_12_s60_bai5_sec9_003:1:e1-RESULTS_IN-e3,RESULTS_IN,e1,Place,Cuba,e3,Concept,cách mạng xã hội chủ nghĩa,Chính phủ Cuba bắt đầu tiến hành cách mạng xã hội chủ nghĩa.,Chính phủ Cuba thi thuyên bó bắt đầu tiên hành cách mang xã hội chủ nghĩa,0.95,lichsu_12_s60_bai5_sec9_003,lichsu_12,Bài 5,ĐÔM NGA ANT CHA THO NGAY,"[38, 39, 40, 41]","[""data/corpus/lichsu_12/lichsu_12.pdf_38.jpg.txt"", ""data/corpus/lichsu_12/lichsu_12.pdf_39.jpg.txt"", ""data/corpus/lichsu_12/lichsu_12.pdf_40.jpg.txt"", ""data/corpus/lichsu_12/lichsu_12.pdf_41.jpg.txt""]","ủ (cải cách ruộng đất, quốc hữu hoá các xí nghiệp của tư bản nước ngoài,..), Đến năm 1961, Chính phủ Cuba thi thuyên bó bắt đầu tiên hành cách mang xã hội chủ nghĩa và xây dưng chủ nghĩa xã Người hói. Với sư nô lực của nhân dân và sư giúp đỡ của các nước xã hôi chủ nghia, Cuba nhưng đạt được nhiều thành tựu to lớn - từ một nền nông nghiệp độc canh (mía) và nên cho công nghiệp đơn nhất (khai thác mỏ), Cuba đã xây dựng được một nên công nghiệp với cơ cấu các ngành hợp lí và nền nông nghiệp với sản",,,,,
relation,lichsu_12_s157_bai15_sec7_001:3:e2-RESULTS_IN-e5,RESULTS_IN,e2,Organization,Đảng Cộng sản Đông Dương,e5,Concept,kinh nghiệm trong việc xây dựng mặt trận dân tộc thống nhất,Đảng Cộng sản Đông Dương đã tích luỹ được nhiều bài học kinh nghiệm trong việc xây dựng mặt trận dân tộc thống nhất,Đảng Cộng sản Đông Dương đã tích luỹ được nhiều bài học kinh nghiệm trong việc xây dựng mặt trận dân tộc thống nhất,0.95,lichsu_12_s157_bai15_sec7_001,lichsu_12,Bài 15,3. Ý nghĩa lịch sử và bài học kinh nghiệm của phong trào dân chủ,"[99, 100, 101, 102]","[""data/corpus/lichsu_12/lichsu_12.pdf_100.jpg.txt"", ""data/corpus/lichsu_12/lichsu_12.pdf_101.jpg.txt"", ""data/corpus/lichsu_12/lichsu_12.pdf_102.jpg.txt"", ""data/corpus/lichsu_12/lichsu_12.pdf_99.jpg.txt""]","thành mũi xung kích trong những phong trào lớn của cuộc vận động dân sinh, dân chủ thời kì 1936 - 1939 Trong t tư tưởng, Đông đảo các tầng lớp nhân dân được giác ngộ về con đường cách mạng của Đảng 3. Ý nghĩa lịch sử và bài học kinh nghiệm của phong trào dân chủ 1936 - 1939 Cuộc vận động dân chủ 1936 - 1939 là phong trào quần chúng rông lớn, có tổ chức, dưới sự lãnh đạo của Đảng Cộng sản Đông Dương, Bằng sức mạnh đoàn kết của quần chúng, phong trào dân chủ 1936 - 1939 đã buộc chính quyền thực dâ",,,,,
relation,lichsu_11_s94_bai18_sec3_001:4:e5-RESULTS_IN-e6,RESULTS_IN,e5,Event,Khởi nghĩa vũ trang,e6,Concept,Hai chính quyền song song tồn tại,Khởi nghĩa vũ trang dẫn đến hai chính quyền song song tồn tại,Khởi nghĩa vũ trang Hai chính quyền song Nga hoàng bị lật đổ song tồn tai,0.95,lichsu_11_s94_bai18_sec3_001,lichsu_11,Bài 18,NƯỚC NGA - LIÊN XÔ,[102],"[""data/corpus/lichsu_11/lichsu_11.pdf_102.jpg.txt""]","sự kiên tác động, ảnh hưởng to lớn đến lịch sử thế giới Chúng ta cùng nhau ôn tập các sự kiên lịch sử cơ bản theo bảng hệ thống kiến thức dưới đây Thời gian Sự kiện Diễn biến chinh Kết quả, y nghĩa NƯỚC NGA - LIÊN XÔ 2 1917 Cách mạng dân chủ Tổng bãi công chính trị ở Lật đổ chế độ tu san Pê tơ rô grát Nga hoàng Khởi nghĩa vũ trang Hai chính quyền song Nga hoàng bị lật đổ song tồn tai Cách mang dân chủ tư sản kiểu mới 10 1917",,,,,
relation,lichsu_11_s105_bai19_sec6_003:2:e3-RESULTS_IN-e4,RESULTS_IN,e3,Organization,Thực dân Pháp,e4,Place,miền Tây Nam Kì,Thực dân Pháp chiếm ba tỉnh miền Tây Nam Kì,Thực dân Pháp chiếm ba tính miên Tây Nam Kì,0.95,lichsu_11_s105_bai19_sec6_003,lichsu_11,Bài 19,THI CUỘC KHÁNG CHIẾN CỦA NHÁN DÂN NAM KI SAU HIẾP ĐỚC 1862,"[109, 110, 111, 112, 113, 114]","[""data/corpus/lichsu_11/lichsu_11.pdf_109.jpg.txt"", ""data/corpus/lichsu_11/lichsu_11.pdf_110.jpg.txt"", ""data/corpus/lichsu_11/lichsu_11.pdf_111.jpg.txt"", ""data/corpus/lichsu_11/lichsu_11.pdf_112.jpg.txt"", ""data/corpus/lichsu_11/lichsu_11.pdf_113.jpg.txt"", ""data/corpus/lichsu_11/lichsu_11.pdf_114.jpg.txt""]","quân chống trả quyết liêi Trương Định trúng đạn và bị thương năng, Ông đã rút gươm tự sát để bảo toàn khí tiết, Năm đó ông 44 tuổi Is Em có suy nghị gì về hành động của Trương Định sau Hiệp ước 1862 ? Thực dân Pháp chiếm ba tính miên Tây Nam Kì Sau khi chiếm ba tỉnh miền Đông Nam Kì, thực dân Pháp bất tay ngay vào việc tổ chức bộ máy cai trị và chuẩn bị mở rộng phạm vi chiếm đóng Năm 1863, thực dân Pháp dùng vũ lực áp đất nền bảo hộ lên đất Cam-pu chia Sau đó có có có chứng vu cáo triều đình Huế",,,,,
relation,lichsu_10_s225_001:2:e1-RESULTS_IN-e3,RESULTS_IN,e1,Person,V.I. Lê-nin,e3,Concept,chính đảng vô sản,V.I. Lê-nin thành lập chính đảng vô sản.,thành lập chính đảng vô sản,0.95,lichsu_10_s225_001,lichsu_10,Bài,CÔNG NHÂN NGA ĐẦU THẾ KỈ XX,"[199, 200]","[""data/corpus/lichsu_10/lichsu_10.pdf_199.jpg.txt"", ""data/corpus/lichsu_10/lichsu_10.pdf_200.jpg.txt""]","lãnh đạo các đẳng xã hội dân chủ của các nước trong Quốc nhành thế thứ hai ủng hộ chính phủ tư sản, đẩy quần chúng nhân dân và vô sản các nước vào cuộc chiến tranh vì quyền lợi của bọn đế quốc. 2) CÔNG NHÂN NGA ĐẦU THẾ KỈ XX Cuối thế kỉ XIX - đầu thế kỉ XX, V.. Lê-nin tham gia phong trào công nhân Nga, thành lập chính đảng vô sản, đấu tranh bảo vệ học thuyết Mác Cách mạng 1905 ? 1907 ở Nga đã giáng một đòn mạnh mẽ vào chế độ Nga hoàng, có ảnh hưởng đến phong trào đấu tranh đòi dân chủ ở các nước",,,,,
relation,lichsu_10_s169_001:6:e6-RESULTS_IN-e8,RESULTS_IN,e6,Place,Hà Lan,e8,Concept,nền cộng hoà tư sản,Nhân dân Hà Lan thiết lập nền cộng hoà tư sản đầu tiên.,thiết lập nền cộng hoà tư sản đầu tiên,0.9,lichsu_10_s169_001,lichsu_10,Bài,VÀ CÁCH MANG TƯ SÁN ANH,"[137, 138, 139, 142]","[""data/corpus/lichsu_10/lichsu_10.pdf_137.jpg.txt"", ""data/corpus/lichsu_10/lichsu_10.pdf_138.jpg.txt"", ""data/corpus/lichsu_10/lichsu_10.pdf_139.jpg.txt"", ""data/corpus/lichsu_10/lichsu_10.pdf_142.jpg.txt""]","?thượng sách để giữ nước"" và Nguyễn Trãi: ""Nhớ thưở Lam Sơn đọc võ kinh ; Bấy giờ chí đã ở dân lành? thì người dân lao động cũng hiểu ?Mến người có nhân là dân ; chở thuyền, lật thuyền cũng là dân? B VÀ CÁCH MANG TƯ SÁN ANH Sự phát triển của kinh tế tư bản chủ nghĩa từ thời hậu kì trung đại dẫn đến bước chuyển từ chế độ phong kiến sang chế độ tư bản. Bước chuyển ấy được mở đầu bởi các cuộc cách mạng tư sản. Từ giữa thế kỉ XVI, nhân dân Hà Lan đã đấu tranh lật đổ ách thống trị của Vương triều Tây",,,,,
relation,lichsu_12_s114_bai11_sec5_001:9:e11-RESULTS_IN-e10,RESULTS_IN,e11,Event,tan rã chế độ xã hội chủ nghĩa ở Đông Âu,e10,Concept,hệ thống xã hội chủ nghĩa,Chế độ xã hội chủ nghĩa tan rã ở Đông Âu.,chế đô xã hội chủ nghĩa đã tan rã ở các nước Đông Âu (vào cuối những năm 80),0.95,lichsu_12_s114_bai11_sec5_001,lichsu_12,Bài 11,"1. Sau Chiến tranh thế giới thứ hai, một trật tư thế giới mói đã được xác lập. Đó","[71, 72, 73]","[""data/corpus/lichsu_12/lichsu_12.pdf_71.jpg.txt"", ""data/corpus/lichsu_12/lichsu_12.pdf_72.jpg.txt"", ""data/corpus/lichsu_12/lichsu_12.pdf_73.jpg.txt""]","sau thế kí XX mà loài người vừa mới trải qua Chí trong vòng nửa thế ki, tỉnh hình thế giới đã thật sôi đông với bao diên biến dồn dập, đem lại nhưng thay đổi to lớn và cả những đảo lôn đầy bất ngờ 1. Sau Chiến tranh thế giới thứ hai, một trật tư thế giới mói đã được xác lập. Đó là trật tự thế giới hai cực lanta với đặc trưng nổi bật là thế giới bị chia thành hai phe - tư bản chủ nghĩa và xã hội chủ nghĩa, do hai siêu cường Mĩ và Liên Xô đứng đầu dỗu mỗi phe. Đặc trưng hai cực ? hai phe đó là nhâ",,,,,
relation,lichsu_10_s83_004:6:e1-RESULTS_IN-e7,RESULTS_IN,e1,Event,chiến thắng Bạch Đằng,e7,Concept,"thời đại độc lập, tự chủ lâu dài","Chiến thắng Bạch Đằng của Ngô Quyền đã mở ra một thời đại mới - thời đại độc lập, tự chủ lâu dài của dân tộc ta.","Chiến thắng Bạch Đằng của Ngô Quyền năm 938 đã mở ra một thời đại mới - thời đại độc lập, tự chủ lâu dài của dân tộc ta.",0.95,lichsu_10_s83_004,lichsu_10,Bài,1. Khái quát phong trào đấu tranh từ thế kỉ 1 đến đầu thế kỉ x,"[81, 82, 83, 84, 85, 86]","[""data/corpus/lichsu_10/lichsu_10.pdf_81.jpg.txt"", ""data/corpus/lichsu_10/lichsu_10.pdf_82.jpg.txt"", ""data/corpus/lichsu_10/lichsu_10.pdf_83.jpg.txt"", ""data/corpus/lichsu_10/lichsu_10.pdf_84.jpg.txt"", ""data/corpus/lichsu_10/lichsu_10.pdf_85.jpg.txt"", ""data/corpus/lichsu_10/lichsu_10.pdf_86.jpg.txt""]","iặc vướng cọc lại bị đánh từ nhiều phía, tan võ Chủ tướng giặc bị tiêu diệt la Nhận xét về ý nghĩa lịch sử của chiến thắng Bạch Đằng năm 938, nhà thu sử học Ngô Thì Sĩ ở thế kỉ Thuý Nguyên XVIII viết. Trắn thắng lợi trên sông Bach Đăng là cơ sở sau này cho việc phục lại quốc thống Những chiến công các đời điển Đinh, Lê, Lý, Trần vẫn còn nhờ vào uy thanh lắm liệt để lại ấy Trận Bạch Đằng Gia Viân này là vũ công cao cả, vang dội đến nghìn thu, há phải chỉ lừng lẫy ở môt Vũ Yên thời bấy giờ mà thôi",,,,,
relation,lichsu_12_s216_bai19_sec7_001:11:e9-RESULTS_IN-e10,RESULTS_IN,e9,Event,Hội nghị đại biểu thành lập Liên minh nhân dân Việt - Miên - Lào,e10,Organization,Liên minh nhân dân Việt - Miên - Lào,Hội nghị đại biểu thành lập Liên minh nhân dân Việt - Miên - Lào,họp Hội nghị đại biểu để thành lập Liên minh nhân dân Việt - Miên - Lào,0.95,lichsu_12_s216_bai19_sec7_001,lichsu_12,Bài 19,HIU HẬU PHƯƠNG KHÁNG CHIẾN MỌI MẶT,"[140, 141, 142, 143]","[""data/corpus/lichsu_12/lichsu_12.pdf_140.jpg.txt"", ""data/corpus/lichsu_12/lichsu_12.pdf_141.jpg.txt"", ""data/corpus/lichsu_12/lichsu_12.pdf_142.jpg.txt"", ""data/corpus/lichsu_12/lichsu_12.pdf_143.jpg.txt""]","biểu lần thứ II đánh dấu bước phát triển mới trong quá trình trướng ""chinh và lãnh đạo cách mạng của Đảng ta, là ?Đại hôi kháng cơi"" I Đại hội đại biểu lần thứ II của Đảng đã có những quyết định gì ? HIU HẬU PHƯƠNG KHÁNG CHIẾN MỌI MẶT Về chính trị, từ ngày 3 đến ngày 7 - 3 ? 1951, Đại hội toàn quốc thống nhất Mặt trận Việt Minh và Hội Liên Việt thành một mặt trận duy nhất, lấy tên là Trong Mặt trân Liên hiệp quốc dân Việt Nam (Mặt trận Liên Việt) do Tôn Đức Thắng làm Chủ tịch, Hồ Chí Minh làm Ch",,,,,
relation,lichsu_11_s60_bai14_sec1_001:8:e9-RESULTS_IN-e3,RESULTS_IN,e9,Concept,quân phiệt hoá bộ máy nhà nước,e3,Place,Nhật Bản,quân phiệt hoá bộ máy nhà nước biến Nhật Bản thành lò lửa chiến tranh,biến Nhật Bản thành một lò lửa chiến tranh ở châu Á và trên thế giới,0.9,lichsu_11_s60_bai14_sec1_001,lichsu_11,Bài 14,Bài 14,"[70, 71, 72, 73, 74]","[""data/corpus/lichsu_11/lichsu_11.pdf_70.jpg.txt"", ""data/corpus/lichsu_11/lichsu_11.pdf_71.jpg.txt"", ""data/corpus/lichsu_11/lichsu_11.pdf_72.jpg.txt"", ""data/corpus/lichsu_11/lichsu_11.pdf_73.jpg.txt"", ""data/corpus/lichsu_11/lichsu_11.pdf_74.jpg.txt""]","luật để giữ vai trò trung lập trước các cuộc xung đột quân sự bên ngoài nước Mĩ. Chính sách đó đã góp phần khuyến khích chủ nghĩa phát xít tư do hành đông, gây ra cuộc Chiến tranh thế giới thứ hai Bài 14 (1918 1939) Nhật Bản là nước duy nhất ở châu Á được xếp vào hàng ngũ các cường quốc tư bản, Trải qua những năm ổn định ngắn ngủi sau Chiến tranh thế giới thứ nhất, Nhật Bản lâm vào cuộc khủng kinh tế (1929 Lan 1933), Để tìm lối thoát ra khỏi khủng hoảng, giới cầm quyền Nhật Bản tiến hành quân ph",,,,,
relation,lichsu_11_s35_bai10_sec2_002:5:e2-RESULTS_IN-e9,RESULTS_IN,e2,Concept,Chính sách kinh tế mới,e9,Concept,công cuộc khôi phục kinh tế,Chính sách kinh tế mới giúp hoàn thành công cuộc khôi phục kinh tế,hoàn thành công cuộc khôi phục kinh tế,0.95,lichsu_11_s35_bai10_sec2_002,lichsu_11,Bài 10,THI CHÍNH SÁCH KINH TẾ MỚI VÀ CÔNG CUỘC KIÔH TẾ,"[53, 54, 55]","[""data/corpus/lichsu_11/lichsu_11.pdf_53.jpg.txt"", ""data/corpus/lichsu_11/lichsu_11.pdf_54.jpg.txt"", ""data/corpus/lichsu_11/lichsu_11.pdf_55.jpg.txt""]","nước ngoài đầu tư, kinh doanh ở Nga Nhà nước năm các ngành kinh tế chủ chốt như công nghiệp, giao thông vận tải, ngàn hàng, ngoại thương Nhà nước chấn chỉnh việc tổ chức, quản lí sản xuất công nghiệp. Phần lớn các xí nghiệp chuyển sang chế độ tự hạch tế, cải tiến chế độ tiền lương nhâm nâng cao năng suất lao động Trong lính vực thương nghiệp và tiên tê, tư nhân được tự do buôn bán, trao đổi, mở lại các chơ, khôi phục và đẩy mạnh mối liên hệ giữa thành thị và nông thôn Năm 1924, Nhà nước phát hàn",,,,,
relation,lichsu_12_s206_bai18_sec12_001:6:e10-RESULTS_IN-e11,RESULTS_IN,e10,Organization,Hội Liên Việt,e11,Organization,Mặt trận Liên Việt,Mặt trận Việt Minh và Hội Liên Việt thống nhất thành Mặt trận Liên Việt,Mặt trận Việt Minh và Hội Liên Việt quyết đình tiến tới thống nhất thành một tổ chức Mặt trán Liên Việt,0.9,lichsu_12_s206_bai18_sec12_001,lichsu_12,Bài 18,2. Đấy mạnh kháng chiến toàn dân,"[133, 134, 135]","[""data/corpus/lichsu_12/lichsu_12.pdf_133.jpg.txt"", ""data/corpus/lichsu_12/lichsu_12.pdf_134.jpg.txt"", ""data/corpus/lichsu_12/lichsu_12.pdf_135.jpg.txt""]","như Gia Lâm Vinh Tuy, Cầu Đuống v.v Đầu tháng 12 ? 1947, quân dân Sài Gòn mở hàng loạt cuộc tập kích vào các đồn bốt, kho tàng của địch ở Thị Nghè, Gia Định, Gò Vấp, Bà Điểm, Phú Lâm Phú Tho V.V. 2. Đấy mạnh kháng chiến toàn dân Đảng và Chính phủ ta chủ trương củng cổ chính quyền dân chủ nhân dân từ trung ngường đến cơ sở, tăng cường lực lượng vũ trang nhân dân, đấy manh cuộc kháng chiến toàn dân, toàn diên Trên mặt trận chính trị, đầu năm 1949, Chính phú quyết đầu cử Hội đồng nhân dân và Uỷ ban",,,,,
relation,lichsu_12_s74_bai7_sec7_001:13:e11-RESULTS_IN-e12,RESULTS_IN,e11,Event,Hiệp ước Maxtrích,e12,Organization,Liên minh châu Âu,Hiệp ước Maxtrích đổi tên Cộng đồng châu Âu thành Liên minh châu Âu,"kí Hiệp ước Maxtrích (...), đổi tên thành Liên minh châu Âu (EU)",0.95,lichsu_12_s74_bai7_sec7_001,lichsu_12,Bài 7,VIÊN MINH CHÂU ÂU (EU),"[49, 50, 51]","[""data/corpus/lichsu_12/lichsu_12.pdf_49.jpg.txt"", ""data/corpus/lichsu_12/lichsu_12.pdf_50.jpg.txt"", ""data/corpus/lichsu_12/lichsu_12.pdf_51.jpg.txt""]","Âu đều chú ý mở rộng quan hê không chỉ với các nước tư bản phát triển khác mà còn với các nước đang phát triển ở châu A, châu Phi, khu vực Mĩ Latinh, các nước thuộc Đông Au và SNG trong thập ki 90 VIÊN MINH CHÂU ÂU (EU) Ngày 18 - 4 - 1951, sáu nước Tây Au (Pháp, Công hoà Liên bang Đức, Bỉ, Italia) Hà Lan, Lúcxambua) đã thành lập ""Công đồng than ? thép châu Âu"" Ngày 25 - 3 - 1957, ""sáu nước này kí Hiệp ước Rôma, thành lập ""Công đồng năng lượng nguyên tử châu Âu"" và ?Công đông kinh tế châu Âu"" (EE",,,,,
relation,lichsu_12_s22_bai2_sec3_001:10:e12-RESULTS_IN-e10,RESULTS_IN,e12,Event,khủng hoảng chính trị và kinh tế - xã hội,e10,Concept,chủ nghĩa xã hội,Khủng hoảng chính trị và kinh tế - xã hội dẫn đến sự tan rã của chế độ xã hội chủ nghĩa,đa dần đến sư tan rã của chế độ xã hôi chủ nghĩa ở các nước này,0.9,lichsu_12_s22_bai2_sec3_001,lichsu_12,Bài 2,LIÊN BANG NGA (1991 - 2000),"[8, 9, 10]","[""data/corpus/lichsu_12/lichsu_12.pdf_10.jpg.txt"", ""data/corpus/lichsu_12/lichsu_12.pdf_8.jpg.txt"", ""data/corpus/lichsu_12/lichsu_12.pdf_9.jpg.txt""]","Như vậy, ở châu Âu đã xuất hiện sự đối lập về chính trị và kinh tế giữa hai khối nước Tây Âu tư bản chủ nghĩa và Đông Âu xã hội chủ nghĩa Hai nhà nước Cộng hoà Liên bang Đức và Cộng hoà Dân chủ Đức LIÊN BANG NGA (1991 - 2000) Sau khi Chiến tranh thế giới thứ hai kết thúc, Liên Xô đã nhanh chóng khôi phục đất nước, thực hiên nhiều kế hoạch 5 năm xây dưng chủ nghĩa xã hội. Các nước Đông Âu được giải phóng đã tiên hành cách mang dân chủ nhân dân, tiên lên chủ nghĩa xã hôi Từ cuối những năm 80 của t",,,,,
relation,lichsu_11_s71_bai16_sec2_001:7:e9-RESULTS_IN-e10,RESULTS_IN,e9,Concept,giai cấp vô sản,e10,Concept,phong trào giải phóng dân tộc,"Giai cấp vô sản trẻ tuổi bắt đầu bước lên vũ đài chính trị, mở ra triển vọng mới cho phong trào giải phóng dân tộc ở Đông Nam Á","Giai cấp vô sản trẻ tuổi bắt đầu bước lên vũ đài chính trị, mở ra triển vọng mới cho phong trào giải phóng dân tộc ở Đông Nam Á",0.9,lichsu_11_s71_bai16_sec2_001,lichsu_11,Bài 16,CHIẾN TRANH THẾ GIỚI (1918 1939),"[81, 82, 83]","[""data/corpus/lichsu_11/lichsu_11.pdf_81.jpg.txt"", ""data/corpus/lichsu_11/lichsu_11.pdf_82.jpg.txt"", ""data/corpus/lichsu_11/lichsu_11.pdf_83.jpg.txt""]","1948) hưởng ứng Sư phát triển của phong trào công nhân dẫn tới sư thành lập Đảng Cộng sản Ấn Độ tháng 12 - 1925 Sự kiên này góp phần thúc đẩy làn sóng đấu tranh chống thực dân Anh của nhân dân An Đô. CHIẾN TRANH THẾ GIỚI (1918 1939) Trong những thập niên đầu thế kỉ XX, ở các nước Đông Nam Á đã diễn ra những chuyển biến quan trong về kinh tế, chính trị, xã hội, Phong trào đấu tranh giành độc lập dân tộc phát triển mạnh mẽ ở hầu khắp các nước trong khu vực, Hướng tới mục tiêu độc lập dân tộc, cùng",,,,,
relation,lichsu_11_s66_bai15_sec1_001:1:e3-RESULTS_IN-e4,RESULTS_IN,e3,Event,Phong trào Ngũ tứ,e4,Concept,Cách mạng dân chủ mới,Phong trào Ngũ tứ mở đầu thời kì cách mạng dân chủ mới,phong trào Ngũ tứ đã mở đầu thời kì cách mạng dân chủ mới,0.95,lichsu_11_s66_bai15_sec1_001,lichsu_11,Bài 15,Bài 15,"[76, 79]","[""data/corpus/lichsu_11/lichsu_11.pdf_76.jpg.txt"", ""data/corpus/lichsu_11/lichsu_11.pdf_79.jpg.txt""]","hâu quá xã hội thi thi hại : nông dân bị phá sản, mất mùa và đói kém, số công nhân thất nghiệp lên tới 3 triệu người. Mâu thuẫn xã hội và cuộc đấu tranh của những người lao động diễn ra quyết liệt. Bài 15 (1918-- 1939) Phong trào cách mạng ở Trung Quốc và Ấn Độ đã vượt qua nhiêu thử thách và đạt được những bước tiến mới trong vòng 20 năm giữa hai cuộc chiến tranh thế giới. Ở Trung Quốc, phong trào Ngũ tứ đã mở đầu thời kì cách mạng dân chủ mới. Ở Ân Độ, Đảng Quốc đại, dứng đầu là Ma-hát-ma Gan-đ",,,,,
relation,lichsu_10_s54_bai11_sec3_002:9:e11-RESULTS_IN-e12,RESULTS_IN,e11,Event,phát kiến địa lí,e12,Concept,chủ nghĩa tư bản,Các cuộc phát kiến địa lí thúc đẩy sự ra đời của chủ nghĩa tư bản ở châu Âu.,"nó cũng thúc đẩy quá trình khủng hoảng, tan rã của Trong quan hệ phong kiến và sự ra đời của chủ nghĩa tư bản ở châu Âu",0.95,lichsu_10_s54_bai11_sec3_002,lichsu_10,Bài 11,1. Những cuộc phát kiến địa lĩ,"[60, 61, 62]","[""data/corpus/lichsu_10/lichsu_10.pdf_60.jpg.txt"", ""data/corpus/lichsu_10/lichsu_10.pdf_61.jpg.txt"", ""data/corpus/lichsu_10/lichsu_10.pdf_62.jpg.txt""]","sở huyền thoại của hương liệu và vàng Ở phương Đông, Tháng 5 ? 1498, ông đã đến Ca-li-cút thuộc bờ Tây Nam Ấn Độ Trở về Li xbon, Va xcô đơ Ga ma được phong làm Phó vương Ấn Độ Ph. Ma-gien-lan (1480 ? 1521) là người đã thực hiện chuyến đò đầu tiên vòng quanh thế giới bằng đường biển từ năm 1519 đến năm 1522, Đoàn tàu của ông đi và vòng qua điểm cực Nam của Nam Mĩ (sau này được gọi là eo biển Ma-gien-lan) tiến vào đại dương, mà ông đặt tên là Thái Bình Dương, Tại Phi-líp pin, ông bị và thiệt mạng ",,,,,
relation,lichsu_11_s31_bai7_sec8_002:4:e3-RESULTS_IN-e2,RESULTS_IN,e3,Event,chiến sự chấm dứt,e2,Organization,Nhà nước Xô viết,Chiến sự chấm dứt dẫn đến việc Nhà nước Xô viết được bảo vệ và giữ vững.,"chiến sự chấm dứt, Nhà nước Xô viết được bảo về và giữ vững",0.95,lichsu_11_s31_bai7_sec8_002,lichsu_11,Bài 7,THI CUỐC ĐẦU TRANH XÂY DỤNG VÀ CHÍNH QUYỀN XÔ VIẾT,"[48, 49, 50, 51, 52]","[""data/corpus/lichsu_11/lichsu_11.pdf_48.jpg.txt"", ""data/corpus/lichsu_11/lichsu_11.pdf_49.jpg.txt"", ""data/corpus/lichsu_11/lichsu_11.pdf_50.jpg.txt"", ""data/corpus/lichsu_11/lichsu_11.pdf_51.jpg.txt"", ""data/corpus/lichsu_11/lichsu_11.pdf_52.jpg.txt""]","thưc Phiện Chinh sách cộng sản thời chiến Nhà nước kiểm soát toàn bộ nền công nghiệp, trưng thu lương thực thừa của nông dân, thi hành chế độ lao động cưỡng bức đối với toàn dân (từ 16 đến 50 tuổi).. nhằm huy động tối đa moi nguồn của cải, nhân lực của đất nước phục vu cho cuộc chiến đấu chống thù trong. giác ngoài. Vừa chiến đấu, vừa xây dựng, Hồng quân và nhân dân Xô viết đã từng bước đẩy lui các cuộc tấn công của lực lương phản cách mang trong và ngoài nước, Cuối năm 1920, chiến sự chấm dứt, ",,,,,
relation,lichsu_12_s136_bai13_sec7_004:4:e5-RESULTS_IN-e2,RESULTS_IN,e5,Event,Hội nghị hợp nhất các tổ chức cộng sản Việt Nam,e2,Event,Đảng Cộng sản Việt Nam ra đời,Hội nghị hợp nhất mang tầm vóc của một đại hội thành lập Đảng.,Hội nghị hợp nhất các tổ chức cộng sản Viết Nam mang tầm vóc lịch sử của một đại hội thành lập Đảng,0.95,lichsu_12_s136_bai13_sec7_004,lichsu_12,Bài 13,II - ĐẢNG CỘNG SẢN VIỆT NAM RA ĐỜI,"[85, 86, 87, 88, 89]","[""data/corpus/lichsu_12/lichsu_12.pdf_85.jpg.txt"", ""data/corpus/lichsu_12/lichsu_12.pdf_86.jpg.txt"", ""data/corpus/lichsu_12/lichsu_12.pdf_87.jpg.txt"", ""data/corpus/lichsu_12/lichsu_12.pdf_88.jpg.txt"", ""data/corpus/lichsu_12/lichsu_12.pdf_89.jpg.txt""]","này Nhân dịp Đảng ra đời, Nguyễn Ai Quốc ra Lời kêu goi công nhân, nông dân binh linh, thanh nien, hoc sinh, anh chi em bi ap bức, boc lot Lời kêu gọi có đoan Đảng Công sản Viết Nam đã được thành lập. Đó là Đảng của giai cấp vô sản Điển Đảng sẽ diu dất giai cấp vô sản lãnh đao cách mang An Nam đấu tranh nhâm giải phóng cho toàn thể anh chị em bị áp bức, bóc lột của chúng ta'(1) Hội nghị hợp nhất các tổ chức cộng sản Viết Nam mang tầm vóc lịch sử của một đại hội thành lập Đảng, Ngày 8 - 2 - 1930,",,,,,
relation,lichsu_12_s55_bai5_sec4_001:2:e4-RESULTS_IN-e7,RESULTS_IN,e4,Event,cuộc binh biến của sĩ quan và binh lính yêu nước Ai Cập,e7,Place,Cộng hòa Ai Cập,cuộc binh biến lập nên nước Cộng hòa Ai Cập,lập nên nước Cộng hoa Ai Cập (18 66 - 1953),0.95,lichsu_12_s55_bai5_sec4_001,lichsu_12,Bài 5,1. Vài nét về cuộc đấu tranh gộc lập,"[35, 36]","[""data/corpus/lichsu_12/lichsu_12.pdf_35.jpg.txt"", ""data/corpus/lichsu_12/lichsu_12.pdf_36.jpg.txt""]","CÁC NƯỚC CHÂU PHI Châu Phi là châu lục lớn thứ ba thế giới (sau châu A và châu Mi), gồm 54 nước với diên tích khoảng 30,3 triêu km?, dân số 800 triêu người (2000) 1. Vài nét về cuộc đấu tranh gộc lập Chiến tranh thế giới thứ hai chấm dút cũng là thời điểm bùng nổ cuộc đấu tranh giành độc lập của nhân dân các nước châu Phi, Phong trào đấu tranh chống chủ nghĩa thực dân ở châu Phi đặc biệt phát triển từ những năm 50 của thế kỉ XX, trước hết là khu vực Bắc Phi, sau đó lan ra các khu vưc khác. Mở đầ",,,,,
relation,lichsu_11_s111_bai20_sec5_001:4:e2-RESULTS_IN-e4,RESULTS_IN,e2,Event,Hiệp ước 1884,e4,Organization,Pháp,Hiệp ước 1884 xác lập chế độ bảo hộ của Pháp trên toàn bộ đất nước Việt Nam.,Hiệp ước 1883 và 1884 ... xác lập nên bảo hô của Pháp trên toàn bộ đất nước,0.95,lichsu_11_s111_bai20_sec5_001,lichsu_11,Bài 20,KHÁNG CHIẾN LAN RỘNG RA BẮC KÌ,"[115, 116, 117, 118, 119]","[""data/corpus/lichsu_11/lichsu_11.pdf_115.jpg.txt"", ""data/corpus/lichsu_11/lichsu_11.pdf_116.jpg.txt"", ""data/corpus/lichsu_11/lichsu_11.pdf_117.jpg.txt"", ""data/corpus/lichsu_11/lichsu_11.pdf_118.jpg.txt"", ""data/corpus/lichsu_11/lichsu_11.pdf_119.jpg.txt""]","hai, sau đó quyết định đánh thắng vào Huế. Hai bản hiệp ước 1883 và 1884 đánh dấu sự đầu hàng hoàn toàn của triều đình phong kiến Việt Nam và xác lập nên bảo hô của Pháp trên toàn bộ đất nước tai nha KHÁNG CHIẾN LAN RỘNG RA BẮC KÌ Tình hình Việt Nam trước khi Pháp đánh Bắc Kì lần thứ nhất Từ năm 1867, sau khi cả sáu tỉnh Nam Kì rơi vào tay Pháp, tư tưởng dầu hàng điều đã chi phối các quan lại cao cấp trong triều đình Huế. Nhà Nguyễn vẫn tiếp tục chính sách ""bế quan toả cảng"""" tuy đã bắt đầu cử n",,,,,
relation,lichsu_10_s133_bai23_sec8_002:5:e5-RESULTS_IN-e6,RESULTS_IN,e5,Event,chiến thắng Ngọc Hồi - Đống Đa,e6,Place,Thăng Long,"Sau chiến thắng, quân ta tiến vào Thăng Long.",tiến vào Thăng Long,0.95,lichsu_10_s133_bai23_sec8_002,lichsu_10,Bài 23,2. Kháng chiến chống Thanh (1789),"[117, 118, 119]","[""data/corpus/lichsu_10/lichsu_10.pdf_117.jpg.txt"", ""data/corpus/lichsu_10/lichsu_10.pdf_118.jpg.txt"", ""data/corpus/lichsu_10/lichsu_10.pdf_119.jpg.txt""]","uế) cấp báo. Được tin đó, Bắc Bình vương Nguyễn Huệ quyết định làm lễ lên ngôi Hoàng đế, lấy niên hiêu là Quang Trung, chỉ huy quân tiến ra Bắc ; trên đưng lại ở Nghệ An, Thanh Hoá đề tuyển thêm quân. Đúng vào đêm 30 Tết (tức 25 - 1 - 1789), quân ta được lệnh tiến công với khí thế từ lời hiểu dụ của vua Quang Trung Đánh cho để dài tóc Đánh cho để đen răng Đánh cho nó chích luân bất phản Đánh cho nó phiến giáp bất hoàn Đánh cho sứ tri Nam quốc anh hữu chủ si Trong Sau 5 ngày (bắt đầu từ đêm 30 ch",,,,,
relation,lichsu_12_s87_bai8_sec1_001:6:e5-RESULTS_IN-e7,RESULTS_IN,e5,Place,Nhật Bản,e7,Concept,siêu cường kinh tế,Nhật Bản trở thành siêu cường kinh tế,"Nhật Bản đã vươn lên, trở thành một siêu cường kinh tê",0.95,lichsu_12_s87_bai8_sec1_001,lichsu_12,Bài 8,Bài 8,"[51, 52]","[""data/corpus/lichsu_12/lichsu_12.pdf_51.jpg.txt"", ""data/corpus/lichsu_12/lichsu_12.pdf_52.jpg.txt""]","tinh, chiếm hơn 1/4 GDP của thế giới Năm 1990, quan hê EU Viết Nam được chính thức thiết lập, mở ra một thời kì phát triển mới trên cơ sở hợp tác toàn diện giữa hai bên triển của Liên minh châu Âu) Bài 8 NHẬT BẢN Là nước bai trận trong Chiến tranh thế giới thứ hai, nhưng từ sau năm 1945, Nhật Bản bước vào một thời ki phát triển mới với những đổi thay căn bản về chính tri - xã hôi cùng những thành tưu như một sư 'thần tháng ki về kinh tế, khoa học ? công nghê Nhật Bản đã vươn lên, trở thành một s",,,,,
relation,lichsu_12_s270_bai22_sec18_002:9:e8-RESULTS_IN-e11,RESULTS_IN,e8,Event,trận Điện Biên Phủ trên không,e11,Event,"Hiệp định Pari về chấm dứt chiến tranh, lập lại hoà bình ở Việt Nam",Trận Điện Biên Phủ trên không buộc Mĩ phải kí Hiệp định Pari,"?Điên Biên Phủ trên không? là trận thắng quyết định của ta, buộc Mĩ phải ... kí Hiệp định Pari về chẩm dút chiến tranh, lập lai hoà bình ở Viết Nam",0.9,lichsu_12_s270_bai22_sec18_002,lichsu_12,Bài 22,1. Miền Bắc khôi phục và phát triển kinh tôi,"[181, 182, 183, 184, 185]","[""data/corpus/lichsu_12/lichsu_12.pdf_181.jpg.txt"", ""data/corpus/lichsu_12/lichsu_12.pdf_182.jpg.txt"", ""data/corpus/lichsu_12/lichsu_12.pdf_183.jpg.txt"", ""data/corpus/lichsu_12/lichsu_12.pdf_184.jpg.txt"", ""data/corpus/lichsu_12/lichsu_12.pdf_185.jpg.txt""]","ố phong toả cảng Hải Phòng cùng các cửa sông, luồng lạch, vùng biển miền Bắc. Nhờ được chuẩn bị trước và với tư thế luôn sắn sàng chiến dấu, miền Bắc đã chủ động kip thời chống trả địch ngay trần đầu. Trong điều kiên chiến tranh ác liết, các hoạt đông sản xuất, xây dưng ở miền Bắc vẫn không bi ngừng trê, giao thông vân tải bảo dảm thông suốt Ngày 14 - 12 - 1972, gân hai tháng sau khi tuyên bố ngừng ném bom băn phá miền Bắc từ vì tuyến 20 trở ra, để hồ trợ cho mưu dồ chính tri - ngoai giao mới, N",,,,,
relation,lichsu_12_s145_bai14_sec7_001:4:e2-RESULTS_IN-e7,RESULTS_IN,e2,Event,Hội nghị lần thứ nhất Ban Chấp ương lâm thời Đáng Công Sán Việt Nam,e7,Organization,Đảng Cộng sản Đông Dương,Hội nghị quyết định đổi tên Đảng Cộng sản Việt Nam thành Đảng Cộng sản Đông Dương,Hội nghi đã quyết đinh đảng Cộng sản Việt Nam thành Đáng Công Sản Đông Dương,0.95,lichsu_12_s145_bai14_sec7_001,lichsu_12,Bài 14,3. Hội nghị lần thứ nhất Ban Chấp ương lâm thời,"[91, 92, 93, 94, 95]","[""data/corpus/lichsu_12/lichsu_12.pdf_91.jpg.txt"", ""data/corpus/lichsu_12/lichsu_12.pdf_92.jpg.txt"", ""data/corpus/lichsu_12/lichsu_12.pdf_93.jpg.txt"", ""data/corpus/lichsu_12/lichsu_12.pdf_94.jpg.txt"", ""data/corpus/lichsu_12/lichsu_12.pdf_95.jpg.txt""]","lãnh đạo của Đảng, cơ sở quần chúng bị phá võ, nhiều cán bộ, đảng viên, những người yêu nước bi bất, tù đày hoặc bi sát hai Từ giữa năm 1931, phong trào cách mang trong cả nước dần dần lắng xuống 3. Hội nghị lần thứ nhất Ban Chấp ương lâm thời Đáng Công Sán Việt Nam (1030) Giữa lúc phong trào cách mang của quân chúng đang diễn ra quyết liêt, Ban Chấp hành Trung ương lâm thời Đảng Công san Việt Nam họp Hội nghi lần thứ nưấn Cáng (Trung Quốc) vào tháng 10 000 Hội nghi đã quyết đinh đảng Cộng sản V",,,,,
relation,lichsu_12_s297_bai24_sec7_002:9:e2-RESULTS_IN-e9,RESULTS_IN,e2,Organization,Quốc hội khoá VI nước Việt Nam thống nhất,e9,Place,Thành phố Hồ Chí Minh,Quốc hội quyết định đổi tên Sài Gòn - Gia Định thành Thành phố Hồ Chí Minh,thành phố Sài Gòn - Gia Định được đổi lên là Thành phố Hồ Chí Minh,0.95,lichsu_12_s297_bai24_sec7_002,lichsu_12,Bài 24,HII - HOÀN THÀNH THỐNG NHẤT ĐẤT NƯỚC VỀ MẶT NHÀ NƯỚC (1975 ? 1976),"[200, 201, 202, 203]","[""data/corpus/lichsu_12/lichsu_12.pdf_200.jpg.txt"", ""data/corpus/lichsu_12/lichsu_12.pdf_201.jpg.txt"", ""data/corpus/lichsu_12/lichsu_12.pdf_202.jpg.txt"", ""data/corpus/lichsu_12/lichsu_12.pdf_203.jpg.txt""]","Hơn 23 tnêu cử tri (chiếm 98,8% tổng số cử in) đi bó phiếu và bầu ra 492 đai biểu Fr Parting Từ ngày 24 - 6 đến ngày 3 - 7 - 1976, Quốc hội khoá VI nước Viết Nam thống nhất họp kì đầu tiên tại Hà Nôi. Quốc hội thông qua chính sách đối nội và đối ngoại của Nhà nước Viết Nam nghi thống nhất, quyết đỉnh tên nước là Cộng hoà xã hội chủ nghĩa Viết Nam (từ ngày 2-1?1976), quyết đình Quốc huy mang dòng chữ Cộng hoà xã hội chủ nghĩa Việt Nam, Quốc kì là là cờ đỏ sao vàng, Quốc ca là bài Tiến quân ca, th",,,,,
relation,lichsu_12_s59_bai5_sec8_001:8:e11-RESULTS_IN-e12,RESULTS_IN,e11,Event,giành độc lập,e12,Organization,thực dân Tây Ban Nha và Bồ Đào Nha,Việc giành độc lập là từ thực dân Tây Ban Nha và Bồ Đào Nha,giành được độc lập từ lay thực dân Tây Ban Nha và Bồ Đào Nha,0.9,lichsu_12_s59_bai5_sec8_001,lichsu_12,Bài 5,1. Vài nét về quá trình gảo vệ độc lập,[38],"[""data/corpus/lichsu_12/lichsu_12.pdf_38.jpg.txt""]","LATINH Khu vực Mĩ Latinh gồm 33 nước (trong đó một nước ở Bắc Mĩ là M?hicô cùng toàn bộ các nước ở Trung, Nam châu Mĩ và vùng biển Caribê), diên tích trên 20,5 triêu km? dân số 517 triêu người (2000) 1. Vài nét về quá trình gảo vệ độc lập Khác với châu Á và châu Phi, nhiều nước ở Mĩ Latinh sớm giành được độc lập từ lay thực dân Tây Ban Nha và Bồ Đào Nha từ đầu thế kỉ XIX, nhưng sau đó lai 1000 BOTTER HOA KI BAHAMA MEHICỔ IZZ CUBA1973 1959 1981 HAMAICA ĐỘMINICANA TRINH VÀ NEVIT SIBELIXE E GOATỀMA",,,,,
relation,lichsu_10_s59_002:5:e5-RESULTS_IN-e6,RESULTS_IN,e5,Time,năm 476,e6,Concept,thời cổ đại,năm 476 đồng thời cũng kết thúc thời cổ đại,"châm dứt vào năm 476, đông thời cũng kết nhang thúc thời cổ đại",0.95,lichsu_10_s59_002,lichsu_10,Bài,2. Xã hội cổ đại,"[66, 67]","[""data/corpus/lichsu_10/lichsu_10.pdf_66.jpg.txt"", ""data/corpus/lichsu_10/lichsu_10.pdf_67.jpg.txt""]","tê xuất hiện Thi quốc ra nhang đời và hoạt động nhộn nhịp Nhi nô lệ trở thành người sản xuất chính, Xã hội chiếm nô là một hình thức xã hà nha hội bóc lột chủ yếu những người nô lệ, Chủ các xãng buôn. Ngày làm thành giai cấp chủ nô và là giai cấp bóc lột, thông trị. Tâng lớp những người nhiều the trong bình dân không có vai trò chủ yếu trong sản xuất cũng như trong đời sống xã hội. nhiều Xã Xã hội chiếm nô phát triển cao và nhanh hơn xã hội cố đại phương Đông, bắt và ngày đầu khoảng gân 1000 năm",,,,,
relation,lichsu_10_s175_001:2:e1-RESULTS_IN-e3,RESULTS_IN,e1,Event,chiến tranh giải phóng,e3,Concept,chủ nghĩa tư bản,chiến tranh giải phóng mở đường cho chủ nghĩa tư bản phát triển,mở đường cho chủ nghĩa tư bản phát triển ở Bắc Mĩ,0.95,lichsu_10_s175_001,lichsu_10,Bài,1. Sự phát triển của chủ nghĩa tư bản ở Bắc Mĩ. Nguyên nhân,"[146, 147]","[""data/corpus/lichsu_10/lichsu_10.pdf_146.jpg.txt"", ""data/corpus/lichsu_10/lichsu_10.pdf_147.jpg.txt""]","một cuộc chiến tranh giải phóng nhằm lật đồ sự thống trị của chính quyền thực dân Anh mở đường cho chủ nghĩa tư bản phát triển ở Bắc Mĩ, dẫn đến sự ra đời của một quốc gia mới - Hợp chúng quốc Mi. 1. Sự phát triển của chủ nghĩa tư bản ở Bắc Mĩ. Nguyên nhân bũng nổ chiến tranh Sau phát kiến của Cri xtốp Cô-lôm bô, nhiều người dân châu Âu di cư sang vùng Bắc Mi. Đến nửa đầu thế kỉ XVIII, người Anh đã lập được 13 thuộc địa dọc theo bờ Đại Tây Dương ở Bắc Mĩ với số dân khoảng 1,3 triều người CCA NA ",,,,,
relation,lichsu_11_s104_bai19_sec5_002:1:e2-RESULTS_IN-e3,RESULTS_IN,e2,Organization,Quân Pháp,e3,Place,Gia Định,Quân Pháp đánh chiếm thành Gia Định,Quân Pháp đánh chiếm thành Gia Đinh,0.9,lichsu_11_s104_bai19_sec5_002,lichsu_11,Bài 19,MIÊN ĐÔNG NAM KÌ TỪ NĂM 1859 ĐẾN NĂM 1862,"[106, 107, 109, 110, 111]","[""data/corpus/lichsu_11/lichsu_11.pdf_106.jpg.txt"", ""data/corpus/lichsu_11/lichsu_11.pdf_107.jpg.txt"", ""data/corpus/lichsu_11/lichsu_11.pdf_109.jpg.txt"", ""data/corpus/lichsu_11/lichsu_11.pdf_110.jpg.txt"", ""data/corpus/lichsu_11/lichsu_11.pdf_111.jpg.txt""]","triều đình vân đóng trong phòng tuyến Chí Hoà mới được xây dựng trong tư thể thú hiêm Hinh 50. Quân Pháp đánh chiếm thành Gia Đinh Từ tháng 3 1860, Nguyễn Trị Phương được lệnh từ Đà Năng vào Gia Định. Ông đã huy động hàng van quân và dân bình xây dựng Đại đồng Chí Hoà, vừa đồ sô vừa vững chắc, nhưng vì không chủ động tân công nên gần 1 000 quân Pháp vẫn yên ổn ngay bên cạnh phòng tuyến của quân ta với một lực lương tù 10 000 đến 12 000 người Không bi đông đối phó như quân đôi triều đình, hàng ng",,,,,
relation,lichsu_11_s16_bai5_sec5_001:2:e5-RESULTS_IN-e6,RESULTS_IN,e5,Organization,chính quyền Oa-sinh-tơn,e6,Place,Mĩ Latinh,"Chính quyền Oa-sinh-tơn biến khu vực Mĩ Latinh thành ""sân sau"" của đế quốc Mĩ","chính quyền Oa-sinh-tơn đã khống chế, biến khu vực Mĩ Latinh thành ""sân sau"" của để quốc Mĩ",0.95,lichsu_11_s16_bai5_sec5_001,lichsu_11,Bài 5,CHIẾN TRANH THẾ GIỚI THỨ NHẤT (1914 - 1918),"[29, 30, 31]","[""data/corpus/lichsu_11/lichsu_11.pdf_29.jpg.txt"", ""data/corpus/lichsu_11/lichsu_11.pdf_30.jpg.txt"", ""data/corpus/lichsu_11/lichsu_11.pdf_31.jpg.txt""]","- 1915) và 2 lần đem quân dánh Mê hi cô (1914 và 1916), Dưới danh nghĩa đoàn kết với các nước châu Mĩ, chính quyền Oa-sinh-tơn đã khống chế, biến khu vực Mĩ Latinh thành ""sân sau"" của để quốc Mĩ. CHIẾN TRANH THẾ GIỚI THỨ NHẤT (1914 - 1918) Từ năm 1914 đến năm 1918, nhân loại đã phải trải qua một cuộc chiến tranh thế giới tàn khốc, lôi cuốn vào vòng chục nước, chủ yếu là ở châu Âu, đã gây nên những thiệt hại to lớn về người và của",,,,,
relation,lichsu_11_s105_bai19_sec6_002:8:e7-RESULTS_IN-e8,RESULTS_IN,e7,Event,cuộc tấn công quy mô vào căn cứ Tân Hoà,e8,Place,Tân Phước,"Sau cuộc tấn công, nghĩa quân rút lui và xây dựng căn cứ mới ở Tân Phước.","sau đó rút lui để bảo toàn lực lượng, xây dựng căn cứ mới ở Tân Phước",0.9,lichsu_11_s105_bai19_sec6_002,lichsu_11,Bài 19,THI CUỘC KHÁNG CHIẾN CỦA NHÁN DÂN NAM KI SAU HIẾP ĐỚC 1862,"[109, 110, 111, 112, 113, 114]","[""data/corpus/lichsu_11/lichsu_11.pdf_109.jpg.txt"", ""data/corpus/lichsu_11/lichsu_11.pdf_110.jpg.txt"", ""data/corpus/lichsu_11/lichsu_11.pdf_111.jpg.txt"", ""data/corpus/lichsu_11/lichsu_11.pdf_112.jpg.txt"", ""data/corpus/lichsu_11/lichsu_11.pdf_113.jpg.txt"", ""data/corpus/lichsu_11/lichsu_11.pdf_114.jpg.txt""]","uân về hoạt động ở Tân Hoà (Gò Công), quyết tâm chiến đấu lâu dai Sau Hiệp ước 1862, triều đình ha lênh cho Trương Đình phải bãi binh, mặt khác điều ông di nhận chức Lãnh binh ở An Giang, rồi Phú Yên. Nhưng được sự ủng hội 19 thi của nhân dân, ông đã chông lênh triều đình, quyết lâm ở lại kháng chiến Phát cao (1) Bỏ đi nơi khác sống, không các với Pháp Nguyên lá cờ ""Bình Tây Đại nguyên soái"", hoạt đông của nghĩa quân đã củng cổ niêm tinh của dân chúng, khiến bọn cướp nước và bán nước phải run so",,,,,
relation,lichsu_10_s169_001:8:e9-RESULTS_IN-e11,RESULTS_IN,e9,Event,cách mạng tư sản Anh,e11,Concept,quan hệ sản xuất phong kiến lạc hậu,Cách mạng tư sản Anh lật đổ quan hệ sản xuất phong kiến lạc hậu.,lật đổ quan hệ sản xuất phong kiến lạc hậu,0.9,lichsu_10_s169_001,lichsu_10,Bài,VÀ CÁCH MANG TƯ SÁN ANH,"[137, 138, 139, 142]","[""data/corpus/lichsu_10/lichsu_10.pdf_137.jpg.txt"", ""data/corpus/lichsu_10/lichsu_10.pdf_138.jpg.txt"", ""data/corpus/lichsu_10/lichsu_10.pdf_139.jpg.txt"", ""data/corpus/lichsu_10/lichsu_10.pdf_142.jpg.txt""]","?thượng sách để giữ nước"" và Nguyễn Trãi: ""Nhớ thưở Lam Sơn đọc võ kinh ; Bấy giờ chí đã ở dân lành? thì người dân lao động cũng hiểu ?Mến người có nhân là dân ; chở thuyền, lật thuyền cũng là dân? B VÀ CÁCH MANG TƯ SÁN ANH Sự phát triển của kinh tế tư bản chủ nghĩa từ thời hậu kì trung đại dẫn đến bước chuyển từ chế độ phong kiến sang chế độ tư bản. Bước chuyển ấy được mở đầu bởi các cuộc cách mạng tư sản. Từ giữa thế kỉ XVI, nhân dân Hà Lan đã đấu tranh lật đổ ách thống trị của Vương triều Tây",,,,,
relation,lichsu_12_s174_bai16_sec16_001:3:e4-RESULTS_IN-e5,RESULTS_IN,e4,Event,thoái vị,e5,Concept,Chế độ phong kiến Việt Nam,sự thoái vị của vua Bảo Đại dẫn đến sự sụp đổ của chế độ phong kiến Việt Nam,vua Bảo Đại tuyên bô thoái vị Chế độ phong kiến Việt Nam hoàn toàn sụp đổ,0.95,lichsu_12_s174_bai16_sec16_001,lichsu_12,Bài 16,IV? NƯỚC VIỆT NAM DÂN CHỦ CỘNG HOÀ ĐƯỢC THÀNH LẬP 1245),"[115, 116, 117, 118]","[""data/corpus/lichsu_12/lichsu_12.pdf_115.jpg.txt"", ""data/corpus/lichsu_12/lichsu_12.pdf_116.jpg.txt"", ""data/corpus/lichsu_12/lichsu_12.pdf_117.jpg.txt"", ""data/corpus/lichsu_12/lichsu_12.pdf_118.jpg.txt""]","trong vòng nửa tháng, từ ngày 14 đến ngày 28 - 8 1945. Chiều 30 - 8, trong cuộc mít tinh lớn có hàng van quần chúng tham gia, vua Bảo Đại tuyên bô thoái vị Chế độ phong kiến Việt Nam hoàn toàn sụp đổ IV? NƯỚC VIỆT NAM DÂN CHỦ CỘNG HOÀ ĐƯỢC THÀNH LẬP 1245) Ngày 25 - 8 - 1945, Chủ tịch Hồ Chí Minh cùng với Trung ương Đảng và Uỷ ban Dân tộc giải phóng Viết Nam từ Tân Trào về đến Hà Nội. Theo đề nghị của Hồ Chí Minh, Uỷ ban Dân tộc giải phóng Việt Nam cải tổ thành Chính phủ lâm thời nước Viết Nam Dâ",,,,,
relation,lichsu_12_s74_bai7_sec7_001:5:e5-RESULTS_IN-e6,RESULTS_IN,e5,Event,Hiệp ước Rôma,e6,Organization,Cộng đồng Năng lượng nguyên tử châu Âu,Hiệp ước Rôma thành lập Cộng đồng Năng lượng nguyên tử châu Âu,"kí Hiệp ước Rôma, thành lập ""Công đồng năng lượng nguyên tử châu Âu""",0.95,lichsu_12_s74_bai7_sec7_001,lichsu_12,Bài 7,VIÊN MINH CHÂU ÂU (EU),"[49, 50, 51]","[""data/corpus/lichsu_12/lichsu_12.pdf_49.jpg.txt"", ""data/corpus/lichsu_12/lichsu_12.pdf_50.jpg.txt"", ""data/corpus/lichsu_12/lichsu_12.pdf_51.jpg.txt""]","Âu đều chú ý mở rộng quan hê không chỉ với các nước tư bản phát triển khác mà còn với các nước đang phát triển ở châu A, châu Phi, khu vực Mĩ Latinh, các nước thuộc Đông Au và SNG trong thập ki 90 VIÊN MINH CHÂU ÂU (EU) Ngày 18 - 4 - 1951, sáu nước Tây Au (Pháp, Công hoà Liên bang Đức, Bỉ, Italia) Hà Lan, Lúcxambua) đã thành lập ""Công đồng than ? thép châu Âu"" Ngày 25 - 3 - 1957, ""sáu nước này kí Hiệp ước Rôma, thành lập ""Công đồng năng lượng nguyên tử châu Âu"" và ?Công đông kinh tế châu Âu"" (EE",,,,,
relation,lichsu_12_s31_bai2_sec12_001:7:e12-RESULTS_IN-e14,RESULTS_IN,e12,Event,thống nhất nước Đức,e14,Place,Cộng hoà Liên bang Đức,thống nhất nước Đức dẫn đến sự sáp nhập vào Cộng hoà Liên bang Đức,sư sáp nhập Cộng hoà Dân chủ Đức vào Công hoà Liên bang Đức,0.85,lichsu_12_s31_bai2_sec12_001,lichsu_12,Bài 2,ADẮCXTAN TÊN NƯỚC,"[14, 15, 16, 17]","[""data/corpus/lichsu_12/lichsu_12.pdf_14.jpg.txt"", ""data/corpus/lichsu_12/lichsu_12.pdf_15.jpg.txt"", ""data/corpus/lichsu_12/lichsu_12.pdf_16.jpg.txt"", ""data/corpus/lichsu_12/lichsu_12.pdf_17.jpg.txt""]",đánh dấu sự châm dứt chế đô xã hội chủ nghĩa ở Liên Xô sau 74 năm tôn tại Divrangly BẮC BĂNG DƯƠNG BIEN BERINH D Công đông các quốc gia độc lập (SNG) LÃNH THỔ ĐÁNH SỐ Các nước khác TRÊN LƯỢC ĐỒ ADẮCXTAN TÊN NƯỚC 1.ADÉCBAIGIAN Biên giới Liên Xô đến ngày 25 - 12 - 1991 2.Caliningral (LB. NGA) Biên giới quốc gia hiện nay 22 Sự khủng hoảng của chế độ xã hội chủ nghĩa ở các nước Đông Âu Cuộc khủng hoảng dầu mỏ năm 1973 tác đông mạnh đến nền kinh tế của các nước Đông Âu Vào những năm cuối của thập kỉ ,,,,,
relation,lichsu_12_s177_bai16_sec19_001:2:e3-RESULTS_IN-e4,RESULTS_IN,e3,Event,Cách mạng tháng Tám,e4,Organization,thực dân Pháp,Cách mạng tháng Tám phá tan xiềng xích nô lệ của thực dân Pháp,Nó đã nguyên phá tan xiêng xích nô lê của thực dân Pháp hơn 80 năm,0.95,lichsu_12_s177_bai16_sec19_001,lichsu_12,Bài 16,2. Ý nghĩa lịch sử,"[119, 120]","[""data/corpus/lichsu_12/lichsu_12.pdf_119.jpg.txt"", ""data/corpus/lichsu_12/lichsu_12.pdf_120.jpg.txt""]","nhất là chiến tháng phát xít Đức và thu quân phiết Nhật Bản, đã cổ vũ tình thần, cùng cổ niâm dân ta trong sư nghiệp đấu tranh giải phóng dân tộc, tao thời cơ để nhân dân ta đứng lên Tổng khởi nghĩa. 2. Ý nghĩa lịch sử Cách mạng tháng Tám mở ra một bước ngoặt lớn trong lịch sử dân tộc ta. Nó đã nguyên phá tan xiêng xích nô lê của thực dân Pháp hơn 80 năm và ách thống trị của phát xít Nhật gần 5 năm, lật nhào ngai vàng phong kiến ngự tri ngót chục thế kỉ ở nước ta, Chinh trấp nên nước Viết Nam Dâ",,,,,
relation,lichsu_12_s272_bai22_sec20_003:4:e1-RESULTS_IN-e5,RESULTS_IN,e1,Concept,thắng lợi về mặt pháp lí quốc tế,e5,Concept,cuộc kháng chiến chống Mĩ cứu nước,Thắng lợi mở ra bước ngoặt mới của cuộc kháng chiến chống Mĩ cứu nước,mở ra bước ngoặt mới của cuộc kháng chiến chống Mĩ. cứu nước,0.85,lichsu_12_s272_bai22_sec20_003,lichsu_12,Bài 22,PHOÀ BÌNH Ở VIỆT NAM,"[183, 184, 185, 186, 187]","[""data/corpus/lichsu_12/lichsu_12.pdf_183.jpg.txt"", ""data/corpus/lichsu_12/lichsu_12.pdf_184.jpg.txt"", ""data/corpus/lichsu_12/lichsu_12.pdf_185.jpg.txt"", ""data/corpus/lichsu_12/lichsu_12.pdf_186.jpg.txt"", ""data/corpus/lichsu_12/lichsu_12.pdf_187.jpg.txt""]","n nhân về mát pháp lí quốc tế) là thắng loi của sự kết hợp giữa đấu tranh quân sư, chính trị, ngoại giao, là kết quả cuốc đấu tranh kiên cường, bất khuất của quân dân ta ở hai miền đất nước, mở ra bước ngoặt mới của cuộc kháng chiến chống Mĩ. cứu nước. Với Hiệp đinh Pan, Mi phái công nhân các quyền dân của nhân dân thiết th, ta, rút hết quân về nước. Nêu nguy nội dung cơ bán và ý nghĩa lịch sư của Hiệp đinh",,,,,
relation,lichsu_12_s114_bai11_sec5_002:6:e7-RESULTS_IN-e6,RESULTS_IN,e7,Event,chiến tranh xâm lược Việt Nam,e6,Place,Mĩ,Chiến tranh xâm lược Việt Nam là một thất bại của Mĩ.,thất bại trong cuộc chiến tranh xâm lược Việt Nam (1954 - 1975),0.95,lichsu_12_s114_bai11_sec5_002,lichsu_12,Bài 11,"1. Sau Chiến tranh thế giới thứ hai, một trật tư thế giới mói đã được xác lập. Đó","[71, 72, 73]","[""data/corpus/lichsu_12/lichsu_12.pdf_71.jpg.txt"", ""data/corpus/lichsu_12/lichsu_12.pdf_72.jpg.txt"", ""data/corpus/lichsu_12/lichsu_12.pdf_73.jpg.txt""]",". Hệ thống thuộc địa và chế độ phân biết chủng tốc (Apacthai) kéo dài từ nhiều thế kỉ đã bị sụp đổ hoàn toàn Thắng lợi có ý nghĩa lịch sử đó đã đưa tới sự ra đời của hơn 100 quốc gia độc lập trẻ tuổi. Bản đồ chính tri thế giới có những thay đổi to lớn và sâu sắc, Các quốc ngày gia độc lập ngày càng tích cực tham gia và có vai trò quan trong trong đời sống chiến chính trị thế giới với ý chí chông chủ nghĩa thực dân, vì hoà bình thế giới, đốc triện lập dân tộc và tiến bộ xã hội. Sau khi giành được",,,,,
relation,lichsu_11_s30_bai7_sec7_001:8:e10-RESULTS_IN-e6,RESULTS_IN,e10,Concept,chế độ quân chủ chuyên chế,e6,Event,Cách mạng tháng Hai,Cách mạng tháng Hai dẫn đến sự sụp đổ của chế độ quân chủ chuyên chế,Chế độ quân chủ chuyên chế sụp đổ,0.95,lichsu_11_s30_bai7_sec7_001,lichsu_11,Bài 7,CÁCH MANG THÁNG MƯỜI NGA NĂM 1917,"[48, 49, 50]","[""data/corpus/lichsu_11/lichsu_11.pdf_48.jpg.txt"", ""data/corpus/lichsu_11/lichsu_11.pdf_49.jpg.txt"", ""data/corpus/lichsu_11/lichsu_11.pdf_50.jpg.txt""]","cách mạng trong nước và các nước đế quốc bên ngoài, nhân dân Xô viết, được sự ủng hô của nhân dân thế giới, đã kiên cường chiến đấu, xây dựng và bảo vệ thành công những thành quả của Cách mạng Mười CÁCH MANG THÁNG MƯỜI NGA NĂM 1917 1 Tình hình nước Nga trước cách mạng Sau Cách mạng 1905 ? 1907, Nga vẫn là một nước quân chủ chuyên chế, đứng đầu là Nga hoàng Ni cô-lai II. Sự tồn tại của chế độ quân chủ và những tàn tích phong kiến không chỉ làm cho đời sống nhân dân Nga ngày càng khó khăn mà còn k",,,,,
relation,lichsu_11_s100_bai19_sec1_001:4:e6-RESULTS_IN-e8,RESULTS_IN,e6,Organization,quân Pháp,e8,Place,thành Gia Định,Pháp chiếm được thành Gia Định,Sau khi chiếm được thành Gia Định,0.95,lichsu_11_s100_bai19_sec1_001,lichsu_11,Bài 19,Bài 19,"[103, 104, 106]","[""data/corpus/lichsu_11/lichsu_11.pdf_103.jpg.txt"", ""data/corpus/lichsu_11/lichsu_11.pdf_104.jpg.txt"", ""data/corpus/lichsu_11/lichsu_11.pdf_106.jpg.txt""]","chiến tranh giữ nước vĩ đại của nhân dân Liên Xô đóng vai trò đặc biệt quan trọng trong việc tiêu diệt chủ nghĩa phát xít Chiến tranh kết thúc đã mở ra một thời kì phát triển mới của lịch sử thế giới Bài 19 XÂM LƯỢC (Từ năm 1858 đến trước năm 1873) Âm mưu xâm lược Việt Nam của thực dân Pháp đã có từ lâu và được xúc tiến mạnh mẽ từ giữa thế kỉ XIX Tháng 9 - 1858, quân Pháp nổ sứng, chính thức mở màn cuộc chiến tranh xâm lược Viết Nam. Ngay từ đầu, quân dân tũ đã anh dũng chiến dấu bảo vệ Tổ quốc ",,,,,
relation,lichsu_10_s92_001:2:e2-RESULTS_IN-e3,RESULTS_IN,e2,Organization,nhà Tiền Lê,e3,Concept,nhà nước quân chủ sơ khai,nhà Tiền Lê xây dựng nên một nhà nước quân chủ sơ khai,nhà Tiền Lê đã xây dựng nên một nhà nước quân chủ sơ khai,0.95,lichsu_10_s92_001,lichsu_10,Bài,1. Tổ chức bộ máy nhà nước,"[87, 88, 89]","[""data/corpus/lichsu_10/lichsu_10.pdf_87.jpg.txt"", ""data/corpus/lichsu_10/lichsu_10.pdf_88.jpg.txt"", ""data/corpus/lichsu_10/lichsu_10.pdf_89.jpg.txt""]","toàn thư) Nhà Đình và tiếp sau đó là nhà Tiền Lê đã xây dựng nên một nhà nước quân chủ sơ khai gồm 3 ban: Văn ban, Võ ban và Tăng ban, chia nước thành 10 đạo, tổ chức quân đội theo hướng chính quy. 1. Tổ chức bộ máy nhà nước Đã Đất nước dần dần ổn định. Năm 1009, nhà Lý được thành lập. Năm 1010, vua Là Lý Thái Tổ dời đô từ Hoa Lư về Thăng Long (Hà Nội), mở ra một giai đoạn phát thuy Thi Thiến mới, Năm 1054, vua Lý Thánh Tông quyết định đối tên nước là Đại Việt Nam Từ thế kỉ XI đến thế kỉ XV, trả",,,,,
relation,lichsu_10_s10_002:4:e1-RESULTS_IN-e5,RESULTS_IN,e1,Concept,lao động,e5,Concept,cơ thể,lao động làm cơ thể biến đổi,Cơ thể cũng do đó biến đổi theo đề có tư thế lao động thích hợp.,0.9,lichsu_10_s10_002,lichsu_10,Bài,1. Sự xuất hiện loài người và đời sống bầy người nguyên thuỷ,"[4, 5, 6]","[""data/corpus/lichsu_10/lichsu_10.pdf_4.jpg.txt"", ""data/corpus/lichsu_10/lichsu_10.pdf_5.jpg.txt"", ""data/corpus/lichsu_10/lichsu_10.pdf_6.jpg.txt""]","ng bậc nhất, cải thiên căn bản đời sống của mình Qua lao động, chế tạo công cụ và sử dụng công cụ, bàn tay con người khéo Theo léo dần. Cơ thể cũng do đó biến đổi theo đề có tư thế lao động thích hợp. Tiếng chiến nhiền nói thuần thục hơn do nhu cầu trao đổi với nhau. Con người tự cải biến, hoàn thiện mình từng bước nhờ lao động. Ở một số loài động vật đã hình thành một cách tự nhiên quan hệ hợp đoàn; và người có đôi, có đần và con đầu đàn. Người tối cổ đã có quan hệ hợp quần xã hội: có người ngư",,,,,
relation,lichsu_12_s285_bai23_sec12_004:4:e4-RESULTS_IN-e5,RESULTS_IN,e4,Event,chiến dịch Hồ Chí Minh,e5,Place,Sài Gòn,Chiến dịch Hồ Chí Minh dẫn đến việc giải phóng Sài Gòn,Sau khi giải phông Sài Gòn,0.95,lichsu_12_s285_bai23_sec12_004,lichsu_12,Bài 23,2. Cuộc Tổng tiến công và nối dậy Xuân 1975,"[192, 193, 194, 195, 196]","[""data/corpus/lichsu_12/lichsu_12.pdf_192.jpg.txt"", ""data/corpus/lichsu_12/lichsu_12.pdf_193.jpg.txt"", ""data/corpus/lichsu_12/lichsu_12.pdf_194.jpg.txt"", ""data/corpus/lichsu_12/lichsu_12.pdf_195.jpg.txt"", ""data/corpus/lichsu_12/lichsu_12.pdf_196.jpg.txt""]","ng thống ngày 28 ? 4, đã phải tuyên bố đầu hàng không điều kiên. Đến 11 giơ 30 phút cùng ngày là cờ cách mạng tung bay trên nóc Dinh Độc Lập, báo hiêu sư toàn tháng của chiến dịch Hồ Chí Minh lích sử. Sau khi giải phông Sài Gòn, lực lương vũ trang và nhân dân các tỉnh còn lại thờ miền Nam thừa thắng nhất lề đứng lên tiến công và nổi dây, theo phương thức thu người ""xã giái phóng xã, huyên giải phóng huyên, tỉnh giải phóng tỉnh"" Đến ngày 2-55 Châu Đốc là tỉnh cuối cùng được giái phóng Đảng ta đã ",,,,,
relation,lichsu_12_s301_bai25_sec3_001:5:e6-RESULTS_IN-e8,RESULTS_IN,e6,Event,kế hoạch nhà nước 5 năm (1976 - 1980),e8,Concept,nhiệm vụ kinh tế - xã hội,Kế hoạch nhà nước 5 năm (1976 - 1980) nhằm thực hiện các nhiệm vụ kinh tế - xã hội,nhân dân la thực hiên những nhiêm vụ kinh tế - xã hòi nhằm xây dưng đất nước,0.95,lichsu_12_s301_bai25_sec3_001,lichsu_12,Bài 25,VÀ ĐẦU TRANH BÁO VỆ TÔ QUỐC (1986),"[201, 202, 203]","[""data/corpus/lichsu_12/lichsu_12.pdf_201.jpg.txt"", ""data/corpus/lichsu_12/lichsu_12.pdf_202.jpg.txt"", ""data/corpus/lichsu_12/lichsu_12.pdf_203.jpg.txt""]","có 94 nước chính thức công nhận và đất quan hê ngoại giao. Ngày 20 - 9 - 1977, nước ta trở thành thành viên thứ 149 của Liên hợp quốc Quốc hội khoá VI, kì họp thứ nhất đã quyết đinh những vấn để gi? VÀ ĐẦU TRANH BÁO VỆ TÔ QUỐC (1986) Cách mang Việt Nam chuyển sang giai đoan cách mang xã hội chủ nghia từ sau thắng lơi của cuộc kháng chiến chun được và thống nhất đất nước về mặt nhà nước Trong 10 năm 1976 đến năm 1986 qua hai kế hoạch nhà nước 5 năm (1976 - 1980 và 1981 - 1985), nhân dân la thực h",,,,,
relation,lichsu_11_s32_bai7_sec9_001:6:e4-RESULTS_IN-e7,RESULTS_IN,e4,Event,Cách mạng tháng Mười,e7,Concept,"giai cấp công nhân, nhân dân lao động và các dân tộc","Cách mạng tháng Mười giúp giai cấp công nhân, nhân dân lao động và các dân tộc được giải phóng","giai cấp công nhân, nhân dân lao động và các dân tộc được giải phóng khỏi một một ách áp bức, bóc lột, đứng lên làm chủ đất nước và vận mênh của mình",0.9,lichsu_11_s32_bai7_sec9_001,lichsu_11,Bài 7,NHI Y NGHĨA LỊCH SƯ CỦA CÁCH MẠNG MIỚI NGA,"[51, 52]","[""data/corpus/lichsu_11/lichsu_11.pdf_51.jpg.txt"", ""data/corpus/lichsu_11/lichsu_11.pdf_52.jpg.txt""]","dựng, Hồng quân và nhân dân Xô viết đã từng bước đẩy lui các cuộc tấn công của lực lương phản cách mang trong và ngoài nước, Cuối năm 1920, chiến sự chấm dứt, Nhà nước Xô viết được bảo về và giữ vững NHI Y NGHĨA LỊCH SƯ CỦA CÁCH MẠNG MIỚI NGA Cách mang tháng Mười đã làm thay đổi hoàn toàn tình hình đất nước và số phân của hàng triệu con người ở Nga, Một kỉ nguyên mới đã mở ra trong lịch sử nước Nga : giai cấp công nhân, nhân dân lao động và các dân tộc được giải phóng khỏi một một ách áp bức, bó",,,,,
relation,lichsu_12_s98_bai9_sec5_001:10:e10-RESULTS_IN-e11,RESULTS_IN,e10,Event,"cuộc kháng chiến chống Mĩ, cứu nước",e11,Place,Việt Nam,"Cuộc kháng chiến chống Mĩ, cứu nước của Việt Nam đã giành thắng lợi hoàn toàn vào năm 1975.",đến năm 1975 đã giành tháng lợi hoàn toàn,0.9,lichsu_12_s98_bai9_sec5_001,lichsu_12,Bài 9,3. Cuộc chiến tranh xâm lược Việt Nam của đế quốc Mĩ (1954 ? 1975),"[60, 61, 62]","[""data/corpus/lichsu_12/lichsu_12.pdf_60.jpg.txt"", ""data/corpus/lichsu_12/lichsu_12.pdf_61.jpg.txt"", ""data/corpus/lichsu_12/lichsu_12.pdf_62.jpg.txt""]","chiên được kí kết Theo đó, vì tuyến 38 vẫn là ranh giới quân sự giữa hai miền, Cuộc chiến ""tranh Triều Tiên là một ""ssn phẩm"""" của Chiến tranh lanh và là sư đung đầu trực tiếp đầu tiên giữa hai phe 3. Cuộc chiến tranh xâm lược Việt Nam của đế quốc Mĩ (1954 ? 1975) Sau Hiệp dinh Gionevơ năm 1954 về Đông Dương, Mĩ đã nhanh chóng thay thế Pháp, dưng lên chính quyền Ngô Đình Diêm, âm mưu chía cất lâu dài Việt Nam biến miền Nam Việt Nam thành thuộc địa kiểu mới và căn cứ quân sự của Mi Nhưng mưu đồ c",,,,,
relation,lichsu_12_s172_bai16_sec14_003:6:e8-RESULTS_IN-e10,RESULTS_IN,e8,Organization,Việt Nam Cứu quốc quân,e10,Organization,Việt Nam Giải phóng quân,Việt Nam Cứu quốc quân thống nhất thành Việt Nam Giải phóng quân.,Viết Nam Cứu quốc quân và Việt Nam Tuyên truyền Giải phóng quân thống nhất thành Viết Nam Giải phóng quân,0.95,lichsu_12_s172_bai16_sec14_003,lichsu_12,Bài 16,1. Khởi nghĩa từng phần (từ tháng 3 đến giữa tháng 8 ? 1945),"[110, 111, 112, 113, 114]","[""data/corpus/lichsu_12/lichsu_12.pdf_110.jpg.txt"", ""data/corpus/lichsu_12/lichsu_12.pdf_111.jpg.txt"", ""data/corpus/lichsu_12/lichsu_12.pdf_112.jpg.txt"", ""data/corpus/lichsu_12/lichsu_12.pdf_113.jpg.txt"", ""data/corpus/lichsu_12/lichsu_12.pdf_114.jpg.txt""]","ngày Tông khới nghĩa nha Để đẩy manh hơn nữa công tác chuẩn bi khới nghĩa vũ trang, từ ngày 15 đến Ngày 20 1 4 1945, Ban Thường vu Trung ương Đảng triêu tập Hôi nghi Quân sư các thi cách mang Bắc Ki. Hội nghi quyết đình thống nhất các lực lượng vũ trang, phát triển người hơn nữa lực lượng vũ trang và nửa vũ trang, mở trường đào tao cấp tốc cán bộ quân sự và chính tri, tích cực phát triển chiến tranh du kích, xây dưng chiến khu, chuẩn bi cho cuộc tổng khỏi nghĩa khi thời cơ đến Uỷ ban Quân sự các",,,,,
relation,lichsu_12_s57_bai5_sec6_001:6:e10-RESULTS_IN-e11,RESULTS_IN,e10,Organization,Tổ chức thống nhất châu Phi (OAU),e11,Organization,Liên minh châu Phi (AU),Tổ chức thống nhất châu Phi (OAU) đổi thành Liên minh châu Phi (AU),đến năm 2002 đổi thành Liên minh châu Phi (AU),0.9,lichsu_12_s57_bai5_sec6_001,lichsu_12,Bài 5,2. Tình hình phát triển kinh tội,"[36, 37]","[""data/corpus/lichsu_12/lichsu_12.pdf_36.jpg.txt"", ""data/corpus/lichsu_12/lichsu_12.pdf_37.jpg.txt""]","Đai hội dân tộc Phi (ANC), sau đó trở thành Tống thống nước Công hoà Nam Phi (1999) Năm 1999, ông nghi hưu, nhưng vẫn tham gia hoạt đông cho phong trào đòi hoà bình hoà giải dân tộc ở châu Phi sp 2. Tình hình phát triển kinh tội Sau khi giành được độc lập, các nước châu Phi bắt tay vào công cuộc xây dựng đất nhưng nước, phát triển kinh tế - xã hôi và đã thu được những thành tựu bước đầu, song chưa đủ để thay đổi căn bản bộ mặt của châu lục này Nhiều nước châu Phi vẫn còn trong tình trang lạc hậu",,,,,
relation,lichsu_10_s183_001:5:e1-RESULTS_IN-e6,RESULTS_IN,e1,Event,Cách mạng tư sản Pháp cuối thế kỉ XVIII,e6,Concept,vấn đề ruộng đất,Cách mạng tư sản Pháp giải quyết vấn đề ruộng đất cho nông dân.,giải quyết vấn đề ruộng đất cho nông dân,0.8,lichsu_10_s183_001,lichsu_10,Bài,III Ý NGHĨA CỦA CÁCH MẠNG TƯ SẢN PHÁ KỈ XVIII,"[153, 154, 155, 158]","[""data/corpus/lichsu_10/lichsu_10.pdf_153.jpg.txt"", ""data/corpus/lichsu_10/lichsu_10.pdf_154.jpg.txt"", ""data/corpus/lichsu_10/lichsu_10.pdf_155.jpg.txt"", ""data/corpus/lichsu_10/lichsu_10.pdf_158.jpg.txt""]","viên quân tình nguyên. Hưởng ứng lời kêu gọi, hàng vạn ""thi quần chúng tự vũ trang tiến về Parri, hát vang bài ""Mácxâye"" () đầy khí thế "" chiến đấu. Cách mạng Pháp phát triển sang giai đoạn mới. R fl III Ý NGHĨA CỦA CÁCH MẠNG TƯ SẢN PHÁ KỈ XVIII Các háp cách mạng tư sản Pháp cuối thế kỉ XVIII đã lật đổ chế độ phong kiến chuyên các thi chế từng thống trị nước Pháp trong nhiều thế kỉ, hoàn thành các nhiệm vụ của một cuộc cách mạng tư sản : lật đổ chính quyền quân chế, thủ tiêu 19 the moi tàn dư ph",,,,,
relation,lichsu_12_s16_bai1_sec6_001:2:e5-RESULTS_IN-e6,RESULTS_IN,e5,Organization,Đại hội đồng Liên hợp quốc,e6,Place,Việt Nam,Đại hội đồng Liên hợp quốc đã bầu Việt Nam làm Ủy viên Không thường trực Hội đồng Bảo an.,Đại hội đồng Liên hợp quốc đã bầu Việt Nam làm Uý viên Không thương trực Hội đông Bảo an,0.9,lichsu_12_s16_bai1_sec6_001,lichsu_12,Bài 1,VII - SỰ HÌNH THÀNH HAI HỆ THÔNG XÃ LẬP,"[6, 7, 8, 9]","[""data/corpus/lichsu_12/lichsu_12.pdf_6.jpg.txt"", ""data/corpus/lichsu_12/lichsu_12.pdf_7.jpg.txt"", ""data/corpus/lichsu_12/lichsu_12.pdf_8.jpg.txt"", ""data/corpus/lichsu_12/lichsu_12.pdf_9.jpg.txt""]","Điền Đài Loan, từ tháng 10 ? 1971 là đại diên của Công hoà Nhân dân Trung Hoa Ngày 16 - 10 ? 2007, Đại hội đồng Liên hợp quốc đã bầu Việt Nam làm Uý viên Không thương trực Hội đông Bảo an, nhiêm k009 VII - SỰ HÌNH THÀNH HAI HỆ THÔNG XÃ LẬP Ngay sau Chiến tranh thế giới thứ hai, trên thế giới đã diễn ra nhiều sự kiên quan thi trong với xu hướng hình thành hai phe ? tư bản chủ nghĩa và xã hôi chủ nghĩa ? đống lấp nhau gay gắt. Trong Tương lai của nước Đức trở thành vấn đề trung lâm trong nhiều cuộ",,,,,
relation,lichsu_12_s270_bai22_sec18_002:6:e8-RESULTS_IN-e5,RESULTS_IN,e8,Event,trận Điện Biên Phủ trên không,e5,Event,cuộc tập kích chiến lược đường không bằng máy bay B52,Trận Điện Biên Phủ trên không là kết quả của việc quân dân miền Bắc đánh trả cuộc tập kích chiến lược đường không,"Quân dân miền Bắc đã đánh trả không quân Mĩ những đòn đích đáng, bắn rơi 81 máy bay ... đập tan cuộc tập kích chiến lược đường không bảng máy bay B52 của chúng Tháng lợi này được coi như trân ?Điên Biên không",0.9,lichsu_12_s270_bai22_sec18_002,lichsu_12,Bài 22,1. Miền Bắc khôi phục và phát triển kinh tôi,"[181, 182, 183, 184, 185]","[""data/corpus/lichsu_12/lichsu_12.pdf_181.jpg.txt"", ""data/corpus/lichsu_12/lichsu_12.pdf_182.jpg.txt"", ""data/corpus/lichsu_12/lichsu_12.pdf_183.jpg.txt"", ""data/corpus/lichsu_12/lichsu_12.pdf_184.jpg.txt"", ""data/corpus/lichsu_12/lichsu_12.pdf_185.jpg.txt""]","ố phong toả cảng Hải Phòng cùng các cửa sông, luồng lạch, vùng biển miền Bắc. Nhờ được chuẩn bị trước và với tư thế luôn sắn sàng chiến dấu, miền Bắc đã chủ động kip thời chống trả địch ngay trần đầu. Trong điều kiên chiến tranh ác liết, các hoạt đông sản xuất, xây dưng ở miền Bắc vẫn không bi ngừng trê, giao thông vân tải bảo dảm thông suốt Ngày 14 - 12 - 1972, gân hai tháng sau khi tuyên bố ngừng ném bom băn phá miền Bắc từ vì tuyến 20 trở ra, để hồ trợ cho mưu dồ chính tri - ngoai giao mới, N",,,,,
relation,lichsu_12_s30_bai2_sec11_001:6:e7-RESULTS_IN-e4,RESULTS_IN,e7,Event,công cuộc cải tổ,e4,Event,khủng hoảng kinh tế Liên Xô,công cuộc cải tổ không cải thiện tình hình mà dẫn đến khủng hoảng toàn diện,"tình hình không được cải nhiều thiên, đất nước Xô viết lâm vào tình trạng khủng hoàng toàn diên",0.85,lichsu_12_s30_bai2_sec11_001,lichsu_12,Bài 2,THI LIÊN XO VÀ CÁC NƯỚC ĐÔNG ÂU TỪ GIỮA NHƯNG NĂM 700,"[13, 14, 15]","[""data/corpus/lichsu_12/lichsu_12.pdf_13.jpg.txt"", ""data/corpus/lichsu_12/lichsu_12.pdf_14.jpg.txt"", ""data/corpus/lichsu_12/lichsu_12.pdf_15.jpg.txt""]","ninh ở châu Âu và thế giới Sự lớn mạnh của Liên Xô và các nước thành viên đã tao nên thế cân bằng về sức mạnh quân sự giữa các nước xã hội chủ nghĩa và các nước tư bản chủ nghĩa vào đầu những năm 70. THI LIÊN XO VÀ CÁC NƯỚC ĐÔNG ÂU TỪ GIỮA NHƯNG NĂM 700 ĐẾN NĂM 1991 11 Sự khúng hoáng đầu những năm 80, nền kinh tế Liên bộc lộ những dấu hiêu suy thoái Đời sống chính trị có những diễn biến phức tạp, xuất hiên tư tưởng và một số nhóm đối lập chống lại Đảng Cộng sản và Nhà nước Xô viết. Tháng 3 - 198",,,,,
relation,lichsu_12_s156_bai15_sec6_001:6:e2-RESULTS_IN-e7,RESULTS_IN,e2,Event,Hội nghị Ban Chấp hành Trung ương Đảng Cộng sản Đông Dương tháng 7 - 1936,e7,Concept,Mặt trận Thống nhất nhân dân phản đế Đông Dương,Hội nghị Ban Chấp hành Trung ương Đảng Cộng sản Đông Dương tháng 7 - 1936 chủ trương thành lập Mặt trận Thống nhất nhân dân phản đế Đông Dương.,Hội nghị chủ trương thành lập Mặt trận Thống nhất nhân dân phản đế Đông Dương,0.95,lichsu_12_s156_bai15_sec6_001,lichsu_12,Bài 15,1. Hội nghị Ban Chấp hành Trung ướng Đảng Cộng Dương,"[98, 99, 100, 101]","[""data/corpus/lichsu_12/lichsu_12.pdf_100.jpg.txt"", ""data/corpus/lichsu_12/lichsu_12.pdf_101.jpg.txt"", ""data/corpus/lichsu_12/lichsu_12.pdf_98.jpg.txt"", ""data/corpus/lichsu_12/lichsu_12.pdf_99.jpg.txt""]","hoạt đát đó. Điều Đòi sống của đa số nhân dân khó khăn, cực khố. Chính vì thế ho hăng hai tham gia phong trào đầu tranh đồi tự do, cơm áo dưới sự lãnh đao của Đảng Công sản Đông Dương lịch sử nào ? 1. Hội nghị Ban Chấp hành Trung ướng Đảng Cộng Dương tháng 7 - 1936 Tháng 7 - 1936, Hội nghi Ban Chấp hành Trung Công Sản Đông Dương, do Lê Hồng Phong chủ trì, họp ở Thượng Hải (Trung Quốc), Hội nghi dựa Thi Thiên Nghi quyết Đai hôi lân thứ VII của Quốc tế Công sản, căn cứ vào tình hình cu thể của Viế",,,,,
relation,lichsu_12_s49_bai4_sec8_001:5:e6-RESULTS_IN-e7,RESULTS_IN,e6,Event,nổi dậy đấu tranh vũ trang,e7,Organization,Cộng hoà Nhân dân Bănglađét,nổi dậy đấu tranh vũ trang dẫn đến thành lập nước Cộng hoà Nhân dân Bănglađét,"nổi dây đấu tranh vũ trang, tuyên bố tách khỏi Pakixtan, thành lập nước Cộng hoà Nhân dân Bănglađét",0.95,lichsu_12_s49_bai4_sec8_001,lichsu_12,Bài 4,AN ĐÔ TÊN NƯỚC,"[32, 33, 34]","[""data/corpus/lichsu_12/lichsu_12.pdf_32.jpg.txt"", ""data/corpus/lichsu_12/lichsu_12.pdf_33.jpg.txt"", ""data/corpus/lichsu_12/lichsu_12.pdf_34.jpg.txt""]","TRUNG QUỐC PAKIXTAN NỆPAN Thimbu 1947 Niu Đell Catmandug VÀ BUIAN Caras BĂNGLADÉT Đaca Canculla. AN ĐỘ TMIANMA 1950 Bombay BIẾN ARÁP VỊNH BENGAN Các nước Nam A Mađratly Các nước khác Niu Đếl Thủ đô AN ĐÔ TÊN NƯỚC XRILLANCA trong cho thu thu thu thu thu thu thu thu thu thu thu thu thu thu thu thu thu thu thu thu thu thu thu thu thu thu thu thu thu thu 1950 Năm giành độc lập sau Chiến tranh thế giới MANĐIVƠ An DUONG Mala thứ hai Biên giới quốc gia c (1) Khi đó, Pakixtan gồm hai phần ở phía đông và",,,,,
relation,lichsu_12_s146_bai14_sec8_001:2:e2-RESULTS_IN-e5,RESULTS_IN,e2,Event,Phong trào cách mạng 1930 - 1931,e5,Concept,khối liên minh công nông,"Từ phong trào cách mạng, khối liên minh công nông được hình thành","Từ phong trào, khối liên minh công nông được hình thành",0.95,lichsu_12_s146_bai14_sec8_001,lichsu_12,Bài 14,4. Ý nghĩa lịch sử và bài học kinh nghiệm của phong trào cách mạng,"[94, 95, 96]","[""data/corpus/lichsu_12/lichsu_12.pdf_94.jpg.txt"", ""data/corpus/lichsu_12/lichsu_12.pdf_95.jpg.txt"", ""data/corpus/lichsu_12/lichsu_12.pdf_96.jpg.txt""]","mang cả nước chóng lại cuốc khúng bố và các thủ đoan thâm độc của kê thù; đồng thời có những chỉ thị cụ thể cho Nghệ - Tỉnh và kêu gọi nhân dân cả nước đầu tranh ủng hộ và bảo vệ Xô viết Nghê - Tinh 4. 1931 chỉ diễn ra trong một thời gian ngắn nhưng có ý nghĩa lịch sử to lớn Phong trào kháng đổnh đúng đân của Đảng quyền lãnh đạo của giai cấp công nhân đối với cách mạng Đông Dương, Từ phong trào, khối liên minh công nông được hình thành, công nhân đã đoàn kết trong đấu tranh cách mang Phong trào ",,,,,
